breakdown,school,question,question_text,response,count,denominator,value,lowercl,uppercl,lowereb,uppereb,year
All Responses,All Schools,age,Age,10,65,16300,0.4%,0.3%,0.6%,0.1%,0.2%,2023
All Responses,All Schools,age,Age,11,2315,16300,14.2%,13.4%,15.1%,0.8%,0.9%,2023
All Responses,All Schools,age,Age,12,3365,16300,20.6%,19.7%,21.6%,1.0%,1.0%,2023
All Responses,All Schools,age,Age,13,3140,16300,19.3%,18.3%,20.2%,0.9%,1.0%,2023
All Responses,All Schools,age,Age,14,2580,16300,15.8%,15.0%,16.7%,0.9%,0.9%,2023
All Responses,All Schools,age,Age,15,2090,16300,12.8%,12.0%,13.7%,0.8%,0.8%,2023
All Responses,All Schools,age,Age,16,1505,16300,9.2%,8.6%,10.0%,0.7%,0.7%,2023
All Responses,All Schools,age,Age,17,975,16300,6.0%,5.4%,6.6%,0.5%,0.6%,2023
All Responses,All Schools,age,Age,18,250,16300,1.5%,1.3%,1.9%,0.3%,0.3%,2023
All Responses,All Schools,age,Age,19,10,16300,0.1%,0.0%,0.2%,0.0%,0.1%,2023
All Responses,All Schools,age,Age,20,5,16300,0.0%,0.0%,0.1%,0.0%,0.1%,2023
All Responses,All Schools,alcohol_6more,how often they have six or more drinks on one occasion,Daily or almost daily,80,3930,2.0%,1.4%,2.9%,0.6%,0.8%,2023
All Responses,All Schools,alcohol_6more,how often they have six or more drinks on one occasion,Less than monthly,1170,3930,29.8%,27.6%,32.1%,2.2%,2.3%,2023
All Responses,All Schools,alcohol_6more,how often they have six or more drinks on one occasion,Monthly,545,3930,13.9%,12.3%,15.7%,1.6%,1.8%,2023
All Responses,All Schools,alcohol_6more,how often they have six or more drinks on one occasion,Never,2005,3930,51.0%,48.6%,53.5%,2.5%,2.5%,2023
All Responses,All Schools,alcohol_6more,how often they have six or more drinks on one occasion,Weekly,130,3930,3.3%,2.5%,4.3%,0.8%,1.0%,2023
All Responses,All Schools,alcohol_ever,how often they had an alcohol-containing drink in the past three months,2-3 times a week,225,16130,1.4%,1.1%,1.7%,0.3%,0.3%,2023
All Responses,All Schools,alcohol_ever,how often they had an alcohol-containing drink in the past three months,2-4 times a month,1265,16130,7.8%,7.2%,8.5%,0.6%,0.7%,2023
All Responses,All Schools,alcohol_ever,how often they had an alcohol-containing drink in the past three months,4 or more times a week,145,16130,0.9%,0.7%,1.2%,0.2%,0.3%,2023
All Responses,All Schools,alcohol_ever,how often they had an alcohol-containing drink in the past three months,Monthly or less,2210,16130,13.7%,12.9%,14.6%,0.8%,0.9%,2023
All Responses,All Schools,alcohol_ever,how often they had an alcohol-containing drink in the past three months,Never,12285,16130,76.2%,75.1%,77.2%,1.1%,1.0%,2023
All Responses,All Schools,alcohol_reduce,want to reduce or stop drinking,I'd like to reduce the amount I drink but not stop,865,3635,23.8%,21.7%,26.0%,2.1%,2.2%,2023
All Responses,All Schools,alcohol_reduce,want to reduce or stop drinking,"No, I want to keep drinking alcohol",2235,3635,61.5%,59.0%,63.9%,2.5%,2.5%,2023
All Responses,All Schools,alcohol_reduce,want to reduce or stop drinking,"Yes, I'd like to stop drinking alcohol",535,3635,14.7%,13.0%,16.6%,1.7%,1.9%,2023
All Responses,All Schools,amphetamine_offered,amphetamines,No,16165,16295,99.2%,99.0%,99.4%,0.2%,0.2%,2023
All Responses,All Schools,amphetamine_offered,amphetamines,Yes,130,16295,0.8%,0.6%,1.0%,0.2%,0.2%,2023
All Responses,All Schools,amphetamines_exp,amphetamines,No,16230,16290,99.6%,99.5%,99.8%,0.2%,0.1%,2023
All Responses,All Schools,amphetamines_exp,amphetamines,Yes,60,16290,0.4%,0.2%,0.5%,0.1%,0.2%,2023
All Responses,All Schools,bullied,have ever been bullied or picked on,No,9815,16295,60.2%,59.0%,61.4%,1.2%,1.2%,2023
All Responses,All Schools,bullied,have ever been bullied or picked on,Yes,6480,16295,39.8%,38.6%,41.0%,1.2%,1.2%,2023
All Responses,All Schools,bullied_currently,are currently being bullied or picked on,No,4810,6515,73.8%,72.1%,75.5%,1.7%,1.6%,2023
All Responses,All Schools,bullied_currently,are currently being bullied or picked on,Prefer not to say,785,6515,12.0%,10.9%,13.4%,1.2%,1.3%,2023
All Responses,All Schools,bullied_currently,are currently being bullied or picked on,Yes,920,6515,14.1%,12.8%,15.5%,1.3%,1.4%,2023
All Responses,All Schools,bullied_internet,they have been bullied online,No,15145,16290,93.0%,92.3%,93.6%,0.6%,0.6%,2023
All Responses,All Schools,bullied_internet,they have been bullied online,Yes,1145,16290,7.0%,6.4%,7.7%,0.6%,0.6%,2023
All Responses,All Schools,bullied_none,have no experiences with bullying,No,8580,16290,52.7%,51.5%,53.9%,1.2%,1.2%,2023
All Responses,All Schools,bullied_none,have no experiences with bullying,Yes,7710,16290,47.3%,46.1%,48.5%,1.2%,1.2%,2023
All Responses,All Schools,bullied_others,have ever bullied or picked on someone else,No,14945,16295,91.7%,91.0%,92.4%,0.7%,0.6%,2023
All Responses,All Schools,bullied_others,have ever bullied or picked on someone else,Yes,1350,16295,8.3%,7.6%,9.0%,0.6%,0.7%,2023
All Responses,All Schools,bullied_outschool,they have been bullied somewhere other than school,No,15075,16295,92.5%,91.9%,93.1%,0.7%,0.6%,2023
All Responses,All Schools,bullied_outschool,they have been bullied somewhere other than school,Yes,1220,16295,7.5%,6.9%,8.1%,0.6%,0.7%,2023
All Responses,All Schools,bullied_prefer_not_say,would prefer not to respond about their experiences with bullying,No,14910,16295,91.5%,90.8%,92.2%,0.7%,0.7%,2023
All Responses,All Schools,bullied_prefer_not_say,would prefer not to respond about their experiences with bullying,Yes,1385,16295,8.5%,7.8%,9.2%,0.7%,0.7%,2023
All Responses,All Schools,bullied_school,they have been bullied at school,No,10370,16295,63.6%,62.5%,64.8%,1.2%,1.2%,2023
All Responses,All Schools,bullied_school,they have been bullied at school,Yes,5925,16295,36.4%,35.2%,37.5%,1.2%,1.2%,2023
All Responses,All Schools,buyalc_friend,from a friend or relative,No,14545,16290,89.3%,88.5%,90.0%,0.8%,0.7%,2023
All Responses,All Schools,buyalc_friend,from a friend or relative,Yes,1745,16290,10.7%,10.0%,11.5%,0.7%,0.8%,2023
All Responses,All Schools,buyalc_home,from home,No,14615,16290,89.7%,89.0%,90.4%,0.8%,0.7%,2023
All Responses,All Schools,buyalc_home,from home,Yes,1675,16290,10.3%,9.6%,11.0%,0.7%,0.8%,2023
All Responses,All Schools,buyalc_internet,from the internet,No,16215,16290,99.5%,99.3%,99.7%,0.2%,0.1%,2023
All Responses,All Schools,buyalc_internet,from the internet,Yes,75,16290,0.5%,0.3%,0.7%,0.1%,0.2%,2023
All Responses,All Schools,buyalc_other,from another place,No,15795,16290,97.0%,96.5%,97.4%,0.4%,0.4%,2023
All Responses,All Schools,buyalc_other,from another place,Yes,495,16290,3.0%,2.6%,3.5%,0.4%,0.4%,2023
All Responses,All Schools,buyalc_pubbar,from a pub/bar,No,15865,16290,97.4%,97.0%,97.8%,0.4%,0.4%,2023
All Responses,All Schools,buyalc_pubbar,from a pub/bar,Yes,425,16290,2.6%,2.2%,3.0%,0.4%,0.4%,2023
All Responses,All Schools,buyalc_smallshop,from a small shop/off-licence,No,15720,16290,96.5%,96.0%,96.9%,0.5%,0.4%,2023
All Responses,All Schools,buyalc_smallshop,from a small shop/off-licence,Yes,570,16290,3.5%,3.1%,4.0%,0.4%,0.5%,2023
All Responses,All Schools,buyalc_supermarket,from a supermarket,No,15940,16290,97.9%,97.5%,98.2%,0.4%,0.3%,2023
All Responses,All Schools,buyalc_supermarket,from a supermarket,Yes,350,16290,2.1%,1.8%,2.5%,0.3%,0.4%,2023
All Responses,All Schools,buycig_friend,from a friend or relative,No,16290,16290,100.0%,99.9%,100.0%,0.1%,0.0%,2023
All Responses,All Schools,buycig_internet,from the internet,No,16290,16290,100.0%,99.9%,100.0%,0.1%,0.0%,2023
All Responses,All Schools,buycig_other,from another place,No,16290,16290,100.0%,99.9%,100.0%,0.1%,0.0%,2023
All Responses,All Schools,buycig_pubbar,from a pub/bar,No,16290,16290,100.0%,99.9%,100.0%,0.1%,0.0%,2023
All Responses,All Schools,buycig_smallshop,from a small shop/off-licence,No,16290,16290,100.0%,99.9%,100.0%,0.1%,0.0%,2023
All Responses,All Schools,buycig_supermarket,from a supermarket,No,16290,16290,100.0%,99.9%,100.0%,0.1%,0.0%,2023
All Responses,All Schools,buydrug_bar,pubs/bars/clubs,No,16245,16290,99.7%,99.6%,99.8%,0.2%,0.1%,2023
All Responses,All Schools,buydrug_bar,pubs/bars/clubs,Yes,45,16290,0.3%,0.2%,0.4%,0.1%,0.2%,2023
All Responses,All Schools,buydrug_friend,friend or relative,No,15885,16295,97.5%,97.1%,97.8%,0.4%,0.4%,2023
All Responses,All Schools,buydrug_friend,friend or relative,Yes,410,16295,2.5%,2.2%,2.9%,0.4%,0.4%,2023
All Responses,All Schools,buydrug_internet,the internet,No,16230,16290,99.6%,99.5%,99.8%,0.2%,0.1%,2023
All Responses,All Schools,buydrug_internet,the internet,Yes,60,16290,0.4%,0.2%,0.5%,0.1%,0.2%,2023
All Responses,All Schools,buydrug_other,other sources,No,16185,16295,99.3%,99.1%,99.5%,0.2%,0.2%,2023
All Responses,All Schools,buydrug_other,other sources,Yes,110,16295,0.7%,0.5%,0.9%,0.2%,0.2%,2023
All Responses,All Schools,buydrug_school,school,No,16240,16295,99.7%,99.5%,99.8%,0.2%,0.1%,2023
All Responses,All Schools,buydrug_school,school,Yes,55,16295,0.3%,0.2%,0.5%,0.1%,0.2%,2023
All Responses,All Schools,buydrug_streets,on the street,No,16125,16290,99.0%,98.7%,99.2%,0.3%,0.2%,2023
All Responses,All Schools,buydrug_streets,on the street,Yes,165,16290,1.0%,0.8%,1.3%,0.2%,0.3%,2023
All Responses,All Schools,cannabis_exp,cannabis,No,15795,16295,96.9%,96.5%,97.3%,0.4%,0.4%,2023
All Responses,All Schools,cannabis_exp,cannabis,Yes,500,16295,3.1%,2.7%,3.5%,0.4%,0.4%,2023
All Responses,All Schools,cannabis_offered,cannabis,No,14925,16295,91.6%,90.9%,92.2%,0.7%,0.6%,2023
All Responses,All Schools,cannabis_offered,cannabis,Yes,1370,16295,8.4%,7.8%,9.1%,0.6%,0.7%,2023
All Responses,All Schools,caring,"help to look after a family member with a serious, mental or physical, illness or disability",No,13140,15925,82.5%,81.6%,83.4%,0.9%,0.9%,2023
All Responses,All Schools,caring,"help to look after a family member with a serious, mental or physical, illness or disability",Prefer not to say,1080,15925,6.8%,6.2%,7.4%,0.6%,0.6%,2023
All Responses,All Schools,caring,"help to look after a family member with a serious, mental or physical, illness or disability",Yes,1705,15925,10.7%,10.0%,11.5%,0.7%,0.8%,2023
All Responses,All Schools,carry_protection,carry weapons for protection when going out,Always,120,15870,0.8%,0.6%,1.0%,0.2%,0.2%,2023
All Responses,All Schools,carry_protection,carry weapons for protection when going out,Never,14840,15870,93.5%,92.9%,94.1%,0.6%,0.6%,2023
All Responses,All Schools,carry_protection,carry weapons for protection when going out,Prefer not to say,370,15870,2.3%,2.0%,2.7%,0.3%,0.4%,2023
All Responses,All Schools,carry_protection,carry weapons for protection when going out,Sometimes,475,15870,3.0%,2.6%,3.4%,0.4%,0.4%,2023
All Responses,All Schools,carry_protection,carry weapons for protection when going out,Usually,65,15870,0.4%,0.3%,0.6%,0.1%,0.2%,2023
All Responses,All Schools,carry_protection_other,know anyone who carries a weapons for protection when going out,Don't know,3075,15640,19.7%,18.7%,20.7%,1.0%,1.0%,2023
All Responses,All Schools,carry_protection_other,know anyone who carries a weapons for protection when going out,No,10840,15640,69.3%,68.2%,70.4%,1.2%,1.1%,2023
All Responses,All Schools,carry_protection_other,know anyone who carries a weapons for protection when going out,Prefer not to say,520,15640,3.3%,2.9%,3.8%,0.4%,0.5%,2023
All Responses,All Schools,carry_protection_other,know anyone who carries a weapons for protection when going out,Yes,1205,15640,7.7%,7.1%,8.4%,0.6%,0.7%,2023
All Responses,All Schools,cla,child looked after (lived with foster carers/care home),No,15410,15970,96.5%,96.0%,96.9%,0.5%,0.4%,2023
All Responses,All Schools,cla,child looked after (lived with foster carers/care home),Prefer not to say,290,15970,1.8%,1.5%,2.2%,0.3%,0.4%,2023
All Responses,All Schools,cla,child looked after (lived with foster carers/care home),Yes,270,15970,1.7%,1.4%,2.0%,0.3%,0.3%,2023
All Responses,All Schools,clubs_arts,an arts and crafts group,Currently attending,1105,3255,33.9%,31.4%,36.6%,2.5%,2.6%,2023
All Responses,All Schools,clubs_arts,an arts and crafts group,Would like to attend,2150,3255,66.1%,63.4%,68.6%,2.6%,2.5%,2023
All Responses,All Schools,clubs_doe,Duke of Edinburgh,Currently attending,2065,4515,45.7%,43.5%,48.0%,2.3%,2.3%,2023
All Responses,All Schools,clubs_doe,Duke of Edinburgh,Would like to attend,2450,4515,54.3%,52.0%,56.5%,2.3%,2.3%,2023
All Responses,All Schools,clubs_music,a music club/group,Currently attending,2585,4125,62.7%,60.3%,65.0%,2.4%,2.3%,2023
All Responses,All Schools,clubs_music,a music club/group,Would like to attend,1540,4125,37.3%,35.0%,39.7%,2.3%,2.4%,2023
All Responses,All Schools,clubs_other,other groups,Currently attending,2250,3355,67.1%,64.5%,69.5%,2.6%,2.5%,2023
All Responses,All Schools,clubs_other,other groups,Would like to attend,1105,3355,32.9%,30.5%,35.5%,2.5%,2.6%,2023
All Responses,All Schools,clubs_perform,a drama/performing arts/dance group,Currently attending,2470,4030,61.3%,58.9%,63.6%,2.4%,2.3%,2023
All Responses,All Schools,clubs_perform,a drama/performing arts/dance group,Would like to attend,1560,4030,38.7%,36.4%,41.1%,2.3%,2.4%,2023
All Responses,All Schools,clubs_religion,a religious group,Currently attending,865,1655,52.3%,48.5%,56.0%,3.8%,3.8%,2023
All Responses,All Schools,clubs_religion,a religious group,Would like to attend,790,1655,47.7%,44.0%,51.5%,3.8%,3.8%,2023
All Responses,All Schools,clubs_schoolclub,a club/group at school,Currently attending,5405,6365,84.9%,83.5%,86.3%,1.4%,1.3%,2023
All Responses,All Schools,clubs_schoolclub,a club/group at school,Would like to attend,960,6365,15.1%,13.7%,16.5%,1.3%,1.4%,2023
All Responses,All Schools,clubs_sports,a sports club,Currently attending,7970,9700,82.2%,80.9%,83.3%,1.2%,1.2%,2023
All Responses,All Schools,clubs_sports,a sports club,Would like to attend,1730,9700,17.8%,16.7%,19.1%,1.2%,1.2%,2023
All Responses,All Schools,clubs_syp,Services for Young People,Currently attending,360,1325,27.2%,23.6%,31.1%,3.6%,3.9%,2023
All Responses,All Schools,clubs_syp,Services for Young People,Would like to attend,965,1325,72.8%,68.9%,76.4%,3.9%,3.6%,2023
All Responses,All Schools,clubs_uniformed,a uniformed group,Currently attending,1800,2785,64.6%,61.8%,67.4%,2.8%,2.7%,2023
All Responses,All Schools,clubs_uniformed,a uniformed group,Would like to attend,985,2785,35.4%,32.6%,38.2%,2.7%,2.8%,2023
All Responses,All Schools,clubs_volunteering,volunteering/social action group,Currently attending,1520,2945,51.6%,48.8%,54.4%,2.8%,2.8%,2023
All Responses,All Schools,clubs_volunteering,volunteering/social action group,Would like to attend,1425,2945,48.4%,45.6%,51.2%,2.8%,2.8%,2023
All Responses,All Schools,cocaine_exp,cocaine,No,16205,16290,99.5%,99.3%,99.6%,0.2%,0.1%,2023
All Responses,All Schools,cocaine_exp,cocaine,Yes,85,16290,0.5%,0.4%,0.7%,0.1%,0.2%,2023
All Responses,All Schools,cocaine_offered,cocaine,No,15955,16290,97.9%,97.6%,98.3%,0.4%,0.3%,2023
All Responses,All Schools,cocaine_offered,cocaine,Yes,335,16290,2.1%,1.7%,2.4%,0.3%,0.4%,2023
All Responses,All Schools,condition_adhd,ADHD,No,14975,16295,91.9%,91.2%,92.5%,0.7%,0.6%,2023
All Responses,All Schools,condition_adhd,ADHD,Yes,1320,16295,8.1%,7.5%,8.8%,0.6%,0.7%,2023
All Responses,All Schools,condition_autism,autism,No,15325,16290,94.1%,93.5%,94.6%,0.6%,0.5%,2023
All Responses,All Schools,condition_autism,autism,Yes,965,16290,5.9%,5.4%,6.5%,0.5%,0.6%,2023
All Responses,All Schools,condition_disability,physical disability,No,15985,16290,98.1%,97.8%,98.4%,0.4%,0.3%,2023
All Responses,All Schools,condition_disability,physical disability,Yes,305,16290,1.9%,1.6%,2.2%,0.3%,0.4%,2023
All Responses,All Schools,condition_mental,diagnosed mental health condition,No,14830,16295,91.0%,90.3%,91.7%,0.7%,0.7%,2023
All Responses,All Schools,condition_mental,diagnosed mental health condition,Yes,1465,16295,9.0%,8.3%,9.7%,0.7%,0.7%,2023
All Responses,All Schools,condition_physical,physical condition,No,14745,16290,90.5%,89.8%,91.2%,0.7%,0.7%,2023
All Responses,All Schools,condition_physical,physical condition,Yes,1545,16290,9.5%,8.8%,10.2%,0.7%,0.7%,2023
All Responses,All Schools,condition_send,special education need(s) or learning difficulty,No,15310,16290,94.0%,93.4%,94.5%,0.6%,0.6%,2023
All Responses,All Schools,condition_send,special education need(s) or learning difficulty,Yes,980,16290,6.0%,5.5%,6.6%,0.6%,0.6%,2023
All Responses,All Schools,condoms_free,they know where they can get condoms for free,No,2725,6370,42.8%,40.9%,44.7%,1.9%,1.9%,2023
All Responses,All Schools,condoms_free,they know where they can get condoms for free,Not sure,1120,6370,17.6%,16.2%,19.1%,1.4%,1.5%,2023
All Responses,All Schools,condoms_free,they know where they can get condoms for free,Yes,2525,6370,39.6%,37.8%,41.5%,1.9%,1.9%,2023
All Responses,All Schools,cope_alcohol,by drinking alcohol,No,15820,16290,97.1%,96.7%,97.5%,0.4%,0.4%,2023
All Responses,All Schools,cope_alcohol,by drinking alcohol,Yes,470,16290,2.9%,2.5%,3.3%,0.4%,0.4%,2023
All Responses,All Schools,cope_counselling,by having counselling,No,15610,16290,95.8%,95.3%,96.3%,0.5%,0.5%,2023
All Responses,All Schools,cope_counselling,by having counselling,Yes,680,16290,4.2%,3.7%,4.7%,0.5%,0.5%,2023
All Responses,All Schools,cope_creative,by doing creative activities,No,12650,16290,77.7%,76.6%,78.6%,1.0%,1.0%,2023
All Responses,All Schools,cope_creative,by doing creative activities,Yes,3640,16290,22.3%,21.4%,23.4%,1.0%,1.0%,2023
All Responses,All Schools,cope_drugs,by doing drugs,No,16045,16290,98.5%,98.2%,98.8%,0.3%,0.3%,2023
All Responses,All Schools,cope_drugs,by doing drugs,Yes,245,16290,1.5%,1.2%,1.8%,0.3%,0.3%,2023
All Responses,All Schools,cope_eat,by eating more,No,14145,16290,86.8%,86.0%,87.6%,0.8%,0.8%,2023
All Responses,All Schools,cope_eat,by eating more,Yes,2145,16290,13.2%,12.4%,14.0%,0.8%,0.8%,2023
All Responses,All Schools,cope_exercise,by exercising,No,10930,16290,67.1%,65.9%,68.2%,1.1%,1.1%,2023
All Responses,All Schools,cope_exercise,by exercising,Yes,5360,16290,32.9%,31.8%,34.1%,1.1%,1.1%,2023
All Responses,All Schools,cope_games,by playing computer games,No,11575,16290,71.1%,69.9%,72.1%,1.1%,1.1%,2023
All Responses,All Schools,cope_games,by playing computer games,Yes,4715,16290,28.9%,27.9%,30.1%,1.1%,1.1%,2023
All Responses,All Schools,cope_internet,by looking for help online,No,15290,16290,93.9%,93.3%,94.4%,0.6%,0.6%,2023
All Responses,All Schools,cope_internet,by looking for help online,Yes,1000,16290,6.1%,5.6%,6.7%,0.6%,0.6%,2023
All Responses,All Schools,cope_music,by listening to music,No,7445,16290,45.7%,44.5%,46.9%,1.2%,1.2%,2023
All Responses,All Schools,cope_music,by listening to music,Yes,8845,16290,54.3%,53.1%,55.5%,1.2%,1.2%,2023
All Responses,All Schools,cope_nothing,by doing nothing,No,13075,16290,80.3%,79.3%,81.2%,1.0%,0.9%,2023
All Responses,All Schools,cope_nothing,by doing nothing,Yes,3215,16290,19.7%,18.8%,20.7%,0.9%,1.0%,2023
All Responses,All Schools,cope_other,by other methods,No,15305,16290,94.0%,93.4%,94.5%,0.6%,0.6%,2023
All Responses,All Schools,cope_other,by other methods,Yes,985,16290,6.0%,5.5%,6.6%,0.6%,0.6%,2023
All Responses,All Schools,cope_selfharm,by self-harm,No,15065,16295,92.5%,91.8%,93.1%,0.7%,0.6%,2023
All Responses,All Schools,cope_selfharm,by self-harm,Yes,1230,16295,7.5%,6.9%,8.2%,0.6%,0.7%,2023
All Responses,All Schools,cope_smoke,by smoking,No,16030,16290,98.4%,98.1%,98.7%,0.3%,0.3%,2023
All Responses,All Schools,cope_smoke,by smoking,Yes,260,16290,1.6%,1.3%,1.9%,0.3%,0.3%,2023
All Responses,All Schools,cope_talkadult,by talking to an adult that's not their carer,No,14620,16290,89.7%,89.0%,90.5%,0.8%,0.7%,2023
All Responses,All Schools,cope_talkadult,by talking to an adult that's not their carer,Yes,1670,16290,10.3%,9.5%,11.0%,0.7%,0.8%,2023
All Responses,All Schools,cope_talkfamily,by talking to family,No,10185,16290,62.5%,61.3%,63.7%,1.2%,1.2%,2023
All Responses,All Schools,cope_talkfamily,by talking to family,Yes,6105,16290,37.5%,36.3%,38.7%,1.2%,1.2%,2023
All Responses,All Schools,cope_talkfriend,by talking to a friend,No,9785,16290,60.1%,58.9%,61.2%,1.2%,1.2%,2023
All Responses,All Schools,cope_talkfriend,by talking to a friend,Yes,6505,16290,39.9%,38.8%,41.1%,1.2%,1.2%,2023
All Responses,All Schools,cope_think,by thinking of a solution on their own,No,12220,16295,75.0%,73.9%,76.0%,1.1%,1.0%,2023
All Responses,All Schools,cope_think,by thinking of a solution on their own,Yes,4075,16295,25.0%,24.0%,26.1%,1.0%,1.1%,2023
All Responses,All Schools,crack_exp,crack,No,16235,16290,99.7%,99.5%,99.8%,0.2%,0.1%,2023
All Responses,All Schools,crack_exp,crack,Yes,55,16290,0.3%,0.2%,0.5%,0.1%,0.2%,2023
All Responses,All Schools,crack_offered,crack,No,16145,16290,99.1%,98.9%,99.3%,0.3%,0.2%,2023
All Responses,All Schools,crack_offered,crack,Yes,145,16290,0.9%,0.7%,1.1%,0.2%,0.3%,2023
All Responses,All Schools,derbisol_exp,derbisol,No,16245,16290,99.7%,99.6%,99.8%,0.2%,0.1%,2023
All Responses,All Schools,derbisol_exp,derbisol,Yes,45,16290,0.3%,0.2%,0.4%,0.1%,0.2%,2023
All Responses,All Schools,derbisol_offered,derbisol,No,16225,16295,99.6%,99.4%,99.7%,0.2%,0.1%,2023
All Responses,All Schools,derbisol_offered,derbisol,Yes,70,16295,0.4%,0.3%,0.6%,0.1%,0.2%,2023
All Responses,All Schools,district_pc,NA,Broxbourne,60,8690,0.7%,0.5%,1.0%,0.2%,0.3%,2023
All Responses,All Schools,district_pc,NA,Dacorum,1305,8690,15.0%,13.9%,16.2%,1.1%,1.2%,2023
All Responses,All Schools,district_pc,NA,East Hertfordshire,510,8690,5.9%,5.1%,6.7%,0.7%,0.8%,2023
All Responses,All Schools,district_pc,NA,Epping Forest,5,8690,0.1%,0.0%,0.2%,0.0%,0.2%,2023
All Responses,All Schools,district_pc,NA,Harlow,0,8690,0.0%,0.0%,0.1%,0.0%,0.1%,2023
All Responses,All Schools,district_pc,NA,Hertsmere,375,8690,4.3%,3.7%,5.0%,0.6%,0.7%,2023
All Responses,All Schools,district_pc,NA,North Hertfordshire,1220,8690,14.0%,12.9%,15.2%,1.1%,1.2%,2023
All Responses,All Schools,district_pc,NA,St Albans,2085,8690,24.0%,22.6%,25.4%,1.4%,1.4%,2023
All Responses,All Schools,district_pc,NA,Stevenage,665,8690,7.7%,6.8%,8.6%,0.8%,0.9%,2023
All Responses,All Schools,district_pc,NA,Three Rivers,1270,8690,14.6%,13.5%,15.8%,1.1%,1.2%,2023
All Responses,All Schools,district_pc,NA,Uttlesford,25,8690,0.3%,0.2%,0.5%,0.1%,0.2%,2023
All Responses,All Schools,district_pc,NA,Watford,615,8690,7.1%,6.3%,8.0%,0.8%,0.9%,2023
All Responses,All Schools,district_pc,NA,Welwyn Hatfield,555,8690,6.4%,5.6%,7.2%,0.8%,0.9%,2023
All Responses,All Schools,district_residence,which district they lived in,Broxbourne,120,16300,0.7%,0.6%,1.0%,0.2%,0.2%,2023
All Responses,All Schools,district_residence,which district they lived in,Dacorum,2120,16300,13.0%,12.2%,13.8%,0.8%,0.8%,2023
All Responses,All Schools,district_residence,which district they lived in,East Hertfordshire,1140,16300,7.0%,6.4%,7.6%,0.6%,0.6%,2023
All Responses,All Schools,district_residence,which district they lived in,Hertsmere,670,16300,4.1%,3.7%,4.6%,0.5%,0.5%,2023
All Responses,All Schools,district_residence,which district they lived in,North Hertfordshire,2030,16300,12.5%,11.7%,13.3%,0.8%,0.8%,2023
All Responses,All Schools,district_residence,which district they lived in,Outside of Hertfordshire,815,16300,5.0%,4.5%,5.6%,0.5%,0.6%,2023
All Responses,All Schools,district_residence,which district they lived in,St Albans,3380,16300,20.7%,19.8%,21.7%,1.0%,1.0%,2023
All Responses,All Schools,district_residence,which district they lived in,Stevenage,1645,16300,10.1%,9.4%,10.8%,0.7%,0.8%,2023
All Responses,All Schools,district_residence,which district they lived in,Three Rivers,1820,16300,11.2%,10.4%,12.0%,0.7%,0.8%,2023
All Responses,All Schools,district_residence,which district they lived in,Watford,1440,16300,8.8%,8.2%,9.5%,0.7%,0.7%,2023
All Responses,All Schools,district_residence,which district they lived in,Welwyn Hatfield,1120,16300,6.9%,6.3%,7.5%,0.6%,0.6%,2023
All Responses,All Schools,district_school,NA,Broxbourne,60,16265,0.4%,0.2%,0.5%,0.1%,0.2%,2023
All Responses,All Schools,district_school,NA,Dacorum,1975,16265,12.1%,11.4%,13.0%,0.8%,0.8%,2023
All Responses,All Schools,district_school,NA,East Hertfordshire,1120,16265,6.9%,6.3%,7.5%,0.6%,0.6%,2023
All Responses,All Schools,district_school,NA,Hertsmere,770,16265,4.7%,4.2%,5.3%,0.5%,0.5%,2023
All Responses,All Schools,district_school,NA,North Hertfordshire,2080,16265,12.8%,12.0%,13.6%,0.8%,0.8%,2023
All Responses,All Schools,district_school,NA,St Albans,3910,16265,24.0%,23.0%,25.1%,1.0%,1.1%,2023
All Responses,All Schools,district_school,NA,Stevenage,1625,16265,10.0%,9.3%,10.7%,0.7%,0.8%,2023
All Responses,All Schools,district_school,NA,Three Rivers,3730,16265,22.9%,21.9%,24.0%,1.0%,1.0%,2023
All Responses,All Schools,district_school,NA,Welwyn Hatfield,995,16265,6.1%,5.6%,6.7%,0.6%,0.6%,2023
All Responses,All Schools,drug_ever,the best statement that describes them regarding recreational drug use,I have never taken drugs,15125,16080,94.1%,93.5%,94.6%,0.6%,0.6%,2023
All Responses,All Schools,drug_ever,the best statement that describes them regarding recreational drug use,I have taken drugs once or twice,530,16080,3.3%,2.9%,3.8%,0.4%,0.5%,2023
All Responses,All Schools,drug_ever,the best statement that describes them regarding recreational drug use,I take drugs occasionally (less than once a week),180,16080,1.1%,0.9%,1.4%,0.2%,0.3%,2023
All Responses,All Schools,drug_ever,the best statement that describes them regarding recreational drug use,I take drugs regularly (once a week or more),130,16080,0.8%,0.6%,1.1%,0.2%,0.2%,2023
All Responses,All Schools,drug_ever,the best statement that describes them regarding recreational drug use,"I used to take drugs, but I don’t now",115,16080,0.7%,0.5%,1.0%,0.2%,0.2%,2023
All Responses,All Schools,drug_reduce,if they want to reduce or stop taking drugs,I'd like to reduce the amount I take but not stop,190,770,24.7%,20.2%,29.8%,4.5%,5.1%,2023
All Responses,All Schools,drug_reduce,if they want to reduce or stop taking drugs,"No, I want to keep taking drugs",270,770,35.1%,30.0%,40.5%,5.1%,5.5%,2023
All Responses,All Schools,drug_reduce,if they want to reduce or stop taking drugs,"Yes, I'd like to stop taking drugs",310,770,40.3%,34.9%,45.8%,5.3%,5.5%,2023
All Responses,All Schools,drugs_alcohol,ever taken drugs and drunk alcohol on the same occasion,No,325,840,38.7%,33.7%,44.0%,5.0%,5.3%,2023
All Responses,All Schools,drugs_alcohol,ever taken drugs and drunk alcohol on the same occasion,Not sure,75,840,8.9%,6.3%,12.4%,2.6%,3.5%,2023
All Responses,All Schools,drugs_alcohol,ever taken drugs and drunk alcohol on the same occasion,Yes,440,840,52.4%,47.1%,57.6%,5.3%,5.3%,2023
All Responses,All Schools,drugsupp_doctor,from a health professional,No,12470,16295,76.5%,75.5%,77.5%,1.0%,1.0%,2023
All Responses,All Schools,drugsupp_doctor,from a health professional,Yes,3825,16295,23.5%,22.5%,24.5%,1.0%,1.0%,2023
All Responses,All Schools,drugsupp_family,from family,No,6300,16290,38.7%,37.5%,39.9%,1.2%,1.2%,2023
All Responses,All Schools,drugsupp_family,from family,Yes,9990,16290,61.3%,60.1%,62.5%,1.2%,1.2%,2023
All Responses,All Schools,drugsupp_friends,from friends,No,11485,16290,70.5%,69.4%,71.6%,1.1%,1.1%,2023
All Responses,All Schools,drugsupp_friends,from friends,Yes,4805,16290,29.5%,28.4%,30.6%,1.1%,1.1%,2023
All Responses,All Schools,drugsupp_internet,from the internet,No,12470,16295,76.5%,75.5%,77.5%,1.0%,1.0%,2023
All Responses,All Schools,drugsupp_internet,from the internet,Yes,3825,16295,23.5%,22.5%,24.5%,1.0%,1.0%,2023
All Responses,All Schools,drugsupp_other,from other sources,No,15250,16290,93.6%,93.0%,94.2%,0.6%,0.6%,2023
All Responses,All Schools,drugsupp_other,from other sources,Yes,1040,16290,6.4%,5.8%,7.0%,0.6%,0.6%,2023
All Responses,All Schools,drugsupp_teacher,from a teacher,No,12230,16295,75.1%,74.0%,76.1%,1.1%,1.0%,2023
All Responses,All Schools,drugsupp_teacher,from a teacher,Yes,4065,16295,24.9%,23.9%,26.0%,1.0%,1.1%,2023
All Responses,All Schools,drugsupp_ypservice,from Drug & Alcohol Services for young people,No,13450,16290,82.6%,81.6%,83.5%,0.9%,0.9%,2023
All Responses,All Schools,drugsupp_ypservice,from Drug & Alcohol Services for young people,Yes,2840,16290,17.4%,16.5%,18.4%,0.9%,0.9%,2023
All Responses,All Schools,drugsupp_yw,from a Youth Worker,No,15060,16295,92.4%,91.8%,93.0%,0.7%,0.6%,2023
All Responses,All Schools,drugsupp_yw,from a Youth Worker,Yes,1235,16295,7.6%,7.0%,8.2%,0.6%,0.7%,2023
All Responses,All Schools,ecstasy_exp,ecstasy,No,16180,16295,99.3%,99.1%,99.5%,0.2%,0.2%,2023
All Responses,All Schools,ecstasy_exp,ecstasy,Yes,115,16295,0.7%,0.5%,0.9%,0.2%,0.2%,2023
All Responses,All Schools,ecstasy_offered,ecstasy,No,16005,16290,98.3%,97.9%,98.5%,0.3%,0.3%,2023
All Responses,All Schools,ecstasy_offered,ecstasy,Yes,285,16290,1.7%,1.5%,2.1%,0.3%,0.3%,2023
All Responses,All Schools,environ_awareness,raise awareness,No,15480,16290,95.0%,94.5%,95.5%,0.6%,0.5%,2023
All Responses,All Schools,environ_awareness,raise awareness,Yes,810,16290,5.0%,4.5%,5.5%,0.5%,0.6%,2023
All Responses,All Schools,environ_barriers_cost,financial cost,No,13645,16290,83.8%,82.9%,84.6%,0.9%,0.9%,2023
All Responses,All Schools,environ_barriers_cost,financial cost,Yes,2645,16290,16.2%,15.4%,17.1%,0.9%,0.9%,2023
All Responses,All Schools,environ_barriers_notconsider,sustainability is not a consideration in their household,No,15275,16295,93.7%,93.1%,94.3%,0.6%,0.6%,2023
All Responses,All Schools,environ_barriers_notconsider,sustainability is not a consideration in their household,Yes,1020,16295,6.3%,5.7%,6.9%,0.6%,0.6%,2023
All Responses,All Schools,environ_barriers_other,other reasons,No,13555,16290,83.2%,82.3%,84.1%,0.9%,0.9%,2023
All Responses,All Schools,environ_barriers_other,other reasons,Yes,2735,16290,16.8%,15.9%,17.7%,0.9%,0.9%,2023
All Responses,All Schools,environ_barriers_time,convenience/time,No,9780,16295,60.0%,58.8%,61.2%,1.2%,1.2%,2023
All Responses,All Schools,environ_barriers_time,convenience/time,Yes,6515,16295,40.0%,38.8%,41.2%,1.2%,1.2%,2023
All Responses,All Schools,environ_barriers_unsure,uncertainty on what to do,No,12440,16295,76.3%,75.3%,77.4%,1.0%,1.0%,2023
All Responses,All Schools,environ_barriers_unsure,uncertainty on what to do,Yes,3855,16295,23.7%,22.6%,24.7%,1.0%,1.0%,2023
All Responses,All Schools,environ_buy,think about the environment when buying things,No,13480,16290,82.8%,81.8%,83.6%,0.9%,0.9%,2023
All Responses,All Schools,environ_buy,think about the environment when buying things,Yes,2810,16290,17.2%,16.4%,18.2%,0.9%,0.9%,2023
All Responses,All Schools,environ_garden,do things in the garden to help wildlife,No,12935,16290,79.4%,78.4%,80.4%,1.0%,1.0%,2023
All Responses,All Schools,environ_garden,do things in the garden to help wildlife,Yes,3355,16290,20.6%,19.6%,21.6%,1.0%,1.0%,2023
All Responses,All Schools,environ_leaders,try to change what our leaders are doing,No,15495,16290,95.1%,94.6%,95.6%,0.5%,0.5%,2023
All Responses,All Schools,environ_leaders,try to change what our leaders are doing,Yes,795,16290,4.9%,4.4%,5.4%,0.5%,0.5%,2023
All Responses,All Schools,environ_lights,turn lights off more,No,5780,16295,35.5%,34.3%,36.6%,1.1%,1.2%,2023
All Responses,All Schools,environ_lights,turn lights off more,Yes,10515,16295,64.5%,63.4%,65.7%,1.2%,1.1%,2023
All Responses,All Schools,environ_litter,pick up litter,No,10630,16290,65.3%,64.1%,66.4%,1.2%,1.1%,2023
All Responses,All Schools,environ_litter,pick up litter,Yes,5660,16290,34.7%,33.6%,35.9%,1.1%,1.2%,2023
All Responses,All Schools,environ_meat,eat less meat,No,13950,16295,85.6%,84.7%,86.4%,0.9%,0.8%,2023
All Responses,All Schools,environ_meat,eat less meat,Yes,2345,16295,14.4%,13.6%,15.3%,0.8%,0.9%,2023
All Responses,All Schools,environ_media,read/watch media about the environment,No,13510,16290,82.9%,82.0%,83.8%,0.9%,0.9%,2023
All Responses,All Schools,environ_media,read/watch media about the environment,Yes,2780,16290,17.1%,16.2%,18.0%,0.9%,0.9%,2023
All Responses,All Schools,environ_none,don't do anything,No,15250,16290,93.6%,93.0%,94.2%,0.6%,0.6%,2023
All Responses,All Schools,environ_none,don't do anything,Yes,1040,16290,6.4%,5.8%,7.0%,0.6%,0.6%,2023
All Responses,All Schools,environ_other,do other things,No,14770,16295,90.6%,89.9%,91.3%,0.7%,0.7%,2023
All Responses,All Schools,environ_other,do other things,Yes,1525,16295,9.4%,8.7%,10.1%,0.7%,0.7%,2023
All Responses,All Schools,environ_recycle,recycle their waste,No,6370,16290,39.1%,37.9%,40.3%,1.2%,1.2%,2023
All Responses,All Schools,environ_recycle,recycle their waste,Yes,9920,16290,60.9%,59.7%,62.1%,1.2%,1.2%,2023
All Responses,All Schools,environ_talk,talk to friends/family,No,13880,16295,85.2%,84.3%,86.0%,0.9%,0.8%,2023
All Responses,All Schools,environ_talk,talk to friends/family,Yes,2415,16295,14.8%,14.0%,15.7%,0.8%,0.9%,2023
All Responses,All Schools,environ_tap,turn the tap off more,No,6160,16290,37.8%,36.6%,39.0%,1.2%,1.2%,2023
All Responses,All Schools,environ_tap,turn the tap off more,Yes,10130,16290,62.2%,61.0%,63.4%,1.2%,1.2%,2023
All Responses,All Schools,environ_volunteer,volunteer,No,15320,16295,94.0%,93.4%,94.6%,0.6%,0.5%,2023
All Responses,All Schools,environ_volunteer,volunteer,Yes,975,16295,6.0%,5.4%,6.6%,0.5%,0.6%,2023
All Responses,All Schools,environ_walkcycle,"walk, cycle, or use public transport",No,9505,16290,58.3%,57.2%,59.5%,1.2%,1.2%,2023
All Responses,All Schools,environ_walkcycle,"walk, cycle, or use public transport",Yes,6785,16290,41.7%,40.5%,42.8%,1.2%,1.2%,2023
All Responses,All Schools,ethnicity,ethnicity,Any other ethnic group,285,15650,1.8%,1.5%,2.2%,0.3%,0.4%,2023
All Responses,All Schools,ethnicity,ethnicity,Asian,2475,15650,15.8%,14.9%,16.7%,0.9%,0.9%,2023
All Responses,All Schools,ethnicity,ethnicity,Black,1165,15650,7.4%,6.8%,8.1%,0.6%,0.7%,2023
All Responses,All Schools,ethnicity,ethnicity,Mixed,375,15650,2.4%,2.0%,2.8%,0.3%,0.4%,2023
All Responses,All Schools,ethnicity,ethnicity,Prefer not to say,200,15650,1.3%,1.0%,1.6%,0.2%,0.3%,2023
All Responses,All Schools,ethnicity,ethnicity,White,11150,15650,71.2%,70.1%,72.4%,1.1%,1.1%,2023
All Responses,All Schools,findiff_cold,felt cold,No,15465,16290,94.9%,94.4%,95.4%,0.6%,0.5%,2023
All Responses,All Schools,findiff_cold,felt cold,Yes,825,16290,5.1%,4.6%,5.6%,0.5%,0.6%,2023
All Responses,All Schools,findiff_foodbank,went to a food bank,No,16075,16290,98.7%,98.4%,98.9%,0.3%,0.2%,2023
All Responses,All Schools,findiff_foodbank,went to a food bank,Yes,215,16290,1.3%,1.1%,1.6%,0.2%,0.3%,2023
All Responses,All Schools,findiff_hungry,felt hungry,No,15900,16290,97.6%,97.2%,97.9%,0.4%,0.3%,2023
All Responses,All Schools,findiff_hungry,felt hungry,Yes,390,16290,2.4%,2.1%,2.8%,0.3%,0.4%,2023
All Responses,All Schools,findiff_job,lost a job/work,No,15685,16295,96.3%,95.8%,96.7%,0.5%,0.4%,2023
All Responses,All Schools,findiff_job,lost a job/work,Yes,610,16295,3.7%,3.3%,4.2%,0.4%,0.5%,2023
All Responses,All Schools,findiff_misstrip,missed a school trip,No,15490,16295,95.1%,94.5%,95.6%,0.6%,0.5%,2023
All Responses,All Schools,findiff_misstrip,missed a school trip,Yes,805,16295,4.9%,4.4%,5.5%,0.5%,0.6%,2023
All Responses,All Schools,findiff_move,moved to a smaller home,No,16000,16290,98.2%,97.9%,98.5%,0.3%,0.3%,2023
All Responses,All Schools,findiff_move,moved to a smaller home,Yes,290,16290,1.8%,1.5%,2.1%,0.3%,0.3%,2023
All Responses,All Schools,findiff_none,no experiences,No,4360,16290,26.8%,25.7%,27.9%,1.1%,1.1%,2023
All Responses,All Schools,findiff_none,no experiences,Yes,11930,16290,73.2%,72.1%,74.3%,1.1%,1.1%,2023
All Responses,All Schools,findiff_pnts,prefer not to say,No,15455,16295,94.8%,94.3%,95.4%,0.6%,0.5%,2023
All Responses,All Schools,findiff_pnts,prefer not to say,Yes,840,16295,5.2%,4.6%,5.7%,0.5%,0.6%,2023
All Responses,All Schools,fsm,free school meals,No,14255,16195,88.0%,87.2%,88.8%,0.8%,0.8%,2023
All Responses,All Schools,fsm,free school meals,Prefer not to say,355,16195,2.2%,1.9%,2.6%,0.3%,0.4%,2023
All Responses,All Schools,fsm,free school meals,Yes,1585,16195,9.8%,9.1%,10.5%,0.7%,0.7%,2023
All Responses,All Schools,hallucinogen_natural_exp,hallucinogens,No,16210,16290,99.5%,99.3%,99.7%,0.2%,0.1%,2023
All Responses,All Schools,hallucinogen_natural_exp,hallucinogens,Yes,80,16290,0.5%,0.3%,0.7%,0.1%,0.2%,2023
All Responses,All Schools,hallucinogen_offered,hallucinogens,No,16025,16295,98.3%,98.0%,98.6%,0.3%,0.3%,2023
All Responses,All Schools,hallucinogen_offered,hallucinogens,Yes,270,16295,1.7%,1.4%,2.0%,0.3%,0.3%,2023
All Responses,All Schools,heroin_exp,heroin,No,16240,16290,99.7%,99.5%,99.8%,0.2%,0.1%,2023
All Responses,All Schools,heroin_exp,heroin,Yes,50,16290,0.3%,0.2%,0.5%,0.1%,0.2%,2023
All Responses,All Schools,heroin_offered,heroin,No,16170,16295,99.2%,99.0%,99.4%,0.2%,0.2%,2023
All Responses,All Schools,heroin_offered,heroin,Yes,125,16295,0.8%,0.6%,1.0%,0.2%,0.2%,2023
All Responses,All Schools,herts_just_talk,have heard of Herts Just Talk,No,5820,15910,36.6%,35.4%,37.8%,1.2%,1.2%,2023
All Responses,All Schools,herts_just_talk,have heard of Herts Just Talk,Unsure,2655,15910,16.7%,15.8%,17.6%,0.9%,0.9%,2023
All Responses,All Schools,herts_just_talk,have heard of Herts Just Talk,Yes,3325,15910,20.9%,19.9%,21.9%,1.0%,1.0%,2023
All Responses,All Schools,herts_just_talk,have heard of Herts Just Talk,"Yes I’ve heard of it, but I’m not sure what it is",4110,15910,25.8%,24.8%,26.9%,1.1%,1.1%,2023
All Responses,All Schools,home_shouting,have ever been frightened by any shouting and arguing between adults or older siblings at home in the last month,Most days/Every day,720,15815,4.6%,4.1%,5.1%,0.5%,0.5%,2023
All Responses,All Schools,home_shouting,have ever been frightened by any shouting and arguing between adults or older siblings at home in the last month,No,10340,15815,65.4%,64.2%,66.5%,1.2%,1.2%,2023
All Responses,All Schools,home_shouting,have ever been frightened by any shouting and arguing between adults or older siblings at home in the last month,Once a week,720,15815,4.6%,4.1%,5.1%,0.5%,0.5%,2023
All Responses,All Schools,home_shouting,have ever been frightened by any shouting and arguing between adults or older siblings at home in the last month,Once or twice,2815,15815,17.8%,16.9%,18.8%,0.9%,1.0%,2023
All Responses,All Schools,home_shouting,have ever been frightened by any shouting and arguing between adults or older siblings at home in the last month,Prefer not to say,1220,15815,7.7%,7.1%,8.4%,0.6%,0.7%,2023
All Responses,All Schools,home_violence,"if there has been any violence (e.g. hitting, punching, slapping) between adults or older siblings at home in the last month",Most days/Every day,160,15835,1.0%,0.8%,1.3%,0.2%,0.3%,2023
All Responses,All Schools,home_violence,"if there has been any violence (e.g. hitting, punching, slapping) between adults or older siblings at home in the last month",No,14200,15835,89.7%,88.9%,90.4%,0.8%,0.7%,2023
All Responses,All Schools,home_violence,"if there has been any violence (e.g. hitting, punching, slapping) between adults or older siblings at home in the last month",Once a week,145,15835,0.9%,0.7%,1.2%,0.2%,0.3%,2023
All Responses,All Schools,home_violence,"if there has been any violence (e.g. hitting, punching, slapping) between adults or older siblings at home in the last month",Once or twice,485,15835,3.1%,2.7%,3.5%,0.4%,0.5%,2023
All Responses,All Schools,home_violence,"if there has been any violence (e.g. hitting, punching, slapping) between adults or older siblings at home in the last month",Prefer not to say,845,15835,5.3%,4.8%,5.9%,0.5%,0.6%,2023
All Responses,All Schools,hopeful_future,feel hopeful about their future,Always,2965,15955,18.6%,17.7%,19.6%,0.9%,1.0%,2023
All Responses,All Schools,hopeful_future,feel hopeful about their future,Never,1000,15955,6.3%,5.7%,6.9%,0.6%,0.6%,2023
All Responses,All Schools,hopeful_future,feel hopeful about their future,Often,5450,15955,34.2%,33.0%,35.3%,1.2%,1.2%,2023
All Responses,All Schools,hopeful_future,feel hopeful about their future,Sometimes,6540,15955,41.0%,39.8%,42.2%,1.2%,1.2%,2023
All Responses,All Schools,imd_quintile,for their resident postcode,Quintile 1 - Most Deprived,1205,16290,7.4%,6.8%,8.1%,0.6%,0.7%,2023
All Responses,All Schools,imd_quintile,for their resident postcode,Quintile 2,1525,16290,9.4%,8.7%,10.1%,0.7%,0.7%,2023
All Responses,All Schools,imd_quintile,for their resident postcode,Quintile 3,1525,16290,9.4%,8.7%,10.1%,0.7%,0.7%,2023
All Responses,All Schools,imd_quintile,for their resident postcode,Quintile 4,1860,16290,11.4%,10.7%,12.2%,0.7%,0.8%,2023
All Responses,All Schools,imd_quintile,for their resident postcode,Quintile 5 - Least Deprived,2540,16290,15.6%,14.7%,16.5%,0.9%,0.9%,2023
All Responses,All Schools,imd_quintile,for their resident postcode,unknown,7635,16290,46.9%,45.7%,48.1%,1.2%,1.2%,2023
All Responses,All Schools,internet_info_provided,have been provided with online safety info,No,3550,15405,23.0%,22.0%,24.1%,1.0%,1.1%,2023
All Responses,All Schools,internet_info_provided,have been provided with online safety info,Yes,11855,15405,77.0%,75.9%,78.0%,1.1%,1.0%,2023
All Responses,All Schools,internet_message,have ever received message on social media that upset them,No,10355,15625,66.3%,65.1%,67.4%,1.2%,1.2%,2023
All Responses,All Schools,internet_message,have ever received message on social media that upset them,Yes,5270,15625,33.7%,32.6%,34.9%,1.2%,1.2%,2023
All Responses,All Schools,internet_met,have ever met someone in real life whom they first met online,No,12610,15635,80.7%,79.7%,81.6%,1.0%,1.0%,2023
All Responses,All Schools,internet_met,have ever met someone in real life whom they first met online,Yes,3025,15635,19.3%,18.4%,20.3%,1.0%,1.0%,2023
All Responses,All Schools,internet_personalinfo,have ever shared personal information with someone they have not met in real life,No,13260,15615,84.9%,84.0%,85.8%,0.9%,0.9%,2023
All Responses,All Schools,internet_personalinfo,have ever shared personal information with someone they have not met in real life,Yes,2355,15615,15.1%,14.2%,16.0%,0.9%,0.9%,2023
All Responses,All Schools,internet_pictures_pressure,have ever felt pressured to send pictures of themselves to someone,No,13980,15600,89.6%,88.8%,90.3%,0.8%,0.7%,2023
All Responses,All Schools,internet_pictures_pressure,have ever felt pressured to send pictures of themselves to someone,Yes,1620,15600,10.4%,9.7%,11.2%,0.7%,0.8%,2023
All Responses,All Schools,ketamine_exp,ketamine,No,16185,16290,99.4%,99.1%,99.5%,0.2%,0.2%,2023
All Responses,All Schools,ketamine_exp,ketamine,Yes,105,16290,0.6%,0.5%,0.9%,0.2%,0.2%,2023
All Responses,All Schools,ketamine_offered,ketamine,No,15935,16290,97.8%,97.4%,98.1%,0.4%,0.3%,2023
All Responses,All Schools,ketamine_offered,ketamine,Yes,355,16290,2.2%,1.9%,2.6%,0.3%,0.4%,2023
All Responses,All Schools,life_happyyesterday,how happy they felt yesterday overall on a scale low to high,high,4590,16295,28.2%,27.1%,29.3%,1.1%,1.1%,2023
All Responses,All Schools,life_happyyesterday,how happy they felt yesterday overall on a scale low to high,low,3870,16295,23.7%,22.7%,24.8%,1.0%,1.0%,2023
All Responses,All Schools,life_happyyesterday,how happy they felt yesterday overall on a scale low to high,medium,3355,16295,20.6%,19.6%,21.6%,1.0%,1.0%,2023
All Responses,All Schools,life_happyyesterday,how happy they felt yesterday overall on a scale low to high,very high,4480,16295,27.5%,26.4%,28.6%,1.1%,1.1%,2023
All Responses,All Schools,life_satisfied,about how satisfied they with their life on a scale of low to high,high,5770,16295,35.4%,34.3%,36.6%,1.1%,1.2%,2023
All Responses,All Schools,life_satisfied,about how satisfied they with their life on a scale of low to high,low,2825,16295,17.3%,16.4%,18.3%,0.9%,0.9%,2023
All Responses,All Schools,life_satisfied,about how satisfied they with their life on a scale of low to high,medium,3370,16295,20.7%,19.7%,21.7%,1.0%,1.0%,2023
All Responses,All Schools,life_satisfied,about how satisfied they with their life on a scale of low to high,very high,4330,16295,26.6%,25.5%,27.7%,1.1%,1.1%,2023
All Responses,All Schools,life_worthwhile,the extent to which they feel the things they do in their life are worthwhile on a scale of low to high,high,4975,16295,30.5%,29.4%,31.7%,1.1%,1.1%,2023
All Responses,All Schools,life_worthwhile,the extent to which they feel the things they do in their life are worthwhile on a scale of low to high,low,3035,16295,18.6%,17.7%,19.6%,0.9%,1.0%,2023
All Responses,All Schools,life_worthwhile,the extent to which they feel the things they do in their life are worthwhile on a scale of low to high,medium,3630,16295,22.3%,21.3%,23.3%,1.0%,1.0%,2023
All Responses,All Schools,life_worthwhile,the extent to which they feel the things they do in their life are worthwhile on a scale of low to high,very high,4655,16295,28.6%,27.5%,29.7%,1.1%,1.1%,2023
All Responses,All Schools,mental_accessed,have ever accessed mental health services before,No,11545,15755,73.3%,72.2%,74.4%,1.1%,1.1%,2023
All Responses,All Schools,mental_accessed,have ever accessed mental health services before,Not sure,1370,15755,8.7%,8.0%,9.4%,0.7%,0.7%,2023
All Responses,All Schools,mental_accessed,have ever accessed mental health services before,Prefer not to say,560,15755,3.6%,3.1%,4.0%,0.4%,0.5%,2023
All Responses,All Schools,mental_accessed,have ever accessed mental health services before,Yes,2280,15755,14.5%,13.6%,15.4%,0.8%,0.9%,2023
All Responses,All Schools,mental_accessed_helpful,how helpful they found the mental health support,A little,910,2270,40.1%,37.0%,43.3%,3.1%,3.2%,2023
All Responses,All Schools,mental_accessed_helpful,how helpful they found the mental health support,Neither helpful nor unhelpful,335,2270,14.8%,12.6%,17.2%,2.2%,2.4%,2023
All Responses,All Schools,mental_accessed_helpful,how helpful they found the mental health support,Not helpful,225,2270,9.9%,8.1%,12.0%,1.8%,2.1%,2023
All Responses,All Schools,mental_accessed_helpful,how helpful they found the mental health support,Not very helpful,315,2270,13.9%,11.8%,16.3%,2.1%,2.4%,2023
All Responses,All Schools,mental_accessed_helpful,how helpful they found the mental health support,Very,485,2270,21.4%,18.8%,24.1%,2.5%,2.8%,2023
All Responses,All Schools,mental_charity,charities,No,16130,16290,99.0%,98.7%,99.2%,0.3%,0.2%,2023
All Responses,All Schools,mental_charity,charities,Yes,160,16290,1.0%,0.8%,1.3%,0.2%,0.3%,2023
All Responses,All Schools,mental_clinic,a mental health clinic,No,13945,16295,85.6%,84.7%,86.4%,0.9%,0.8%,2023
All Responses,All Schools,mental_clinic,a mental health clinic,Yes,2350,16295,14.4%,13.6%,15.3%,0.8%,0.9%,2023
All Responses,All Schools,mental_doctor,a doctor,No,14045,16290,86.2%,85.4%,87.0%,0.9%,0.8%,2023
All Responses,All Schools,mental_doctor,a doctor,Yes,2245,16290,13.8%,13.0%,14.6%,0.8%,0.9%,2023
All Responses,All Schools,mental_howaccess,"know how to access services if they are worried about, or are looking for more information about their mental health",No,2675,15865,16.9%,16.0%,17.8%,0.9%,0.9%,2023
All Responses,All Schools,mental_howaccess,"know how to access services if they are worried about, or are looking for more information about their mental health",Not sure,3215,15865,20.3%,19.3%,21.3%,1.0%,1.0%,2023
All Responses,All Schools,mental_howaccess,"know how to access services if they are worried about, or are looking for more information about their mental health",Yes,9975,15865,62.9%,61.7%,64.1%,1.2%,1.2%,2023
All Responses,All Schools,mental_none,other,No,13875,16295,85.1%,84.3%,86.0%,0.9%,0.8%,2023
All Responses,All Schools,mental_none,other,Yes,2420,16295,14.9%,14.0%,15.7%,0.8%,0.9%,2023
All Responses,All Schools,mental_nurse,a school nurse,No,15835,16295,97.2%,96.7%,97.6%,0.4%,0.4%,2023
All Responses,All Schools,mental_nurse,a school nurse,Yes,460,16295,2.8%,2.4%,3.3%,0.4%,0.4%,2023
All Responses,All Schools,mental_other,some other service,No,13880,16295,85.2%,84.3%,86.0%,0.9%,0.8%,2023
All Responses,All Schools,mental_other,some other service,Yes,2415,16295,14.8%,14.0%,15.7%,0.8%,0.9%,2023
All Responses,All Schools,mental_parents,parents/carers,No,6025,16290,37.0%,35.8%,38.2%,1.2%,1.2%,2023
All Responses,All Schools,mental_parents,parents/carers,Yes,10265,16290,63.0%,61.8%,64.2%,1.2%,1.2%,2023
All Responses,All Schools,mental_school,the school,No,11800,16290,72.4%,71.3%,73.5%,1.1%,1.1%,2023
All Responses,All Schools,mental_school,the school,Yes,4490,16290,27.6%,26.5%,28.7%,1.1%,1.1%,2023
All Responses,All Schools,mental_talk,"agree with the statement ""It's okay for me to talk about my mental health.""",No,1975,15870,12.4%,11.7%,13.3%,0.8%,0.8%,2023
All Responses,All Schools,mental_talk,"agree with the statement ""It's okay for me to talk about my mental health.""",Not sure,2860,15870,18.0%,17.1%,19.0%,0.9%,1.0%,2023
All Responses,All Schools,mental_talk,"agree with the statement ""It's okay for me to talk about my mental health.""",Yes,11035,15870,69.5%,68.4%,70.7%,1.1%,1.1%,2023
All Responses,All Schools,mental_type_121,1-2-1s (in person),No,8850,16290,54.3%,53.1%,55.5%,1.2%,1.2%,2023
All Responses,All Schools,mental_type_121,1-2-1s (in person),Yes,7440,16290,45.7%,44.5%,46.9%,1.2%,1.2%,2023
All Responses,All Schools,mental_type_group,groupwork,No,12990,16290,79.7%,78.8%,80.7%,1.0%,1.0%,2023
All Responses,All Schools,mental_type_group,groupwork,Yes,3300,16290,20.3%,19.3%,21.2%,1.0%,1.0%,2023
All Responses,All Schools,mental_type_online,online support,No,12945,16295,79.4%,78.4%,80.4%,1.0%,1.0%,2023
All Responses,All Schools,mental_type_online,online support,Yes,3350,16295,20.6%,19.6%,21.6%,1.0%,1.0%,2023
All Responses,All Schools,mental_type_other,other types of support,No,12315,16295,75.6%,74.5%,76.6%,1.1%,1.0%,2023
All Responses,All Schools,mental_type_other,other types of support,Yes,3980,16295,24.4%,23.4%,25.5%,1.0%,1.1%,2023
All Responses,All Schools,mental_type_phone,phone counselling,No,14690,16295,90.2%,89.4%,90.8%,0.7%,0.7%,2023
All Responses,All Schools,mental_type_phone,phone counselling,Yes,1605,16295,9.8%,9.2%,10.6%,0.7%,0.7%,2023
All Responses,All Schools,mental_youthservice,the Youth Service,No,14995,16295,92.0%,91.3%,92.7%,0.7%,0.6%,2023
All Responses,All Schools,mental_youthservice,the Youth Service,Yes,1300,16295,8.0%,7.3%,8.7%,0.6%,0.7%,2023
All Responses,All Schools,nitrous_oxide_exp,nitrous oxide,No,16210,16295,99.5%,99.3%,99.6%,0.2%,0.1%,2023
All Responses,All Schools,nitrous_oxide_exp,nitrous oxide,Yes,85,16295,0.5%,0.4%,0.7%,0.1%,0.2%,2023
All Responses,All Schools,nitrous_oxide_offered,nitrous oxide,No,15980,16290,98.1%,97.7%,98.4%,0.4%,0.3%,2023
All Responses,All Schools,nitrous_oxide_offered,nitrous oxide,Yes,310,16290,1.9%,1.6%,2.3%,0.3%,0.4%,2023
All Responses,All Schools,nps_exp,novel psychoactive substances,No,16240,16290,99.7%,99.5%,99.8%,0.2%,0.1%,2023
All Responses,All Schools,nps_exp,novel psychoactive substances,Yes,50,16290,0.3%,0.2%,0.5%,0.1%,0.2%,2023
All Responses,All Schools,nps_offered,novel psychoactive substances,No,16185,16290,99.4%,99.1%,99.5%,0.2%,0.2%,2023
All Responses,All Schools,nps_offered,novel psychoactive substances,Yes,105,16290,0.6%,0.5%,0.9%,0.2%,0.2%,2023
All Responses,All Schools,pa_30,how many days in the past week had they done a total of 30 minutes or more of physical activity,1 to 3,7965,16290,48.9%,47.7%,50.1%,1.2%,1.2%,2023
All Responses,All Schools,pa_30,how many days in the past week had they done a total of 30 minutes or more of physical activity,4 to 5,2700,16290,16.6%,15.7%,17.5%,0.9%,0.9%,2023
All Responses,All Schools,pa_30,how many days in the past week had they done a total of 30 minutes or more of physical activity,6 to 7,800,16290,4.9%,4.4%,5.5%,0.5%,0.6%,2023
All Responses,All Schools,pa_30,how many days in the past week had they done a total of 30 minutes or more of physical activity,none,4825,16290,29.6%,28.5%,30.7%,1.1%,1.1%,2023
All Responses,All Schools,pa_60,how many days in the past week had they done a total of 60 minutes or more of physical activity,1 to 3,6855,16290,42.1%,40.9%,43.3%,1.2%,1.2%,2023
All Responses,All Schools,pa_60,how many days in the past week had they done a total of 60 minutes or more of physical activity,4 to 5,2975,16290,18.3%,17.3%,19.2%,0.9%,1.0%,2023
All Responses,All Schools,pa_60,how many days in the past week had they done a total of 60 minutes or more of physical activity,6 to 7,2085,16290,12.8%,12.0%,13.6%,0.8%,0.8%,2023
All Responses,All Schools,pa_60,how many days in the past week had they done a total of 60 minutes or more of physical activity,none,4375,16290,26.9%,25.8%,27.9%,1.1%,1.1%,2023
All Responses,All Schools,pa_barriers_bikecost,the cost of bikes,No,15790,16295,96.9%,96.5%,97.3%,0.4%,0.4%,2023
All Responses,All Schools,pa_barriers_bikecost,the cost of bikes,Yes,505,16295,3.1%,2.7%,3.5%,0.4%,0.4%,2023
All Responses,All Schools,pa_barriers_distance,distance,No,13115,16295,80.5%,79.5%,81.4%,1.0%,0.9%,2023
All Responses,All Schools,pa_barriers_distance,distance,Yes,3180,16295,19.5%,18.6%,20.5%,0.9%,1.0%,2023
All Responses,All Schools,pa_barriers_fearlost,the fear of getting lost,No,15005,16290,92.1%,91.4%,92.7%,0.7%,0.6%,2023
All Responses,All Schools,pa_barriers_fearlost,the fear of getting lost,Yes,1285,16290,7.9%,7.3%,8.6%,0.6%,0.7%,2023
All Responses,All Schools,pa_barriers_fitness,lack of fitness,No,15545,16295,95.4%,94.9%,95.9%,0.5%,0.5%,2023
All Responses,All Schools,pa_barriers_fitness,lack of fitness,Yes,750,16295,4.6%,4.1%,5.1%,0.5%,0.5%,2023
All Responses,All Schools,pa_barriers_other,other reasons,No,14105,16290,86.6%,85.7%,87.4%,0.8%,0.8%,2023
All Responses,All Schools,pa_barriers_other,other reasons,Yes,2185,16290,13.4%,12.6%,14.3%,0.8%,0.8%,2023
All Responses,All Schools,pa_barriers_pollution,air pollution,No,16065,16295,98.6%,98.3%,98.8%,0.3%,0.3%,2023
All Responses,All Schools,pa_barriers_pollution,air pollution,Yes,230,16295,1.4%,1.2%,1.7%,0.3%,0.3%,2023
All Responses,All Schools,pa_barriers_roadsafety,road safety,No,15175,16290,93.2%,92.5%,93.7%,0.6%,0.6%,2023
All Responses,All Schools,pa_barriers_roadsafety,road safety,Yes,1115,16290,6.8%,6.3%,7.5%,0.6%,0.6%,2023
All Responses,All Schools,pa_barriers_safety,personal safety,No,14265,16295,87.5%,86.7%,88.3%,0.8%,0.8%,2023
All Responses,All Schools,pa_barriers_safety,personal safety,Yes,2030,16295,12.5%,11.7%,13.3%,0.8%,0.8%,2023
All Responses,All Schools,pa_barriers_time,lack of time,No,9185,16290,56.4%,55.2%,57.6%,1.2%,1.2%,2023
All Responses,All Schools,pa_barriers_time,lack of time,Yes,7105,16290,43.6%,42.4%,44.8%,1.2%,1.2%,2023
All Responses,All Schools,pa_barriers_want,personal preference,No,11690,16290,71.8%,70.7%,72.8%,1.1%,1.1%,2023
All Responses,All Schools,pa_barriers_want,personal preference,Yes,4600,16290,28.2%,27.2%,29.3%,1.1%,1.1%,2023
All Responses,All Schools,pa_barriers_weather,the weather,No,10735,16295,65.9%,64.7%,67.0%,1.2%,1.1%,2023
All Responses,All Schools,pa_barriers_weather,the weather,Yes,5560,16295,34.1%,33.0%,35.3%,1.1%,1.2%,2023
All Responses,All Schools,pa_fri,Friday,0-29 minutes,4615,15055,30.7%,29.5%,31.8%,1.1%,1.2%,2023
All Responses,All Schools,pa_fri,Friday,30-59 minutes,5185,15055,34.4%,33.3%,35.6%,1.2%,1.2%,2023
All Responses,All Schools,pa_fri,Friday,60 or more minutes,5255,15055,34.9%,33.7%,36.1%,1.2%,1.2%,2023
All Responses,All Schools,pa_mon,Monday,0-29 minutes,4760,15505,30.7%,29.6%,31.9%,1.1%,1.2%,2023
All Responses,All Schools,pa_mon,Monday,30-59 minutes,5020,15505,32.4%,31.2%,33.5%,1.2%,1.2%,2023
All Responses,All Schools,pa_mon,Monday,60 or more minutes,5725,15505,36.9%,35.7%,38.1%,1.2%,1.2%,2023
All Responses,All Schools,pa_sat,Saturday,0-29 minutes,4790,14995,31.9%,30.8%,33.1%,1.2%,1.2%,2023
All Responses,All Schools,pa_sat,Saturday,30-59 minutes,4030,14995,26.9%,25.8%,28.0%,1.1%,1.1%,2023
All Responses,All Schools,pa_sat,Saturday,60 or more minutes,6175,14995,41.2%,39.9%,42.4%,1.2%,1.2%,2023
All Responses,All Schools,pa_sun,Sunday,0-29 minutes,5555,14915,37.2%,36.0%,38.5%,1.2%,1.2%,2023
All Responses,All Schools,pa_sun,Sunday,30-59 minutes,3550,14915,23.8%,22.7%,24.9%,1.1%,1.1%,2023
All Responses,All Schools,pa_sun,Sunday,60 or more minutes,5810,14915,39.0%,37.7%,40.2%,1.2%,1.2%,2023
All Responses,All Schools,pa_thurs,Thursday,0-29 minutes,4265,15245,28.0%,26.9%,29.1%,1.1%,1.1%,2023
All Responses,All Schools,pa_thurs,Thursday,30-59 minutes,5055,15245,33.2%,32.0%,34.3%,1.2%,1.2%,2023
All Responses,All Schools,pa_thurs,Thursday,60 or more minutes,5925,15245,38.9%,37.7%,40.1%,1.2%,1.2%,2023
All Responses,All Schools,pa_tues,Tuesday,0-29 minutes,4485,15355,29.2%,28.1%,30.4%,1.1%,1.1%,2023
All Responses,All Schools,pa_tues,Tuesday,30-59 minutes,5000,15355,32.6%,31.4%,33.7%,1.2%,1.2%,2023
All Responses,All Schools,pa_tues,Tuesday,60 or more minutes,5870,15355,38.2%,37.0%,39.4%,1.2%,1.2%,2023
All Responses,All Schools,pa_wed,Wednesday,0-29 minutes,4280,15380,27.8%,26.7%,29.0%,1.1%,1.1%,2023
All Responses,All Schools,pa_wed,Wednesday,30-59 minutes,5110,15380,33.2%,32.1%,34.4%,1.2%,1.2%,2023
All Responses,All Schools,pa_wed,Wednesday,60 or more minutes,5990,15380,38.9%,37.7%,40.2%,1.2%,1.2%,2023
All Responses,All Schools,paid_work,how much paid work they did last week,0-10 hours,1905,15365,12.4%,11.6%,13.2%,0.8%,0.8%,2023
All Responses,All Schools,paid_work,how much paid work they did last week,11-20 hours,420,15365,2.7%,2.4%,3.2%,0.4%,0.4%,2023
All Responses,All Schools,paid_work,how much paid work they did last week,21-30 hours,55,15365,0.4%,0.2%,0.5%,0.1%,0.2%,2023
All Responses,All Schools,paid_work,how much paid work they did last week,31+ hours,110,15365,0.7%,0.5%,1.0%,0.2%,0.2%,2023
All Responses,All Schools,paid_work,how much paid work they did last week,I didn't do any paid work,12500,15365,81.4%,80.4%,82.3%,1.0%,1.0%,2023
All Responses,All Schools,paid_work,how much paid work they did last week,Prefer not to say,375,15365,2.4%,2.1%,2.9%,0.4%,0.4%,2023
All Responses,All Schools,poppers_exp,poppers,No,16240,16290,99.7%,99.5%,99.8%,0.2%,0.1%,2023
All Responses,All Schools,poppers_exp,poppers,Yes,50,16290,0.3%,0.2%,0.5%,0.1%,0.2%,2023
All Responses,All Schools,poppers_offered,poppers,No,16165,16290,99.2%,99.0%,99.4%,0.2%,0.2%,2023
All Responses,All Schools,poppers_offered,poppers,Yes,125,16290,0.8%,0.6%,1.0%,0.2%,0.2%,2023
All Responses,All Schools,prospects_education,plan to continue in education,Maybe,3865,14165,27.3%,26.1%,28.5%,1.1%,1.2%,2023
All Responses,All Schools,prospects_education,plan to continue in education,No,990,14165,7.0%,6.4%,7.7%,0.6%,0.7%,2023
All Responses,All Schools,prospects_education,plan to continue in education,Yes,9310,14165,65.7%,64.5%,66.9%,1.2%,1.2%,2023
All Responses,All Schools,prospects_family,plan to start a family,Maybe,3940,12745,30.9%,29.7%,32.2%,1.3%,1.3%,2023
All Responses,All Schools,prospects_family,plan to start a family,No,5700,12745,44.7%,43.4%,46.1%,1.4%,1.4%,2023
All Responses,All Schools,prospects_family,plan to start a family,Yes,3105,12745,24.4%,23.2%,25.6%,1.2%,1.2%,2023
All Responses,All Schools,prospects_info_apprenticeships,apprenticeships,No,11360,16290,69.7%,68.6%,70.8%,1.1%,1.1%,2023
All Responses,All Schools,prospects_info_apprenticeships,apprenticeships,Yes,4930,16290,30.3%,29.2%,31.4%,1.1%,1.1%,2023
All Responses,All Schools,prospects_info_college,college/6th form,No,10130,16290,62.2%,61.0%,63.4%,1.2%,1.2%,2023
All Responses,All Schools,prospects_info_college,college/6th form,Yes,6160,16290,37.8%,36.6%,39.0%,1.2%,1.2%,2023
All Responses,All Schools,prospects_info_gap,gap years,No,11895,16290,73.0%,71.9%,74.1%,1.1%,1.1%,2023
All Responses,All Schools,prospects_info_gap,gap years,Yes,4395,16290,27.0%,25.9%,28.1%,1.1%,1.1%,2023
All Responses,All Schools,prospects_info_jobs,jobs,No,8645,16290,53.1%,51.9%,54.3%,1.2%,1.2%,2023
All Responses,All Schools,prospects_info_jobs,jobs,Yes,7645,16290,46.9%,45.7%,48.1%,1.2%,1.2%,2023
All Responses,All Schools,prospects_info_other,other options,No,13920,16295,85.4%,84.6%,86.3%,0.9%,0.8%,2023
All Responses,All Schools,prospects_info_other,other options,Yes,2375,16295,14.6%,13.7%,15.4%,0.8%,0.9%,2023
All Responses,All Schools,prospects_info_trainee,traineeships,No,14080,16290,86.4%,85.6%,87.2%,0.9%,0.8%,2023
All Responses,All Schools,prospects_info_trainee,traineeships,Yes,2210,16290,13.6%,12.8%,14.4%,0.8%,0.9%,2023
All Responses,All Schools,prospects_info_uni,university,No,7745,16290,47.5%,46.3%,48.8%,1.2%,1.2%,2023
All Responses,All Schools,prospects_info_uni,university,Yes,8545,16290,52.5%,51.2%,53.7%,1.2%,1.2%,2023
All Responses,All Schools,prospects_job,plan to get a job,Maybe,3760,13935,27.0%,25.8%,28.2%,1.1%,1.2%,2023
All Responses,All Schools,prospects_job,plan to get a job,No,975,13935,7.0%,6.4%,7.7%,0.6%,0.7%,2023
All Responses,All Schools,prospects_job,plan to get a job,Yes,9200,13935,66.0%,64.8%,67.2%,1.3%,1.2%,2023
All Responses,All Schools,prospects_notsure,aren't sure what they want to do,Maybe,3420,11810,29.0%,27.7%,30.3%,1.3%,1.3%,2023
All Responses,All Schools,prospects_notsure,aren't sure what they want to do,No,4715,11810,39.9%,38.5%,41.3%,1.4%,1.4%,2023
All Responses,All Schools,prospects_notsure,aren't sure what they want to do,Yes,3675,11810,31.1%,29.8%,32.4%,1.3%,1.3%,2023
All Responses,All Schools,prospects_other,have other plans,Maybe,4485,11710,38.3%,36.9%,39.7%,1.4%,1.4%,2023
All Responses,All Schools,prospects_other,have other plans,No,4410,11710,37.7%,36.3%,39.1%,1.4%,1.4%,2023
All Responses,All Schools,prospects_other,have other plans,Yes,2815,11710,24.0%,22.8%,25.3%,1.2%,1.2%,2023
All Responses,All Schools,prospects_support_friends,friends,No,10135,16290,62.2%,61.0%,63.4%,1.2%,1.2%,2023
All Responses,All Schools,prospects_support_friends,friends,Yes,6155,16290,37.8%,36.6%,39.0%,1.2%,1.2%,2023
All Responses,All Schools,prospects_support_idk,don't know where to get support,No,14885,16290,91.4%,90.7%,92.0%,0.7%,0.7%,2023
All Responses,All Schools,prospects_support_idk,don't know where to get support,Yes,1405,16290,8.6%,8.0%,9.3%,0.7%,0.7%,2023
All Responses,All Schools,prospects_support_jobcentre,Job Centre Plus,No,15460,16290,94.9%,94.3%,95.4%,0.6%,0.5%,2023
All Responses,All Schools,prospects_support_jobcentre,Job Centre Plus,Yes,830,16290,5.1%,4.6%,5.7%,0.5%,0.6%,2023
All Responses,All Schools,prospects_support_online,online,No,12865,16290,79.0%,78.0%,79.9%,1.0%,1.0%,2023
All Responses,All Schools,prospects_support_online,online,Yes,3425,16290,21.0%,20.1%,22.0%,1.0%,1.0%,2023
All Responses,All Schools,prospects_support_other,other sources,No,14900,16295,91.4%,90.7%,92.1%,0.7%,0.7%,2023
All Responses,All Schools,prospects_support_other,other sources,Yes,1395,16295,8.6%,7.9%,9.3%,0.7%,0.7%,2023
All Responses,All Schools,prospects_support_parents,parent/carer,No,4490,16290,27.6%,26.5%,28.7%,1.1%,1.1%,2023
All Responses,All Schools,prospects_support_parents,parent/carer,Yes,11800,16290,72.4%,71.3%,73.5%,1.1%,1.1%,2023
All Responses,All Schools,prospects_support_school,school/teacher,No,9615,16290,59.0%,57.8%,60.2%,1.2%,1.2%,2023
All Responses,All Schools,prospects_support_school,school/teacher,Yes,6675,16290,41.0%,39.8%,42.2%,1.2%,1.2%,2023
All Responses,All Schools,prospects_support_syp,Services for Young People,No,15100,16295,92.7%,92.0%,93.3%,0.7%,0.6%,2023
All Responses,All Schools,prospects_support_syp,Services for Young People,Yes,1195,16295,7.3%,6.7%,8.0%,0.6%,0.7%,2023
All Responses,All Schools,prospects_training,plan to training for a skilled job,Maybe,5550,12985,42.7%,41.4%,44.1%,1.3%,1.3%,2023
All Responses,All Schools,prospects_training,plan to training for a skilled job,No,2635,12985,20.3%,19.2%,21.4%,1.1%,1.1%,2023
All Responses,All Schools,prospects_training,plan to training for a skilled job,Yes,4800,12985,37.0%,35.7%,38.3%,1.3%,1.3%,2023
All Responses,All Schools,religion,religion,Any other religion,230,16190,1.4%,1.2%,1.7%,0.3%,0.3%,2023
All Responses,All Schools,religion,religion,Buddhist,110,16190,0.7%,0.5%,0.9%,0.2%,0.2%,2023
All Responses,All Schools,religion,religion,Christian,4480,16190,27.7%,26.6%,28.8%,1.1%,1.1%,2023
All Responses,All Schools,religion,religion,Hindu,690,16190,4.3%,3.8%,4.8%,0.5%,0.5%,2023
All Responses,All Schools,religion,religion,Jewish,335,16190,2.1%,1.8%,2.4%,0.3%,0.4%,2023
All Responses,All Schools,religion,religion,Muslim,845,16190,5.2%,4.7%,5.8%,0.5%,0.6%,2023
All Responses,All Schools,religion,religion,No religion,8910,16190,55.0%,53.8%,56.2%,1.2%,1.2%,2023
All Responses,All Schools,religion,religion,Prefer not to say,460,16190,2.8%,2.5%,3.3%,0.4%,0.4%,2023
All Responses,All Schools,religion,religion,Sikh,130,16190,0.8%,0.6%,1.1%,0.2%,0.2%,2023
All Responses,All Schools,safety_dark,going out after dark,Neither safe or unsafe,6195,15900,39.0%,37.8%,40.2%,1.2%,1.2%,2023
All Responses,All Schools,safety_dark,going out after dark,Safe,3500,15900,22.0%,21.0%,23.0%,1.0%,1.0%,2023
All Responses,All Schools,safety_dark,going out after dark,Unsafe,6205,15900,39.0%,37.8%,40.2%,1.2%,1.2%,2023
All Responses,All Schools,safety_day,going out during the day,Neither safe or unsafe,4225,15895,26.6%,25.5%,27.7%,1.1%,1.1%,2023
All Responses,All Schools,safety_day,going out during the day,Safe,11110,15895,69.9%,68.8%,71.0%,1.1%,1.1%,2023
All Responses,All Schools,safety_day,going out during the day,Unsafe,560,15895,3.5%,3.1%,4.0%,0.4%,0.5%,2023
All Responses,All Schools,safety_journey,going to and from school,Neither safe or unsafe,3935,15875,24.8%,23.7%,25.9%,1.0%,1.1%,2023
All Responses,All Schools,safety_journey,going to and from school,Safe,11295,15875,71.1%,70.0%,72.2%,1.1%,1.1%,2023
All Responses,All Schools,safety_journey,going to and from school,Unsafe,645,15875,4.1%,3.6%,4.6%,0.5%,0.5%,2023
All Responses,All Schools,safety_school,at school,Neither safe or unsafe,3865,15900,24.3%,23.3%,25.4%,1.0%,1.1%,2023
All Responses,All Schools,safety_school,at school,Safe,11215,15900,70.5%,69.4%,71.6%,1.1%,1.1%,2023
All Responses,All Schools,safety_school,at school,Unsafe,820,15900,5.2%,4.6%,5.7%,0.5%,0.6%,2023
All Responses,All Schools,school_supported,felt supported by their school and that they were offered help when having difficulties,No,1130,4530,24.9%,23.0%,27.0%,1.9%,2.0%,2023
All Responses,All Schools,school_supported,felt supported by their school and that they were offered help when having difficulties,Not sure,1315,4530,29.0%,27.0%,31.2%,2.0%,2.1%,2023
All Responses,All Schools,school_supported,felt supported by their school and that they were offered help when having difficulties,Prefer not to say,140,4530,3.1%,2.4%,4.0%,0.7%,0.9%,2023
All Responses,All Schools,school_supported,felt supported by their school and that they were offered help when having difficulties,Yes,1945,4530,42.9%,40.7%,45.2%,2.3%,2.3%,2023
All Responses,All Schools,schoolsupp_academic,they find their school is supportive of their learning and education,No,810,15750,5.1%,4.6%,5.7%,0.5%,0.6%,2023
All Responses,All Schools,schoolsupp_academic,they find their school is supportive of their learning and education,Not sure,355,15750,2.3%,1.9%,2.6%,0.3%,0.4%,2023
All Responses,All Schools,schoolsupp_academic,they find their school is supportive of their learning and education,Somewhat,4440,15750,28.2%,27.1%,29.3%,1.1%,1.1%,2023
All Responses,All Schools,schoolsupp_academic,they find their school is supportive of their learning and education,Yes,10145,15750,64.4%,63.2%,65.6%,1.2%,1.2%,2023
All Responses,All Schools,schoolsupp_wellbeing,they find their school is supportive of their emotional health and wellbeing,No,2930,15705,18.7%,17.7%,19.6%,0.9%,1.0%,2023
All Responses,All Schools,schoolsupp_wellbeing,they find their school is supportive of their emotional health and wellbeing,Not sure,1170,15705,7.4%,6.8%,8.1%,0.6%,0.7%,2023
All Responses,All Schools,schoolsupp_wellbeing,they find their school is supportive of their emotional health and wellbeing,Somewhat,5940,15705,37.8%,36.6%,39.0%,1.2%,1.2%,2023
All Responses,All Schools,schoolsupp_wellbeing,they find their school is supportive of their emotional health and wellbeing,Yes,5665,15705,36.1%,34.9%,37.3%,1.2%,1.2%,2023
All Responses,All Schools,selfharm_ever,ever self-harmed,No,11325,15775,71.8%,70.7%,72.9%,1.1%,1.1%,2023
All Responses,All Schools,selfharm_ever,ever self-harmed,Prefer not to say,2035,15775,12.9%,12.1%,13.7%,0.8%,0.8%,2023
All Responses,All Schools,selfharm_ever,ever self-harmed,Yes,2415,15775,15.3%,14.4%,16.2%,0.9%,0.9%,2023
All Responses,All Schools,sex,Gender identity,Female,8425,16290,51.7%,50.5%,52.9%,1.2%,1.2%,2023
All Responses,All Schools,sex,Gender identity,Male,7230,16290,44.4%,43.2%,45.6%,1.2%,1.2%,2023
All Responses,All Schools,sex,Gender identity,Non-Binary,130,16290,0.8%,0.6%,1.0%,0.2%,0.2%,2023
All Responses,All Schools,sex,Gender identity,Other,85,16290,0.5%,0.4%,0.7%,0.1%,0.2%,2023
All Responses,All Schools,sex,Gender identity,Prefer not to say,190,16290,1.2%,0.9%,1.5%,0.2%,0.3%,2023
All Responses,All Schools,sex,Gender identity,Transgender,125,16290,0.8%,0.6%,1.0%,0.2%,0.2%,2023
All Responses,All Schools,sex,Gender identity,Unsure,105,16290,0.6%,0.5%,0.9%,0.2%,0.2%,2023
All Responses,All Schools,sexuality,sexual orientation,Bisexual,855,16120,5.3%,4.8%,5.9%,0.5%,0.6%,2023
All Responses,All Schools,sexuality,sexual orientation,Heterosexual/Straight,12995,16120,80.6%,79.6%,81.6%,1.0%,0.9%,2023
All Responses,All Schools,sexuality,sexual orientation,Homosexual/Gay Male,140,16120,0.9%,0.7%,1.1%,0.2%,0.3%,2023
All Responses,All Schools,sexuality,sexual orientation,Homosexual/Lesbian,225,16120,1.4%,1.1%,1.7%,0.3%,0.3%,2023
All Responses,All Schools,sexuality,sexual orientation,Other,260,16120,1.6%,1.3%,1.9%,0.3%,0.3%,2023
All Responses,All Schools,sexuality,sexual orientation,Prefer not to say,725,16120,4.5%,4.0%,5.0%,0.5%,0.5%,2023
All Responses,All Schools,sexuality,sexual orientation,Questioning,200,16120,1.2%,1.0%,1.5%,0.2%,0.3%,2023
All Responses,All Schools,sexuality,sexual orientation,Unsure,720,16120,4.5%,4.0%,5.0%,0.5%,0.5%,2023
All Responses,All Schools,sh_16,Most 16 year olds have not had sex,Agree,2095,6430,32.6%,30.8%,34.4%,1.8%,1.8%,2023
All Responses,All Schools,sh_16,Most 16 year olds have not had sex,Disagree,1570,6430,24.4%,22.8%,26.1%,1.6%,1.7%,2023
All Responses,All Schools,sh_16,Most 16 year olds have not had sex,Not sure,2765,6430,43.0%,41.1%,44.9%,1.9%,1.9%,2023
All Responses,All Schools,sh_access,they know how to access sexual health services?,No,5715,15580,36.7%,35.5%,37.9%,1.2%,1.2%,2023
All Responses,All Schools,sh_access,they know how to access sexual health services?,Not sure,4485,15580,28.8%,27.7%,29.9%,1.1%,1.1%,2023
All Responses,All Schools,sh_access,they know how to access sexual health services?,Yes,5380,15580,34.5%,33.4%,35.7%,1.2%,1.2%,2023
All Responses,All Schools,sh_condoms,Using condoms is necessary to prevent sexually transmitted infections and unplanned pregnancies,Agree,5645,6410,88.1%,86.8%,89.3%,1.3%,1.2%,2023
All Responses,All Schools,sh_condoms,Using condoms is necessary to prevent sexually transmitted infections and unplanned pregnancies,Disagree,260,6410,4.1%,3.4%,4.9%,0.7%,0.8%,2023
All Responses,All Schools,sh_condoms,Using condoms is necessary to prevent sexually transmitted infections and unplanned pregnancies,Not sure,505,6410,7.9%,6.9%,9.0%,1.0%,1.1%,2023
All Responses,All Schools,sh_condomsti,"If you have sex without a condom, you should get an STI test.",Agree,4065,6410,63.4%,61.5%,65.3%,1.9%,1.8%,2023
All Responses,All Schools,sh_condomsti,"If you have sex without a condom, you should get an STI test.",Disagree,740,6410,11.5%,10.4%,12.8%,1.2%,1.3%,2023
All Responses,All Schools,sh_condomsti,"If you have sex without a condom, you should get an STI test.",Not sure,1605,6410,25.0%,23.4%,26.7%,1.6%,1.7%,2023
All Responses,All Schools,sh_pregnancy,Getting pregnant or getting someone else pregnant now would negatively affect my future plans,Agree,4950,6430,77.0%,75.3%,78.6%,1.7%,1.6%,2023
All Responses,All Schools,sh_pregnancy,Getting pregnant or getting someone else pregnant now would negatively affect my future plans,Disagree,380,6430,5.9%,5.1%,6.9%,0.8%,1.0%,2023
All Responses,All Schools,sh_pregnancy,Getting pregnant or getting someone else pregnant now would negatively affect my future plans,Not sure,1100,6430,17.1%,15.7%,18.6%,1.4%,1.5%,2023
All Responses,All Schools,sh_pressure,There is pressure on young people to have sex,Agree,2665,6410,41.6%,39.7%,43.5%,1.9%,1.9%,2023
All Responses,All Schools,sh_pressure,There is pressure on young people to have sex,Disagree,1730,6410,27.0%,25.3%,28.7%,1.7%,1.7%,2023
All Responses,All Schools,sh_pressure,There is pressure on young people to have sex,Not sure,2015,6410,31.4%,29.7%,33.3%,1.8%,1.8%,2023
All Responses,All Schools,sh_schooled,I think the quality of the relationships and sex education I receive at school is good.,Agree,2895,6400,45.2%,43.3%,47.2%,1.9%,1.9%,2023
All Responses,All Schools,sh_schooled,I think the quality of the relationships and sex education I receive at school is good.,Disagree,1220,6400,19.1%,17.6%,20.6%,1.5%,1.6%,2023
All Responses,All Schools,sh_schooled,I think the quality of the relationships and sex education I receive at school is good.,Not sure,2285,6400,35.7%,33.9%,37.6%,1.8%,1.9%,2023
All Responses,All Schools,sh_serious,Being in a serious/long-term relationship before having sex is important,Agree,3425,6410,53.4%,51.5%,55.4%,1.9%,1.9%,2023
All Responses,All Schools,sh_serious,Being in a serious/long-term relationship before having sex is important,Disagree,1120,6410,17.5%,16.1%,19.0%,1.4%,1.5%,2023
All Responses,All Schools,sh_serious,Being in a serious/long-term relationship before having sex is important,Not sure,1865,6410,29.1%,27.4%,30.9%,1.7%,1.8%,2023
All Responses,All Schools,sh_support,their preferable source of support to get contraception or a test for Sexually Transmitted Infection (STI),Doctor,4995,14605,34.2%,33.0%,35.4%,1.2%,1.2%,2023
All Responses,All Schools,sh_support,their preferable source of support to get contraception or a test for Sexually Transmitted Infection (STI),Helpline,290,14605,2.0%,1.7%,2.4%,0.3%,0.4%,2023
All Responses,All Schools,sh_support,their preferable source of support to get contraception or a test for Sexually Transmitted Infection (STI),Online (e.g. Sexwise website),845,14605,5.8%,5.2%,6.4%,0.6%,0.6%,2023
All Responses,All Schools,sh_support,their preferable source of support to get contraception or a test for Sexually Transmitted Infection (STI),Other,1175,14605,8.0%,7.4%,8.8%,0.7%,0.7%,2023
All Responses,All Schools,sh_support,their preferable source of support to get contraception or a test for Sexually Transmitted Infection (STI),Pharmacy,2110,14605,14.4%,13.6%,15.4%,0.9%,0.9%,2023
All Responses,All Schools,sh_support,their preferable source of support to get contraception or a test for Sexually Transmitted Infection (STI),Prefer not to say,2090,14605,14.3%,13.4%,15.2%,0.9%,0.9%,2023
All Responses,All Schools,sh_support,their preferable source of support to get contraception or a test for Sexually Transmitted Infection (STI),School/College,535,14605,3.7%,3.2%,4.2%,0.5%,0.5%,2023
All Responses,All Schools,sh_support,their preferable source of support to get contraception or a test for Sexually Transmitted Infection (STI),Sexual health clinic,2345,14605,16.1%,15.1%,17.0%,0.9%,1.0%,2023
All Responses,All Schools,sh_support,their preferable source of support to get contraception or a test for Sexually Transmitted Infection (STI),Youth Worker/Service,220,14605,1.5%,1.2%,1.9%,0.3%,0.3%,2023
All Responses,All Schools,sh_wait,It is fine to wait to have sex,Agree,5915,6405,92.3%,91.3%,93.3%,1.1%,1.0%,2023
All Responses,All Schools,sh_wait,It is fine to wait to have sex,Disagree,90,6405,1.4%,1.0%,1.9%,0.4%,0.5%,2023
All Responses,All Schools,sh_wait,It is fine to wait to have sex,Not sure,400,6405,6.2%,5.4%,7.2%,0.9%,1.0%,2023
All Responses,All Schools,shinfo_clinic,sexual health clinics,No,16100,16295,98.8%,98.5%,99.0%,0.3%,0.2%,2023
All Responses,All Schools,shinfo_clinic,sexual health clinics,Yes,195,16295,1.2%,1.0%,1.5%,0.2%,0.3%,2023
All Responses,All Schools,shinfo_doctor,health professionals,No,15690,16290,96.3%,95.8%,96.7%,0.5%,0.4%,2023
All Responses,All Schools,shinfo_doctor,health professionals,Yes,600,16290,3.7%,3.3%,4.2%,0.4%,0.5%,2023
All Responses,All Schools,shinfo_friends,friends,No,11800,16295,72.4%,71.3%,73.5%,1.1%,1.1%,2023
All Responses,All Schools,shinfo_friends,friends,Yes,4495,16295,27.6%,26.5%,28.7%,1.1%,1.1%,2023
All Responses,All Schools,shinfo_healthsite,healthcare websites,No,15065,16290,92.5%,91.8%,93.1%,0.7%,0.6%,2023
All Responses,All Schools,shinfo_healthsite,healthcare websites,Yes,1225,16290,7.5%,6.9%,8.2%,0.6%,0.7%,2023
All Responses,All Schools,shinfo_helpline,telephone helplines,No,16255,16290,99.8%,99.6%,99.9%,0.1%,0.1%,2023
All Responses,All Schools,shinfo_helpline,telephone helplines,Yes,35,16290,0.2%,0.1%,0.4%,0.1%,0.1%,2023
All Responses,All Schools,shinfo_media,media,No,13875,16290,85.2%,84.3%,86.0%,0.9%,0.8%,2023
All Responses,All Schools,shinfo_media,media,Yes,2415,16290,14.8%,14.0%,15.7%,0.8%,0.9%,2023
All Responses,All Schools,shinfo_other,other,No,15285,16290,93.8%,93.2%,94.4%,0.6%,0.6%,2023
All Responses,All Schools,shinfo_other,other,Yes,1005,16290,6.2%,5.6%,6.8%,0.6%,0.6%,2023
All Responses,All Schools,shinfo_parents,parents,No,10895,16290,66.9%,65.7%,68.0%,1.1%,1.1%,2023
All Responses,All Schools,shinfo_parents,parents,Yes,5395,16290,33.1%,32.0%,34.3%,1.1%,1.1%,2023
All Responses,All Schools,shinfo_porn,pornography,No,15710,16290,96.4%,96.0%,96.9%,0.5%,0.4%,2023
All Responses,All Schools,shinfo_porn,pornography,Yes,580,16290,3.6%,3.1%,4.0%,0.4%,0.5%,2023
All Responses,All Schools,shinfo_poster,"posters, leaflets, reference books",No,15915,16295,97.7%,97.3%,98.0%,0.4%,0.3%,2023
All Responses,All Schools,shinfo_poster,"posters, leaflets, reference books",Yes,380,16295,2.3%,2.0%,2.7%,0.3%,0.4%,2023
All Responses,All Schools,shinfo_relations,siblings or relatives,No,14890,16295,91.4%,90.7%,92.0%,0.7%,0.7%,2023
All Responses,All Schools,shinfo_relations,siblings or relatives,Yes,1405,16295,8.6%,8.0%,9.3%,0.7%,0.7%,2023
All Responses,All Schools,shinfo_school,school,No,7575,16295,46.5%,45.3%,47.7%,1.2%,1.2%,2023
All Responses,All Schools,shinfo_school,school,Yes,8720,16295,53.5%,52.3%,54.7%,1.2%,1.2%,2023
All Responses,All Schools,shinfo_yw,Youth Workers,No,16140,16295,99.0%,98.8%,99.3%,0.3%,0.2%,2023
All Responses,All Schools,shinfo_yw,Youth Workers,Yes,155,16295,1.0%,0.7%,1.2%,0.2%,0.3%,2023
All Responses,All Schools,skipschool_appointments,medical/dental appointments,No,9610,16290,59.0%,57.8%,60.2%,1.2%,1.2%,2023
All Responses,All Schools,skipschool_appointments,medical/dental appointments,Yes,6680,16290,41.0%,39.8%,42.2%,1.2%,1.2%,2023
All Responses,All Schools,skipschool_care,caring for family,No,15595,16290,95.7%,95.2%,96.2%,0.5%,0.5%,2023
All Responses,All Schools,skipschool_care,caring for family,Yes,695,16290,4.3%,3.8%,4.8%,0.5%,0.5%,2023
All Responses,All Schools,skipschool_illness,illness/injury unrelated to COVID-19,No,6570,16290,40.3%,39.1%,41.5%,1.2%,1.2%,2023
All Responses,All Schools,skipschool_illness,illness/injury unrelated to COVID-19,Yes,9720,16290,59.7%,58.5%,60.9%,1.2%,1.2%,2023
All Responses,All Schools,skipschool_mentalhealth,mental health reasons,No,14095,16295,86.5%,85.7%,87.3%,0.8%,0.8%,2023
All Responses,All Schools,skipschool_mentalhealth,mental health reasons,Yes,2200,16295,13.5%,12.7%,14.3%,0.8%,0.8%,2023
All Responses,All Schools,skipschool_na,other reasons,No,15095,16295,92.6%,92.0%,93.2%,0.7%,0.6%,2023
All Responses,All Schools,skipschool_na,other reasons,Yes,1200,16295,7.4%,6.8%,8.0%,0.6%,0.7%,2023
All Responses,All Schools,skipschool_trips,holiday,No,13995,16295,85.9%,85.0%,86.7%,0.9%,0.8%,2023
All Responses,All Schools,skipschool_trips,holiday,Yes,2300,16295,14.1%,13.3%,15.0%,0.8%,0.9%,2023
All Responses,All Schools,skipschool_worriesbully,bullying,No,15585,16295,95.6%,95.1%,96.1%,0.5%,0.5%,2023
All Responses,All Schools,skipschool_worriesbully,bullying,Yes,710,16295,4.4%,3.9%,4.9%,0.5%,0.5%,2023
All Responses,All Schools,skipschool_worriesschool,worries about schoolwork,No,14855,16295,91.2%,90.5%,91.8%,0.7%,0.7%,2023
All Responses,All Schools,skipschool_worriesschool,worries about schoolwork,Yes,1440,16295,8.8%,8.2%,9.5%,0.7%,0.7%,2023
All Responses,All Schools,sleep_falling,had problems falling asleep,No,16290,16290,100.0%,99.9%,100.0%,0.1%,0.0%,2023
All Responses,All Schools,sleep_none,had no problems with sleep,No,16290,16290,100.0%,99.9%,100.0%,0.1%,0.0%,2023
All Responses,All Schools,sleep_wakingearly,had problems waking up early,No,16290,16290,100.0%,99.9%,100.0%,0.1%,0.0%,2023
All Responses,All Schools,sleep_wakingnight,had problems waking up at night,No,16290,16290,100.0%,99.9%,100.0%,0.1%,0.0%,2023
All Responses,All Schools,solvents_exp,solvents as drugs,No,16225,16290,99.6%,99.4%,99.7%,0.2%,0.1%,2023
All Responses,All Schools,solvents_exp,solvents as drugs,Yes,65,16290,0.4%,0.3%,0.6%,0.1%,0.2%,2023
All Responses,All Schools,solvents_offered,solvents as drugs,No,16145,16295,99.1%,98.8%,99.3%,0.3%,0.2%,2023
All Responses,All Schools,solvents_offered,solvents as drugs,Yes,150,16295,0.9%,0.7%,1.2%,0.2%,0.3%,2023
All Responses,All Schools,std_chlamydia,chlamydia,I have heard of it but know nothing about it,6225,15405,40.4%,39.2%,41.6%,1.2%,1.2%,2023
All Responses,All Schools,std_chlamydia,chlamydia,I have never heard of it,5850,15405,38.0%,36.8%,39.2%,1.2%,1.2%,2023
All Responses,All Schools,std_chlamydia,chlamydia,It can be both treated and cured,2475,15405,16.1%,15.2%,17.0%,0.9%,0.9%,2023
All Responses,All Schools,std_chlamydia,chlamydia,It can be treated but not cured,855,15405,5.6%,5.0%,6.1%,0.5%,0.6%,2023
All Responses,All Schools,std_gono,gonorrhoea,I have heard of it but know nothing about it,6315,15475,40.8%,39.6%,42.0%,1.2%,1.2%,2023
All Responses,All Schools,std_gono,gonorrhoea,I have never heard of it,5395,15475,34.9%,33.7%,36.1%,1.2%,1.2%,2023
All Responses,All Schools,std_gono,gonorrhoea,It can be both treated and cured,2950,15475,19.1%,18.1%,20.1%,1.0%,1.0%,2023
All Responses,All Schools,std_gono,gonorrhoea,It can be treated but not cured,815,15475,5.3%,4.7%,5.8%,0.5%,0.6%,2023
All Responses,All Schools,std_hiv,HIV,I have heard of it but know nothing about it,5950,15450,38.5%,37.3%,39.7%,1.2%,1.2%,2023
All Responses,All Schools,std_hiv,HIV,I have never heard of it,4055,15450,26.2%,25.2%,27.4%,1.1%,1.1%,2023
All Responses,All Schools,std_hiv,HIV,It can be both treated and cured,865,15450,5.6%,5.1%,6.2%,0.5%,0.6%,2023
All Responses,All Schools,std_hiv,HIV,It can be treated but not cured,4580,15450,29.6%,28.5%,30.8%,1.1%,1.1%,2023
All Responses,All Schools,std_syphilis,syphilis,I have heard of it but know nothing about it,5880,15355,38.3%,37.1%,39.5%,1.2%,1.2%,2023
All Responses,All Schools,std_syphilis,syphilis,I have never heard of it,7100,15355,46.2%,45.0%,47.5%,1.2%,1.2%,2023
All Responses,All Schools,std_syphilis,syphilis,It can be both treated and cured,1575,15355,10.3%,9.5%,11.0%,0.7%,0.8%,2023
All Responses,All Schools,std_syphilis,syphilis,It can be treated but not cured,800,15355,5.2%,4.7%,5.8%,0.5%,0.6%,2023
All Responses,All Schools,steroids_exp,muscle-building steroids,No,16235,16290,99.7%,99.5%,99.8%,0.2%,0.1%,2023
All Responses,All Schools,steroids_exp,muscle-building steroids,Yes,55,16290,0.3%,0.2%,0.5%,0.1%,0.2%,2023
All Responses,All Schools,steroids_offered,muscle-building steroids,No,16150,16290,99.1%,98.9%,99.3%,0.3%,0.2%,2023
All Responses,All Schools,steroids_offered,muscle-building steroids,Yes,140,16290,0.9%,0.7%,1.1%,0.2%,0.3%,2023
All Responses,All Schools,survey_year,NA,2023,16290,16290,100.0%,99.9%,100.0%,0.1%,0.0%,2023
All Responses,All Schools,vape_reduce,they want to reduce or stop vaping,I'd like to reduce the amount I vape but not stop,285,730,39.0%,33.6%,44.7%,5.4%,5.7%,2023
All Responses,All Schools,vape_reduce,they want to reduce or stop vaping,"No, I want to keep vaping",230,730,31.5%,26.5%,37.0%,5.0%,5.5%,2023
All Responses,All Schools,vape_reduce,they want to reduce or stop vaping,"Yes, I'd like to stop vaping",215,730,29.5%,24.5%,34.9%,4.9%,5.5%,2023
All Responses,All Schools,vape_worry,were worried about vaping,A bit worried,230,750,30.7%,25.7%,36.1%,4.9%,5.4%,2023
All Responses,All Schools,vape_worry,were worried about vaping,Don't know/Unsure,30,750,4.0%,2.3%,6.9%,1.7%,2.9%,2023
All Responses,All Schools,vape_worry,were worried about vaping,Not at all worried,210,750,28.0%,23.2%,33.3%,4.8%,5.3%,2023
All Responses,All Schools,vape_worry,were worried about vaping,Not very worried,205,750,27.3%,22.6%,32.6%,4.7%,5.3%,2023
All Responses,All Schools,vape_worry,were worried about vaping,Prefer not to say,30,750,4.0%,2.3%,6.9%,1.7%,2.9%,2023
All Responses,All Schools,vape_worry,were worried about vaping,Very worried,45,750,6.0%,3.8%,9.3%,2.2%,3.3%,2023
All Responses,All Schools,vaping,the statement that best describes them regarding vaping/e-cigarettes,I have never vaped,13635,16120,84.6%,83.7%,85.4%,0.9%,0.9%,2023
All Responses,All Schools,vaping,the statement that best describes them regarding vaping/e-cigarettes,I have vaped once or twice,1395,16120,8.7%,8.0%,9.4%,0.7%,0.7%,2023
All Responses,All Schools,vaping,the statement that best describes them regarding vaping/e-cigarettes,"I used to vape, but I don’t now",355,16120,2.2%,1.9%,2.6%,0.3%,0.4%,2023
All Responses,All Schools,vaping,the statement that best describes them regarding vaping/e-cigarettes,I vape occasionally (less than once a week),305,16120,1.9%,1.6%,2.3%,0.3%,0.4%,2023
All Responses,All Schools,vaping,the statement that best describes them regarding vaping/e-cigarettes,I vape regularly (once a week or more),430,16120,2.7%,2.3%,3.1%,0.4%,0.4%,2023
All Responses,All Schools,views_listened_school,feels that their views are listened to at school,No,3790,15770,24.0%,23.0%,25.1%,1.0%,1.1%,2023
All Responses,All Schools,views_listened_school,feels that their views are listened to at school,Sometimes,8005,15770,50.8%,49.5%,52.0%,1.2%,1.2%,2023
All Responses,All Schools,views_listened_school,feels that their views are listened to at school,Yes,3975,15770,25.2%,24.2%,26.3%,1.1%,1.1%,2023
All Responses,All Schools,violence_involved,have been involved in a violent incident in the past year,No,13420,15845,84.7%,83.8%,85.6%,0.9%,0.9%,2023
All Responses,All Schools,violence_involved,have been involved in a violent incident in the past year,Prefer not to say,840,15845,5.3%,4.8%,5.9%,0.5%,0.6%,2023
All Responses,All Schools,violence_involved,have been involved in a violent incident in the past year,"Yes, I was the victim",715,15845,4.5%,4.0%,5.1%,0.5%,0.5%,2023
All Responses,All Schools,violence_involved,have been involved in a violent incident in the past year,"Yes, but I wasn't the victim",870,15845,5.5%,5.0%,6.1%,0.5%,0.6%,2023
All Responses,All Schools,violence_weapon_involved,have been involved in a violent incident where a weapon was used or threatened in the past year,No,14540,15780,92.1%,91.5%,92.8%,0.7%,0.6%,2023
All Responses,All Schools,violence_weapon_involved,have been involved in a violent incident where a weapon was used or threatened in the past year,Prefer not to say,490,15780,3.1%,2.7%,3.6%,0.4%,0.5%,2023
All Responses,All Schools,violence_weapon_involved,have been involved in a violent incident where a weapon was used or threatened in the past year,"Yes, I was the victim",355,15780,2.2%,1.9%,2.6%,0.3%,0.4%,2023
All Responses,All Schools,violence_weapon_involved,have been involved in a violent incident where a weapon was used or threatened in the past year,"Yes, but I wasn't the victim",395,15780,2.5%,2.1%,2.9%,0.4%,0.4%,2023
All Responses,All Schools,worry_bully,bullying,No,13250,16290,81.3%,80.4%,82.3%,1.0%,0.9%,2023
All Responses,All Schools,worry_bully,bullying,Yes,3040,16290,18.7%,17.7%,19.6%,0.9%,1.0%,2023
All Responses,All Schools,worry_crime,local crime,No,13965,16295,85.7%,84.8%,86.5%,0.9%,0.8%,2023
All Responses,All Schools,worry_crime,local crime,Yes,2330,16295,14.3%,13.5%,15.2%,0.8%,0.9%,2023
All Responses,All Schools,worry_drugsalcohol,drugs/alcohol,No,15215,16295,93.4%,92.7%,93.9%,0.6%,0.6%,2023
All Responses,All Schools,worry_drugsalcohol,drugs/alcohol,Yes,1080,16295,6.6%,6.1%,7.3%,0.6%,0.6%,2023
All Responses,All Schools,worry_environment,the environment,No,13365,16290,82.0%,81.1%,83.0%,0.9%,0.9%,2023
All Responses,All Schools,worry_environment,the environment,Yes,2925,16290,18.0%,17.0%,18.9%,0.9%,0.9%,2023
All Responses,All Schools,worry_family,family problems,No,12970,16290,79.6%,78.6%,80.6%,1.0%,1.0%,2023
All Responses,All Schools,worry_family,family problems,Yes,3320,16290,20.4%,19.4%,21.4%,1.0%,1.0%,2023
All Responses,All Schools,worry_friends,issues with friends,No,11220,16290,68.9%,67.7%,70.0%,1.1%,1.1%,2023
All Responses,All Schools,worry_friends,issues with friends,Yes,5070,16290,31.1%,30.0%,32.3%,1.1%,1.1%,2023
All Responses,All Schools,worry_future,future prospects,No,7610,16295,46.7%,45.5%,47.9%,1.2%,1.2%,2023
All Responses,All Schools,worry_future,future prospects,Yes,8685,16295,53.3%,52.1%,54.5%,1.2%,1.2%,2023
All Responses,All Schools,worry_gambling,gambling,No,15855,16290,97.3%,96.9%,97.7%,0.4%,0.4%,2023
All Responses,All Schools,worry_gambling,gambling,Yes,435,16290,2.7%,2.3%,3.1%,0.4%,0.4%,2023
All Responses,All Schools,worry_incrime,getting involved in crime,No,15100,16290,92.7%,92.0%,93.3%,0.7%,0.6%,2023
All Responses,All Schools,worry_incrime,getting involved in crime,Yes,1190,16290,7.3%,6.7%,8.0%,0.6%,0.7%,2023
All Responses,All Schools,worry_lgbt,sexual orientation/identity,No,14965,16295,91.8%,91.2%,92.5%,0.7%,0.6%,2023
All Responses,All Schools,worry_lgbt,sexual orientation/identity,Yes,1330,16295,8.2%,7.5%,8.8%,0.6%,0.7%,2023
All Responses,All Schools,worry_lonely,feeling lonely,No,11245,16290,69.0%,67.9%,70.1%,1.1%,1.1%,2023
All Responses,All Schools,worry_lonely,feeling lonely,Yes,5045,16290,31.0%,29.9%,32.1%,1.1%,1.1%,2023
All Responses,All Schools,worry_look,their appearance,No,9355,16295,57.4%,56.2%,58.6%,1.2%,1.2%,2023
All Responses,All Schools,worry_look,their appearance,Yes,6940,16295,42.6%,41.4%,43.8%,1.2%,1.2%,2023
All Responses,All Schools,worry_mental,their mental health,No,10915,16290,67.0%,65.9%,68.1%,1.1%,1.1%,2023
All Responses,All Schools,worry_mental,their mental health,Yes,5375,16290,33.0%,31.9%,34.1%,1.1%,1.1%,2023
All Responses,All Schools,worry_money,money problems (including family finances),No,13405,16295,82.3%,81.3%,83.2%,0.9%,0.9%,2023
All Responses,All Schools,worry_money,money problems (including family finances),Yes,2890,16295,17.7%,16.8%,18.7%,0.9%,0.9%,2023
All Responses,All Schools,worry_phys,their physical health,No,12415,16290,76.2%,75.2%,77.2%,1.0%,1.0%,2023
All Responses,All Schools,worry_phys,their physical health,Yes,3875,16290,23.8%,22.8%,24.8%,1.0%,1.0%,2023
All Responses,All Schools,worry_racism,racism,No,14035,16290,86.2%,85.3%,87.0%,0.9%,0.8%,2023
All Responses,All Schools,worry_racism,racism,Yes,2255,16290,13.8%,13.0%,14.7%,0.8%,0.9%,2023
All Responses,All Schools,worry_relationships,relationships/sexual health,No,14010,16295,86.0%,85.1%,86.8%,0.9%,0.8%,2023
All Responses,All Schools,worry_relationships,relationships/sexual health,Yes,2285,16295,14.0%,13.2%,14.9%,0.8%,0.9%,2023
All Responses,All Schools,worry_school,schoolwork,No,8060,16295,49.5%,48.3%,50.7%,1.2%,1.2%,2023
All Responses,All Schools,worry_school,schoolwork,Yes,8235,16295,50.5%,49.3%,51.7%,1.2%,1.2%,2023
All Responses,All Schools,worry_socialmedia,social media,No,13670,16290,83.9%,83.0%,84.8%,0.9%,0.9%,2023
All Responses,All Schools,worry_socialmedia,social media,Yes,2620,16290,16.1%,15.2%,17.0%,0.9%,0.9%,2023
All Responses,All Schools,worry_treatboys,how women treat/speak to boys,No,14735,16290,90.5%,89.7%,91.1%,0.7%,0.7%,2023
All Responses,All Schools,worry_treatboys,how women treat/speak to boys,Yes,1555,16290,9.5%,8.9%,10.3%,0.7%,0.7%,2023
All Responses,All Schools,worry_treatgirls,how men treat/speak to girls,No,12000,16290,73.7%,72.6%,74.7%,1.1%,1.1%,2023
All Responses,All Schools,worry_treatgirls,how men treat/speak to girls,Yes,4290,16290,26.3%,25.3%,27.4%,1.1%,1.1%,2023
All Responses,All Schools,worry_violenceboys,harrassment/violence against boys,No,15000,16295,92.1%,91.4%,92.7%,0.7%,0.6%,2023
All Responses,All Schools,worry_violenceboys,harrassment/violence against boys,Yes,1295,16295,7.9%,7.3%,8.6%,0.6%,0.7%,2023
All Responses,All Schools,worry_violencegirls,harrassment/violence against girls,No,13025,16290,80.0%,79.0%,80.9%,1.0%,1.0%,2023
All Responses,All Schools,worry_violencegirls,harrassment/violence against girls,Yes,3265,16290,20.0%,19.1%,21.0%,1.0%,1.0%,2023
All Responses,All Schools,xanex_exp,Xanax,No,16240,16290,99.7%,99.5%,99.8%,0.2%,0.1%,2023
All Responses,All Schools,xanex_exp,Xanax,Yes,50,16290,0.3%,0.2%,0.5%,0.1%,0.2%,2023
All Responses,All Schools,xanex_offered,Xanax,No,16185,16290,99.4%,99.1%,99.5%,0.2%,0.2%,2023
All Responses,All Schools,xanex_offered,Xanax,Yes,105,16290,0.6%,0.5%,0.9%,0.2%,0.2%,2023
Female,All Schools,age,Age,10,25,8430,0.3%,0.2%,0.5%,0.1%,0.2%,2023
Female,All Schools,age,Age,11,1210,8430,14.4%,13.2%,15.6%,1.1%,1.2%,2023
Female,All Schools,age,Age,12,1700,8430,20.2%,18.8%,21.5%,1.3%,1.4%,2023
Female,All Schools,age,Age,13,1625,8430,19.3%,18.0%,20.6%,1.3%,1.4%,2023
Female,All Schools,age,Age,14,1365,8430,16.2%,15.0%,17.5%,1.2%,1.3%,2023
Female,All Schools,age,Age,15,1060,8430,12.6%,11.5%,13.7%,1.1%,1.2%,2023
Female,All Schools,age,Age,16,780,8430,9.3%,8.3%,10.3%,0.9%,1.0%,2023
Female,All Schools,age,Age,17,530,8430,6.3%,5.5%,7.2%,0.8%,0.9%,2023
Female,All Schools,age,Age,18,135,8430,1.6%,1.2%,2.1%,0.4%,0.5%,2023
Female,All Schools,age,Age,19,0,8430,0.0%,0.0%,0.1%,0.0%,0.1%,2023
Female,All Schools,alcohol_6more,how often they have six or more drinks on one occasion,Daily or almost daily,15,2045,0.7%,0.3%,1.6%,0.4%,0.9%,2023
Female,All Schools,alcohol_6more,how often they have six or more drinks on one occasion,Less than monthly,685,2045,33.5%,30.4%,36.8%,3.1%,3.3%,2023
Female,All Schools,alcohol_6more,how often they have six or more drinks on one occasion,Monthly,295,2045,14.4%,12.2%,17.0%,2.2%,2.6%,2023
Female,All Schools,alcohol_6more,how often they have six or more drinks on one occasion,Never,1000,2045,48.9%,45.5%,52.3%,3.4%,3.4%,2023
Female,All Schools,alcohol_6more,how often they have six or more drinks on one occasion,Weekly,50,2045,2.4%,1.6%,3.7%,0.9%,1.3%,2023
Female,All Schools,alcohol_ever,how often they had an alcohol-containing drink in the past three months,2-3 times a week,100,8350,1.2%,0.9%,1.6%,0.3%,0.4%,2023
Female,All Schools,alcohol_ever,how often they had an alcohol-containing drink in the past three months,2-4 times a month,695,8350,8.3%,7.4%,9.3%,0.9%,1.0%,2023
Female,All Schools,alcohol_ever,how often they had an alcohol-containing drink in the past three months,4 or more times a week,35,8350,0.4%,0.3%,0.7%,0.2%,0.3%,2023
Female,All Schools,alcohol_ever,how often they had an alcohol-containing drink in the past three months,Monthly or less,1175,8350,14.1%,12.9%,15.3%,1.1%,1.2%,2023
Female,All Schools,alcohol_ever,how often they had an alcohol-containing drink in the past three months,Never,6345,8350,76.0%,74.5%,77.4%,1.5%,1.4%,2023
Female,All Schools,alcohol_reduce,want to reduce or stop drinking,I'd like to reduce the amount I drink but not stop,495,1865,26.5%,23.5%,29.8%,3.0%,3.3%,2023
Female,All Schools,alcohol_reduce,want to reduce or stop drinking,"No, I want to keep drinking alcohol",1115,1865,59.8%,56.2%,63.2%,3.5%,3.5%,2023
Female,All Schools,alcohol_reduce,want to reduce or stop drinking,"Yes, I'd like to stop drinking alcohol",255,1865,13.7%,11.4%,16.3%,2.3%,2.6%,2023
Female,All Schools,amphetamine_offered,amphetamines,No,8395,8430,99.6%,99.3%,99.8%,0.3%,0.2%,2023
Female,All Schools,amphetamine_offered,amphetamines,Yes,35,8430,0.4%,0.2%,0.7%,0.2%,0.3%,2023
Female,All Schools,amphetamines_exp,amphetamines,No,8420,8425,99.9%,99.8%,100.0%,0.2%,0.0%,2023
Female,All Schools,amphetamines_exp,amphetamines,Yes,5,8425,0.1%,0.0%,0.2%,0.0%,0.2%,2023
Female,All Schools,bullied,have ever been bullied or picked on,No,4720,8430,56.0%,54.3%,57.7%,1.7%,1.7%,2023
Female,All Schools,bullied,have ever been bullied or picked on,Yes,3710,8430,44.0%,42.3%,45.7%,1.7%,1.7%,2023
Female,All Schools,bullied_currently,are currently being bullied or picked on,No,2730,3715,73.5%,71.2%,75.7%,2.3%,2.2%,2023
Female,All Schools,bullied_currently,are currently being bullied or picked on,Prefer not to say,500,3715,13.5%,11.8%,15.3%,1.6%,1.8%,2023
Female,All Schools,bullied_currently,are currently being bullied or picked on,Yes,485,3715,13.1%,11.4%,14.9%,1.6%,1.8%,2023
Female,All Schools,bullied_internet,they have been bullied online,No,7710,8430,91.5%,90.5%,92.4%,1.0%,0.9%,2023
Female,All Schools,bullied_internet,they have been bullied online,Yes,720,8430,8.5%,7.6%,9.5%,0.9%,1.0%,2023
Female,All Schools,bullied_none,have no experiences with bullying,No,4735,8425,56.2%,54.5%,57.9%,1.7%,1.7%,2023
Female,All Schools,bullied_none,have no experiences with bullying,Yes,3690,8425,43.8%,42.1%,45.5%,1.7%,1.7%,2023
Female,All Schools,bullied_others,have ever bullied or picked on someone else,No,7790,8430,92.4%,91.5%,93.3%,0.9%,0.8%,2023
Female,All Schools,bullied_others,have ever bullied or picked on someone else,Yes,640,8430,7.6%,6.7%,8.5%,0.8%,0.9%,2023
Female,All Schools,bullied_outschool,they have been bullied somewhere other than school,No,7740,8430,91.8%,90.8%,92.7%,1.0%,0.9%,2023
Female,All Schools,bullied_outschool,they have been bullied somewhere other than school,Yes,690,8430,8.2%,7.3%,9.2%,0.9%,1.0%,2023
Female,All Schools,bullied_prefer_not_say,would prefer not to respond about their experiences with bullying,No,7665,8430,90.9%,89.9%,91.8%,1.0%,0.9%,2023
Female,All Schools,bullied_prefer_not_say,would prefer not to respond about their experiences with bullying,Yes,765,8430,9.1%,8.2%,10.1%,0.9%,1.0%,2023
Female,All Schools,bullied_school,they have been bullied at school,No,5000,8425,59.3%,57.7%,61.0%,1.7%,1.6%,2023
Female,All Schools,bullied_school,they have been bullied at school,Yes,3425,8425,40.7%,39.0%,42.3%,1.6%,1.7%,2023
Female,All Schools,buyalc_friend,from a friend or relative,No,7410,8430,87.9%,86.8%,89.0%,1.1%,1.1%,2023
Female,All Schools,buyalc_friend,from a friend or relative,Yes,1020,8430,12.1%,11.0%,13.2%,1.1%,1.1%,2023
Female,All Schools,buyalc_home,from home,No,7560,8425,89.7%,88.7%,90.7%,1.1%,1.0%,2023
Female,All Schools,buyalc_home,from home,Yes,865,8425,10.3%,9.3%,11.3%,1.0%,1.1%,2023
Female,All Schools,buyalc_internet,from the internet,No,8410,8425,99.8%,99.6%,99.9%,0.2%,0.1%,2023
Female,All Schools,buyalc_internet,from the internet,Yes,15,8425,0.2%,0.1%,0.4%,0.1%,0.2%,2023
Female,All Schools,buyalc_other,from another place,No,8180,8425,97.1%,96.5%,97.6%,0.6%,0.5%,2023
Female,All Schools,buyalc_other,from another place,Yes,245,8425,2.9%,2.4%,3.5%,0.5%,0.6%,2023
Female,All Schools,buyalc_pubbar,from a pub/bar,No,8245,8430,97.8%,97.3%,98.2%,0.5%,0.4%,2023
Female,All Schools,buyalc_pubbar,from a pub/bar,Yes,185,8430,2.2%,1.8%,2.7%,0.4%,0.5%,2023
Female,All Schools,buyalc_smallshop,from a small shop/off-licence,No,8135,8425,96.6%,95.9%,97.1%,0.7%,0.6%,2023
Female,All Schools,buyalc_smallshop,from a small shop/off-licence,Yes,290,8425,3.4%,2.9%,4.1%,0.6%,0.7%,2023
Female,All Schools,buyalc_supermarket,from a supermarket,No,8250,8425,97.9%,97.4%,98.4%,0.5%,0.4%,2023
Female,All Schools,buyalc_supermarket,from a supermarket,Yes,175,8425,2.1%,1.6%,2.6%,0.4%,0.5%,2023
Female,All Schools,buycig_friend,from a friend or relative,No,8425,8425,100.0%,99.9%,100.0%,0.1%,0.0%,2023
Female,All Schools,buycig_internet,from the internet,No,8425,8425,100.0%,99.9%,100.0%,0.1%,0.0%,2023
Female,All Schools,buycig_other,from another place,No,8425,8425,100.0%,99.9%,100.0%,0.1%,0.0%,2023
Female,All Schools,buycig_pubbar,from a pub/bar,No,8425,8425,100.0%,99.9%,100.0%,0.1%,0.0%,2023
Female,All Schools,buycig_smallshop,from a small shop/off-licence,No,8425,8425,100.0%,99.9%,100.0%,0.1%,0.0%,2023
Female,All Schools,buycig_supermarket,from a supermarket,No,8425,8425,100.0%,99.9%,100.0%,0.1%,0.0%,2023
Female,All Schools,buydrug_bar,pubs/bars/clubs,No,8420,8425,99.9%,99.8%,100.0%,0.2%,0.0%,2023
Female,All Schools,buydrug_bar,pubs/bars/clubs,Yes,5,8425,0.1%,0.0%,0.2%,0.0%,0.2%,2023
Female,All Schools,buydrug_friend,friend or relative,No,8200,8430,97.3%,96.7%,97.8%,0.6%,0.5%,2023
Female,All Schools,buydrug_friend,friend or relative,Yes,230,8430,2.7%,2.2%,3.3%,0.5%,0.6%,2023
Female,All Schools,buydrug_internet,the internet,No,8415,8430,99.8%,99.6%,99.9%,0.2%,0.1%,2023
Female,All Schools,buydrug_internet,the internet,Yes,15,8430,0.2%,0.1%,0.4%,0.1%,0.2%,2023
Female,All Schools,buydrug_other,other sources,No,8385,8425,99.5%,99.2%,99.7%,0.3%,0.2%,2023
Female,All Schools,buydrug_other,other sources,Yes,40,8425,0.5%,0.3%,0.8%,0.2%,0.3%,2023
Female,All Schools,buydrug_school,school,No,8415,8425,99.9%,99.7%,100.0%,0.2%,0.1%,2023
Female,All Schools,buydrug_school,school,Yes,10,8425,0.1%,0.0%,0.3%,0.1%,0.2%,2023
Female,All Schools,buydrug_streets,on the street,No,8385,8425,99.5%,99.2%,99.7%,0.3%,0.2%,2023
Female,All Schools,buydrug_streets,on the street,Yes,40,8425,0.5%,0.3%,0.8%,0.2%,0.3%,2023
Female,All Schools,cannabis_exp,cannabis,No,8190,8425,97.2%,96.6%,97.7%,0.6%,0.5%,2023
Female,All Schools,cannabis_exp,cannabis,Yes,235,8425,2.8%,2.3%,3.4%,0.5%,0.6%,2023
Female,All Schools,cannabis_offered,cannabis,No,7725,8425,91.7%,90.7%,92.6%,1.0%,0.9%,2023
Female,All Schools,cannabis_offered,cannabis,Yes,700,8425,8.3%,7.4%,9.3%,0.9%,1.0%,2023
Female,All Schools,caring,"help to look after a family member with a serious, mental or physical, illness or disability",No,6830,8260,82.7%,81.4%,83.9%,1.3%,1.2%,2023
Female,All Schools,caring,"help to look after a family member with a serious, mental or physical, illness or disability",Prefer not to say,565,8260,6.8%,6.0%,7.7%,0.8%,0.9%,2023
Female,All Schools,caring,"help to look after a family member with a serious, mental or physical, illness or disability",Yes,865,8260,10.5%,9.5%,11.6%,1.0%,1.1%,2023
Female,All Schools,carry_protection,carry weapons for protection when going out,Always,30,8285,0.4%,0.2%,0.6%,0.2%,0.3%,2023
Female,All Schools,carry_protection,carry weapons for protection when going out,Never,7815,8285,94.3%,93.5%,95.1%,0.8%,0.7%,2023
Female,All Schools,carry_protection,carry weapons for protection when going out,Prefer not to say,160,8285,1.9%,1.5%,2.5%,0.4%,0.5%,2023
Female,All Schools,carry_protection,carry weapons for protection when going out,Sometimes,255,8285,3.1%,2.5%,3.7%,0.5%,0.6%,2023
Female,All Schools,carry_protection,carry weapons for protection when going out,Usually,25,8285,0.3%,0.2%,0.6%,0.1%,0.3%,2023
Female,All Schools,carry_protection_other,know anyone who carries a weapons for protection when going out,Don't know,1635,8155,20.0%,18.7%,21.5%,1.3%,1.4%,2023
Female,All Schools,carry_protection_other,know anyone who carries a weapons for protection when going out,No,5725,8155,70.2%,68.6%,71.7%,1.6%,1.5%,2023
Female,All Schools,carry_protection_other,know anyone who carries a weapons for protection when going out,Prefer not to say,230,8155,2.8%,2.3%,3.4%,0.5%,0.6%,2023
Female,All Schools,carry_protection_other,know anyone who carries a weapons for protection when going out,Yes,565,8155,6.9%,6.1%,7.8%,0.8%,0.9%,2023
Female,All Schools,cla,child looked after (lived with foster carers/care home),No,8075,8270,97.6%,97.1%,98.1%,0.6%,0.5%,2023
Female,All Schools,cla,child looked after (lived with foster carers/care home),Prefer not to say,95,8270,1.1%,0.8%,1.6%,0.3%,0.4%,2023
Female,All Schools,cla,child looked after (lived with foster carers/care home),Yes,100,8270,1.2%,0.9%,1.6%,0.3%,0.4%,2023
Female,All Schools,clubs_arts,an arts and crafts group,Currently attending,720,2250,32.0%,29.0%,35.1%,3.0%,3.1%,2023
Female,All Schools,clubs_arts,an arts and crafts group,Would like to attend,1530,2250,68.0%,64.9%,71.0%,3.1%,3.0%,2023
Female,All Schools,clubs_doe,Duke of Edinburgh,Currently attending,1100,2495,44.1%,41.0%,47.2%,3.0%,3.1%,2023
Female,All Schools,clubs_doe,Duke of Edinburgh,Would like to attend,1395,2495,55.9%,52.8%,59.0%,3.1%,3.0%,2023
Female,All Schools,clubs_music,a music club/group,Currently attending,1465,2425,60.4%,57.3%,63.4%,3.1%,3.0%,2023
Female,All Schools,clubs_music,a music club/group,Would like to attend,960,2425,39.6%,36.6%,42.7%,3.0%,3.1%,2023
Female,All Schools,clubs_other,other groups,Currently attending,1140,1775,64.2%,60.6%,67.7%,3.6%,3.4%,2023
Female,All Schools,clubs_other,other groups,Would like to attend,635,1775,35.8%,32.3%,39.4%,3.4%,3.6%,2023
Female,All Schools,clubs_perform,a drama/performing arts/dance group,Currently attending,1915,2960,64.7%,61.9%,67.4%,2.8%,2.7%,2023
Female,All Schools,clubs_perform,a drama/performing arts/dance group,Would like to attend,1045,2960,35.3%,32.6%,38.1%,2.7%,2.8%,2023
Female,All Schools,clubs_religion,a religious group,Currently attending,490,970,50.5%,45.6%,55.4%,4.9%,4.9%,2023
Female,All Schools,clubs_religion,a religious group,Would like to attend,480,970,49.5%,44.6%,54.4%,4.9%,4.9%,2023
Female,All Schools,clubs_schoolclub,a club/group at school,Currently attending,2970,3545,83.8%,81.8%,85.6%,2.0%,1.8%,2023
Female,All Schools,clubs_schoolclub,a club/group at school,Would like to attend,575,3545,16.2%,14.4%,18.2%,1.8%,2.0%,2023
Female,All Schools,clubs_sports,a sports club,Currently attending,3795,4765,79.6%,77.8%,81.4%,1.9%,1.7%,2023
Female,All Schools,clubs_sports,a sports club,Would like to attend,970,4765,20.4%,18.6%,22.2%,1.7%,1.9%,2023
Female,All Schools,clubs_syp,Services for Young People,Currently attending,175,790,22.2%,17.9%,27.0%,4.2%,4.9%,2023
Female,All Schools,clubs_syp,Services for Young People,Would like to attend,615,790,77.8%,73.0%,82.1%,4.9%,4.2%,2023
Female,All Schools,clubs_uniformed,a uniformed group,Currently attending,920,1530,60.1%,56.2%,63.9%,3.9%,3.8%,2023
Female,All Schools,clubs_uniformed,a uniformed group,Would like to attend,610,1530,39.9%,36.1%,43.8%,3.8%,3.9%,2023
Female,All Schools,clubs_volunteering,volunteering/social action group,Currently attending,940,1885,49.9%,46.3%,53.4%,3.5%,3.6%,2023
Female,All Schools,clubs_volunteering,volunteering/social action group,Would like to attend,945,1885,50.1%,46.6%,53.7%,3.6%,3.5%,2023
Female,All Schools,cocaine_exp,cocaine,No,8410,8425,99.8%,99.6%,99.9%,0.2%,0.1%,2023
Female,All Schools,cocaine_exp,cocaine,Yes,15,8425,0.2%,0.1%,0.4%,0.1%,0.2%,2023
Female,All Schools,cocaine_offered,cocaine,No,8295,8430,98.4%,97.9%,98.8%,0.5%,0.4%,2023
Female,All Schools,cocaine_offered,cocaine,Yes,135,8430,1.6%,1.2%,2.1%,0.4%,0.5%,2023
Female,All Schools,condition_adhd,ADHD,No,7910,8425,93.9%,93.0%,94.6%,0.9%,0.8%,2023
Female,All Schools,condition_adhd,ADHD,Yes,515,8425,6.1%,5.4%,7.0%,0.8%,0.9%,2023
Female,All Schools,condition_autism,autism,No,8080,8425,95.9%,95.2%,96.5%,0.7%,0.6%,2023
Female,All Schools,condition_autism,autism,Yes,345,8425,4.1%,3.5%,4.8%,0.6%,0.7%,2023
Female,All Schools,condition_disability,physical disability,No,8310,8430,98.6%,98.1%,98.9%,0.5%,0.3%,2023
Female,All Schools,condition_disability,physical disability,Yes,120,8430,1.4%,1.1%,1.9%,0.3%,0.5%,2023
Female,All Schools,condition_mental,diagnosed mental health condition,No,7425,8425,88.1%,87.0%,89.2%,1.1%,1.0%,2023
Female,All Schools,condition_mental,diagnosed mental health condition,Yes,1000,8425,11.9%,10.8%,13.0%,1.0%,1.1%,2023
Female,All Schools,condition_physical,physical condition,No,7665,8425,91.0%,90.0%,91.9%,1.0%,0.9%,2023
Female,All Schools,condition_physical,physical condition,Yes,760,8425,9.0%,8.1%,10.0%,0.9%,1.0%,2023
Female,All Schools,condition_send,special education need(s) or learning difficulty,No,7950,8430,94.3%,93.5%,95.0%,0.8%,0.7%,2023
Female,All Schools,condition_send,special education need(s) or learning difficulty,Yes,480,8430,5.7%,5.0%,6.5%,0.7%,0.8%,2023
Female,All Schools,condoms_free,they know where they can get condoms for free,No,1490,3360,44.3%,41.7%,47.0%,2.6%,2.7%,2023
Female,All Schools,condoms_free,they know where they can get condoms for free,Not sure,650,3360,19.3%,17.3%,21.5%,2.0%,2.2%,2023
Female,All Schools,condoms_free,they know where they can get condoms for free,Yes,1220,3360,36.3%,33.8%,38.9%,2.5%,2.6%,2023
Female,All Schools,cope_alcohol,by drinking alcohol,No,8175,8425,97.0%,96.4%,97.6%,0.6%,0.5%,2023
Female,All Schools,cope_alcohol,by drinking alcohol,Yes,250,8425,3.0%,2.4%,3.6%,0.5%,0.6%,2023
Female,All Schools,cope_counselling,by having counselling,No,7955,8430,94.4%,93.5%,95.1%,0.8%,0.7%,2023
Female,All Schools,cope_counselling,by having counselling,Yes,475,8430,5.6%,4.9%,6.5%,0.7%,0.8%,2023
Female,All Schools,cope_creative,by doing creative activities,No,6125,8425,72.7%,71.2%,74.2%,1.5%,1.5%,2023
Female,All Schools,cope_creative,by doing creative activities,Yes,2300,8425,27.3%,25.8%,28.8%,1.5%,1.5%,2023
Female,All Schools,cope_drugs,by doing drugs,No,8330,8430,98.8%,98.4%,99.1%,0.4%,0.3%,2023
Female,All Schools,cope_drugs,by doing drugs,Yes,100,8430,1.2%,0.9%,1.6%,0.3%,0.4%,2023
Female,All Schools,cope_eat,by eating more,No,7115,8430,84.4%,83.1%,85.6%,1.3%,1.2%,2023
Female,All Schools,cope_eat,by eating more,Yes,1315,8430,15.6%,14.4%,16.9%,1.2%,1.3%,2023
Female,All Schools,cope_exercise,by exercising,No,6140,8430,72.8%,71.3%,74.3%,1.5%,1.5%,2023
Female,All Schools,cope_exercise,by exercising,Yes,2290,8430,27.2%,25.7%,28.7%,1.5%,1.5%,2023
Female,All Schools,cope_games,by playing computer games,No,7515,8425,89.2%,88.1%,90.2%,1.1%,1.0%,2023
Female,All Schools,cope_games,by playing computer games,Yes,910,8425,10.8%,9.8%,11.9%,1.0%,1.1%,2023
Female,All Schools,cope_internet,by looking for help online,No,7785,8425,92.4%,91.5%,93.2%,0.9%,0.8%,2023
Female,All Schools,cope_internet,by looking for help online,Yes,640,8425,7.6%,6.8%,8.5%,0.8%,0.9%,2023
Female,All Schools,cope_music,by listening to music,No,3165,8425,37.6%,36.0%,39.2%,1.6%,1.6%,2023
Female,All Schools,cope_music,by listening to music,Yes,5260,8425,62.4%,60.8%,64.0%,1.6%,1.6%,2023
Female,All Schools,cope_nothing,by doing nothing,No,6735,8425,79.9%,78.6%,81.3%,1.4%,1.3%,2023
Female,All Schools,cope_nothing,by doing nothing,Yes,1690,8425,20.1%,18.7%,21.4%,1.3%,1.4%,2023
Female,All Schools,cope_other,by other methods,No,7890,8425,93.6%,92.8%,94.4%,0.9%,0.8%,2023
Female,All Schools,cope_other,by other methods,Yes,535,8425,6.4%,5.6%,7.2%,0.8%,0.9%,2023
Female,All Schools,cope_selfharm,by self-harm,No,7555,8425,89.7%,88.6%,90.7%,1.1%,1.0%,2023
Female,All Schools,cope_selfharm,by self-harm,Yes,870,8425,10.3%,9.3%,11.4%,1.0%,1.1%,2023
Female,All Schools,cope_smoke,by smoking,No,8300,8425,98.5%,98.1%,98.9%,0.5%,0.4%,2023
Female,All Schools,cope_smoke,by smoking,Yes,125,8425,1.5%,1.1%,1.9%,0.4%,0.5%,2023
Female,All Schools,cope_talkadult,by talking to an adult that's not their carer,No,7490,8430,88.8%,87.7%,89.9%,1.1%,1.0%,2023
Female,All Schools,cope_talkadult,by talking to an adult that's not their carer,Yes,940,8430,11.2%,10.1%,12.3%,1.0%,1.1%,2023
Female,All Schools,cope_talkfamily,by talking to family,No,5005,8425,59.4%,57.7%,61.0%,1.7%,1.6%,2023
Female,All Schools,cope_talkfamily,by talking to family,Yes,3420,8425,40.6%,39.0%,42.3%,1.6%,1.7%,2023
Female,All Schools,cope_talkfriend,by talking to a friend,No,4540,8425,53.9%,52.2%,55.6%,1.7%,1.7%,2023
Female,All Schools,cope_talkfriend,by talking to a friend,Yes,3885,8425,46.1%,44.4%,47.8%,1.7%,1.7%,2023
Female,All Schools,cope_think,by thinking of a solution on their own,No,6135,8425,72.8%,71.3%,74.3%,1.5%,1.5%,2023
Female,All Schools,cope_think,by thinking of a solution on their own,Yes,2290,8425,27.2%,25.7%,28.7%,1.5%,1.5%,2023
Female,All Schools,crack_exp,crack,No,8420,8425,99.9%,99.8%,100.0%,0.2%,0.0%,2023
Female,All Schools,crack_exp,crack,Yes,5,8425,0.1%,0.0%,0.2%,0.0%,0.2%,2023
Female,All Schools,crack_offered,crack,No,8390,8425,99.6%,99.3%,99.8%,0.3%,0.2%,2023
Female,All Schools,crack_offered,crack,Yes,35,8425,0.4%,0.2%,0.7%,0.2%,0.3%,2023
Female,All Schools,derbisol_exp,derbisol,No,8425,8430,99.9%,99.8%,100.0%,0.2%,0.0%,2023
Female,All Schools,derbisol_exp,derbisol,Yes,5,8430,0.1%,0.0%,0.2%,0.0%,0.2%,2023
Female,All Schools,derbisol_offered,derbisol,No,8420,8425,99.9%,99.8%,100.0%,0.2%,0.0%,2023
Female,All Schools,derbisol_offered,derbisol,Yes,5,8425,0.1%,0.0%,0.2%,0.0%,0.2%,2023
Female,All Schools,district_pc,NA,Broxbourne,35,4635,0.8%,0.5%,1.3%,0.3%,0.5%,2023
Female,All Schools,district_pc,NA,Dacorum,730,4635,15.7%,14.2%,17.5%,1.6%,1.7%,2023
Female,All Schools,district_pc,NA,East Hertfordshire,260,4635,5.6%,4.7%,6.7%,1.0%,1.1%,2023
Female,All Schools,district_pc,NA,Epping Forest,0,4635,0.0%,0.0%,0.2%,0.0%,0.2%,2023
Female,All Schools,district_pc,NA,Harlow,0,4635,0.0%,0.0%,0.2%,0.0%,0.2%,2023
Female,All Schools,district_pc,NA,Hertsmere,190,4635,4.1%,3.3%,5.1%,0.8%,1.0%,2023
Female,All Schools,district_pc,NA,North Hertfordshire,645,4635,13.9%,12.4%,15.6%,1.5%,1.6%,2023
Female,All Schools,district_pc,NA,St Albans,1055,4635,22.8%,20.9%,24.7%,1.8%,2.0%,2023
Female,All Schools,district_pc,NA,Stevenage,380,4635,8.2%,7.0%,9.5%,1.2%,1.3%,2023
Female,All Schools,district_pc,NA,Three Rivers,690,4635,14.9%,13.3%,16.6%,1.5%,1.7%,2023
Female,All Schools,district_pc,NA,Uttlesford,15,4635,0.3%,0.1%,0.7%,0.2%,0.4%,2023
Female,All Schools,district_pc,NA,Watford,310,4635,6.7%,5.6%,7.9%,1.0%,1.2%,2023
Female,All Schools,district_pc,NA,Welwyn Hatfield,325,4635,7.0%,5.9%,8.3%,1.1%,1.2%,2023
Female,All Schools,district_residence,which district they lived in,Broxbourne,65,8420,0.8%,0.5%,1.1%,0.2%,0.4%,2023
Female,All Schools,district_residence,which district they lived in,Dacorum,1145,8420,13.6%,12.5%,14.8%,1.1%,1.2%,2023
Female,All Schools,district_residence,which district they lived in,East Hertfordshire,600,8420,7.1%,6.3%,8.0%,0.8%,0.9%,2023
Female,All Schools,district_residence,which district they lived in,Hertsmere,325,8420,3.9%,3.3%,4.6%,0.6%,0.7%,2023
Female,All Schools,district_residence,which district they lived in,North Hertfordshire,1035,8420,12.3%,11.2%,13.4%,1.1%,1.1%,2023
Female,All Schools,district_residence,which district they lived in,Outside of Hertfordshire,420,8420,5.0%,4.3%,5.8%,0.7%,0.8%,2023
Female,All Schools,district_residence,which district they lived in,St Albans,1675,8420,19.9%,18.6%,21.3%,1.3%,1.4%,2023
Female,All Schools,district_residence,which district they lived in,Stevenage,835,8420,9.9%,9.0%,11.0%,1.0%,1.1%,2023
Female,All Schools,district_residence,which district they lived in,Three Rivers,945,8420,11.2%,10.2%,12.3%,1.0%,1.1%,2023
Female,All Schools,district_residence,which district they lived in,Watford,715,8420,8.5%,7.6%,9.5%,0.9%,1.0%,2023
Female,All Schools,district_residence,which district they lived in,Welwyn Hatfield,660,8420,7.8%,7.0%,8.8%,0.9%,1.0%,2023
Female,All Schools,district_school,NA,Broxbourne,45,8410,0.5%,0.3%,0.8%,0.2%,0.3%,2023
Female,All Schools,district_school,NA,Dacorum,1075,8410,12.8%,11.7%,13.9%,1.1%,1.2%,2023
Female,All Schools,district_school,NA,East Hertfordshire,585,8410,7.0%,6.1%,7.9%,0.8%,0.9%,2023
Female,All Schools,district_school,NA,Hertsmere,365,8410,4.3%,3.7%,5.1%,0.6%,0.7%,2023
Female,All Schools,district_school,NA,North Hertfordshire,1045,8410,12.4%,11.4%,13.6%,1.1%,1.2%,2023
Female,All Schools,district_school,NA,St Albans,1935,8410,23.0%,21.6%,24.5%,1.4%,1.4%,2023
Female,All Schools,district_school,NA,Stevenage,825,8410,9.8%,8.9%,10.9%,1.0%,1.0%,2023
Female,All Schools,district_school,NA,Three Rivers,1910,8410,22.7%,21.3%,24.2%,1.4%,1.4%,2023
Female,All Schools,district_school,NA,Welwyn Hatfield,625,8410,7.4%,6.6%,8.4%,0.8%,0.9%,2023
Female,All Schools,drug_ever,the best statement that describes them regarding recreational drug use,I have never taken drugs,7880,8340,94.5%,93.7%,95.2%,0.8%,0.7%,2023
Female,All Schools,drug_ever,the best statement that describes them regarding recreational drug use,I have taken drugs once or twice,290,8340,3.5%,2.9%,4.2%,0.6%,0.7%,2023
Female,All Schools,drug_ever,the best statement that describes them regarding recreational drug use,I take drugs occasionally (less than once a week),85,8340,1.0%,0.7%,1.4%,0.3%,0.4%,2023
Female,All Schools,drug_ever,the best statement that describes them regarding recreational drug use,I take drugs regularly (once a week or more),30,8340,0.4%,0.2%,0.6%,0.2%,0.3%,2023
Female,All Schools,drug_ever,the best statement that describes them regarding recreational drug use,"I used to take drugs, but I don’t now",55,8340,0.7%,0.4%,1.0%,0.2%,0.3%,2023
Female,All Schools,drug_reduce,if they want to reduce or stop taking drugs,I'd like to reduce the amount I take but not stop,100,370,27.0%,20.5%,34.7%,6.5%,7.6%,2023
Female,All Schools,drug_reduce,if they want to reduce or stop taking drugs,"No, I want to keep taking drugs",105,370,28.4%,21.8%,36.1%,6.6%,7.7%,2023
Female,All Schools,drug_reduce,if they want to reduce or stop taking drugs,"Yes, I'd like to stop taking drugs",165,370,44.6%,36.8%,52.6%,7.7%,8.0%,2023
Female,All Schools,drugs_alcohol,ever taken drugs and drunk alcohol on the same occasion,No,145,400,36.2%,29.2%,43.9%,7.0%,7.7%,2023
Female,All Schools,drugs_alcohol,ever taken drugs and drunk alcohol on the same occasion,Not sure,40,400,10.0%,6.3%,15.6%,3.7%,5.6%,2023
Female,All Schools,drugs_alcohol,ever taken drugs and drunk alcohol on the same occasion,Yes,215,400,53.8%,46.0%,61.3%,7.7%,7.5%,2023
Female,All Schools,drugsupp_doctor,from a health professional,No,6680,8425,79.3%,77.9%,80.6%,1.4%,1.3%,2023
Female,All Schools,drugsupp_doctor,from a health professional,Yes,1745,8425,20.7%,19.4%,22.1%,1.3%,1.4%,2023
Female,All Schools,drugsupp_family,from family,No,3280,8425,38.9%,37.3%,40.6%,1.6%,1.7%,2023
Female,All Schools,drugsupp_family,from family,Yes,5145,8425,61.1%,59.4%,62.7%,1.7%,1.6%,2023
Female,All Schools,drugsupp_friends,from friends,No,5640,8430,66.9%,65.3%,68.5%,1.6%,1.6%,2023
Female,All Schools,drugsupp_friends,from friends,Yes,2790,8430,33.1%,31.5%,34.7%,1.6%,1.6%,2023
Female,All Schools,drugsupp_internet,from the internet,No,6360,8425,75.5%,74.0%,76.9%,1.5%,1.4%,2023
Female,All Schools,drugsupp_internet,from the internet,Yes,2065,8425,24.5%,23.1%,26.0%,1.4%,1.5%,2023
Female,All Schools,drugsupp_other,from other sources,No,7880,8430,93.5%,92.6%,94.3%,0.9%,0.8%,2023
Female,All Schools,drugsupp_other,from other sources,Yes,550,8430,6.5%,5.7%,7.4%,0.8%,0.9%,2023
Female,All Schools,drugsupp_teacher,from a teacher,No,6455,8430,76.6%,75.1%,78.0%,1.5%,1.4%,2023
Female,All Schools,drugsupp_teacher,from a teacher,Yes,1975,8430,23.4%,22.0%,24.9%,1.4%,1.5%,2023
Female,All Schools,drugsupp_ypservice,from Drug & Alcohol Services for young people,No,7090,8425,84.2%,82.9%,85.3%,1.3%,1.2%,2023
Female,All Schools,drugsupp_ypservice,from Drug & Alcohol Services for young people,Yes,1335,8425,15.8%,14.7%,17.1%,1.2%,1.3%,2023
Female,All Schools,drugsupp_yw,from a Youth Worker,No,7825,8425,92.9%,92.0%,93.7%,0.9%,0.8%,2023
Female,All Schools,drugsupp_yw,from a Youth Worker,Yes,600,8425,7.1%,6.3%,8.0%,0.8%,0.9%,2023
Female,All Schools,ecstasy_exp,ecstasy,No,8405,8425,99.8%,99.5%,99.9%,0.2%,0.1%,2023
Female,All Schools,ecstasy_exp,ecstasy,Yes,20,8425,0.2%,0.1%,0.5%,0.1%,0.2%,2023
Female,All Schools,ecstasy_offered,ecstasy,No,8320,8425,98.8%,98.3%,99.1%,0.4%,0.3%,2023
Female,All Schools,ecstasy_offered,ecstasy,Yes,105,8425,1.2%,0.9%,1.7%,0.3%,0.4%,2023
Female,All Schools,environ_awareness,raise awareness,No,7930,8425,94.1%,93.3%,94.9%,0.8%,0.7%,2023
Female,All Schools,environ_awareness,raise awareness,Yes,495,8425,5.9%,5.1%,6.7%,0.7%,0.8%,2023
Female,All Schools,environ_barriers_cost,financial cost,No,6895,8425,81.8%,80.5%,83.1%,1.3%,1.3%,2023
Female,All Schools,environ_barriers_cost,financial cost,Yes,1530,8425,18.2%,16.9%,19.5%,1.3%,1.3%,2023
Female,All Schools,environ_barriers_notconsider,sustainability is not a consideration in their household,No,7965,8425,94.5%,93.7%,95.3%,0.8%,0.7%,2023
Female,All Schools,environ_barriers_notconsider,sustainability is not a consideration in their household,Yes,460,8425,5.5%,4.7%,6.3%,0.7%,0.8%,2023
Female,All Schools,environ_barriers_other,other reasons,No,6935,8425,82.3%,81.0%,83.6%,1.3%,1.2%,2023
Female,All Schools,environ_barriers_other,other reasons,Yes,1490,8425,17.7%,16.4%,19.0%,1.2%,1.3%,2023
Female,All Schools,environ_barriers_time,convenience/time,No,4865,8425,57.7%,56.1%,59.4%,1.7%,1.7%,2023
Female,All Schools,environ_barriers_time,convenience/time,Yes,3560,8425,42.3%,40.6%,43.9%,1.7%,1.7%,2023
Female,All Schools,environ_barriers_unsure,uncertainty on what to do,No,6260,8425,74.3%,72.8%,75.7%,1.5%,1.4%,2023
Female,All Schools,environ_barriers_unsure,uncertainty on what to do,Yes,2165,8425,25.7%,24.3%,27.2%,1.4%,1.5%,2023
Female,All Schools,environ_buy,think about the environment when buying things,No,6770,8425,80.4%,79.0%,81.7%,1.4%,1.3%,2023
Female,All Schools,environ_buy,think about the environment when buying things,Yes,1655,8425,19.6%,18.3%,21.0%,1.3%,1.4%,2023
Female,All Schools,environ_garden,do things in the garden to help wildlife,No,6435,8425,76.4%,74.9%,77.8%,1.5%,1.4%,2023
Female,All Schools,environ_garden,do things in the garden to help wildlife,Yes,1990,8425,23.6%,22.2%,25.1%,1.4%,1.5%,2023
Female,All Schools,environ_leaders,try to change what our leaders are doing,No,7975,8425,94.7%,93.8%,95.4%,0.8%,0.7%,2023
Female,All Schools,environ_leaders,try to change what our leaders are doing,Yes,450,8425,5.3%,4.6%,6.2%,0.7%,0.8%,2023
Female,All Schools,environ_lights,turn lights off more,No,2485,8425,29.5%,28.0%,31.1%,1.5%,1.6%,2023
Female,All Schools,environ_lights,turn lights off more,Yes,5940,8425,70.5%,68.9%,72.0%,1.6%,1.5%,2023
Female,All Schools,environ_litter,pick up litter,No,5245,8425,62.3%,60.6%,63.9%,1.6%,1.6%,2023
Female,All Schools,environ_litter,pick up litter,Yes,3180,8425,37.7%,36.1%,39.4%,1.6%,1.6%,2023
Female,All Schools,environ_meat,eat less meat,No,6865,8425,81.5%,80.1%,82.8%,1.3%,1.3%,2023
Female,All Schools,environ_meat,eat less meat,Yes,1560,8425,18.5%,17.2%,19.9%,1.3%,1.3%,2023
Female,All Schools,environ_media,read/watch media about the environment,No,6955,8425,82.6%,81.2%,83.8%,1.3%,1.2%,2023
Female,All Schools,environ_media,read/watch media about the environment,Yes,1470,8425,17.4%,16.2%,18.8%,1.2%,1.3%,2023
Female,All Schools,environ_none,don't do anything,No,8070,8425,95.8%,95.1%,96.4%,0.7%,0.6%,2023
Female,All Schools,environ_none,don't do anything,Yes,355,8425,4.2%,3.6%,4.9%,0.6%,0.7%,2023
Female,All Schools,environ_other,do other things,No,7610,8430,90.3%,89.2%,91.2%,1.0%,1.0%,2023
Female,All Schools,environ_other,do other things,Yes,820,8430,9.7%,8.8%,10.8%,1.0%,1.0%,2023
Female,All Schools,environ_recycle,recycle their waste,No,2960,8425,35.1%,33.5%,36.8%,1.6%,1.6%,2023
Female,All Schools,environ_recycle,recycle their waste,Yes,5465,8425,64.9%,63.2%,66.5%,1.6%,1.6%,2023
Female,All Schools,environ_talk,talk to friends/family,No,7010,8430,83.2%,81.9%,84.4%,1.3%,1.2%,2023
Female,All Schools,environ_talk,talk to friends/family,Yes,1420,8430,16.8%,15.6%,18.1%,1.2%,1.3%,2023
Female,All Schools,environ_tap,turn the tap off more,No,2635,8425,31.3%,29.7%,32.9%,1.5%,1.6%,2023
Female,All Schools,environ_tap,turn the tap off more,Yes,5790,8425,68.7%,67.1%,70.3%,1.6%,1.5%,2023
Female,All Schools,environ_volunteer,volunteer,No,7865,8425,93.4%,92.5%,94.1%,0.9%,0.8%,2023
Female,All Schools,environ_volunteer,volunteer,Yes,560,8425,6.6%,5.9%,7.5%,0.8%,0.9%,2023
Female,All Schools,environ_walkcycle,"walk, cycle, or use public transport",No,4830,8425,57.3%,55.7%,59.0%,1.7%,1.7%,2023
Female,All Schools,environ_walkcycle,"walk, cycle, or use public transport",Yes,3595,8425,42.7%,41.0%,44.3%,1.7%,1.7%,2023
Female,All Schools,ethnicity,ethnicity,Any other ethnic group,155,8145,1.9%,1.5%,2.4%,0.4%,0.5%,2023
Female,All Schools,ethnicity,ethnicity,Asian,1285,8145,15.8%,14.6%,17.1%,1.2%,1.3%,2023
Female,All Schools,ethnicity,ethnicity,Black,575,8145,7.1%,6.2%,8.0%,0.8%,0.9%,2023
Female,All Schools,ethnicity,ethnicity,Mixed,200,8145,2.5%,2.0%,3.0%,0.5%,0.6%,2023
Female,All Schools,ethnicity,ethnicity,Prefer not to say,85,8145,1.0%,0.7%,1.5%,0.3%,0.4%,2023
Female,All Schools,ethnicity,ethnicity,White,5845,8145,71.8%,70.2%,73.3%,1.6%,1.5%,2023
Female,All Schools,findiff_cold,felt cold,No,8005,8425,95.0%,94.2%,95.7%,0.8%,0.7%,2023
Female,All Schools,findiff_cold,felt cold,Yes,420,8425,5.0%,4.3%,5.8%,0.7%,0.8%,2023
Female,All Schools,findiff_foodbank,went to a food bank,No,8325,8425,98.8%,98.4%,99.1%,0.4%,0.3%,2023
Female,All Schools,findiff_foodbank,went to a food bank,Yes,100,8425,1.2%,0.9%,1.6%,0.3%,0.4%,2023
Female,All Schools,findiff_hungry,felt hungry,No,8260,8425,98.0%,97.5%,98.5%,0.5%,0.4%,2023
Female,All Schools,findiff_hungry,felt hungry,Yes,165,8425,2.0%,1.5%,2.5%,0.4%,0.5%,2023
Female,All Schools,findiff_job,lost a job/work,No,8085,8425,96.0%,95.2%,96.6%,0.7%,0.6%,2023
Female,All Schools,findiff_job,lost a job/work,Yes,340,8425,4.0%,3.4%,4.8%,0.6%,0.7%,2023
Female,All Schools,findiff_misstrip,missed a school trip,No,7995,8425,94.9%,94.1%,95.6%,0.8%,0.7%,2023
Female,All Schools,findiff_misstrip,missed a school trip,Yes,430,8425,5.1%,4.4%,5.9%,0.7%,0.8%,2023
Female,All Schools,findiff_move,moved to a smaller home,No,8275,8425,98.2%,97.7%,98.6%,0.5%,0.4%,2023
Female,All Schools,findiff_move,moved to a smaller home,Yes,150,8425,1.8%,1.4%,2.3%,0.4%,0.5%,2023
Female,All Schools,findiff_none,no experiences,No,2175,8425,25.8%,24.4%,27.3%,1.4%,1.5%,2023
Female,All Schools,findiff_none,no experiences,Yes,6250,8425,74.2%,72.7%,75.6%,1.5%,1.4%,2023
Female,All Schools,findiff_pnts,prefer not to say,No,7995,8425,94.9%,94.1%,95.6%,0.8%,0.7%,2023
Female,All Schools,findiff_pnts,prefer not to say,Yes,430,8425,5.1%,4.4%,5.9%,0.7%,0.8%,2023
Female,All Schools,fsm,free school meals,No,7395,8380,88.2%,87.1%,89.3%,1.1%,1.0%,2023
Female,All Schools,fsm,free school meals,Prefer not to say,155,8380,1.8%,1.4%,2.4%,0.4%,0.5%,2023
Female,All Schools,fsm,free school meals,Yes,830,8380,9.9%,8.9%,11.0%,1.0%,1.1%,2023
Female,All Schools,hallucinogen_natural_exp,hallucinogens,No,8420,8425,99.9%,99.8%,100.0%,0.2%,0.0%,2023
Female,All Schools,hallucinogen_natural_exp,hallucinogens,Yes,5,8425,0.1%,0.0%,0.2%,0.0%,0.2%,2023
Female,All Schools,hallucinogen_offered,hallucinogens,No,8340,8430,98.9%,98.5%,99.2%,0.4%,0.3%,2023
Female,All Schools,hallucinogen_offered,hallucinogens,Yes,90,8430,1.1%,0.8%,1.5%,0.3%,0.4%,2023
Female,All Schools,heroin_exp,heroin,No,8420,8425,99.9%,99.8%,100.0%,0.2%,0.0%,2023
Female,All Schools,heroin_exp,heroin,Yes,5,8425,0.1%,0.0%,0.2%,0.0%,0.2%,2023
Female,All Schools,heroin_offered,heroin,No,8395,8425,99.6%,99.4%,99.8%,0.3%,0.2%,2023
Female,All Schools,heroin_offered,heroin,Yes,30,8425,0.4%,0.2%,0.6%,0.2%,0.3%,2023
Female,All Schools,herts_just_talk,have heard of Herts Just Talk,No,2860,8285,34.5%,32.9%,36.2%,1.6%,1.6%,2023
Female,All Schools,herts_just_talk,have heard of Herts Just Talk,Unsure,1520,8285,18.3%,17.1%,19.7%,1.3%,1.4%,2023
Female,All Schools,herts_just_talk,have heard of Herts Just Talk,Yes,1700,8285,20.5%,19.2%,21.9%,1.3%,1.4%,2023
Female,All Schools,herts_just_talk,have heard of Herts Just Talk,"Yes I’ve heard of it, but I’m not sure what it is",2205,8285,26.6%,25.1%,28.1%,1.5%,1.5%,2023
Female,All Schools,home_shouting,have ever been frightened by any shouting and arguing between adults or older siblings at home in the last month,Most days/Every day,470,8250,5.7%,5.0%,6.5%,0.7%,0.8%,2023
Female,All Schools,home_shouting,have ever been frightened by any shouting and arguing between adults or older siblings at home in the last month,No,4930,8250,59.8%,58.1%,61.4%,1.7%,1.7%,2023
Female,All Schools,home_shouting,have ever been frightened by any shouting and arguing between adults or older siblings at home in the last month,Once a week,480,8250,5.8%,5.1%,6.7%,0.7%,0.8%,2023
Female,All Schools,home_shouting,have ever been frightened by any shouting and arguing between adults or older siblings at home in the last month,Once or twice,1600,8250,19.4%,18.1%,20.8%,1.3%,1.4%,2023
Female,All Schools,home_shouting,have ever been frightened by any shouting and arguing between adults or older siblings at home in the last month,Prefer not to say,770,8250,9.3%,8.4%,10.4%,0.9%,1.0%,2023
Female,All Schools,home_violence,"if there has been any violence (e.g. hitting, punching, slapping) between adults or older siblings at home in the last month",Most days/Every day,75,8265,0.9%,0.6%,1.3%,0.3%,0.4%,2023
Female,All Schools,home_violence,"if there has been any violence (e.g. hitting, punching, slapping) between adults or older siblings at home in the last month",No,7335,8265,88.7%,87.6%,89.8%,1.1%,1.0%,2023
Female,All Schools,home_violence,"if there has been any violence (e.g. hitting, punching, slapping) between adults or older siblings at home in the last month",Once a week,80,8265,1.0%,0.7%,1.4%,0.3%,0.4%,2023
Female,All Schools,home_violence,"if there has been any violence (e.g. hitting, punching, slapping) between adults or older siblings at home in the last month",Once or twice,270,8265,3.3%,2.7%,3.9%,0.6%,0.7%,2023
Female,All Schools,home_violence,"if there has been any violence (e.g. hitting, punching, slapping) between adults or older siblings at home in the last month",Prefer not to say,505,8265,6.1%,5.3%,7.0%,0.8%,0.9%,2023
Female,All Schools,hopeful_future,feel hopeful about their future,Always,1265,8305,15.2%,14.1%,16.5%,1.2%,1.3%,2023
Female,All Schools,hopeful_future,feel hopeful about their future,Never,485,8305,5.8%,5.1%,6.7%,0.7%,0.8%,2023
Female,All Schools,hopeful_future,feel hopeful about their future,Often,2775,8305,33.4%,31.8%,35.0%,1.6%,1.6%,2023
Female,All Schools,hopeful_future,feel hopeful about their future,Sometimes,3780,8305,45.5%,43.8%,47.2%,1.7%,1.7%,2023
Female,All Schools,imd_quintile,for their resident postcode,Quintile 1 - Most Deprived,680,8430,8.1%,7.2%,9.0%,0.9%,1.0%,2023
Female,All Schools,imd_quintile,for their resident postcode,Quintile 2,785,8430,9.3%,8.4%,10.3%,0.9%,1.0%,2023
Female,All Schools,imd_quintile,for their resident postcode,Quintile 3,790,8430,9.4%,8.4%,10.4%,0.9%,1.0%,2023
Female,All Schools,imd_quintile,for their resident postcode,Quintile 4,955,8430,11.3%,10.3%,12.4%,1.0%,1.1%,2023
Female,All Schools,imd_quintile,for their resident postcode,Quintile 5 - Least Deprived,1415,8430,16.8%,15.6%,18.1%,1.2%,1.3%,2023
Female,All Schools,imd_quintile,for their resident postcode,unknown,3805,8430,45.1%,43.5%,46.8%,1.7%,1.7%,2023
Female,All Schools,internet_info_provided,have been provided with online safety info,No,1705,8035,21.2%,19.8%,22.7%,1.4%,1.4%,2023
Female,All Schools,internet_info_provided,have been provided with online safety info,Yes,6330,8035,78.8%,77.3%,80.2%,1.4%,1.4%,2023
Female,All Schools,internet_message,have ever received message on social media that upset them,No,4865,8180,59.5%,57.8%,61.1%,1.7%,1.7%,2023
Female,All Schools,internet_message,have ever received message on social media that upset them,Yes,3315,8180,40.5%,38.9%,42.2%,1.7%,1.7%,2023
Female,All Schools,internet_met,have ever met someone in real life whom they first met online,No,6790,8170,83.1%,81.8%,84.4%,1.3%,1.2%,2023
Female,All Schools,internet_met,have ever met someone in real life whom they first met online,Yes,1380,8170,16.9%,15.6%,18.2%,1.2%,1.3%,2023
Female,All Schools,internet_personalinfo,have ever shared personal information with someone they have not met in real life,No,7035,8155,86.3%,85.0%,87.4%,1.2%,1.1%,2023
Female,All Schools,internet_personalinfo,have ever shared personal information with someone they have not met in real life,Yes,1120,8155,13.7%,12.6%,15.0%,1.1%,1.2%,2023
Female,All Schools,internet_pictures_pressure,have ever felt pressured to send pictures of themselves to someone,No,7075,8155,86.8%,85.6%,87.9%,1.2%,1.1%,2023
Female,All Schools,internet_pictures_pressure,have ever felt pressured to send pictures of themselves to someone,Yes,1080,8155,13.2%,12.1%,14.4%,1.1%,1.2%,2023
Female,All Schools,ketamine_exp,ketamine,No,8405,8430,99.7%,99.5%,99.8%,0.2%,0.1%,2023
Female,All Schools,ketamine_exp,ketamine,Yes,25,8430,0.3%,0.2%,0.5%,0.1%,0.2%,2023
Female,All Schools,ketamine_offered,ketamine,No,8295,8430,98.4%,97.9%,98.8%,0.5%,0.4%,2023
Female,All Schools,ketamine_offered,ketamine,Yes,135,8430,1.6%,1.2%,2.1%,0.4%,0.5%,2023
Female,All Schools,life_happyyesterday,how happy they felt yesterday overall on a scale low to high,high,2270,8425,26.9%,25.5%,28.5%,1.5%,1.5%,2023
Female,All Schools,life_happyyesterday,how happy they felt yesterday overall on a scale low to high,low,2360,8425,28.0%,26.5%,29.5%,1.5%,1.5%,2023
Female,All Schools,life_happyyesterday,how happy they felt yesterday overall on a scale low to high,medium,1890,8425,22.4%,21.1%,23.9%,1.4%,1.4%,2023
Female,All Schools,life_happyyesterday,how happy they felt yesterday overall on a scale low to high,very high,1905,8425,22.6%,21.2%,24.1%,1.4%,1.4%,2023
Female,All Schools,life_satisfied,about how satisfied they with their life on a scale of low to high,high,2860,8425,33.9%,32.4%,35.6%,1.6%,1.6%,2023
Female,All Schools,life_satisfied,about how satisfied they with their life on a scale of low to high,low,1700,8425,20.2%,18.9%,21.6%,1.3%,1.4%,2023
Female,All Schools,life_satisfied,about how satisfied they with their life on a scale of low to high,medium,1995,8425,23.7%,22.3%,25.1%,1.4%,1.5%,2023
Female,All Schools,life_satisfied,about how satisfied they with their life on a scale of low to high,very high,1870,8425,22.2%,20.8%,23.6%,1.4%,1.4%,2023
Female,All Schools,life_worthwhile,the extent to which they feel the things they do in their life are worthwhile on a scale of low to high,high,2505,8430,29.7%,28.2%,31.3%,1.5%,1.6%,2023
Female,All Schools,life_worthwhile,the extent to which they feel the things they do in their life are worthwhile on a scale of low to high,low,1720,8430,20.4%,19.1%,21.8%,1.3%,1.4%,2023
Female,All Schools,life_worthwhile,the extent to which they feel the things they do in their life are worthwhile on a scale of low to high,medium,2065,8430,24.5%,23.1%,26.0%,1.4%,1.5%,2023
Female,All Schools,life_worthwhile,the extent to which they feel the things they do in their life are worthwhile on a scale of low to high,very high,2140,8430,25.4%,23.9%,26.9%,1.4%,1.5%,2023
Female,All Schools,mental_accessed,have ever accessed mental health services before,No,5650,8230,68.7%,67.1%,70.2%,1.6%,1.6%,2023
Female,All Schools,mental_accessed,have ever accessed mental health services before,Not sure,750,8230,9.1%,8.2%,10.1%,0.9%,1.0%,2023
Female,All Schools,mental_accessed,have ever accessed mental health services before,Prefer not to say,310,8230,3.8%,3.2%,4.5%,0.6%,0.7%,2023
Female,All Schools,mental_accessed,have ever accessed mental health services before,Yes,1520,8230,18.5%,17.2%,19.8%,1.3%,1.4%,2023
Female,All Schools,mental_accessed_helpful,how helpful they found the mental health support,A little,635,1515,41.9%,38.1%,45.9%,3.9%,4.0%,2023
Female,All Schools,mental_accessed_helpful,how helpful they found the mental health support,Neither helpful nor unhelpful,225,1515,14.9%,12.2%,17.9%,2.6%,3.0%,2023
Female,All Schools,mental_accessed_helpful,how helpful they found the mental health support,Not helpful,150,1515,9.9%,7.8%,12.5%,2.1%,2.6%,2023
Female,All Schools,mental_accessed_helpful,how helpful they found the mental health support,Not very helpful,225,1515,14.9%,12.2%,17.9%,2.6%,3.0%,2023
Female,All Schools,mental_accessed_helpful,how helpful they found the mental health support,Very,280,1515,18.5%,15.6%,21.8%,2.9%,3.3%,2023
Female,All Schools,mental_charity,charities,No,8360,8425,99.2%,98.9%,99.5%,0.4%,0.2%,2023
Female,All Schools,mental_charity,charities,Yes,65,8425,0.8%,0.5%,1.1%,0.2%,0.4%,2023
Female,All Schools,mental_clinic,a mental health clinic,No,7290,8425,86.5%,85.3%,87.6%,1.2%,1.1%,2023
Female,All Schools,mental_clinic,a mental health clinic,Yes,1135,8425,13.5%,12.4%,14.7%,1.1%,1.2%,2023
Female,All Schools,mental_doctor,a doctor,No,7370,8425,87.5%,86.3%,88.5%,1.2%,1.1%,2023
Female,All Schools,mental_doctor,a doctor,Yes,1055,8425,12.5%,11.5%,13.7%,1.1%,1.2%,2023
Female,All Schools,mental_howaccess,"know how to access services if they are worried about, or are looking for more information about their mental health",No,1225,8250,14.8%,13.7%,16.1%,1.2%,1.3%,2023
Female,All Schools,mental_howaccess,"know how to access services if they are worried about, or are looking for more information about their mental health",Not sure,1945,8250,23.6%,22.2%,25.0%,1.4%,1.5%,2023
Female,All Schools,mental_howaccess,"know how to access services if they are worried about, or are looking for more information about their mental health",Yes,5080,8250,61.6%,59.9%,63.2%,1.7%,1.6%,2023
Female,All Schools,mental_none,other,No,7135,8425,84.7%,83.4%,85.9%,1.3%,1.2%,2023
Female,All Schools,mental_none,other,Yes,1290,8425,15.3%,14.1%,16.6%,1.2%,1.3%,2023
Female,All Schools,mental_nurse,a school nurse,No,8170,8430,96.9%,96.3%,97.4%,0.6%,0.5%,2023
Female,All Schools,mental_nurse,a school nurse,Yes,260,8430,3.1%,2.6%,3.7%,0.5%,0.6%,2023
Female,All Schools,mental_other,some other service,No,7055,8425,83.7%,82.5%,84.9%,1.3%,1.2%,2023
Female,All Schools,mental_other,some other service,Yes,1370,8425,16.3%,15.1%,17.5%,1.2%,1.3%,2023
Female,All Schools,mental_parents,parents/carers,No,3130,8425,37.2%,35.5%,38.8%,1.6%,1.6%,2023
Female,All Schools,mental_parents,parents/carers,Yes,5295,8425,62.8%,61.2%,64.5%,1.6%,1.6%,2023
Female,All Schools,mental_school,the school,No,6010,8425,71.3%,69.8%,72.8%,1.5%,1.5%,2023
Female,All Schools,mental_school,the school,Yes,2415,8425,28.7%,27.2%,30.2%,1.5%,1.5%,2023
Female,All Schools,mental_talk,"agree with the statement ""It's okay for me to talk about my mental health.""",No,885,8275,10.7%,9.7%,11.8%,1.0%,1.1%,2023
Female,All Schools,mental_talk,"agree with the statement ""It's okay for me to talk about my mental health.""",Not sure,1610,8275,19.5%,18.1%,20.8%,1.3%,1.4%,2023
Female,All Schools,mental_talk,"agree with the statement ""It's okay for me to talk about my mental health.""",Yes,5780,8275,69.8%,68.3%,71.4%,1.6%,1.5%,2023
Female,All Schools,mental_type_121,1-2-1s (in person),No,4385,8430,52.0%,50.3%,53.7%,1.7%,1.7%,2023
Female,All Schools,mental_type_121,1-2-1s (in person),Yes,4045,8430,48.0%,46.3%,49.7%,1.7%,1.7%,2023
Female,All Schools,mental_type_group,groupwork,No,6610,8425,78.5%,77.0%,79.8%,1.4%,1.4%,2023
Female,All Schools,mental_type_group,groupwork,Yes,1815,8425,21.5%,20.2%,23.0%,1.4%,1.4%,2023
Female,All Schools,mental_type_online,online support,No,6710,8425,79.6%,78.3%,81.0%,1.4%,1.3%,2023
Female,All Schools,mental_type_online,online support,Yes,1715,8425,20.4%,19.0%,21.7%,1.3%,1.4%,2023
Female,All Schools,mental_type_other,other types of support,No,6345,8425,75.3%,73.8%,76.7%,1.5%,1.4%,2023
Female,All Schools,mental_type_other,other types of support,Yes,2080,8425,24.7%,23.3%,26.2%,1.4%,1.5%,2023
Female,All Schools,mental_type_phone,phone counselling,No,7645,8430,90.7%,89.7%,91.6%,1.0%,0.9%,2023
Female,All Schools,mental_type_phone,phone counselling,Yes,785,8430,9.3%,8.4%,10.3%,0.9%,1.0%,2023
Female,All Schools,mental_youthservice,the Youth Service,No,7730,8425,91.8%,90.8%,92.6%,1.0%,0.9%,2023
Female,All Schools,mental_youthservice,the Youth Service,Yes,695,8425,8.2%,7.4%,9.2%,0.9%,1.0%,2023
Female,All Schools,nitrous_oxide_exp,nitrous oxide,No,8410,8425,99.8%,99.6%,99.9%,0.2%,0.1%,2023
Female,All Schools,nitrous_oxide_exp,nitrous oxide,Yes,15,8425,0.2%,0.1%,0.4%,0.1%,0.2%,2023
Female,All Schools,nitrous_oxide_offered,nitrous oxide,No,8320,8425,98.8%,98.3%,99.1%,0.4%,0.3%,2023
Female,All Schools,nitrous_oxide_offered,nitrous oxide,Yes,105,8425,1.2%,0.9%,1.7%,0.3%,0.4%,2023
Female,All Schools,nps_exp,novel psychoactive substances,No,8420,8425,99.9%,99.8%,100.0%,0.2%,0.0%,2023
Female,All Schools,nps_exp,novel psychoactive substances,Yes,5,8425,0.1%,0.0%,0.2%,0.0%,0.2%,2023
Female,All Schools,nps_offered,novel psychoactive substances,No,8405,8425,99.8%,99.5%,99.9%,0.2%,0.1%,2023
Female,All Schools,nps_offered,novel psychoactive substances,Yes,20,8425,0.2%,0.1%,0.5%,0.1%,0.2%,2023
Female,All Schools,pa_30,how many days in the past week had they done a total of 30 minutes or more of physical activity,1 to 3,4400,8425,52.2%,50.5%,53.9%,1.7%,1.7%,2023
Female,All Schools,pa_30,how many days in the past week had they done a total of 30 minutes or more of physical activity,4 to 5,1440,8425,17.1%,15.9%,18.4%,1.2%,1.3%,2023
Female,All Schools,pa_30,how many days in the past week had they done a total of 30 minutes or more of physical activity,6 to 7,400,8425,4.7%,4.1%,5.5%,0.7%,0.8%,2023
Female,All Schools,pa_30,how many days in the past week had they done a total of 30 minutes or more of physical activity,none,2185,8425,25.9%,24.5%,27.4%,1.4%,1.5%,2023
Female,All Schools,pa_60,how many days in the past week had they done a total of 60 minutes or more of physical activity,1 to 3,3910,8425,46.4%,44.7%,48.1%,1.7%,1.7%,2023
Female,All Schools,pa_60,how many days in the past week had they done a total of 60 minutes or more of physical activity,4 to 5,1365,8425,16.2%,15.0%,17.5%,1.2%,1.3%,2023
Female,All Schools,pa_60,how many days in the past week had they done a total of 60 minutes or more of physical activity,6 to 7,670,8425,8.0%,7.1%,8.9%,0.9%,1.0%,2023
Female,All Schools,pa_60,how many days in the past week had they done a total of 60 minutes or more of physical activity,none,2480,8425,29.4%,27.9%,31.0%,1.5%,1.6%,2023
Female,All Schools,pa_barriers_bikecost,the cost of bikes,No,8225,8425,97.6%,97.1%,98.1%,0.6%,0.5%,2023
Female,All Schools,pa_barriers_bikecost,the cost of bikes,Yes,200,8425,2.4%,1.9%,2.9%,0.5%,0.6%,2023
Female,All Schools,pa_barriers_distance,distance,No,6530,8425,77.5%,76.1%,78.9%,1.4%,1.4%,2023
Female,All Schools,pa_barriers_distance,distance,Yes,1895,8425,22.5%,21.1%,23.9%,1.4%,1.4%,2023
Female,All Schools,pa_barriers_fearlost,the fear of getting lost,No,7560,8425,89.7%,88.7%,90.7%,1.1%,1.0%,2023
Female,All Schools,pa_barriers_fearlost,the fear of getting lost,Yes,865,8425,10.3%,9.3%,11.3%,1.0%,1.1%,2023
Female,All Schools,pa_barriers_fitness,lack of fitness,No,8045,8430,95.4%,94.7%,96.1%,0.8%,0.7%,2023
Female,All Schools,pa_barriers_fitness,lack of fitness,Yes,385,8430,4.6%,3.9%,5.3%,0.7%,0.8%,2023
Female,All Schools,pa_barriers_other,other reasons,No,7260,8425,86.2%,85.0%,87.3%,1.2%,1.1%,2023
Female,All Schools,pa_barriers_other,other reasons,Yes,1165,8425,13.8%,12.7%,15.0%,1.1%,1.2%,2023
Female,All Schools,pa_barriers_pollution,air pollution,No,8320,8425,98.8%,98.3%,99.1%,0.4%,0.3%,2023
Female,All Schools,pa_barriers_pollution,air pollution,Yes,105,8425,1.2%,0.9%,1.7%,0.3%,0.4%,2023
Female,All Schools,pa_barriers_roadsafety,road safety,No,7815,8425,92.8%,91.8%,93.6%,0.9%,0.8%,2023
Female,All Schools,pa_barriers_roadsafety,road safety,Yes,610,8425,7.2%,6.4%,8.2%,0.8%,0.9%,2023
Female,All Schools,pa_barriers_safety,personal safety,No,7020,8425,83.3%,82.0%,84.5%,1.3%,1.2%,2023
Female,All Schools,pa_barriers_safety,personal safety,Yes,1405,8425,16.7%,15.5%,18.0%,1.2%,1.3%,2023
Female,All Schools,pa_barriers_time,lack of time,No,4505,8425,53.5%,51.8%,55.1%,1.7%,1.7%,2023
Female,All Schools,pa_barriers_time,lack of time,Yes,3920,8425,46.5%,44.9%,48.2%,1.7%,1.7%,2023
Female,All Schools,pa_barriers_want,personal preference,No,5895,8425,70.0%,68.4%,71.5%,1.6%,1.5%,2023
Female,All Schools,pa_barriers_want,personal preference,Yes,2530,8425,30.0%,28.5%,31.6%,1.5%,1.6%,2023
Female,All Schools,pa_barriers_weather,the weather,No,5080,8425,60.3%,58.6%,61.9%,1.7%,1.6%,2023
Female,All Schools,pa_barriers_weather,the weather,Yes,3345,8425,39.7%,38.1%,41.4%,1.6%,1.7%,2023
Female,All Schools,pa_fri,Friday,0-29 minutes,2710,7780,34.8%,33.2%,36.5%,1.6%,1.7%,2023
Female,All Schools,pa_fri,Friday,30-59 minutes,2720,7780,35.0%,33.3%,36.6%,1.7%,1.7%,2023
Female,All Schools,pa_fri,Friday,60 or more minutes,2350,7780,30.2%,28.6%,31.8%,1.6%,1.6%,2023
Female,All Schools,pa_mon,Monday,0-29 minutes,2785,8030,34.7%,33.1%,36.3%,1.6%,1.7%,2023
Female,All Schools,pa_mon,Monday,30-59 minutes,2580,8030,32.1%,30.5%,33.8%,1.6%,1.6%,2023
Female,All Schools,pa_mon,Monday,60 or more minutes,2665,8030,33.2%,31.6%,34.8%,1.6%,1.6%,2023
Female,All Schools,pa_sat,Saturday,0-29 minutes,2615,7755,33.7%,32.1%,35.4%,1.6%,1.7%,2023
Female,All Schools,pa_sat,Saturday,30-59 minutes,2135,7755,27.5%,26.0%,29.1%,1.5%,1.6%,2023
Female,All Schools,pa_sat,Saturday,60 or more minutes,3005,7755,38.7%,37.1%,40.5%,1.7%,1.7%,2023
Female,All Schools,pa_sun,Sunday,0-29 minutes,3420,7645,44.7%,43.0%,46.5%,1.7%,1.8%,2023
Female,All Schools,pa_sun,Sunday,30-59 minutes,2120,7645,27.7%,26.2%,29.3%,1.6%,1.6%,2023
Female,All Schools,pa_sun,Sunday,60 or more minutes,2105,7645,27.5%,26.0%,29.1%,1.5%,1.6%,2023
Female,All Schools,pa_thurs,Thursday,0-29 minutes,2520,7880,32.0%,30.4%,33.6%,1.6%,1.6%,2023
Female,All Schools,pa_thurs,Thursday,30-59 minutes,2745,7880,34.8%,33.2%,36.5%,1.6%,1.7%,2023
Female,All Schools,pa_thurs,Thursday,60 or more minutes,2615,7880,33.2%,31.6%,34.8%,1.6%,1.7%,2023
Female,All Schools,pa_tues,Tuesday,0-29 minutes,2645,7950,33.3%,31.7%,34.9%,1.6%,1.7%,2023
Female,All Schools,pa_tues,Tuesday,30-59 minutes,2640,7950,33.2%,31.6%,34.9%,1.6%,1.7%,2023
Female,All Schools,pa_tues,Tuesday,60 or more minutes,2665,7950,33.5%,31.9%,35.2%,1.6%,1.7%,2023
Female,All Schools,pa_wed,Wednesday,0-29 minutes,2535,7945,31.9%,30.3%,33.5%,1.6%,1.6%,2023
Female,All Schools,pa_wed,Wednesday,30-59 minutes,2745,7945,34.6%,32.9%,36.2%,1.6%,1.7%,2023
Female,All Schools,pa_wed,Wednesday,60 or more minutes,2665,7945,33.5%,31.9%,35.2%,1.6%,1.7%,2023
Female,All Schools,paid_work,how much paid work they did last week,0-10 hours,990,8015,12.4%,11.3%,13.5%,1.1%,1.2%,2023
Female,All Schools,paid_work,how much paid work they did last week,11-20 hours,215,8015,2.7%,2.2%,3.3%,0.5%,0.6%,2023
Female,All Schools,paid_work,how much paid work they did last week,21-30 hours,25,8015,0.3%,0.2%,0.6%,0.1%,0.3%,2023
Female,All Schools,paid_work,how much paid work they did last week,31+ hours,20,8015,0.2%,0.1%,0.5%,0.1%,0.2%,2023
Female,All Schools,paid_work,how much paid work they did last week,I didn't do any paid work,6580,8015,82.1%,80.7%,83.4%,1.4%,1.3%,2023
Female,All Schools,paid_work,how much paid work they did last week,Prefer not to say,185,8015,2.3%,1.8%,2.9%,0.5%,0.6%,2023
Female,All Schools,poppers_exp,poppers,No,8420,8425,99.9%,99.8%,100.0%,0.2%,0.0%,2023
Female,All Schools,poppers_exp,poppers,Yes,5,8425,0.1%,0.0%,0.2%,0.0%,0.2%,2023
Female,All Schools,poppers_offered,poppers,No,8395,8425,99.6%,99.4%,99.8%,0.3%,0.2%,2023
Female,All Schools,poppers_offered,poppers,Yes,30,8425,0.4%,0.2%,0.6%,0.2%,0.3%,2023
Female,All Schools,prospects_education,plan to continue in education,Maybe,1920,7575,25.3%,23.8%,26.9%,1.5%,1.6%,2023
Female,All Schools,prospects_education,plan to continue in education,No,400,7575,5.3%,4.5%,6.1%,0.7%,0.9%,2023
Female,All Schools,prospects_education,plan to continue in education,Yes,5255,7575,69.4%,67.7%,71.0%,1.7%,1.6%,2023
Female,All Schools,prospects_family,plan to start a family,Maybe,1995,6760,29.5%,27.8%,31.3%,1.7%,1.7%,2023
Female,All Schools,prospects_family,plan to start a family,No,3190,6760,47.2%,45.3%,49.1%,1.9%,1.9%,2023
Female,All Schools,prospects_family,plan to start a family,Yes,1575,6760,23.3%,21.7%,24.9%,1.6%,1.6%,2023
Female,All Schools,prospects_info_apprenticeships,apprenticeships,No,5920,8425,70.3%,68.7%,71.8%,1.6%,1.5%,2023
Female,All Schools,prospects_info_apprenticeships,apprenticeships,Yes,2505,8425,29.7%,28.2%,31.3%,1.5%,1.6%,2023
Female,All Schools,prospects_info_college,college/6th form,No,4810,8425,57.1%,55.4%,58.7%,1.7%,1.7%,2023
Female,All Schools,prospects_info_college,college/6th form,Yes,3615,8425,42.9%,41.3%,44.6%,1.7%,1.7%,2023
Female,All Schools,prospects_info_gap,gap years,No,5735,8425,68.1%,66.5%,69.6%,1.6%,1.5%,2023
Female,All Schools,prospects_info_gap,gap years,Yes,2690,8425,31.9%,30.4%,33.5%,1.5%,1.6%,2023
Female,All Schools,prospects_info_jobs,jobs,No,4355,8425,51.7%,50.0%,53.4%,1.7%,1.7%,2023
Female,All Schools,prospects_info_jobs,jobs,Yes,4070,8425,48.3%,46.6%,50.0%,1.7%,1.7%,2023
Female,All Schools,prospects_info_other,other options,No,7200,8430,85.4%,84.2%,86.6%,1.2%,1.1%,2023
Female,All Schools,prospects_info_other,other options,Yes,1230,8430,14.6%,13.4%,15.8%,1.1%,1.2%,2023
Female,All Schools,prospects_info_trainee,traineeships,No,7235,8425,85.9%,84.7%,87.0%,1.2%,1.1%,2023
Female,All Schools,prospects_info_trainee,traineeships,Yes,1190,8425,14.1%,13.0%,15.3%,1.1%,1.2%,2023
Female,All Schools,prospects_info_uni,university,No,3680,8425,43.7%,42.0%,45.4%,1.7%,1.7%,2023
Female,All Schools,prospects_info_uni,university,Yes,4745,8425,56.3%,54.6%,58.0%,1.7%,1.7%,2023
Female,All Schools,prospects_job,plan to get a job,Maybe,1935,7370,26.3%,24.7%,27.9%,1.6%,1.6%,2023
Female,All Schools,prospects_job,plan to get a job,No,440,7370,6.0%,5.2%,6.9%,0.8%,0.9%,2023
Female,All Schools,prospects_job,plan to get a job,Yes,4995,7370,67.8%,66.1%,69.4%,1.7%,1.7%,2023
Female,All Schools,prospects_notsure,aren't sure what they want to do,Maybe,1865,6300,29.6%,27.9%,31.4%,1.7%,1.8%,2023
Female,All Schools,prospects_notsure,aren't sure what they want to do,No,2255,6300,35.8%,34.0%,37.7%,1.8%,1.9%,2023
Female,All Schools,prospects_notsure,aren't sure what they want to do,Yes,2180,6300,34.6%,32.8%,36.5%,1.8%,1.9%,2023
Female,All Schools,prospects_other,have other plans,Maybe,2425,6110,39.7%,37.8%,41.6%,1.9%,1.9%,2023
Female,All Schools,prospects_other,have other plans,No,2325,6110,38.1%,36.2%,40.0%,1.9%,1.9%,2023
Female,All Schools,prospects_other,have other plans,Yes,1360,6110,22.3%,20.7%,23.9%,1.6%,1.7%,2023
Female,All Schools,prospects_support_friends,friends,No,4915,8425,58.3%,56.7%,60.0%,1.7%,1.6%,2023
Female,All Schools,prospects_support_friends,friends,Yes,3510,8425,41.7%,40.0%,43.3%,1.6%,1.7%,2023
Female,All Schools,prospects_support_idk,don't know where to get support,No,7585,8425,90.0%,89.0%,91.0%,1.1%,1.0%,2023
Female,All Schools,prospects_support_idk,don't know where to get support,Yes,840,8425,10.0%,9.0%,11.0%,1.0%,1.1%,2023
Female,All Schools,prospects_support_jobcentre,Job Centre Plus,No,8040,8425,95.4%,94.7%,96.1%,0.8%,0.7%,2023
Female,All Schools,prospects_support_jobcentre,Job Centre Plus,Yes,385,8425,4.6%,3.9%,5.3%,0.7%,0.8%,2023
Female,All Schools,prospects_support_online,online,No,6560,8425,77.9%,76.4%,79.2%,1.4%,1.4%,2023
Female,All Schools,prospects_support_online,online,Yes,1865,8425,22.1%,20.8%,23.6%,1.4%,1.4%,2023
Female,All Schools,prospects_support_other,other sources,No,7745,8425,91.9%,91.0%,92.8%,1.0%,0.9%,2023
Female,All Schools,prospects_support_other,other sources,Yes,680,8425,8.1%,7.2%,9.0%,0.9%,1.0%,2023
Female,All Schools,prospects_support_parents,parent/carer,No,2195,8425,26.1%,24.6%,27.6%,1.5%,1.5%,2023
Female,All Schools,prospects_support_parents,parent/carer,Yes,6230,8425,73.9%,72.4%,75.4%,1.5%,1.5%,2023
Female,All Schools,prospects_support_school,school/teacher,No,4715,8425,56.0%,54.3%,57.6%,1.7%,1.7%,2023
Female,All Schools,prospects_support_school,school/teacher,Yes,3710,8425,44.0%,42.4%,45.7%,1.7%,1.7%,2023
Female,All Schools,prospects_support_syp,Services for Young People,No,7860,8425,93.3%,92.4%,94.1%,0.9%,0.8%,2023
Female,All Schools,prospects_support_syp,Services for Young People,Yes,565,8425,6.7%,5.9%,7.6%,0.8%,0.9%,2023
Female,All Schools,prospects_training,plan to training for a skilled job,Maybe,3035,6850,44.3%,42.5%,46.2%,1.8%,1.9%,2023
Female,All Schools,prospects_training,plan to training for a skilled job,No,1465,6850,21.4%,19.9%,23.0%,1.5%,1.6%,2023
Female,All Schools,prospects_training,plan to training for a skilled job,Yes,2350,6850,34.3%,32.6%,36.1%,1.7%,1.8%,2023
Female,All Schools,religion,religion,Any other religion,110,8375,1.3%,1.0%,1.8%,0.3%,0.4%,2023
Female,All Schools,religion,religion,Buddhist,50,8375,0.6%,0.4%,0.9%,0.2%,0.3%,2023
Female,All Schools,religion,religion,Christian,2375,8375,28.4%,26.9%,29.9%,1.5%,1.5%,2023
Female,All Schools,religion,religion,Hindu,375,8375,4.5%,3.8%,5.2%,0.6%,0.8%,2023
Female,All Schools,religion,religion,Jewish,180,8375,2.1%,1.7%,2.7%,0.4%,0.5%,2023
Female,All Schools,religion,religion,Muslim,460,8375,5.5%,4.8%,6.3%,0.7%,0.8%,2023
Female,All Schools,religion,religion,No religion,4535,8375,54.1%,52.5%,55.8%,1.7%,1.7%,2023
Female,All Schools,religion,religion,Prefer not to say,230,8375,2.7%,2.2%,3.4%,0.5%,0.6%,2023
Female,All Schools,religion,religion,Sikh,60,8375,0.7%,0.5%,1.1%,0.2%,0.3%,2023
Female,All Schools,safety_dark,going out after dark,Neither safe or unsafe,2955,8295,35.6%,34.0%,37.3%,1.6%,1.6%,2023
Female,All Schools,safety_dark,going out after dark,Safe,855,8295,10.3%,9.3%,11.4%,1.0%,1.1%,2023
Female,All Schools,safety_dark,going out after dark,Unsafe,4485,8295,54.1%,52.4%,55.8%,1.7%,1.7%,2023
Female,All Schools,safety_day,going out during the day,Neither safe or unsafe,2770,8280,33.5%,31.9%,35.1%,1.6%,1.6%,2023
Female,All Schools,safety_day,going out during the day,Safe,5185,8280,62.6%,61.0%,64.2%,1.7%,1.6%,2023
Female,All Schools,safety_day,going out during the day,Unsafe,325,8280,3.9%,3.3%,4.6%,0.6%,0.7%,2023
Female,All Schools,safety_journey,going to and from school,Neither safe or unsafe,2510,8275,30.3%,28.8%,31.9%,1.5%,1.6%,2023
Female,All Schools,safety_journey,going to and from school,Safe,5380,8275,65.0%,63.4%,66.6%,1.6%,1.6%,2023
Female,All Schools,safety_journey,going to and from school,Unsafe,385,8275,4.7%,4.0%,5.4%,0.7%,0.8%,2023
Female,All Schools,safety_school,at school,Neither safe or unsafe,2330,8285,28.1%,26.6%,29.7%,1.5%,1.6%,2023
Female,All Schools,safety_school,at school,Safe,5510,8285,66.5%,64.9%,68.1%,1.6%,1.6%,2023
Female,All Schools,safety_school,at school,Unsafe,445,8285,5.4%,4.7%,6.2%,0.7%,0.8%,2023
Female,All Schools,school_supported,felt supported by their school and that they were offered help when having difficulties,No,620,2325,26.7%,23.9%,29.6%,2.7%,2.9%,2023
Female,All Schools,school_supported,felt supported by their school and that they were offered help when having difficulties,Not sure,750,2325,32.3%,29.3%,35.3%,2.9%,3.1%,2023
Female,All Schools,school_supported,felt supported by their school and that they were offered help when having difficulties,Prefer not to say,60,2325,2.6%,1.7%,3.8%,0.8%,1.2%,2023
Female,All Schools,school_supported,felt supported by their school and that they were offered help when having difficulties,Yes,895,2325,38.5%,35.4%,41.7%,3.1%,3.2%,2023
Female,All Schools,schoolsupp_academic,they find their school is supportive of their learning and education,No,405,8235,4.9%,4.2%,5.7%,0.7%,0.8%,2023
Female,All Schools,schoolsupp_academic,they find their school is supportive of their learning and education,Not sure,195,8235,2.4%,1.9%,2.9%,0.5%,0.6%,2023
Female,All Schools,schoolsupp_academic,they find their school is supportive of their learning and education,Somewhat,2520,8235,30.6%,29.1%,32.2%,1.5%,1.6%,2023
Female,All Schools,schoolsupp_academic,they find their school is supportive of their learning and education,Yes,5115,8235,62.1%,60.4%,63.7%,1.7%,1.6%,2023
Female,All Schools,schoolsupp_wellbeing,they find their school is supportive of their emotional health and wellbeing,No,1730,8215,21.1%,19.7%,22.5%,1.4%,1.4%,2023
Female,All Schools,schoolsupp_wellbeing,they find their school is supportive of their emotional health and wellbeing,Not sure,635,8215,7.7%,6.9%,8.7%,0.9%,1.0%,2023
Female,All Schools,schoolsupp_wellbeing,they find their school is supportive of their emotional health and wellbeing,Somewhat,3320,8215,40.4%,38.8%,42.1%,1.7%,1.7%,2023
Female,All Schools,schoolsupp_wellbeing,they find their school is supportive of their emotional health and wellbeing,Yes,2530,8215,30.8%,29.2%,32.4%,1.6%,1.6%,2023
Female,All Schools,schyear,school year,Not at school/other,35,8420,0.4%,0.2%,0.7%,0.2%,0.3%,2023
Female,All Schools,schyear,school year,Year 10,1300,8420,15.4%,14.3%,16.7%,1.2%,1.3%,2023
Female,All Schools,schyear,school year,Year 11,980,8420,11.6%,10.6%,12.8%,1.0%,1.1%,2023
Female,All Schools,schyear,school year,Year 12,690,8420,8.2%,7.3%,9.2%,0.9%,1.0%,2023
Female,All Schools,schyear,school year,Year 13,480,8420,5.7%,5.0%,6.5%,0.7%,0.8%,2023
Female,All Schools,schyear,school year,Year 7,1605,8420,19.1%,17.8%,20.4%,1.3%,1.4%,2023
Female,All Schools,schyear,school year,Year 8,1765,8420,21.0%,19.6%,22.4%,1.3%,1.4%,2023
Female,All Schools,schyear,school year,Year 9,1565,8420,18.6%,17.3%,19.9%,1.3%,1.3%,2023
Female,All Schools,selfharm_ever,ever self-harmed,No,5340,8225,64.9%,63.3%,66.5%,1.6%,1.6%,2023
Female,All Schools,selfharm_ever,ever self-harmed,Prefer not to say,1320,8225,16.0%,14.8%,17.3%,1.2%,1.3%,2023
Female,All Schools,selfharm_ever,ever self-harmed,Yes,1565,8225,19.0%,17.7%,20.4%,1.3%,1.4%,2023
Female,All Schools,sexuality,sexual orientation,Bisexual,610,8355,7.3%,6.5%,8.2%,0.8%,0.9%,2023
Female,All Schools,sexuality,sexual orientation,Heterosexual/Straight,6535,8355,78.2%,76.8%,79.6%,1.4%,1.4%,2023
Female,All Schools,sexuality,sexual orientation,Homosexual/Gay Male,5,8355,0.1%,0.0%,0.2%,0.0%,0.2%,2023
Female,All Schools,sexuality,sexual orientation,Homosexual/Lesbian,145,8355,1.7%,1.3%,2.2%,0.4%,0.5%,2023
Female,All Schools,sexuality,sexual orientation,Other,115,8355,1.4%,1.0%,1.8%,0.3%,0.5%,2023
Female,All Schools,sexuality,sexual orientation,Prefer not to say,385,8355,4.6%,3.9%,5.4%,0.7%,0.8%,2023
Female,All Schools,sexuality,sexual orientation,Questioning,125,8355,1.5%,1.1%,2.0%,0.4%,0.5%,2023
Female,All Schools,sexuality,sexual orientation,Unsure,435,8355,5.2%,4.5%,6.0%,0.7%,0.8%,2023
Female,All Schools,sh_16,Most 16 year olds have not had sex,Agree,925,3380,27.4%,25.1%,29.8%,2.3%,2.4%,2023
Female,All Schools,sh_16,Most 16 year olds have not had sex,Disagree,975,3380,28.8%,26.5%,31.3%,2.3%,2.5%,2023
Female,All Schools,sh_16,Most 16 year olds have not had sex,Not sure,1480,3380,43.8%,41.2%,46.4%,2.6%,2.7%,2023
Female,All Schools,sh_access,they know how to access sexual health services?,No,2700,8095,33.4%,31.8%,35.0%,1.6%,1.6%,2023
Female,All Schools,sh_access,they know how to access sexual health services?,Not sure,2510,8095,31.0%,29.4%,32.6%,1.6%,1.6%,2023
Female,All Schools,sh_access,they know how to access sexual health services?,Yes,2885,8095,35.6%,34.0%,37.3%,1.6%,1.7%,2023
Female,All Schools,sh_condoms,Using condoms is necessary to prevent sexually transmitted infections and unplanned pregnancies,Agree,3060,3375,90.7%,89.0%,92.1%,1.7%,1.4%,2023
Female,All Schools,sh_condoms,Using condoms is necessary to prevent sexually transmitted infections and unplanned pregnancies,Disagree,100,3375,3.0%,2.2%,4.0%,0.8%,1.0%,2023
Female,All Schools,sh_condoms,Using condoms is necessary to prevent sexually transmitted infections and unplanned pregnancies,Not sure,215,3375,6.4%,5.2%,7.8%,1.2%,1.4%,2023
Female,All Schools,sh_condomsti,"If you have sex without a condom, you should get an STI test.",Agree,2225,3370,66.0%,63.5%,68.5%,2.6%,2.5%,2023
Female,All Schools,sh_condomsti,"If you have sex without a condom, you should get an STI test.",Disagree,315,3370,9.3%,7.9%,11.0%,1.4%,1.7%,2023
Female,All Schools,sh_condomsti,"If you have sex without a condom, you should get an STI test.",Not sure,830,3370,24.6%,22.4%,27.0%,2.2%,2.4%,2023
Female,All Schools,sh_pregnancy,Getting pregnant or getting someone else pregnant now would negatively affect my future plans,Agree,2630,3390,77.6%,75.3%,79.7%,2.3%,2.1%,2023
Female,All Schools,sh_pregnancy,Getting pregnant or getting someone else pregnant now would negatively affect my future plans,Disagree,215,3390,6.3%,5.2%,7.8%,1.2%,1.4%,2023
Female,All Schools,sh_pregnancy,Getting pregnant or getting someone else pregnant now would negatively affect my future plans,Not sure,545,3390,16.1%,14.2%,18.1%,1.9%,2.0%,2023
Female,All Schools,sh_pressure,There is pressure on young people to have sex,Agree,1655,3380,49.0%,46.3%,51.6%,2.7%,2.7%,2023
Female,All Schools,sh_pressure,There is pressure on young people to have sex,Disagree,730,3380,21.6%,19.5%,23.9%,2.1%,2.3%,2023
Female,All Schools,sh_pressure,There is pressure on young people to have sex,Not sure,995,3380,29.4%,27.1%,31.9%,2.4%,2.5%,2023
Female,All Schools,sh_schooled,I think the quality of the relationships and sex education I receive at school is good.,Agree,1440,3365,42.8%,40.2%,45.4%,2.6%,2.7%,2023
Female,All Schools,sh_schooled,I think the quality of the relationships and sex education I receive at school is good.,Disagree,665,3365,19.8%,17.7%,22.0%,2.0%,2.2%,2023
Female,All Schools,sh_schooled,I think the quality of the relationships and sex education I receive at school is good.,Not sure,1260,3365,37.4%,34.9%,40.1%,2.5%,2.6%,2023
Female,All Schools,sh_serious,Being in a serious/long-term relationship before having sex is important,Agree,2000,3380,59.2%,56.5%,61.8%,2.6%,2.6%,2023
Female,All Schools,sh_serious,Being in a serious/long-term relationship before having sex is important,Disagree,520,3380,15.4%,13.6%,17.4%,1.8%,2.0%,2023
Female,All Schools,sh_serious,Being in a serious/long-term relationship before having sex is important,Not sure,860,3380,25.4%,23.2%,27.8%,2.2%,2.4%,2023
Female,All Schools,sh_support,their preferable source of support to get contraception or a test for Sexually Transmitted Infection (STI),Doctor,2590,7620,34.0%,32.3%,35.7%,1.7%,1.7%,2023
Female,All Schools,sh_support,their preferable source of support to get contraception or a test for Sexually Transmitted Infection (STI),Helpline,170,7620,2.2%,1.8%,2.8%,0.5%,0.6%,2023
Female,All Schools,sh_support,their preferable source of support to get contraception or a test for Sexually Transmitted Infection (STI),Online (e.g. Sexwise website),435,7620,5.7%,4.9%,6.6%,0.8%,0.9%,2023
Female,All Schools,sh_support,their preferable source of support to get contraception or a test for Sexually Transmitted Infection (STI),Other,680,7620,8.9%,8.0%,10.0%,1.0%,1.1%,2023
Female,All Schools,sh_support,their preferable source of support to get contraception or a test for Sexually Transmitted Infection (STI),Pharmacy,1110,7620,14.6%,13.4%,15.9%,1.2%,1.3%,2023
Female,All Schools,sh_support,their preferable source of support to get contraception or a test for Sexually Transmitted Infection (STI),Prefer not to say,1105,7620,14.5%,13.3%,15.8%,1.2%,1.3%,2023
Female,All Schools,sh_support,their preferable source of support to get contraception or a test for Sexually Transmitted Infection (STI),School/College,255,7620,3.3%,2.8%,4.0%,0.6%,0.7%,2023
Female,All Schools,sh_support,their preferable source of support to get contraception or a test for Sexually Transmitted Infection (STI),Sexual health clinic,1155,7620,15.2%,13.9%,16.5%,1.2%,1.3%,2023
Female,All Schools,sh_support,their preferable source of support to get contraception or a test for Sexually Transmitted Infection (STI),Youth Worker/Service,120,7620,1.6%,1.2%,2.1%,0.4%,0.5%,2023
Female,All Schools,sh_wait,It is fine to wait to have sex,Agree,3235,3370,96.0%,94.8%,96.9%,1.2%,0.9%,2023
Female,All Schools,sh_wait,It is fine to wait to have sex,Disagree,15,3370,0.4%,0.2%,1.0%,0.2%,0.5%,2023
Female,All Schools,sh_wait,It is fine to wait to have sex,Not sure,120,3370,3.6%,2.7%,4.7%,0.9%,1.1%,2023
Female,All Schools,shinfo_clinic,sexual health clinics,No,8330,8430,98.8%,98.4%,99.1%,0.4%,0.3%,2023
Female,All Schools,shinfo_clinic,sexual health clinics,Yes,100,8430,1.2%,0.9%,1.6%,0.3%,0.4%,2023
Female,All Schools,shinfo_doctor,health professionals,No,8125,8425,96.4%,95.8%,97.0%,0.7%,0.6%,2023
Female,All Schools,shinfo_doctor,health professionals,Yes,300,8425,3.6%,3.0%,4.2%,0.6%,0.7%,2023
Female,All Schools,shinfo_friends,friends,No,5770,8425,68.5%,66.9%,70.0%,1.6%,1.5%,2023
Female,All Schools,shinfo_friends,friends,Yes,2655,8425,31.5%,30.0%,33.1%,1.5%,1.6%,2023
Female,All Schools,shinfo_healthsite,healthcare websites,No,7815,8425,92.8%,91.8%,93.6%,0.9%,0.8%,2023
Female,All Schools,shinfo_healthsite,healthcare websites,Yes,610,8425,7.2%,6.4%,8.2%,0.8%,0.9%,2023
Female,All Schools,shinfo_helpline,telephone helplines,No,8415,8425,99.9%,99.7%,100.0%,0.2%,0.1%,2023
Female,All Schools,shinfo_helpline,telephone helplines,Yes,10,8425,0.1%,0.0%,0.3%,0.1%,0.2%,2023
Female,All Schools,shinfo_media,media,No,6955,8425,82.6%,81.2%,83.8%,1.3%,1.2%,2023
Female,All Schools,shinfo_media,media,Yes,1470,8425,17.4%,16.2%,18.8%,1.2%,1.3%,2023
Female,All Schools,shinfo_other,other,No,7950,8425,94.4%,93.5%,95.1%,0.8%,0.7%,2023
Female,All Schools,shinfo_other,other,Yes,475,8425,5.6%,4.9%,6.5%,0.7%,0.8%,2023
Female,All Schools,shinfo_parents,parents,No,5380,8425,63.9%,62.2%,65.5%,1.6%,1.6%,2023
Female,All Schools,shinfo_parents,parents,Yes,3045,8425,36.1%,34.5%,37.8%,1.6%,1.6%,2023
Female,All Schools,shinfo_porn,pornography,No,8315,8425,98.7%,98.3%,99.0%,0.4%,0.3%,2023
Female,All Schools,shinfo_porn,pornography,Yes,110,8425,1.3%,1.0%,1.7%,0.3%,0.4%,2023
Female,All Schools,shinfo_poster,"posters, leaflets, reference books",No,8220,8425,97.6%,97.0%,98.0%,0.6%,0.5%,2023
Female,All Schools,shinfo_poster,"posters, leaflets, reference books",Yes,205,8425,2.4%,2.0%,3.0%,0.5%,0.6%,2023
Female,All Schools,shinfo_relations,siblings or relatives,No,7535,8425,89.4%,88.4%,90.4%,1.1%,1.0%,2023
Female,All Schools,shinfo_relations,siblings or relatives,Yes,890,8425,10.6%,9.6%,11.6%,1.0%,1.1%,2023
Female,All Schools,shinfo_school,school,No,3780,8430,44.8%,43.2%,46.5%,1.7%,1.7%,2023
Female,All Schools,shinfo_school,school,Yes,4650,8430,55.2%,53.5%,56.8%,1.7%,1.7%,2023
Female,All Schools,shinfo_yw,Youth Workers,No,8350,8425,99.1%,98.7%,99.4%,0.4%,0.3%,2023
Female,All Schools,shinfo_yw,Youth Workers,Yes,75,8425,0.9%,0.6%,1.3%,0.3%,0.4%,2023
Female,All Schools,skipschool_appointments,medical/dental appointments,No,4615,8425,54.8%,53.1%,56.4%,1.7%,1.7%,2023
Female,All Schools,skipschool_appointments,medical/dental appointments,Yes,3810,8425,45.2%,43.6%,46.9%,1.7%,1.7%,2023
Female,All Schools,skipschool_care,caring for family,No,8070,8425,95.8%,95.1%,96.4%,0.7%,0.6%,2023
Female,All Schools,skipschool_care,caring for family,Yes,355,8425,4.2%,3.6%,4.9%,0.6%,0.7%,2023
Female,All Schools,skipschool_illness,illness/injury unrelated to COVID-19,No,3360,8430,39.9%,38.2%,41.5%,1.6%,1.7%,2023
Female,All Schools,skipschool_illness,illness/injury unrelated to COVID-19,Yes,5070,8430,60.1%,58.5%,61.8%,1.7%,1.6%,2023
Female,All Schools,skipschool_mentalhealth,mental health reasons,No,6825,8425,81.0%,79.7%,82.3%,1.4%,1.3%,2023
Female,All Schools,skipschool_mentalhealth,mental health reasons,Yes,1600,8425,19.0%,17.7%,20.3%,1.3%,1.4%,2023
Female,All Schools,skipschool_na,other reasons,No,7735,8425,91.8%,90.8%,92.7%,1.0%,0.9%,2023
Female,All Schools,skipschool_na,other reasons,Yes,690,8425,8.2%,7.3%,9.2%,0.9%,1.0%,2023
Female,All Schools,skipschool_trips,holiday,No,7255,8425,86.1%,84.9%,87.2%,1.2%,1.1%,2023
Female,All Schools,skipschool_trips,holiday,Yes,1170,8425,13.9%,12.8%,15.1%,1.1%,1.2%,2023
Female,All Schools,skipschool_worriesbully,bullying,No,7970,8430,94.5%,93.7%,95.3%,0.8%,0.7%,2023
Female,All Schools,skipschool_worriesbully,bullying,Yes,460,8430,5.5%,4.7%,6.3%,0.7%,0.8%,2023
Female,All Schools,skipschool_worriesschool,worries about schoolwork,No,7430,8430,88.1%,87.0%,89.2%,1.1%,1.0%,2023
Female,All Schools,skipschool_worriesschool,worries about schoolwork,Yes,1000,8430,11.9%,10.8%,13.0%,1.0%,1.1%,2023
Female,All Schools,sleep_falling,had problems falling asleep,No,8425,8425,100.0%,99.9%,100.0%,0.1%,0.0%,2023
Female,All Schools,sleep_none,had no problems with sleep,No,8425,8425,100.0%,99.9%,100.0%,0.1%,0.0%,2023
Female,All Schools,sleep_wakingearly,had problems waking up early,No,8425,8425,100.0%,99.9%,100.0%,0.1%,0.0%,2023
Female,All Schools,sleep_wakingnight,had problems waking up at night,No,8425,8425,100.0%,99.9%,100.0%,0.1%,0.0%,2023
Female,All Schools,solvents_exp,solvents as drugs,No,8410,8425,99.8%,99.6%,99.9%,0.2%,0.1%,2023
Female,All Schools,solvents_exp,solvents as drugs,Yes,15,8425,0.2%,0.1%,0.4%,0.1%,0.2%,2023
Female,All Schools,solvents_offered,solvents as drugs,No,8370,8425,99.3%,99.0%,99.6%,0.3%,0.2%,2023
Female,All Schools,solvents_offered,solvents as drugs,Yes,55,8425,0.7%,0.4%,1.0%,0.2%,0.3%,2023
Female,All Schools,std_chlamydia,chlamydia,I have heard of it but know nothing about it,3295,8050,40.9%,39.2%,42.6%,1.7%,1.7%,2023
Female,All Schools,std_chlamydia,chlamydia,I have never heard of it,3005,8050,37.3%,35.7%,39.0%,1.6%,1.7%,2023
Female,All Schools,std_chlamydia,chlamydia,It can be both treated and cured,1365,8050,17.0%,15.7%,18.3%,1.3%,1.3%,2023
Female,All Schools,std_chlamydia,chlamydia,It can be treated but not cured,385,8050,4.8%,4.1%,5.6%,0.7%,0.8%,2023
Female,All Schools,std_gono,gonorrhoea,I have heard of it but know nothing about it,3340,8080,41.3%,39.7%,43.0%,1.7%,1.7%,2023
Female,All Schools,std_gono,gonorrhoea,I have never heard of it,2860,8080,35.4%,33.8%,37.1%,1.6%,1.7%,2023
Female,All Schools,std_gono,gonorrhoea,It can be both treated and cured,1520,8080,18.8%,17.5%,20.2%,1.3%,1.4%,2023
Female,All Schools,std_gono,gonorrhoea,It can be treated but not cured,360,8080,4.5%,3.8%,5.2%,0.7%,0.8%,2023
Female,All Schools,std_hiv,HIV,I have heard of it but know nothing about it,3145,8065,39.0%,37.3%,40.7%,1.7%,1.7%,2023
Female,All Schools,std_hiv,HIV,I have never heard of it,2195,8065,27.2%,25.7%,28.8%,1.5%,1.6%,2023
Female,All Schools,std_hiv,HIV,It can be both treated and cured,440,8065,5.5%,4.7%,6.3%,0.7%,0.8%,2023
Female,All Schools,std_hiv,HIV,It can be treated but not cured,2285,8065,28.3%,26.8%,29.9%,1.5%,1.6%,2023
Female,All Schools,std_syphilis,syphilis,I have heard of it but know nothing about it,3100,8030,38.6%,36.9%,40.3%,1.7%,1.7%,2023
Female,All Schools,std_syphilis,syphilis,I have never heard of it,3775,8030,47.0%,45.3%,48.7%,1.7%,1.7%,2023
Female,All Schools,std_syphilis,syphilis,It can be both treated and cured,805,8030,10.0%,9.0%,11.1%,1.0%,1.1%,2023
Female,All Schools,std_syphilis,syphilis,It can be treated but not cured,350,8030,4.4%,3.7%,5.1%,0.7%,0.8%,2023
Female,All Schools,steroids_exp,muscle-building steroids,No,8420,8425,99.9%,99.8%,100.0%,0.2%,0.0%,2023
Female,All Schools,steroids_exp,muscle-building steroids,Yes,5,8425,0.1%,0.0%,0.2%,0.0%,0.2%,2023
Female,All Schools,steroids_offered,muscle-building steroids,No,8410,8425,99.8%,99.6%,99.9%,0.2%,0.1%,2023
Female,All Schools,steroids_offered,muscle-building steroids,Yes,15,8425,0.2%,0.1%,0.4%,0.1%,0.2%,2023
Female,All Schools,survey_year,NA,2023,8425,8425,100.0%,99.9%,100.0%,0.1%,0.0%,2023
Female,All Schools,vape_reduce,they want to reduce or stop vaping,I'd like to reduce the amount I vape but not stop,195,445,43.8%,36.8%,51.1%,7.1%,7.3%,2023
Female,All Schools,vape_reduce,they want to reduce or stop vaping,"No, I want to keep vaping",115,445,25.8%,20.0%,32.7%,5.9%,6.9%,2023
Female,All Schools,vape_reduce,they want to reduce or stop vaping,"Yes, I'd like to stop vaping",135,445,30.3%,24.1%,37.4%,6.3%,7.1%,2023
Female,All Schools,vape_worry,were worried about vaping,A bit worried,160,460,34.8%,28.3%,41.9%,6.5%,7.1%,2023
Female,All Schools,vape_worry,were worried about vaping,Don't know/Unsure,20,460,4.3%,2.2%,8.3%,2.1%,4.0%,2023
Female,All Schools,vape_worry,were worried about vaping,Not at all worried,105,460,22.8%,17.4%,29.4%,5.5%,6.6%,2023
Female,All Schools,vape_worry,were worried about vaping,Not very worried,135,460,29.3%,23.3%,36.3%,6.1%,6.9%,2023
Female,All Schools,vape_worry,were worried about vaping,Prefer not to say,10,460,2.2%,0.9%,5.4%,1.3%,3.3%,2023
Female,All Schools,vape_worry,were worried about vaping,Very worried,30,460,6.5%,3.8%,11.0%,2.7%,4.5%,2023
Female,All Schools,vaping,the statement that best describes them regarding vaping/e-cigarettes,I have never vaped,6910,8335,82.9%,81.6%,84.1%,1.3%,1.2%,2023
Female,All Schools,vaping,the statement that best describes them regarding vaping/e-cigarettes,I have vaped once or twice,785,8335,9.4%,8.5%,10.5%,0.9%,1.0%,2023
Female,All Schools,vaping,the statement that best describes them regarding vaping/e-cigarettes,"I used to vape, but I don’t now",190,8335,2.3%,1.8%,2.8%,0.5%,0.6%,2023
Female,All Schools,vaping,the statement that best describes them regarding vaping/e-cigarettes,I vape occasionally (less than once a week),215,8335,2.6%,2.1%,3.2%,0.5%,0.6%,2023
Female,All Schools,vaping,the statement that best describes them regarding vaping/e-cigarettes,I vape regularly (once a week or more),235,8335,2.8%,2.3%,3.4%,0.5%,0.6%,2023
Female,All Schools,views_listened_school,feels that their views are listened to at school,No,2050,8230,24.9%,23.5%,26.4%,1.4%,1.5%,2023
Female,All Schools,views_listened_school,feels that their views are listened to at school,Sometimes,4415,8230,53.6%,51.9%,55.3%,1.7%,1.7%,2023
Female,All Schools,views_listened_school,feels that their views are listened to at school,Yes,1765,8230,21.4%,20.1%,22.9%,1.4%,1.4%,2023
Female,All Schools,violence_involved,have been involved in a violent incident in the past year,No,7215,8255,87.4%,86.2%,88.5%,1.2%,1.1%,2023
Female,All Schools,violence_involved,have been involved in a violent incident in the past year,Prefer not to say,410,8255,5.0%,4.3%,5.8%,0.7%,0.8%,2023
Female,All Schools,violence_involved,have been involved in a violent incident in the past year,"Yes, I was the victim",285,8255,3.5%,2.9%,4.1%,0.6%,0.7%,2023
Female,All Schools,violence_involved,have been involved in a violent incident in the past year,"Yes, but I wasn't the victim",345,8255,4.2%,3.5%,4.9%,0.6%,0.7%,2023
Female,All Schools,violence_weapon_involved,have been involved in a violent incident where a weapon was used or threatened in the past year,No,7705,8230,93.6%,92.7%,94.4%,0.9%,0.8%,2023
Female,All Schools,violence_weapon_involved,have been involved in a violent incident where a weapon was used or threatened in the past year,Prefer not to say,235,8230,2.9%,2.3%,3.5%,0.5%,0.6%,2023
Female,All Schools,violence_weapon_involved,have been involved in a violent incident where a weapon was used or threatened in the past year,"Yes, I was the victim",125,8230,1.5%,1.2%,2.0%,0.4%,0.5%,2023
Female,All Schools,violence_weapon_involved,have been involved in a violent incident where a weapon was used or threatened in the past year,"Yes, but I wasn't the victim",165,8230,2.0%,1.6%,2.5%,0.4%,0.5%,2023
Female,All Schools,worry_bully,bullying,No,6580,8425,78.1%,76.7%,79.5%,1.4%,1.4%,2023
Female,All Schools,worry_bully,bullying,Yes,1845,8425,21.9%,20.5%,23.3%,1.4%,1.4%,2023
Female,All Schools,worry_crime,local crime,No,7015,8425,83.3%,82.0%,84.5%,1.3%,1.2%,2023
Female,All Schools,worry_crime,local crime,Yes,1410,8425,16.7%,15.5%,18.0%,1.2%,1.3%,2023
Female,All Schools,worry_drugsalcohol,drugs/alcohol,No,7865,8425,93.4%,92.5%,94.1%,0.9%,0.8%,2023
Female,All Schools,worry_drugsalcohol,drugs/alcohol,Yes,560,8425,6.6%,5.9%,7.5%,0.8%,0.9%,2023
Female,All Schools,worry_environment,the environment,No,6750,8425,80.1%,78.7%,81.4%,1.4%,1.3%,2023
Female,All Schools,worry_environment,the environment,Yes,1675,8425,19.9%,18.6%,21.3%,1.3%,1.4%,2023
Female,All Schools,worry_family,family problems,No,6175,8425,73.3%,71.8%,74.8%,1.5%,1.5%,2023
Female,All Schools,worry_family,family problems,Yes,2250,8425,26.7%,25.2%,28.2%,1.5%,1.5%,2023
Female,All Schools,worry_friends,issues with friends,No,4900,8425,58.2%,56.5%,59.8%,1.7%,1.7%,2023
Female,All Schools,worry_friends,issues with friends,Yes,3525,8425,41.8%,40.2%,43.5%,1.7%,1.7%,2023
Female,All Schools,worry_future,future prospects,No,3320,8425,39.4%,37.8%,41.1%,1.6%,1.7%,2023
Female,All Schools,worry_future,future prospects,Yes,5105,8425,60.6%,58.9%,62.2%,1.7%,1.6%,2023
Female,All Schools,worry_gambling,gambling,No,8300,8430,98.5%,98.0%,98.8%,0.5%,0.4%,2023
Female,All Schools,worry_gambling,gambling,Yes,130,8430,1.5%,1.2%,2.0%,0.4%,0.5%,2023
Female,All Schools,worry_incrime,getting involved in crime,No,7845,8425,93.1%,92.2%,93.9%,0.9%,0.8%,2023
Female,All Schools,worry_incrime,getting involved in crime,Yes,580,8425,6.9%,6.1%,7.8%,0.8%,0.9%,2023
Female,All Schools,worry_lgbt,sexual orientation/identity,No,7710,8430,91.5%,90.5%,92.4%,1.0%,0.9%,2023
Female,All Schools,worry_lgbt,sexual orientation/identity,Yes,720,8430,8.5%,7.6%,9.5%,0.9%,1.0%,2023
Female,All Schools,worry_lonely,feeling lonely,No,5245,8425,62.3%,60.6%,63.9%,1.6%,1.6%,2023
Female,All Schools,worry_lonely,feeling lonely,Yes,3180,8425,37.7%,36.1%,39.4%,1.6%,1.6%,2023
Female,All Schools,worry_look,their appearance,No,3785,8425,44.9%,43.3%,46.6%,1.7%,1.7%,2023
Female,All Schools,worry_look,their appearance,Yes,4640,8425,55.1%,53.4%,56.7%,1.7%,1.7%,2023
Female,All Schools,worry_mental,their mental health,No,4890,8425,58.0%,56.4%,59.7%,1.7%,1.7%,2023
Female,All Schools,worry_mental,their mental health,Yes,3535,8425,42.0%,40.3%,43.6%,1.7%,1.7%,2023
Female,All Schools,worry_money,money problems (including family finances),No,6705,8430,79.5%,78.1%,80.9%,1.4%,1.3%,2023
Female,All Schools,worry_money,money problems (including family finances),Yes,1725,8430,20.5%,19.1%,21.9%,1.3%,1.4%,2023
Female,All Schools,worry_phys,their physical health,No,6205,8425,73.6%,72.1%,75.1%,1.5%,1.5%,2023
Female,All Schools,worry_phys,their physical health,Yes,2220,8425,26.4%,24.9%,27.9%,1.5%,1.5%,2023
Female,All Schools,worry_racism,racism,No,7200,8425,85.5%,84.2%,86.6%,1.2%,1.1%,2023
Female,All Schools,worry_racism,racism,Yes,1225,8425,14.5%,13.4%,15.8%,1.1%,1.2%,2023
Female,All Schools,worry_relationships,relationships/sexual health,No,7025,8425,83.4%,82.1%,84.6%,1.3%,1.2%,2023
Female,All Schools,worry_relationships,relationships/sexual health,Yes,1400,8425,16.6%,15.4%,17.9%,1.2%,1.3%,2023
Female,All Schools,worry_school,schoolwork,No,3355,8425,39.8%,38.2%,41.5%,1.6%,1.7%,2023
Female,All Schools,worry_school,schoolwork,Yes,5070,8425,60.2%,58.5%,61.8%,1.7%,1.6%,2023
Female,All Schools,worry_socialmedia,social media,No,6550,8425,77.7%,76.3%,79.1%,1.4%,1.4%,2023
Female,All Schools,worry_socialmedia,social media,Yes,1875,8425,22.3%,20.9%,23.7%,1.4%,1.4%,2023
Female,All Schools,worry_treatboys,how women treat/speak to boys,No,7735,8425,91.8%,90.8%,92.7%,1.0%,0.9%,2023
Female,All Schools,worry_treatboys,how women treat/speak to boys,Yes,690,8425,8.2%,7.3%,9.2%,0.9%,1.0%,2023
Female,All Schools,worry_treatgirls,how men treat/speak to girls,No,5015,8425,59.5%,57.9%,61.2%,1.7%,1.6%,2023
Female,All Schools,worry_treatgirls,how men treat/speak to girls,Yes,3410,8425,40.5%,38.8%,42.1%,1.6%,1.7%,2023
Female,All Schools,worry_violenceboys,harrassment/violence against boys,No,7880,8430,93.5%,92.6%,94.3%,0.9%,0.8%,2023
Female,All Schools,worry_violenceboys,harrassment/violence against boys,Yes,550,8430,6.5%,5.7%,7.4%,0.8%,0.9%,2023
Female,All Schools,worry_violencegirls,harrassment/violence against girls,No,5805,8425,68.9%,67.3%,70.4%,1.6%,1.5%,2023
Female,All Schools,worry_violencegirls,harrassment/violence against girls,Yes,2620,8425,31.1%,29.6%,32.7%,1.5%,1.6%,2023
Female,All Schools,xanex_exp,Xanax,No,8420,8425,99.9%,99.8%,100.0%,0.2%,0.0%,2023
Female,All Schools,xanex_exp,Xanax,Yes,5,8425,0.1%,0.0%,0.2%,0.0%,0.2%,2023
Female,All Schools,xanex_offered,Xanax,No,8405,8425,99.8%,99.5%,99.9%,0.2%,0.1%,2023
Female,All Schools,xanex_offered,Xanax,Yes,20,8425,0.2%,0.1%,0.5%,0.1%,0.2%,2023
Male,All Schools,age,Age,10,30,7225,0.4%,0.2%,0.7%,0.2%,0.3%,2023
Male,All Schools,age,Age,11,1040,7225,14.4%,13.2%,15.7%,1.2%,1.3%,2023
Male,All Schools,age,Age,12,1560,7225,21.6%,20.1%,23.1%,1.5%,1.5%,2023
Male,All Schools,age,Age,13,1395,7225,19.3%,17.9%,20.8%,1.4%,1.5%,2023
Male,All Schools,age,Age,14,1110,7225,15.4%,14.1%,16.7%,1.3%,1.4%,2023
Male,All Schools,age,Age,15,940,7225,13.0%,11.8%,14.3%,1.2%,1.3%,2023
Male,All Schools,age,Age,16,660,7225,9.1%,8.1%,10.2%,1.0%,1.1%,2023
Male,All Schools,age,Age,17,385,7225,5.3%,4.6%,6.2%,0.8%,0.9%,2023
Male,All Schools,age,Age,18,100,7225,1.4%,1.0%,1.9%,0.4%,0.5%,2023
Male,All Schools,age,Age,19,5,7225,0.1%,0.0%,0.3%,0.1%,0.2%,2023
Male,All Schools,age,Age,20,0,7225,0.0%,0.0%,0.1%,0.0%,0.1%,2023
Male,All Schools,alcohol_6more,how often they have six or more drinks on one occasion,Daily or almost daily,30,1685,1.8%,1.0%,3.1%,0.8%,1.3%,2023
Male,All Schools,alcohol_6more,how often they have six or more drinks on one occasion,Less than monthly,435,1685,25.8%,22.7%,29.2%,3.2%,3.4%,2023
Male,All Schools,alcohol_6more,how often they have six or more drinks on one occasion,Monthly,240,1685,14.2%,11.8%,17.1%,2.4%,2.8%,2023
Male,All Schools,alcohol_6more,how often they have six or more drinks on one occasion,Never,910,1685,54.0%,50.2%,57.7%,3.8%,3.7%,2023
Male,All Schools,alcohol_6more,how often they have six or more drinks on one occasion,Weekly,70,1685,4.2%,2.9%,5.9%,1.3%,1.8%,2023
Male,All Schools,alcohol_ever,how often they had an alcohol-containing drink in the past three months,2-3 times a week,120,7155,1.7%,1.3%,2.2%,0.4%,0.5%,2023
Male,All Schools,alcohol_ever,how often they had an alcohol-containing drink in the past three months,2-4 times a month,525,7155,7.3%,6.4%,8.3%,0.9%,1.0%,2023
Male,All Schools,alcohol_ever,how often they had an alcohol-containing drink in the past three months,4 or more times a week,60,7155,0.8%,0.6%,1.2%,0.3%,0.4%,2023
Male,All Schools,alcohol_ever,how often they had an alcohol-containing drink in the past three months,Monthly or less,935,7155,13.1%,11.9%,14.3%,1.2%,1.3%,2023
Male,All Schools,alcohol_ever,how often they had an alcohol-containing drink in the past three months,Never,5515,7155,77.1%,75.5%,78.6%,1.6%,1.5%,2023
Male,All Schools,alcohol_reduce,want to reduce or stop drinking,I'd like to reduce the amount I drink but not stop,345,1580,21.8%,18.8%,25.2%,3.0%,3.4%,2023
Male,All Schools,alcohol_reduce,want to reduce or stop drinking,"No, I want to keep drinking alcohol",990,1580,62.7%,58.8%,66.3%,3.8%,3.7%,2023
Male,All Schools,alcohol_reduce,want to reduce or stop drinking,"Yes, I'd like to stop drinking alcohol",245,1580,15.5%,12.9%,18.5%,2.6%,3.0%,2023
Male,All Schools,amphetamine_offered,amphetamines,No,7170,7230,99.2%,98.8%,99.4%,0.4%,0.3%,2023
Male,All Schools,amphetamine_offered,amphetamines,Yes,60,7230,0.8%,0.6%,1.2%,0.3%,0.4%,2023
Male,All Schools,amphetamines_exp,amphetamines,No,7205,7230,99.7%,99.4%,99.8%,0.3%,0.2%,2023
Male,All Schools,amphetamines_exp,amphetamines,Yes,25,7230,0.3%,0.2%,0.6%,0.2%,0.3%,2023
Male,All Schools,bullied,have ever been bullied or picked on,No,4820,7225,66.7%,65.0%,68.4%,1.7%,1.7%,2023
Male,All Schools,bullied,have ever been bullied or picked on,Yes,2405,7225,33.3%,31.6%,35.0%,1.7%,1.7%,2023
Male,All Schools,bullied_currently,are currently being bullied or picked on,No,1885,2430,77.6%,74.9%,80.1%,2.7%,2.5%,2023
Male,All Schools,bullied_currently,are currently being bullied or picked on,Prefer not to say,215,2430,8.8%,7.2%,10.8%,1.6%,1.9%,2023
Male,All Schools,bullied_currently,are currently being bullied or picked on,Yes,330,2430,13.6%,11.6%,15.9%,2.0%,2.3%,2023
Male,All Schools,bullied_internet,they have been bullied online,No,6895,7230,95.4%,94.5%,96.1%,0.8%,0.7%,2023
Male,All Schools,bullied_internet,they have been bullied online,Yes,335,7230,4.6%,3.9%,5.5%,0.7%,0.8%,2023
Male,All Schools,bullied_none,have no experiences with bullying,No,3350,7230,46.3%,44.5%,48.2%,1.8%,1.8%,2023
Male,All Schools,bullied_none,have no experiences with bullying,Yes,3880,7230,53.7%,51.8%,55.5%,1.8%,1.8%,2023
Male,All Schools,bullied_others,have ever bullied or picked on someone else,No,6615,7230,91.5%,90.4%,92.5%,1.1%,1.0%,2023
Male,All Schools,bullied_others,have ever bullied or picked on someone else,Yes,615,7230,8.5%,7.5%,9.6%,1.0%,1.1%,2023
Male,All Schools,bullied_outschool,they have been bullied somewhere other than school,No,6810,7230,94.2%,93.3%,95.0%,0.9%,0.8%,2023
Male,All Schools,bullied_outschool,they have been bullied somewhere other than school,Yes,420,7230,5.8%,5.0%,6.7%,0.8%,0.9%,2023
Male,All Schools,bullied_prefer_not_say,would prefer not to respond about their experiences with bullying,No,6705,7230,92.7%,91.7%,93.6%,1.0%,0.9%,2023
Male,All Schools,bullied_prefer_not_say,would prefer not to respond about their experiences with bullying,Yes,525,7230,7.3%,6.4%,8.3%,0.9%,1.0%,2023
Male,All Schools,bullied_school,they have been bullied at school,No,5065,7230,70.1%,68.4%,71.7%,1.7%,1.6%,2023
Male,All Schools,bullied_school,they have been bullied at school,Yes,2165,7230,29.9%,28.3%,31.6%,1.6%,1.7%,2023
Male,All Schools,buyalc_friend,from a friend or relative,No,6590,7225,91.2%,90.1%,92.2%,1.1%,1.0%,2023
Male,All Schools,buyalc_friend,from a friend or relative,Yes,635,7225,8.8%,7.8%,9.9%,1.0%,1.1%,2023
Male,All Schools,buyalc_home,from home,No,6510,7225,90.1%,89.0%,91.1%,1.1%,1.0%,2023
Male,All Schools,buyalc_home,from home,Yes,715,7225,9.9%,8.9%,11.0%,1.0%,1.1%,2023
Male,All Schools,buyalc_internet,from the internet,No,7195,7230,99.5%,99.2%,99.7%,0.3%,0.2%,2023
Male,All Schools,buyalc_internet,from the internet,Yes,35,7230,0.5%,0.3%,0.8%,0.2%,0.3%,2023
Male,All Schools,buyalc_other,from another place,No,7020,7230,97.1%,96.4%,97.6%,0.7%,0.6%,2023
Male,All Schools,buyalc_other,from another place,Yes,210,7230,2.9%,2.4%,3.6%,0.6%,0.7%,2023
Male,All Schools,buyalc_pubbar,from a pub/bar,No,7025,7230,97.2%,96.5%,97.7%,0.7%,0.5%,2023
Male,All Schools,buyalc_pubbar,from a pub/bar,Yes,205,7230,2.8%,2.3%,3.5%,0.5%,0.7%,2023
Male,All Schools,buyalc_smallshop,from a small shop/off-licence,No,6995,7230,96.7%,96.0%,97.3%,0.7%,0.6%,2023
Male,All Schools,buyalc_smallshop,from a small shop/off-licence,Yes,235,7230,3.3%,2.7%,4.0%,0.6%,0.7%,2023
Male,All Schools,buyalc_supermarket,from a supermarket,No,7090,7230,98.1%,97.5%,98.5%,0.6%,0.4%,2023
Male,All Schools,buyalc_supermarket,from a supermarket,Yes,140,7230,1.9%,1.5%,2.5%,0.4%,0.6%,2023
Male,All Schools,buycig_friend,from a friend or relative,No,7230,7230,100.0%,99.9%,100.0%,0.1%,-0.0%,2023
Male,All Schools,buycig_internet,from the internet,No,7230,7230,100.0%,99.9%,100.0%,0.1%,-0.0%,2023
Male,All Schools,buycig_other,from another place,No,7230,7230,100.0%,99.9%,100.0%,0.1%,-0.0%,2023
Male,All Schools,buycig_pubbar,from a pub/bar,No,7230,7230,100.0%,99.9%,100.0%,0.1%,-0.0%,2023
Male,All Schools,buycig_smallshop,from a small shop/off-licence,No,7230,7230,100.0%,99.9%,100.0%,0.1%,-0.0%,2023
Male,All Schools,buycig_supermarket,from a supermarket,No,7230,7230,100.0%,99.9%,100.0%,0.1%,-0.0%,2023
Male,All Schools,buydrug_bar,pubs/bars/clubs,No,7205,7225,99.7%,99.5%,99.9%,0.3%,0.1%,2023
Male,All Schools,buydrug_bar,pubs/bars/clubs,Yes,20,7225,0.3%,0.1%,0.5%,0.1%,0.3%,2023
Male,All Schools,buydrug_friend,friend or relative,No,7080,7230,97.9%,97.3%,98.4%,0.6%,0.5%,2023
Male,All Schools,buydrug_friend,friend or relative,Yes,150,7230,2.1%,1.6%,2.7%,0.5%,0.6%,2023
Male,All Schools,buydrug_internet,the internet,No,7200,7230,99.6%,99.3%,99.8%,0.3%,0.2%,2023
Male,All Schools,buydrug_internet,the internet,Yes,30,7230,0.4%,0.2%,0.7%,0.2%,0.3%,2023
Male,All Schools,buydrug_other,other sources,No,7175,7230,99.2%,98.9%,99.5%,0.4%,0.3%,2023
Male,All Schools,buydrug_other,other sources,Yes,55,7230,0.8%,0.5%,1.1%,0.3%,0.4%,2023
Male,All Schools,buydrug_school,school,No,7210,7230,99.7%,99.5%,99.9%,0.3%,0.1%,2023
Male,All Schools,buydrug_school,school,Yes,20,7230,0.3%,0.1%,0.5%,0.1%,0.3%,2023
Male,All Schools,buydrug_streets,on the street,No,7130,7230,98.6%,98.1%,99.0%,0.5%,0.4%,2023
Male,All Schools,buydrug_streets,on the street,Yes,100,7230,1.4%,1.0%,1.9%,0.4%,0.5%,2023
Male,All Schools,cannabis_exp,cannabis,No,7010,7230,97.0%,96.3%,97.5%,0.7%,0.6%,2023
Male,All Schools,cannabis_exp,cannabis,Yes,220,7230,3.0%,2.5%,3.7%,0.6%,0.7%,2023
Male,All Schools,cannabis_offered,cannabis,No,6655,7230,92.0%,91.0%,93.0%,1.0%,0.9%,2023
Male,All Schools,cannabis_offered,cannabis,Yes,575,7230,8.0%,7.0%,9.0%,0.9%,1.0%,2023
Male,All Schools,caring,"help to look after a family member with a serious, mental or physical, illness or disability",No,5900,7050,83.7%,82.3%,85.0%,1.4%,1.3%,2023
Male,All Schools,caring,"help to look after a family member with a serious, mental or physical, illness or disability",Prefer not to say,405,7050,5.7%,4.9%,6.7%,0.8%,0.9%,2023
Male,All Schools,caring,"help to look after a family member with a serious, mental or physical, illness or disability",Yes,745,7050,10.6%,9.5%,11.8%,1.1%,1.2%,2023
Male,All Schools,carry_protection,carry weapons for protection when going out,Always,60,6975,0.9%,0.6%,1.3%,0.3%,0.4%,2023
Male,All Schools,carry_protection,carry weapons for protection when going out,Never,6575,6975,94.3%,93.3%,95.1%,0.9%,0.8%,2023
Male,All Schools,carry_protection,carry weapons for protection when going out,Prefer not to say,150,6975,2.2%,1.7%,2.8%,0.5%,0.6%,2023
Male,All Schools,carry_protection,carry weapons for protection when going out,Sometimes,165,6975,2.4%,1.9%,3.0%,0.5%,0.6%,2023
Male,All Schools,carry_protection,carry weapons for protection when going out,Usually,25,6975,0.4%,0.2%,0.7%,0.2%,0.3%,2023
Male,All Schools,carry_protection_other,know anyone who carries a weapons for protection when going out,Don't know,1280,6885,18.6%,17.2%,20.1%,1.4%,1.5%,2023
Male,All Schools,carry_protection_other,know anyone who carries a weapons for protection when going out,No,4825,6885,70.1%,68.3%,71.8%,1.7%,1.7%,2023
Male,All Schools,carry_protection_other,know anyone who carries a weapons for protection when going out,Prefer not to say,230,6885,3.3%,2.7%,4.1%,0.6%,0.7%,2023
Male,All Schools,carry_protection_other,know anyone who carries a weapons for protection when going out,Yes,550,6885,8.0%,7.0%,9.1%,1.0%,1.1%,2023
Male,All Schools,cla,child looked after (lived with foster carers/care home),No,6845,7060,97.0%,96.3%,97.5%,0.7%,0.6%,2023
Male,All Schools,cla,child looked after (lived with foster carers/care home),Prefer not to say,115,7060,1.6%,1.2%,2.2%,0.4%,0.5%,2023
Male,All Schools,cla,child looked after (lived with foster carers/care home),Yes,100,7060,1.4%,1.0%,1.9%,0.4%,0.5%,2023
Male,All Schools,clubs_arts,an arts and crafts group,Currently attending,305,780,39.1%,33.9%,44.6%,5.2%,5.5%,2023
Male,All Schools,clubs_arts,an arts and crafts group,Would like to attend,475,780,60.9%,55.4%,66.1%,5.5%,5.2%,2023
Male,All Schools,clubs_doe,Duke of Edinburgh,Currently attending,865,1830,47.3%,43.7%,50.9%,3.6%,3.6%,2023
Male,All Schools,clubs_doe,Duke of Edinburgh,Would like to attend,965,1830,52.7%,49.1%,56.3%,3.6%,3.6%,2023
Male,All Schools,clubs_music,a music club/group,Currently attending,975,1460,66.8%,62.9%,70.5%,3.9%,3.7%,2023
Male,All Schools,clubs_music,a music club/group,Would like to attend,485,1460,33.2%,29.5%,37.1%,3.7%,3.9%,2023
Male,All Schools,clubs_other,other groups,Currently attending,1015,1425,71.2%,67.4%,74.8%,3.8%,3.6%,2023
Male,All Schools,clubs_other,other groups,Would like to attend,410,1425,28.8%,25.2%,32.6%,3.6%,3.8%,2023
Male,All Schools,clubs_perform,a drama/performing arts/dance group,Currently attending,430,855,50.3%,45.0%,55.5%,5.3%,5.3%,2023
Male,All Schools,clubs_perform,a drama/performing arts/dance group,Would like to attend,425,855,49.7%,44.5%,55.0%,5.3%,5.3%,2023
Male,All Schools,clubs_religion,a religious group,Currently attending,330,610,54.1%,47.8%,60.2%,6.3%,6.1%,2023
Male,All Schools,clubs_religion,a religious group,Would like to attend,280,610,45.9%,39.8%,52.2%,6.1%,6.3%,2023
Male,All Schools,clubs_schoolclub,a club/group at school,Currently attending,2210,2545,86.8%,84.6%,88.8%,2.2%,1.9%,2023
Male,All Schools,clubs_schoolclub,a club/group at school,Would like to attend,335,2545,13.2%,11.2%,15.4%,1.9%,2.2%,2023
Male,All Schools,clubs_sports,a sports club,Currently attending,4010,4695,85.4%,83.7%,86.9%,1.7%,1.5%,2023
Male,All Schools,clubs_sports,a sports club,Would like to attend,685,4695,14.6%,13.1%,16.3%,1.5%,1.7%,2023
Male,All Schools,clubs_syp,Services for Young People,Currently attending,125,415,30.1%,23.7%,37.5%,6.4%,7.3%,2023
Male,All Schools,clubs_syp,Services for Young People,Would like to attend,290,415,69.9%,62.5%,76.3%,7.3%,6.4%,2023
Male,All Schools,clubs_uniformed,a uniformed group,Currently attending,775,1100,70.5%,66.0%,74.5%,4.4%,4.1%,2023
Male,All Schools,clubs_uniformed,a uniformed group,Would like to attend,325,1100,29.5%,25.5%,34.0%,4.1%,4.4%,2023
Male,All Schools,clubs_volunteering,volunteering/social action group,Currently attending,490,885,55.4%,50.2%,60.4%,5.2%,5.1%,2023
Male,All Schools,clubs_volunteering,volunteering/social action group,Would like to attend,395,885,44.6%,39.6%,49.8%,5.1%,5.2%,2023
Male,All Schools,cocaine_exp,cocaine,No,7185,7225,99.4%,99.1%,99.7%,0.3%,0.2%,2023
Male,All Schools,cocaine_exp,cocaine,Yes,40,7225,0.6%,0.3%,0.9%,0.2%,0.3%,2023
Male,All Schools,cocaine_offered,cocaine,No,7075,7230,97.9%,97.3%,98.3%,0.6%,0.5%,2023
Male,All Schools,cocaine_offered,cocaine,Yes,155,7230,2.1%,1.7%,2.7%,0.5%,0.6%,2023
Male,All Schools,condition_adhd,ADHD,No,6565,7230,90.8%,89.7%,91.8%,1.1%,1.0%,2023
Male,All Schools,condition_adhd,ADHD,Yes,665,7230,9.2%,8.2%,10.3%,1.0%,1.1%,2023
Male,All Schools,condition_autism,autism,No,6800,7230,94.1%,93.1%,94.9%,0.9%,0.8%,2023
Male,All Schools,condition_autism,autism,Yes,430,7230,5.9%,5.1%,6.9%,0.8%,0.9%,2023
Male,All Schools,condition_disability,physical disability,No,7100,7230,98.2%,97.7%,98.6%,0.6%,0.4%,2023
Male,All Schools,condition_disability,physical disability,Yes,130,7230,1.8%,1.4%,2.3%,0.4%,0.6%,2023
Male,All Schools,condition_mental,diagnosed mental health condition,No,6940,7225,96.1%,95.3%,96.7%,0.8%,0.6%,2023
Male,All Schools,condition_mental,diagnosed mental health condition,Yes,285,7225,3.9%,3.3%,4.7%,0.6%,0.8%,2023
Male,All Schools,condition_physical,physical condition,No,6560,7230,90.7%,89.6%,91.7%,1.1%,1.0%,2023
Male,All Schools,condition_physical,physical condition,Yes,670,7230,9.3%,8.3%,10.4%,1.0%,1.1%,2023
Male,All Schools,condition_send,special education need(s) or learning difficulty,No,6835,7230,94.5%,93.7%,95.3%,0.9%,0.8%,2023
Male,All Schools,condition_send,special education need(s) or learning difficulty,Yes,395,7230,5.5%,4.7%,6.3%,0.8%,0.9%,2023
Male,All Schools,condoms_free,they know where they can get condoms for free,No,1130,2740,41.2%,38.4%,44.2%,2.9%,2.9%,2023
Male,All Schools,condoms_free,they know where they can get condoms for free,Not sure,410,2740,15.0%,13.0%,17.2%,2.0%,2.2%,2023
Male,All Schools,condoms_free,they know where they can get condoms for free,Yes,1200,2740,43.8%,40.9%,46.7%,2.9%,2.9%,2023
Male,All Schools,cope_alcohol,by drinking alcohol,No,7065,7230,97.7%,97.1%,98.2%,0.6%,0.5%,2023
Male,All Schools,cope_alcohol,by drinking alcohol,Yes,165,7230,2.3%,1.8%,2.9%,0.5%,0.6%,2023
Male,All Schools,cope_counselling,by having counselling,No,7090,7230,98.1%,97.5%,98.5%,0.6%,0.4%,2023
Male,All Schools,cope_counselling,by having counselling,Yes,140,7230,1.9%,1.5%,2.5%,0.4%,0.6%,2023
Male,All Schools,cope_creative,by doing creative activities,No,6115,7230,84.6%,83.2%,85.8%,1.4%,1.3%,2023
Male,All Schools,cope_creative,by doing creative activities,Yes,1115,7230,15.4%,14.2%,16.8%,1.3%,1.4%,2023
Male,All Schools,cope_drugs,by doing drugs,No,7125,7230,98.5%,98.0%,98.9%,0.5%,0.4%,2023
Male,All Schools,cope_drugs,by doing drugs,Yes,105,7230,1.5%,1.1%,2.0%,0.4%,0.5%,2023
Male,All Schools,cope_eat,by eating more,No,6510,7225,90.1%,89.0%,91.1%,1.1%,1.0%,2023
Male,All Schools,cope_eat,by eating more,Yes,715,7225,9.9%,8.9%,11.0%,1.0%,1.1%,2023
Male,All Schools,cope_exercise,by exercising,No,4245,7225,58.8%,57.0%,60.5%,1.8%,1.8%,2023
Male,All Schools,cope_exercise,by exercising,Yes,2980,7225,41.2%,39.5%,43.0%,1.8%,1.8%,2023
Male,All Schools,cope_games,by playing computer games,No,3620,7225,50.1%,48.3%,51.9%,1.8%,1.8%,2023
Male,All Schools,cope_games,by playing computer games,Yes,3605,7225,49.9%,48.1%,51.7%,1.8%,1.8%,2023
Male,All Schools,cope_internet,by looking for help online,No,6925,7230,95.8%,95.0%,96.5%,0.8%,0.7%,2023
Male,All Schools,cope_internet,by looking for help online,Yes,305,7230,4.2%,3.5%,5.0%,0.7%,0.8%,2023
Male,All Schools,cope_music,by listening to music,No,4005,7230,55.4%,53.6%,57.2%,1.8%,1.8%,2023
Male,All Schools,cope_music,by listening to music,Yes,3225,7230,44.6%,42.8%,46.4%,1.8%,1.8%,2023
Male,All Schools,cope_nothing,by doing nothing,No,5865,7230,81.1%,79.7%,82.5%,1.5%,1.4%,2023
Male,All Schools,cope_nothing,by doing nothing,Yes,1365,7230,18.9%,17.5%,20.3%,1.4%,1.5%,2023
Male,All Schools,cope_other,by other methods,No,6835,7230,94.5%,93.7%,95.3%,0.9%,0.8%,2023
Male,All Schools,cope_other,by other methods,Yes,395,7230,5.5%,4.7%,6.3%,0.8%,0.9%,2023
Male,All Schools,cope_selfharm,by self-harm,No,7035,7230,97.3%,96.6%,97.8%,0.7%,0.5%,2023
Male,All Schools,cope_selfharm,by self-harm,Yes,195,7230,2.7%,2.2%,3.4%,0.5%,0.7%,2023
Male,All Schools,cope_smoke,by smoking,No,7135,7230,98.7%,98.2%,99.0%,0.5%,0.4%,2023
Male,All Schools,cope_smoke,by smoking,Yes,95,7230,1.3%,1.0%,1.8%,0.4%,0.5%,2023
Male,All Schools,cope_talkadult,by talking to an adult that's not their carer,No,6555,7230,90.7%,89.6%,91.7%,1.1%,1.0%,2023
Male,All Schools,cope_talkadult,by talking to an adult that's not their carer,Yes,675,7230,9.3%,8.3%,10.4%,1.0%,1.1%,2023
Male,All Schools,cope_talkfamily,by talking to family,No,4665,7230,64.5%,62.8%,66.2%,1.8%,1.7%,2023
Male,All Schools,cope_talkfamily,by talking to family,Yes,2565,7230,35.5%,33.8%,37.2%,1.7%,1.8%,2023
Male,All Schools,cope_talkfriend,by talking to a friend,No,4810,7230,66.5%,64.8%,68.2%,1.7%,1.7%,2023
Male,All Schools,cope_talkfriend,by talking to a friend,Yes,2420,7230,33.5%,31.8%,35.2%,1.7%,1.7%,2023
Male,All Schools,cope_think,by thinking of a solution on their own,No,5600,7230,77.5%,75.9%,78.9%,1.6%,1.5%,2023
Male,All Schools,cope_think,by thinking of a solution on their own,Yes,1630,7230,22.5%,21.1%,24.1%,1.5%,1.6%,2023
Male,All Schools,crack_exp,crack,No,7205,7230,99.7%,99.4%,99.8%,0.3%,0.2%,2023
Male,All Schools,crack_exp,crack,Yes,25,7230,0.3%,0.2%,0.6%,0.2%,0.3%,2023
Male,All Schools,crack_offered,crack,No,7160,7230,99.0%,98.6%,99.3%,0.4%,0.3%,2023
Male,All Schools,crack_offered,crack,Yes,70,7230,1.0%,0.7%,1.4%,0.3%,0.4%,2023
Male,All Schools,derbisol_exp,derbisol,No,7210,7230,99.7%,99.5%,99.9%,0.3%,0.1%,2023
Male,All Schools,derbisol_exp,derbisol,Yes,20,7230,0.3%,0.1%,0.5%,0.1%,0.3%,2023
Male,All Schools,derbisol_offered,derbisol,No,7195,7225,99.6%,99.3%,99.8%,0.3%,0.2%,2023
Male,All Schools,derbisol_offered,derbisol,Yes,30,7225,0.4%,0.2%,0.7%,0.2%,0.3%,2023
Male,All Schools,district_pc,NA,Broxbourne,25,3770,0.7%,0.4%,1.2%,0.3%,0.6%,2023
Male,All Schools,district_pc,NA,Dacorum,535,3770,14.2%,12.5%,16.0%,1.7%,1.8%,2023
Male,All Schools,district_pc,NA,East Hertfordshire,235,3770,6.2%,5.1%,7.6%,1.1%,1.3%,2023
Male,All Schools,district_pc,NA,Epping Forest,0,3770,0.0%,0.0%,0.3%,0.0%,0.3%,2023
Male,All Schools,district_pc,NA,Hertsmere,170,3770,4.5%,3.6%,5.7%,0.9%,1.2%,2023
Male,All Schools,district_pc,NA,North Hertfordshire,530,3770,14.1%,12.4%,15.9%,1.7%,1.8%,2023
Male,All Schools,district_pc,NA,St Albans,950,3770,25.2%,23.1%,27.4%,2.1%,2.2%,2023
Male,All Schools,district_pc,NA,Stevenage,260,3770,6.9%,5.7%,8.3%,1.2%,1.4%,2023
Male,All Schools,district_pc,NA,Three Rivers,555,3770,14.7%,13.0%,16.6%,1.7%,1.9%,2023
Male,All Schools,district_pc,NA,Uttlesford,10,3770,0.3%,0.1%,0.7%,0.2%,0.4%,2023
Male,All Schools,district_pc,NA,Watford,285,3770,7.6%,6.3%,9.0%,1.2%,1.4%,2023
Male,All Schools,district_pc,NA,Welwyn Hatfield,215,3770,5.7%,4.6%,7.0%,1.1%,1.3%,2023
Male,All Schools,district_residence,which district they lived in,Broxbourne,45,7225,0.6%,0.4%,1.0%,0.2%,0.4%,2023
Male,All Schools,district_residence,which district they lived in,Dacorum,895,7225,12.4%,11.2%,13.6%,1.1%,1.2%,2023
Male,All Schools,district_residence,which district they lived in,East Hertfordshire,495,7225,6.9%,6.0%,7.8%,0.9%,1.0%,2023
Male,All Schools,district_residence,which district they lived in,Hertsmere,310,7225,4.3%,3.6%,5.1%,0.7%,0.8%,2023
Male,All Schools,district_residence,which district they lived in,North Hertfordshire,905,7225,12.5%,11.4%,13.8%,1.2%,1.3%,2023
Male,All Schools,district_residence,which district they lived in,Outside of Hertfordshire,370,7225,5.1%,4.4%,6.0%,0.7%,0.9%,2023
Male,All Schools,district_residence,which district they lived in,St Albans,1565,7225,21.7%,20.2%,23.2%,1.5%,1.5%,2023
Male,All Schools,district_residence,which district they lived in,Stevenage,730,7225,10.1%,9.1%,11.3%,1.0%,1.1%,2023
Male,All Schools,district_residence,which district they lived in,Three Rivers,815,7225,11.3%,10.2%,12.5%,1.1%,1.2%,2023
Male,All Schools,district_residence,which district they lived in,Watford,685,7225,9.5%,8.5%,10.6%,1.0%,1.1%,2023
Male,All Schools,district_residence,which district they lived in,Welwyn Hatfield,410,7225,5.7%,4.9%,6.6%,0.8%,0.9%,2023
Male,All Schools,district_school,NA,Broxbourne,15,7225,0.2%,0.1%,0.5%,0.1%,0.2%,2023
Male,All Schools,district_school,NA,Dacorum,820,7225,11.3%,10.2%,12.6%,1.1%,1.2%,2023
Male,All Schools,district_school,NA,East Hertfordshire,490,7225,6.8%,5.9%,7.8%,0.9%,1.0%,2023
Male,All Schools,district_school,NA,Hertsmere,365,7225,5.1%,4.3%,5.9%,0.7%,0.9%,2023
Male,All Schools,district_school,NA,North Hertfordshire,950,7225,13.1%,12.0%,14.4%,1.2%,1.3%,2023
Male,All Schools,district_school,NA,St Albans,1820,7225,25.2%,23.6%,26.8%,1.5%,1.6%,2023
Male,All Schools,district_school,NA,Stevenage,720,7225,10.0%,8.9%,11.1%,1.0%,1.1%,2023
Male,All Schools,district_school,NA,Three Rivers,1720,7225,23.8%,22.3%,25.4%,1.5%,1.6%,2023
Male,All Schools,district_school,NA,Welwyn Hatfield,325,7225,4.5%,3.8%,5.3%,0.7%,0.8%,2023
Male,All Schools,drug_ever,the best statement that describes them regarding recreational drug use,I have never taken drugs,6705,7120,94.2%,93.3%,95.0%,0.9%,0.8%,2023
Male,All Schools,drug_ever,the best statement that describes them regarding recreational drug use,I have taken drugs once or twice,220,7120,3.1%,2.5%,3.8%,0.6%,0.7%,2023
Male,All Schools,drug_ever,the best statement that describes them regarding recreational drug use,I take drugs occasionally (less than once a week),80,7120,1.1%,0.8%,1.6%,0.3%,0.5%,2023
Male,All Schools,drug_ever,the best statement that describes them regarding recreational drug use,I take drugs regularly (once a week or more),60,7120,0.8%,0.6%,1.2%,0.3%,0.4%,2023
Male,All Schools,drug_ever,the best statement that describes them regarding recreational drug use,"I used to take drugs, but I don’t now",55,7120,0.8%,0.5%,1.2%,0.3%,0.4%,2023
Male,All Schools,drug_reduce,if they want to reduce or stop taking drugs,I'd like to reduce the amount I take but not stop,80,330,24.2%,17.7%,32.2%,6.5%,7.9%,2023
Male,All Schools,drug_reduce,if they want to reduce or stop taking drugs,"No, I want to keep taking drugs",125,330,37.9%,30.1%,46.4%,7.8%,8.5%,2023
Male,All Schools,drug_reduce,if they want to reduce or stop taking drugs,"Yes, I'd like to stop taking drugs",125,330,37.9%,30.1%,46.4%,7.8%,8.5%,2023
Male,All Schools,drugs_alcohol,ever taken drugs and drunk alcohol on the same occasion,No,155,365,42.5%,34.8%,50.6%,7.7%,8.1%,2023
Male,All Schools,drugs_alcohol,ever taken drugs and drunk alcohol on the same occasion,Not sure,25,365,6.8%,3.8%,12.1%,3.1%,5.3%,2023
Male,All Schools,drugs_alcohol,ever taken drugs and drunk alcohol on the same occasion,Yes,185,365,50.7%,42.7%,58.7%,8.0%,8.0%,2023
Male,All Schools,drugsupp_doctor,from a health professional,No,5305,7230,73.4%,71.7%,74.9%,1.6%,1.6%,2023
Male,All Schools,drugsupp_doctor,from a health professional,Yes,1925,7230,26.6%,25.1%,28.3%,1.6%,1.6%,2023
Male,All Schools,drugsupp_family,from family,No,2660,7225,36.8%,35.1%,38.6%,1.7%,1.8%,2023
Male,All Schools,drugsupp_family,from family,Yes,4565,7225,63.2%,61.4%,64.9%,1.8%,1.7%,2023
Male,All Schools,drugsupp_friends,from friends,No,5410,7230,74.8%,73.2%,76.4%,1.6%,1.5%,2023
Male,All Schools,drugsupp_friends,from friends,Yes,1820,7230,25.2%,23.6%,26.8%,1.5%,1.6%,2023
Male,All Schools,drugsupp_internet,from the internet,No,5655,7225,78.3%,76.7%,79.7%,1.5%,1.5%,2023
Male,All Schools,drugsupp_internet,from the internet,Yes,1570,7225,21.7%,20.3%,23.3%,1.5%,1.5%,2023
Male,All Schools,drugsupp_other,from other sources,No,6815,7225,94.3%,93.4%,95.1%,0.9%,0.8%,2023
Male,All Schools,drugsupp_other,from other sources,Yes,410,7225,5.7%,4.9%,6.6%,0.8%,0.9%,2023
Male,All Schools,drugsupp_teacher,from a teacher,No,5260,7230,72.8%,71.1%,74.3%,1.6%,1.6%,2023
Male,All Schools,drugsupp_teacher,from a teacher,Yes,1970,7230,27.2%,25.7%,28.9%,1.6%,1.6%,2023
Male,All Schools,drugsupp_ypservice,from Drug & Alcohol Services for young people,No,5855,7230,81.0%,79.5%,82.4%,1.5%,1.4%,2023
Male,All Schools,drugsupp_ypservice,from Drug & Alcohol Services for young people,Yes,1375,7230,19.0%,17.6%,20.5%,1.4%,1.5%,2023
Male,All Schools,drugsupp_yw,from a Youth Worker,No,6675,7230,92.3%,91.3%,93.2%,1.0%,0.9%,2023
Male,All Schools,drugsupp_yw,from a Youth Worker,Yes,555,7230,7.7%,6.8%,8.7%,0.9%,1.0%,2023
Male,All Schools,ecstasy_exp,ecstasy,No,7170,7230,99.2%,98.8%,99.4%,0.4%,0.3%,2023
Male,All Schools,ecstasy_exp,ecstasy,Yes,60,7230,0.8%,0.6%,1.2%,0.3%,0.4%,2023
Male,All Schools,ecstasy_offered,ecstasy,No,7095,7230,98.1%,97.6%,98.6%,0.6%,0.4%,2023
Male,All Schools,ecstasy_offered,ecstasy,Yes,135,7230,1.9%,1.4%,2.4%,0.4%,0.6%,2023
Male,All Schools,environ_awareness,raise awareness,No,6980,7230,96.5%,95.8%,97.1%,0.7%,0.6%,2023
Male,All Schools,environ_awareness,raise awareness,Yes,250,7230,3.5%,2.9%,4.2%,0.6%,0.7%,2023
Male,All Schools,environ_barriers_cost,financial cost,No,6290,7230,87.0%,85.7%,88.2%,1.3%,1.2%,2023
Male,All Schools,environ_barriers_cost,financial cost,Yes,940,7230,13.0%,11.8%,14.3%,1.2%,1.3%,2023
Male,All Schools,environ_barriers_notconsider,sustainability is not a consideration in their household,No,6745,7230,93.3%,92.3%,94.1%,1.0%,0.9%,2023
Male,All Schools,environ_barriers_notconsider,sustainability is not a consideration in their household,Yes,485,7230,6.7%,5.9%,7.7%,0.9%,1.0%,2023
Male,All Schools,environ_barriers_other,other reasons,No,6090,7230,84.2%,82.9%,85.5%,1.4%,1.3%,2023
Male,All Schools,environ_barriers_other,other reasons,Yes,1140,7230,15.8%,14.5%,17.1%,1.3%,1.4%,2023
Male,All Schools,environ_barriers_time,convenience/time,No,4545,7230,62.9%,61.1%,64.6%,1.8%,1.7%,2023
Male,All Schools,environ_barriers_time,convenience/time,Yes,2685,7230,37.1%,35.4%,38.9%,1.7%,1.8%,2023
Male,All Schools,environ_barriers_unsure,uncertainty on what to do,No,5700,7230,78.8%,77.3%,80.3%,1.5%,1.4%,2023
Male,All Schools,environ_barriers_unsure,uncertainty on what to do,Yes,1530,7230,21.2%,19.7%,22.7%,1.4%,1.5%,2023
Male,All Schools,environ_buy,think about the environment when buying things,No,6240,7225,86.4%,85.1%,87.6%,1.3%,1.2%,2023
Male,All Schools,environ_buy,think about the environment when buying things,Yes,985,7225,13.6%,12.4%,14.9%,1.2%,1.3%,2023
Male,All Schools,environ_garden,do things in the garden to help wildlife,No,6015,7230,83.2%,81.8%,84.5%,1.4%,1.3%,2023
Male,All Schools,environ_garden,do things in the garden to help wildlife,Yes,1215,7230,16.8%,15.5%,18.2%,1.3%,1.4%,2023
Male,All Schools,environ_leaders,try to change what our leaders are doing,No,6980,7230,96.5%,95.8%,97.1%,0.7%,0.6%,2023
Male,All Schools,environ_leaders,try to change what our leaders are doing,Yes,250,7230,3.5%,2.9%,4.2%,0.6%,0.7%,2023
Male,All Schools,environ_lights,turn lights off more,No,3050,7230,42.2%,40.4%,44.0%,1.8%,1.8%,2023
Male,All Schools,environ_lights,turn lights off more,Yes,4180,7230,57.8%,56.0%,59.6%,1.8%,1.8%,2023
Male,All Schools,environ_litter,pick up litter,No,4960,7230,68.6%,66.9%,70.3%,1.7%,1.7%,2023
Male,All Schools,environ_litter,pick up litter,Yes,2270,7230,31.4%,29.7%,33.1%,1.7%,1.7%,2023
Male,All Schools,environ_meat,eat less meat,No,6590,7230,91.1%,90.1%,92.1%,1.1%,1.0%,2023
Male,All Schools,environ_meat,eat less meat,Yes,640,7230,8.9%,7.9%,9.9%,1.0%,1.1%,2023
Male,All Schools,environ_media,read/watch media about the environment,No,6065,7230,83.9%,82.5%,85.2%,1.4%,1.3%,2023
Male,All Schools,environ_media,read/watch media about the environment,Yes,1165,7230,16.1%,14.8%,17.5%,1.3%,1.4%,2023
Male,All Schools,environ_none,don't do anything,No,6600,7230,91.3%,90.2%,92.3%,1.1%,1.0%,2023
Male,All Schools,environ_none,don't do anything,Yes,630,7230,8.7%,7.7%,9.8%,1.0%,1.1%,2023
Male,All Schools,environ_other,do other things,No,6610,7230,91.4%,90.4%,92.4%,1.1%,1.0%,2023
Male,All Schools,environ_other,do other things,Yes,620,7230,8.6%,7.6%,9.6%,1.0%,1.1%,2023
Male,All Schools,environ_recycle,recycle their waste,No,3145,7230,43.5%,41.7%,45.3%,1.8%,1.8%,2023
Male,All Schools,environ_recycle,recycle their waste,Yes,4085,7230,56.5%,54.7%,58.3%,1.8%,1.8%,2023
Male,All Schools,environ_talk,talk to friends/family,No,6375,7225,88.2%,87.0%,89.4%,1.2%,1.1%,2023
Male,All Schools,environ_talk,talk to friends/family,Yes,850,7225,11.8%,10.6%,13.0%,1.1%,1.2%,2023
Male,All Schools,environ_tap,turn the tap off more,No,3275,7230,45.3%,43.5%,47.1%,1.8%,1.8%,2023
Male,All Schools,environ_tap,turn the tap off more,Yes,3955,7230,54.7%,52.9%,56.5%,1.8%,1.8%,2023
Male,All Schools,environ_volunteer,volunteer,No,6875,7225,95.2%,94.3%,95.9%,0.8%,0.7%,2023
Male,All Schools,environ_volunteer,volunteer,Yes,350,7225,4.8%,4.1%,5.7%,0.7%,0.8%,2023
Male,All Schools,environ_walkcycle,"walk, cycle, or use public transport",No,4340,7230,60.0%,58.2%,61.8%,1.8%,1.8%,2023
Male,All Schools,environ_walkcycle,"walk, cycle, or use public transport",Yes,2890,7230,40.0%,38.2%,41.8%,1.8%,1.8%,2023
Male,All Schools,ethnicity,ethnicity,Any other ethnic group,115,6905,1.7%,1.3%,2.2%,0.4%,0.5%,2023
Male,All Schools,ethnicity,ethnicity,Asian,1115,6905,16.1%,14.8%,17.6%,1.3%,1.4%,2023
Male,All Schools,ethnicity,ethnicity,Black,540,6905,7.8%,6.9%,8.9%,0.9%,1.1%,2023
Male,All Schools,ethnicity,ethnicity,Mixed,160,6905,2.3%,1.8%,2.9%,0.5%,0.6%,2023
Male,All Schools,ethnicity,ethnicity,Prefer not to say,70,6905,1.0%,0.7%,1.5%,0.3%,0.4%,2023
Male,All Schools,ethnicity,ethnicity,White,4905,6905,71.0%,69.3%,72.7%,1.7%,1.7%,2023
Male,All Schools,findiff_cold,felt cold,No,6915,7230,95.6%,94.8%,96.3%,0.8%,0.7%,2023
Male,All Schools,findiff_cold,felt cold,Yes,315,7230,4.4%,3.7%,5.2%,0.7%,0.8%,2023
Male,All Schools,findiff_foodbank,went to a food bank,No,7160,7230,99.0%,98.6%,99.3%,0.4%,0.3%,2023
Male,All Schools,findiff_foodbank,went to a food bank,Yes,70,7230,1.0%,0.7%,1.4%,0.3%,0.4%,2023
Male,All Schools,findiff_hungry,felt hungry,No,7070,7225,97.9%,97.3%,98.3%,0.6%,0.5%,2023
Male,All Schools,findiff_hungry,felt hungry,Yes,155,7225,2.1%,1.7%,2.7%,0.5%,0.6%,2023
Male,All Schools,findiff_job,lost a job/work,No,7020,7230,97.1%,96.4%,97.6%,0.7%,0.6%,2023
Male,All Schools,findiff_job,lost a job/work,Yes,210,7230,2.9%,2.4%,3.6%,0.6%,0.7%,2023
Male,All Schools,findiff_misstrip,missed a school trip,No,6945,7225,96.1%,95.4%,96.8%,0.8%,0.6%,2023
Male,All Schools,findiff_misstrip,missed a school trip,Yes,280,7225,3.9%,3.2%,4.6%,0.6%,0.8%,2023
Male,All Schools,findiff_move,moved to a smaller home,No,7125,7225,98.6%,98.1%,99.0%,0.5%,0.4%,2023
Male,All Schools,findiff_move,moved to a smaller home,Yes,100,7225,1.4%,1.0%,1.9%,0.4%,0.5%,2023
Male,All Schools,findiff_none,no experiences,No,1890,7230,26.1%,24.6%,27.8%,1.6%,1.6%,2023
Male,All Schools,findiff_none,no experiences,Yes,5340,7230,73.9%,72.2%,75.4%,1.6%,1.6%,2023
Male,All Schools,findiff_pnts,prefer not to say,No,6930,7225,95.9%,95.1%,96.6%,0.8%,0.7%,2023
Male,All Schools,findiff_pnts,prefer not to say,Yes,295,7225,4.1%,3.4%,4.9%,0.7%,0.8%,2023
Male,All Schools,fsm,free school meals,No,6400,7180,89.1%,87.9%,90.2%,1.2%,1.1%,2023
Male,All Schools,fsm,free school meals,Prefer not to say,130,7180,1.8%,1.4%,2.4%,0.4%,0.6%,2023
Male,All Schools,fsm,free school meals,Yes,650,7180,9.1%,8.1%,10.2%,1.0%,1.1%,2023
Male,All Schools,hallucinogen_natural_exp,hallucinogens,No,7185,7230,99.4%,99.0%,99.6%,0.4%,0.2%,2023
Male,All Schools,hallucinogen_natural_exp,hallucinogens,Yes,45,7230,0.6%,0.4%,1.0%,0.2%,0.4%,2023
Male,All Schools,hallucinogen_offered,hallucinogens,No,7095,7230,98.1%,97.6%,98.6%,0.6%,0.4%,2023
Male,All Schools,hallucinogen_offered,hallucinogens,Yes,135,7230,1.9%,1.4%,2.4%,0.4%,0.6%,2023
Male,All Schools,heroin_exp,heroin,No,7205,7230,99.7%,99.4%,99.8%,0.3%,0.2%,2023
Male,All Schools,heroin_exp,heroin,Yes,25,7230,0.3%,0.2%,0.6%,0.2%,0.3%,2023
Male,All Schools,heroin_offered,heroin,No,7175,7225,99.3%,98.9%,99.6%,0.4%,0.2%,2023
Male,All Schools,heroin_offered,heroin,Yes,50,7225,0.7%,0.4%,1.1%,0.2%,0.4%,2023
Male,All Schools,herts_just_talk,have heard of Herts Just Talk,No,2720,7020,38.7%,37.0%,40.6%,1.8%,1.8%,2023
Male,All Schools,herts_just_talk,have heard of Herts Just Talk,Unsure,1050,7020,15.0%,13.7%,16.3%,1.3%,1.4%,2023
Male,All Schools,herts_just_talk,have heard of Herts Just Talk,Yes,1495,7020,21.3%,19.8%,22.8%,1.5%,1.5%,2023
Male,All Schools,herts_just_talk,have heard of Herts Just Talk,"Yes I’ve heard of it, but I’m not sure what it is",1755,7020,25.0%,23.4%,26.6%,1.6%,1.6%,2023
Male,All Schools,home_shouting,have ever been frightened by any shouting and arguing between adults or older siblings at home in the last month,Most days/Every day,170,6950,2.4%,1.9%,3.1%,0.5%,0.6%,2023
Male,All Schools,home_shouting,have ever been frightened by any shouting and arguing between adults or older siblings at home in the last month,No,5170,6950,74.4%,72.7%,76.0%,1.7%,1.6%,2023
Male,All Schools,home_shouting,have ever been frightened by any shouting and arguing between adults or older siblings at home in the last month,Once a week,190,6950,2.7%,2.2%,3.4%,0.5%,0.7%,2023
Male,All Schools,home_shouting,have ever been frightened by any shouting and arguing between adults or older siblings at home in the last month,Once or twice,1070,6950,15.4%,14.1%,16.8%,1.3%,1.4%,2023
Male,All Schools,home_shouting,have ever been frightened by any shouting and arguing between adults or older siblings at home in the last month,Prefer not to say,350,6950,5.0%,4.3%,5.9%,0.8%,0.9%,2023
Male,All Schools,home_violence,"if there has been any violence (e.g. hitting, punching, slapping) between adults or older siblings at home in the last month",Most days/Every day,55,6960,0.8%,0.5%,1.2%,0.3%,0.4%,2023
Male,All Schools,home_violence,"if there has been any violence (e.g. hitting, punching, slapping) between adults or older siblings at home in the last month",No,6425,6960,92.3%,91.3%,93.2%,1.0%,0.9%,2023
Male,All Schools,home_violence,"if there has been any violence (e.g. hitting, punching, slapping) between adults or older siblings at home in the last month",Once a week,55,6960,0.8%,0.5%,1.2%,0.3%,0.4%,2023
Male,All Schools,home_violence,"if there has been any violence (e.g. hitting, punching, slapping) between adults or older siblings at home in the last month",Once or twice,180,6960,2.6%,2.1%,3.2%,0.5%,0.7%,2023
Male,All Schools,home_violence,"if there has been any violence (e.g. hitting, punching, slapping) between adults or older siblings at home in the last month",Prefer not to say,245,6960,3.5%,2.9%,4.3%,0.6%,0.7%,2023
Male,All Schools,hopeful_future,feel hopeful about their future,Always,1645,7035,23.4%,21.9%,25.0%,1.5%,1.6%,2023
Male,All Schools,hopeful_future,feel hopeful about their future,Never,390,7035,5.5%,4.8%,6.4%,0.8%,0.9%,2023
Male,All Schools,hopeful_future,feel hopeful about their future,Often,2560,7035,36.4%,34.6%,38.2%,1.8%,1.8%,2023
Male,All Schools,hopeful_future,feel hopeful about their future,Sometimes,2440,7035,34.7%,33.0%,36.5%,1.7%,1.8%,2023
Male,All Schools,imd_quintile,for their resident postcode,Quintile 1 - Most Deprived,485,7230,6.7%,5.9%,7.7%,0.9%,1.0%,2023
Male,All Schools,imd_quintile,for their resident postcode,Quintile 2,680,7230,9.4%,8.4%,10.5%,1.0%,1.1%,2023
Male,All Schools,imd_quintile,for their resident postcode,Quintile 3,690,7230,9.5%,8.5%,10.7%,1.0%,1.1%,2023
Male,All Schools,imd_quintile,for their resident postcode,Quintile 4,855,7230,11.8%,10.7%,13.0%,1.1%,1.2%,2023
Male,All Schools,imd_quintile,for their resident postcode,Quintile 5 - Least Deprived,1050,7230,14.5%,13.3%,15.9%,1.2%,1.3%,2023
Male,All Schools,imd_quintile,for their resident postcode,unknown,3470,7230,48.0%,46.2%,49.8%,1.8%,1.8%,2023
Male,All Schools,internet_info_provided,have been provided with online safety info,No,1720,6780,25.4%,23.8%,27.0%,1.6%,1.7%,2023
Male,All Schools,internet_info_provided,have been provided with online safety info,Yes,5060,6780,74.6%,73.0%,76.2%,1.7%,1.6%,2023
Male,All Schools,internet_message,have ever received message on social media that upset them,No,5160,6860,75.2%,73.6%,76.8%,1.6%,1.6%,2023
Male,All Schools,internet_message,have ever received message on social media that upset them,Yes,1700,6860,24.8%,23.2%,26.4%,1.6%,1.6%,2023
Male,All Schools,internet_met,have ever met someone in real life whom they first met online,No,5375,6870,78.2%,76.7%,79.7%,1.6%,1.5%,2023
Male,All Schools,internet_met,have ever met someone in real life whom they first met online,Yes,1495,6870,21.8%,20.3%,23.3%,1.5%,1.6%,2023
Male,All Schools,internet_personalinfo,have ever shared personal information with someone they have not met in real life,No,5800,6865,84.5%,83.1%,85.8%,1.4%,1.3%,2023
Male,All Schools,internet_personalinfo,have ever shared personal information with someone they have not met in real life,Yes,1065,6865,15.5%,14.2%,16.9%,1.3%,1.4%,2023
Male,All Schools,internet_pictures_pressure,have ever felt pressured to send pictures of themselves to someone,No,6430,6855,93.8%,92.8%,94.6%,1.0%,0.8%,2023
Male,All Schools,internet_pictures_pressure,have ever felt pressured to send pictures of themselves to someone,Yes,425,6855,6.2%,5.4%,7.2%,0.8%,1.0%,2023
Male,All Schools,ketamine_exp,ketamine,No,7175,7230,99.2%,98.9%,99.5%,0.4%,0.3%,2023
Male,All Schools,ketamine_exp,ketamine,Yes,55,7230,0.8%,0.5%,1.1%,0.3%,0.4%,2023
Male,All Schools,ketamine_offered,ketamine,No,7055,7225,97.6%,97.0%,98.1%,0.6%,0.5%,2023
Male,All Schools,ketamine_offered,ketamine,Yes,170,7225,2.4%,1.9%,3.0%,0.5%,0.6%,2023
Male,All Schools,life_happyyesterday,how happy they felt yesterday overall on a scale low to high,high,2240,7230,31.0%,29.3%,32.7%,1.7%,1.7%,2023
Male,All Schools,life_happyyesterday,how happy they felt yesterday overall on a scale low to high,low,1185,7230,16.4%,15.1%,17.8%,1.3%,1.4%,2023
Male,All Schools,life_happyyesterday,how happy they felt yesterday overall on a scale low to high,medium,1330,7230,18.4%,17.0%,19.8%,1.4%,1.4%,2023
Male,All Schools,life_happyyesterday,how happy they felt yesterday overall on a scale low to high,very high,2475,7230,34.2%,32.5%,36.0%,1.7%,1.7%,2023
Male,All Schools,life_satisfied,about how satisfied they with their life on a scale of low to high,high,2810,7230,38.9%,37.1%,40.7%,1.8%,1.8%,2023
Male,All Schools,life_satisfied,about how satisfied they with their life on a scale of low to high,low,825,7230,11.4%,10.3%,12.6%,1.1%,1.2%,2023
Male,All Schools,life_satisfied,about how satisfied they with their life on a scale of low to high,medium,1215,7230,16.8%,15.5%,18.2%,1.3%,1.4%,2023
Male,All Schools,life_satisfied,about how satisfied they with their life on a scale of low to high,very high,2380,7230,32.9%,31.2%,34.6%,1.7%,1.7%,2023
Male,All Schools,life_worthwhile,the extent to which they feel the things they do in their life are worthwhile on a scale of low to high,high,2385,7225,33.0%,31.3%,34.7%,1.7%,1.7%,2023
Male,All Schools,life_worthwhile,the extent to which they feel the things they do in their life are worthwhile on a scale of low to high,low,990,7225,13.7%,12.5%,15.0%,1.2%,1.3%,2023
Male,All Schools,life_worthwhile,the extent to which they feel the things they do in their life are worthwhile on a scale of low to high,medium,1430,7225,19.8%,18.4%,21.3%,1.4%,1.5%,2023
Male,All Schools,life_worthwhile,the extent to which they feel the things they do in their life are worthwhile on a scale of low to high,very high,2420,7225,33.5%,31.8%,35.2%,1.7%,1.7%,2023
Male,All Schools,mental_accessed,have ever accessed mental health services before,No,5625,6915,81.3%,79.9%,82.7%,1.5%,1.4%,2023
Male,All Schools,mental_accessed,have ever accessed mental health services before,Not sure,545,6915,7.9%,6.9%,8.9%,0.9%,1.1%,2023
Male,All Schools,mental_accessed,have ever accessed mental health services before,Prefer not to say,170,6915,2.5%,1.9%,3.1%,0.5%,0.6%,2023
Male,All Schools,mental_accessed,have ever accessed mental health services before,Yes,575,6915,8.3%,7.3%,9.4%,1.0%,1.1%,2023
Male,All Schools,mental_accessed_helpful,how helpful they found the mental health support,A little,210,570,36.8%,30.9%,43.3%,6.0%,6.4%,2023
Male,All Schools,mental_accessed_helpful,how helpful they found the mental health support,Neither helpful nor unhelpful,80,570,14.0%,10.1%,19.1%,3.9%,5.1%,2023
Male,All Schools,mental_accessed_helpful,how helpful they found the mental health support,Not helpful,45,570,7.9%,5.1%,12.1%,2.8%,4.2%,2023
Male,All Schools,mental_accessed_helpful,how helpful they found the mental health support,Not very helpful,55,570,9.6%,6.5%,14.2%,3.2%,4.5%,2023
Male,All Schools,mental_accessed_helpful,how helpful they found the mental health support,Very,180,570,31.6%,25.9%,37.9%,5.7%,6.3%,2023
Male,All Schools,mental_charity,charities,No,7150,7230,98.9%,98.4%,99.2%,0.4%,0.3%,2023
Male,All Schools,mental_charity,charities,Yes,80,7230,1.1%,0.8%,1.6%,0.3%,0.4%,2023
Male,All Schools,mental_clinic,a mental health clinic,No,6120,7230,84.6%,83.3%,85.9%,1.4%,1.3%,2023
Male,All Schools,mental_clinic,a mental health clinic,Yes,1110,7230,15.4%,14.1%,16.7%,1.3%,1.4%,2023
Male,All Schools,mental_doctor,a doctor,No,6120,7230,84.6%,83.3%,85.9%,1.4%,1.3%,2023
Male,All Schools,mental_doctor,a doctor,Yes,1110,7230,15.4%,14.1%,16.7%,1.3%,1.4%,2023
Male,All Schools,mental_howaccess,"know how to access services if they are worried about, or are looking for more information about their mental health",No,1310,7005,18.7%,17.3%,20.2%,1.4%,1.5%,2023
Male,All Schools,mental_howaccess,"know how to access services if they are worried about, or are looking for more information about their mental health",Not sure,1125,7005,16.1%,14.8%,17.5%,1.3%,1.4%,2023
Male,All Schools,mental_howaccess,"know how to access services if they are worried about, or are looking for more information about their mental health",Yes,4570,7005,65.2%,63.5%,67.0%,1.8%,1.7%,2023
Male,All Schools,mental_none,other,No,6255,7230,86.5%,85.2%,87.7%,1.3%,1.2%,2023
Male,All Schools,mental_none,other,Yes,975,7230,13.5%,12.3%,14.8%,1.2%,1.3%,2023
Male,All Schools,mental_nurse,a school nurse,No,7050,7225,97.6%,97.0%,98.1%,0.6%,0.5%,2023
Male,All Schools,mental_nurse,a school nurse,Yes,175,7225,2.4%,1.9%,3.0%,0.5%,0.6%,2023
Male,All Schools,mental_other,some other service,No,6305,7230,87.2%,85.9%,88.4%,1.3%,1.2%,2023
Male,All Schools,mental_other,some other service,Yes,925,7230,12.8%,11.6%,14.1%,1.2%,1.3%,2023
Male,All Schools,mental_parents,parents/carers,No,2495,7225,34.5%,32.8%,36.3%,1.7%,1.7%,2023
Male,All Schools,mental_parents,parents/carers,Yes,4730,7225,65.5%,63.7%,67.2%,1.7%,1.7%,2023
Male,All Schools,mental_school,the school,No,5295,7230,73.2%,71.6%,74.8%,1.6%,1.6%,2023
Male,All Schools,mental_school,the school,Yes,1935,7230,26.8%,25.2%,28.4%,1.6%,1.6%,2023
Male,All Schools,mental_talk,"agree with the statement ""It's okay for me to talk about my mental health.""",No,950,6990,13.6%,12.4%,14.9%,1.2%,1.3%,2023
Male,All Schools,mental_talk,"agree with the statement ""It's okay for me to talk about my mental health.""",Not sure,1080,6990,15.5%,14.2%,16.8%,1.3%,1.4%,2023
Male,All Schools,mental_talk,"agree with the statement ""It's okay for me to talk about my mental health.""",Yes,4960,6990,71.0%,69.3%,72.6%,1.7%,1.6%,2023
Male,All Schools,mental_type_121,1-2-1s (in person),No,4090,7230,56.6%,54.8%,58.4%,1.8%,1.8%,2023
Male,All Schools,mental_type_121,1-2-1s (in person),Yes,3140,7230,43.4%,41.6%,45.2%,1.8%,1.8%,2023
Male,All Schools,mental_type_group,groupwork,No,5880,7230,81.3%,79.9%,82.7%,1.5%,1.4%,2023
Male,All Schools,mental_type_group,groupwork,Yes,1350,7230,18.7%,17.3%,20.1%,1.4%,1.5%,2023
Male,All Schools,mental_type_online,online support,No,5755,7230,79.6%,78.1%,81.0%,1.5%,1.4%,2023
Male,All Schools,mental_type_online,online support,Yes,1475,7230,20.4%,19.0%,21.9%,1.4%,1.5%,2023
Male,All Schools,mental_type_other,other types of support,No,5500,7230,76.1%,74.5%,77.6%,1.6%,1.5%,2023
Male,All Schools,mental_type_other,other types of support,Yes,1730,7230,23.9%,22.4%,25.5%,1.5%,1.6%,2023
Male,All Schools,mental_type_phone,phone counselling,No,6460,7225,89.4%,88.2%,90.5%,1.2%,1.1%,2023
Male,All Schools,mental_type_phone,phone counselling,Yes,765,7225,10.6%,9.5%,11.8%,1.1%,1.2%,2023
Male,All Schools,mental_youthservice,the Youth Service,No,6705,7230,92.7%,91.7%,93.6%,1.0%,0.9%,2023
Male,All Schools,mental_youthservice,the Youth Service,Yes,525,7230,7.3%,6.4%,8.3%,0.9%,1.0%,2023
Male,All Schools,nitrous_oxide_exp,nitrous oxide,No,7190,7230,99.4%,99.1%,99.7%,0.3%,0.2%,2023
Male,All Schools,nitrous_oxide_exp,nitrous oxide,Yes,40,7230,0.6%,0.3%,0.9%,0.2%,0.3%,2023
Male,All Schools,nitrous_oxide_offered,nitrous oxide,No,7065,7230,97.7%,97.1%,98.2%,0.6%,0.5%,2023
Male,All Schools,nitrous_oxide_offered,nitrous oxide,Yes,165,7230,2.3%,1.8%,2.9%,0.5%,0.6%,2023
Male,All Schools,nps_exp,novel psychoactive substances,No,7205,7225,99.7%,99.5%,99.9%,0.3%,0.1%,2023
Male,All Schools,nps_exp,novel psychoactive substances,Yes,20,7225,0.3%,0.1%,0.5%,0.1%,0.3%,2023
Male,All Schools,nps_offered,novel psychoactive substances,No,7180,7230,99.3%,98.9%,99.6%,0.4%,0.2%,2023
Male,All Schools,nps_offered,novel psychoactive substances,Yes,50,7230,0.7%,0.4%,1.1%,0.2%,0.4%,2023
Male,All Schools,pa_30,how many days in the past week had they done a total of 30 minutes or more of physical activity,1 to 3,3310,7230,45.8%,44.0%,47.6%,1.8%,1.8%,2023
Male,All Schools,pa_30,how many days in the past week had they done a total of 30 minutes or more of physical activity,4 to 5,1165,7230,16.1%,14.8%,17.5%,1.3%,1.4%,2023
Male,All Schools,pa_30,how many days in the past week had they done a total of 30 minutes or more of physical activity,6 to 7,365,7230,5.0%,4.3%,5.9%,0.7%,0.9%,2023
Male,All Schools,pa_30,how many days in the past week had they done a total of 30 minutes or more of physical activity,none,2390,7230,33.1%,31.4%,34.8%,1.7%,1.7%,2023
Male,All Schools,pa_60,how many days in the past week had they done a total of 60 minutes or more of physical activity,1 to 3,2720,7225,37.6%,35.9%,39.4%,1.7%,1.8%,2023
Male,All Schools,pa_60,how many days in the past week had they done a total of 60 minutes or more of physical activity,4 to 5,1535,7225,21.2%,19.8%,22.8%,1.4%,1.5%,2023
Male,All Schools,pa_60,how many days in the past week had they done a total of 60 minutes or more of physical activity,6 to 7,1340,7225,18.5%,17.2%,20.0%,1.4%,1.5%,2023
Male,All Schools,pa_60,how many days in the past week had they done a total of 60 minutes or more of physical activity,none,1630,7225,22.6%,21.1%,24.1%,1.5%,1.6%,2023
Male,All Schools,pa_barriers_bikecost,the cost of bikes,No,6985,7230,96.6%,95.9%,97.2%,0.7%,0.6%,2023
Male,All Schools,pa_barriers_bikecost,the cost of bikes,Yes,245,7230,3.4%,2.8%,4.1%,0.6%,0.7%,2023
Male,All Schools,pa_barriers_distance,distance,No,6085,7230,84.2%,82.8%,85.4%,1.4%,1.3%,2023
Male,All Schools,pa_barriers_distance,distance,Yes,1145,7230,15.8%,14.6%,17.2%,1.3%,1.4%,2023
Male,All Schools,pa_barriers_fearlost,the fear of getting lost,No,6945,7225,96.1%,95.4%,96.8%,0.8%,0.6%,2023
Male,All Schools,pa_barriers_fearlost,the fear of getting lost,Yes,280,7225,3.9%,3.2%,4.6%,0.6%,0.8%,2023
Male,All Schools,pa_barriers_fitness,lack of fitness,No,6960,7225,96.3%,95.6%,97.0%,0.7%,0.6%,2023
Male,All Schools,pa_barriers_fitness,lack of fitness,Yes,265,7225,3.7%,3.0%,4.4%,0.6%,0.7%,2023
Male,All Schools,pa_barriers_other,other reasons,No,6310,7230,87.3%,86.0%,88.4%,1.3%,1.2%,2023
Male,All Schools,pa_barriers_other,other reasons,Yes,920,7230,12.7%,11.6%,14.0%,1.2%,1.3%,2023
Male,All Schools,pa_barriers_pollution,air pollution,No,7150,7230,98.9%,98.4%,99.2%,0.4%,0.3%,2023
Male,All Schools,pa_barriers_pollution,air pollution,Yes,80,7230,1.1%,0.8%,1.6%,0.3%,0.4%,2023
Male,All Schools,pa_barriers_roadsafety,road safety,No,6820,7230,94.3%,93.4%,95.1%,0.9%,0.8%,2023
Male,All Schools,pa_barriers_roadsafety,road safety,Yes,410,7230,5.7%,4.9%,6.6%,0.8%,0.9%,2023
Male,All Schools,pa_barriers_safety,personal safety,No,6745,7230,93.3%,92.3%,94.1%,1.0%,0.9%,2023
Male,All Schools,pa_barriers_safety,personal safety,Yes,485,7230,6.7%,5.9%,7.7%,0.9%,1.0%,2023
Male,All Schools,pa_barriers_time,lack of time,No,4330,7230,59.9%,58.1%,61.7%,1.8%,1.8%,2023
Male,All Schools,pa_barriers_time,lack of time,Yes,2900,7230,40.1%,38.3%,41.9%,1.8%,1.8%,2023
Male,All Schools,pa_barriers_want,personal preference,No,5415,7230,74.9%,73.3%,76.4%,1.6%,1.5%,2023
Male,All Schools,pa_barriers_want,personal preference,Yes,1815,7230,25.1%,23.6%,26.7%,1.5%,1.6%,2023
Male,All Schools,pa_barriers_weather,the weather,No,5220,7230,72.2%,70.5%,73.8%,1.7%,1.6%,2023
Male,All Schools,pa_barriers_weather,the weather,Yes,2010,7230,27.8%,26.2%,29.5%,1.6%,1.7%,2023
Male,All Schools,pa_fri,Friday,0-29 minutes,1680,6700,25.1%,23.5%,26.7%,1.6%,1.7%,2023
Male,All Schools,pa_fri,Friday,30-59 minutes,2285,6700,34.1%,32.3%,35.9%,1.8%,1.8%,2023
Male,All Schools,pa_fri,Friday,60 or more minutes,2735,6700,40.8%,39.0%,42.7%,1.8%,1.9%,2023
Male,All Schools,pa_mon,Monday,0-29 minutes,1755,6895,25.5%,23.9%,27.1%,1.6%,1.7%,2023
Male,All Schools,pa_mon,Monday,30-59 minutes,2265,6895,32.8%,31.1%,34.6%,1.7%,1.8%,2023
Male,All Schools,pa_mon,Monday,60 or more minutes,2875,6895,41.7%,39.9%,43.5%,1.8%,1.8%,2023
Male,All Schools,pa_sat,Saturday,0-29 minutes,1935,6685,28.9%,27.3%,30.7%,1.7%,1.7%,2023
Male,All Schools,pa_sat,Saturday,30-59 minutes,1765,6685,26.4%,24.8%,28.1%,1.6%,1.7%,2023
Male,All Schools,pa_sat,Saturday,60 or more minutes,2985,6685,44.7%,42.8%,46.5%,1.9%,1.9%,2023
Male,All Schools,pa_sun,Sunday,0-29 minutes,1860,6720,27.7%,26.0%,29.4%,1.7%,1.7%,2023
Male,All Schools,pa_sun,Sunday,30-59 minutes,1320,6720,19.6%,18.2%,21.2%,1.5%,1.5%,2023
Male,All Schools,pa_sun,Sunday,60 or more minutes,3540,6720,52.7%,50.8%,54.6%,1.9%,1.9%,2023
Male,All Schools,pa_thurs,Thursday,0-29 minutes,1535,6795,22.6%,21.1%,24.2%,1.5%,1.6%,2023
Male,All Schools,pa_thurs,Thursday,30-59 minutes,2125,6795,31.3%,29.6%,33.0%,1.7%,1.8%,2023
Male,All Schools,pa_thurs,Thursday,60 or more minutes,3135,6795,46.1%,44.3%,48.0%,1.9%,1.9%,2023
Male,All Schools,pa_tues,Tuesday,0-29 minutes,1620,6825,23.7%,22.2%,25.4%,1.6%,1.6%,2023
Male,All Schools,pa_tues,Tuesday,30-59 minutes,2175,6825,31.9%,30.2%,33.6%,1.7%,1.8%,2023
Male,All Schools,pa_tues,Tuesday,60 or more minutes,3030,6825,44.4%,42.5%,46.3%,1.8%,1.9%,2023
Male,All Schools,pa_wed,Wednesday,0-29 minutes,1535,6850,22.4%,20.9%,24.0%,1.5%,1.6%,2023
Male,All Schools,pa_wed,Wednesday,30-59 minutes,2185,6850,31.9%,30.2%,33.7%,1.7%,1.8%,2023
Male,All Schools,pa_wed,Wednesday,60 or more minutes,3130,6850,45.7%,43.8%,47.6%,1.9%,1.9%,2023
Male,All Schools,paid_work,how much paid work they did last week,0-10 hours,855,6745,12.7%,11.5%,14.0%,1.2%,1.3%,2023
Male,All Schools,paid_work,how much paid work they did last week,11-20 hours,185,6745,2.7%,2.2%,3.4%,0.6%,0.7%,2023
Male,All Schools,paid_work,how much paid work they did last week,21-30 hours,30,6745,0.4%,0.3%,0.8%,0.2%,0.3%,2023
Male,All Schools,paid_work,how much paid work they did last week,31+ hours,60,6745,0.9%,0.6%,1.3%,0.3%,0.4%,2023
Male,All Schools,paid_work,how much paid work they did last week,I didn't do any paid work,5460,6745,80.9%,79.4%,82.4%,1.5%,1.4%,2023
Male,All Schools,paid_work,how much paid work they did last week,Prefer not to say,155,6745,2.3%,1.8%,2.9%,0.5%,0.6%,2023
Male,All Schools,poppers_exp,poppers,No,7205,7225,99.7%,99.5%,99.9%,0.3%,0.1%,2023
Male,All Schools,poppers_exp,poppers,Yes,20,7225,0.3%,0.1%,0.5%,0.1%,0.3%,2023
Male,All Schools,poppers_offered,poppers,No,7175,7230,99.2%,98.9%,99.5%,0.4%,0.3%,2023
Male,All Schools,poppers_offered,poppers,Yes,55,7230,0.8%,0.5%,1.1%,0.3%,0.4%,2023
Male,All Schools,prospects_education,plan to continue in education,Maybe,1795,6050,29.7%,27.9%,31.5%,1.8%,1.8%,2023
Male,All Schools,prospects_education,plan to continue in education,No,535,6050,8.8%,7.8%,10.0%,1.1%,1.2%,2023
Male,All Schools,prospects_education,plan to continue in education,Yes,3720,6050,61.5%,59.5%,63.4%,2.0%,1.9%,2023
Male,All Schools,prospects_family,plan to start a family,Maybe,1805,5480,32.9%,31.0%,34.9%,1.9%,2.0%,2023
Male,All Schools,prospects_family,plan to start a family,No,2225,5480,40.6%,38.6%,42.7%,2.0%,2.1%,2023
Male,All Schools,prospects_family,plan to start a family,Yes,1450,5480,26.5%,24.7%,28.3%,1.8%,1.9%,2023
Male,All Schools,prospects_info_apprenticeships,apprenticeships,No,4990,7230,69.0%,67.3%,70.7%,1.7%,1.7%,2023
Male,All Schools,prospects_info_apprenticeships,apprenticeships,Yes,2240,7230,31.0%,29.3%,32.7%,1.7%,1.7%,2023
Male,All Schools,prospects_info_college,college/6th form,No,4920,7225,68.1%,66.4%,69.8%,1.7%,1.7%,2023
Male,All Schools,prospects_info_college,college/6th form,Yes,2305,7225,31.9%,30.2%,33.6%,1.7%,1.7%,2023
Male,All Schools,prospects_info_gap,gap years,No,5735,7230,79.3%,77.8%,80.8%,1.5%,1.4%,2023
Male,All Schools,prospects_info_gap,gap years,Yes,1495,7230,20.7%,19.2%,22.2%,1.4%,1.5%,2023
Male,All Schools,prospects_info_jobs,jobs,No,3905,7225,54.0%,52.2%,55.9%,1.8%,1.8%,2023
Male,All Schools,prospects_info_jobs,jobs,Yes,3320,7225,46.0%,44.1%,47.8%,1.8%,1.8%,2023
Male,All Schools,prospects_info_other,other options,No,6235,7230,86.2%,84.9%,87.4%,1.3%,1.2%,2023
Male,All Schools,prospects_info_other,other options,Yes,995,7230,13.8%,12.6%,15.1%,1.2%,1.3%,2023
Male,All Schools,prospects_info_trainee,traineeships,No,6315,7230,87.3%,86.1%,88.5%,1.3%,1.2%,2023
Male,All Schools,prospects_info_trainee,traineeships,Yes,915,7230,12.7%,11.5%,13.9%,1.2%,1.3%,2023
Male,All Schools,prospects_info_uni,university,No,3740,7230,51.7%,49.9%,53.5%,1.8%,1.8%,2023
Male,All Schools,prospects_info_uni,university,Yes,3490,7230,48.3%,46.5%,50.1%,1.8%,1.8%,2023
Male,All Schools,prospects_job,plan to get a job,Maybe,1650,6030,27.4%,25.6%,29.2%,1.7%,1.8%,2023
Male,All Schools,prospects_job,plan to get a job,No,475,6030,7.9%,6.9%,9.0%,1.0%,1.1%,2023
Male,All Schools,prospects_job,plan to get a job,Yes,3905,6030,64.8%,62.8%,66.6%,1.9%,1.9%,2023
Male,All Schools,prospects_notsure,aren't sure what they want to do,Maybe,1420,5020,28.3%,26.4%,30.3%,1.9%,2.0%,2023
Male,All Schools,prospects_notsure,aren't sure what they want to do,No,2300,5020,45.8%,43.7%,48.0%,2.2%,2.2%,2023
Male,All Schools,prospects_notsure,aren't sure what they want to do,Yes,1300,5020,25.9%,24.0%,27.9%,1.9%,2.0%,2023
Male,All Schools,prospects_other,have other plans,Maybe,1890,5115,37.0%,34.9%,39.1%,2.1%,2.1%,2023
Male,All Schools,prospects_other,have other plans,No,1915,5115,37.4%,35.4%,39.6%,2.1%,2.1%,2023
Male,All Schools,prospects_other,have other plans,Yes,1310,5115,25.6%,23.8%,27.5%,1.8%,1.9%,2023
Male,All Schools,prospects_support_friends,friends,No,4810,7230,66.5%,64.8%,68.2%,1.7%,1.7%,2023
Male,All Schools,prospects_support_friends,friends,Yes,2420,7230,33.5%,31.8%,35.2%,1.7%,1.7%,2023
Male,All Schools,prospects_support_idk,don't know where to get support,No,6795,7230,94.0%,93.1%,94.8%,0.9%,0.8%,2023
Male,All Schools,prospects_support_idk,don't know where to get support,Yes,435,7230,6.0%,5.2%,6.9%,0.8%,0.9%,2023
Male,All Schools,prospects_support_jobcentre,Job Centre Plus,No,6820,7230,94.3%,93.4%,95.1%,0.9%,0.8%,2023
Male,All Schools,prospects_support_jobcentre,Job Centre Plus,Yes,410,7230,5.7%,4.9%,6.6%,0.8%,0.9%,2023
Male,All Schools,prospects_support_online,online,No,5830,7230,80.6%,79.2%,82.0%,1.5%,1.4%,2023
Male,All Schools,prospects_support_online,online,Yes,1400,7230,19.4%,18.0%,20.8%,1.4%,1.5%,2023
Male,All Schools,prospects_support_other,other sources,No,6610,7230,91.4%,90.4%,92.4%,1.1%,1.0%,2023
Male,All Schools,prospects_support_other,other sources,Yes,620,7230,8.6%,7.6%,9.6%,1.0%,1.1%,2023
Male,All Schools,prospects_support_parents,parent/carer,No,1985,7230,27.5%,25.9%,29.1%,1.6%,1.7%,2023
Male,All Schools,prospects_support_parents,parent/carer,Yes,5245,7230,72.5%,70.9%,74.1%,1.7%,1.6%,2023
Male,All Schools,prospects_support_school,school/teacher,No,4470,7230,61.8%,60.0%,63.6%,1.8%,1.7%,2023
Male,All Schools,prospects_support_school,school/teacher,Yes,2760,7230,38.2%,36.4%,40.0%,1.7%,1.8%,2023
Male,All Schools,prospects_support_syp,Services for Young People,No,6675,7225,92.4%,91.4%,93.3%,1.0%,0.9%,2023
Male,All Schools,prospects_support_syp,Services for Young People,Yes,550,7225,7.6%,6.7%,8.6%,0.9%,1.0%,2023
Male,All Schools,prospects_training,plan to training for a skilled job,Maybe,2295,5620,40.8%,38.8%,42.9%,2.0%,2.0%,2023
Male,All Schools,prospects_training,plan to training for a skilled job,No,1025,5620,18.2%,16.7%,19.9%,1.5%,1.6%,2023
Male,All Schools,prospects_training,plan to training for a skilled job,Yes,2300,5620,40.9%,38.9%,43.0%,2.0%,2.0%,2023
Male,All Schools,religion,religion,Any other religion,85,7180,1.2%,0.8%,1.6%,0.3%,0.5%,2023
Male,All Schools,religion,religion,Buddhist,45,7180,0.6%,0.4%,1.0%,0.2%,0.4%,2023
Male,All Schools,religion,religion,Christian,2035,7180,28.3%,26.7%,30.0%,1.6%,1.7%,2023
Male,All Schools,religion,religion,Hindu,300,7180,4.2%,3.5%,5.0%,0.7%,0.8%,2023
Male,All Schools,religion,religion,Jewish,135,7180,1.9%,1.4%,2.4%,0.4%,0.6%,2023
Male,All Schools,religion,religion,Muslim,370,7180,5.2%,4.4%,6.0%,0.7%,0.9%,2023
Male,All Schools,religion,religion,No religion,4015,7180,55.9%,54.1%,57.7%,1.8%,1.8%,2023
Male,All Schools,religion,religion,Prefer not to say,145,7180,2.0%,1.6%,2.6%,0.5%,0.6%,2023
Male,All Schools,religion,religion,Sikh,50,7180,0.7%,0.5%,1.1%,0.2%,0.4%,2023
Male,All Schools,safety_dark,going out after dark,Neither safe or unsafe,3060,6995,43.7%,41.9%,45.6%,1.8%,1.8%,2023
Male,All Schools,safety_dark,going out after dark,Safe,2530,6995,36.2%,34.4%,38.0%,1.8%,1.8%,2023
Male,All Schools,safety_dark,going out after dark,Unsafe,1405,6995,20.1%,18.6%,21.6%,1.4%,1.5%,2023
Male,All Schools,safety_day,going out during the day,Neither safe or unsafe,1215,7000,17.4%,16.0%,18.8%,1.4%,1.4%,2023
Male,All Schools,safety_day,going out during the day,Safe,5640,7000,80.6%,79.1%,82.0%,1.5%,1.4%,2023
Male,All Schools,safety_day,going out during the day,Unsafe,145,7000,2.1%,1.6%,2.7%,0.5%,0.6%,2023
Male,All Schools,safety_journey,going to and from school,Neither safe or unsafe,1185,7000,16.9%,15.6%,18.4%,1.3%,1.4%,2023
Male,All Schools,safety_journey,going to and from school,Safe,5630,7000,80.4%,78.9%,81.9%,1.5%,1.4%,2023
Male,All Schools,safety_journey,going to and from school,Unsafe,185,7000,2.6%,2.1%,3.3%,0.5%,0.7%,2023
Male,All Schools,safety_school,at school,Neither safe or unsafe,1290,7005,18.4%,17.0%,19.9%,1.4%,1.5%,2023
Male,All Schools,safety_school,at school,Safe,5445,7005,77.7%,76.2%,79.2%,1.6%,1.5%,2023
Male,All Schools,safety_school,at school,Unsafe,270,7005,3.9%,3.2%,4.6%,0.7%,0.8%,2023
Male,All Schools,school_supported,felt supported by their school and that they were offered help when having difficulties,No,375,1855,20.2%,17.5%,23.2%,2.7%,3.0%,2023
Male,All Schools,school_supported,felt supported by their school and that they were offered help when having difficulties,Not sure,460,1855,24.8%,21.8%,28.0%,3.0%,3.2%,2023
Male,All Schools,school_supported,felt supported by their school and that they were offered help when having difficulties,Prefer not to say,50,1855,2.7%,1.8%,4.1%,0.9%,1.4%,2023
Male,All Schools,school_supported,felt supported by their school and that they were offered help when having difficulties,Yes,970,1855,52.3%,48.7%,55.9%,3.6%,3.6%,2023
Male,All Schools,schoolsupp_academic,they find their school is supportive of their learning and education,No,320,6915,4.6%,3.9%,5.5%,0.7%,0.8%,2023
Male,All Schools,schoolsupp_academic,they find their school is supportive of their learning and education,Not sure,135,6915,2.0%,1.5%,2.5%,0.5%,0.6%,2023
Male,All Schools,schoolsupp_academic,they find their school is supportive of their learning and education,Somewhat,1710,6915,24.7%,23.2%,26.4%,1.6%,1.6%,2023
Male,All Schools,schoolsupp_academic,they find their school is supportive of their learning and education,Yes,4750,6915,68.7%,66.9%,70.4%,1.7%,1.7%,2023
Male,All Schools,schoolsupp_wellbeing,they find their school is supportive of their emotional health and wellbeing,No,1005,6880,14.6%,13.3%,16.0%,1.3%,1.4%,2023
Male,All Schools,schoolsupp_wellbeing,they find their school is supportive of their emotional health and wellbeing,Not sure,475,6880,6.9%,6.0%,7.9%,0.9%,1.0%,2023
Male,All Schools,schoolsupp_wellbeing,they find their school is supportive of their emotional health and wellbeing,Somewhat,2390,6880,34.7%,33.0%,36.5%,1.8%,1.8%,2023
Male,All Schools,schoolsupp_wellbeing,they find their school is supportive of their emotional health and wellbeing,Yes,3010,6880,43.8%,41.9%,45.6%,1.8%,1.9%,2023
Male,All Schools,schyear,school year,Not at school/other,40,7225,0.6%,0.3%,0.9%,0.2%,0.3%,2023
Male,All Schools,schyear,school year,Year 10,1070,7225,14.8%,13.6%,16.1%,1.2%,1.3%,2023
Male,All Schools,schyear,school year,Year 11,880,7225,12.2%,11.0%,13.4%,1.1%,1.2%,2023
Male,All Schools,schyear,school year,Year 12,545,7225,7.5%,6.6%,8.6%,0.9%,1.0%,2023
Male,All Schools,schyear,school year,Year 13,360,7225,5.0%,4.2%,5.8%,0.7%,0.9%,2023
Male,All Schools,schyear,school year,Year 7,1415,7225,19.6%,18.2%,21.1%,1.4%,1.5%,2023
Male,All Schools,schyear,school year,Year 8,1640,7225,22.7%,21.2%,24.3%,1.5%,1.6%,2023
Male,All Schools,schyear,school year,Year 9,1275,7225,17.6%,16.3%,19.1%,1.3%,1.4%,2023
Male,All Schools,selfharm_ever,ever self-harmed,No,5790,6945,83.4%,81.9%,84.7%,1.4%,1.3%,2023
Male,All Schools,selfharm_ever,ever self-harmed,Prefer not to say,545,6945,7.8%,6.9%,8.9%,0.9%,1.1%,2023
Male,All Schools,selfharm_ever,ever self-harmed,Yes,610,6945,8.8%,7.8%,9.9%,1.0%,1.1%,2023
Male,All Schools,sexuality,sexual orientation,Bisexual,120,7135,1.7%,1.3%,2.2%,0.4%,0.5%,2023
Male,All Schools,sexuality,sexual orientation,Heterosexual/Straight,6380,7135,89.4%,88.2%,90.5%,1.2%,1.1%,2023
Male,All Schools,sexuality,sexual orientation,Homosexual/Gay Male,90,7135,1.3%,0.9%,1.7%,0.3%,0.5%,2023
Male,All Schools,sexuality,sexual orientation,Homosexual/Lesbian,10,7135,0.1%,0.1%,0.4%,0.1%,0.2%,2023
Male,All Schools,sexuality,sexual orientation,Other,50,7135,0.7%,0.5%,1.1%,0.2%,0.4%,2023
Male,All Schools,sexuality,sexual orientation,Prefer not to say,215,7135,3.0%,2.4%,3.7%,0.6%,0.7%,2023
Male,All Schools,sexuality,sexual orientation,Questioning,35,7135,0.5%,0.3%,0.8%,0.2%,0.3%,2023
Male,All Schools,sexuality,sexual orientation,Unsure,235,7135,3.3%,2.7%,4.0%,0.6%,0.7%,2023
Male,All Schools,sh_16,Most 16 year olds have not had sex,Agree,1080,2765,39.1%,36.2%,42.0%,2.8%,2.9%,2023
Male,All Schools,sh_16,Most 16 year olds have not had sex,Disagree,515,2765,18.6%,16.4%,21.0%,2.2%,2.4%,2023
Male,All Schools,sh_16,Most 16 year olds have not had sex,Not sure,1170,2765,42.3%,39.4%,45.2%,2.9%,2.9%,2023
Male,All Schools,sh_access,they know how to access sexual health services?,No,2810,6885,40.8%,39.0%,42.7%,1.8%,1.8%,2023
Male,All Schools,sh_access,they know how to access sexual health services?,Not sure,1790,6885,26.0%,24.4%,27.7%,1.6%,1.7%,2023
Male,All Schools,sh_access,they know how to access sexual health services?,Yes,2285,6885,33.2%,31.5%,35.0%,1.7%,1.8%,2023
Male,All Schools,sh_condoms,Using condoms is necessary to prevent sexually transmitted infections and unplanned pregnancies,Agree,2365,2755,85.8%,83.7%,87.8%,2.2%,1.9%,2023
Male,All Schools,sh_condoms,Using condoms is necessary to prevent sexually transmitted infections and unplanned pregnancies,Disagree,135,2755,4.9%,3.8%,6.3%,1.1%,1.4%,2023
Male,All Schools,sh_condoms,Using condoms is necessary to prevent sexually transmitted infections and unplanned pregnancies,Not sure,255,2755,9.3%,7.7%,11.1%,1.6%,1.8%,2023
Male,All Schools,sh_condomsti,"If you have sex without a condom, you should get an STI test.",Agree,1645,2755,59.7%,56.8%,62.6%,2.9%,2.8%,2023
Male,All Schools,sh_condomsti,"If you have sex without a condom, you should get an STI test.",Disagree,395,2755,14.3%,12.4%,16.5%,1.9%,2.2%,2023
Male,All Schools,sh_condomsti,"If you have sex without a condom, you should get an STI test.",Not sure,715,2755,26.0%,23.5%,28.6%,2.5%,2.7%,2023
Male,All Schools,sh_pregnancy,Getting pregnant or getting someone else pregnant now would negatively affect my future plans,Agree,2115,2760,76.6%,74.1%,79.0%,2.6%,2.4%,2023
Male,All Schools,sh_pregnancy,Getting pregnant or getting someone else pregnant now would negatively affect my future plans,Disagree,140,2760,5.1%,3.9%,6.5%,1.1%,1.5%,2023
Male,All Schools,sh_pregnancy,Getting pregnant or getting someone else pregnant now would negatively affect my future plans,Not sure,505,2760,18.3%,16.1%,20.7%,2.2%,2.4%,2023
Male,All Schools,sh_pressure,There is pressure on young people to have sex,Agree,885,2750,32.2%,29.5%,35.0%,2.7%,2.8%,2023
Male,All Schools,sh_pressure,There is pressure on young people to have sex,Disagree,940,2750,34.2%,31.4%,37.0%,2.7%,2.8%,2023
Male,All Schools,sh_pressure,There is pressure on young people to have sex,Not sure,925,2750,33.6%,30.9%,36.5%,2.7%,2.8%,2023
Male,All Schools,sh_schooled,I think the quality of the relationships and sex education I receive at school is good.,Agree,1355,2750,49.3%,46.3%,52.2%,2.9%,2.9%,2023
Male,All Schools,sh_schooled,I think the quality of the relationships and sex education I receive at school is good.,Disagree,485,2750,17.6%,15.5%,20.0%,2.1%,2.4%,2023
Male,All Schools,sh_schooled,I think the quality of the relationships and sex education I receive at school is good.,Not sure,910,2750,33.1%,30.4%,35.9%,2.7%,2.8%,2023
Male,All Schools,sh_serious,Being in a serious/long-term relationship before having sex is important,Agree,1325,2755,48.1%,45.2%,51.0%,2.9%,2.9%,2023
Male,All Schools,sh_serious,Being in a serious/long-term relationship before having sex is important,Disagree,530,2755,19.2%,17.0%,21.7%,2.2%,2.4%,2023
Male,All Schools,sh_serious,Being in a serious/long-term relationship before having sex is important,Not sure,900,2755,32.7%,30.0%,35.5%,2.7%,2.8%,2023
Male,All Schools,sh_support,their preferable source of support to get contraception or a test for Sexually Transmitted Infection (STI),Doctor,2290,6410,35.7%,33.9%,37.6%,1.8%,1.9%,2023
Male,All Schools,sh_support,their preferable source of support to get contraception or a test for Sexually Transmitted Infection (STI),Helpline,105,6410,1.6%,1.2%,2.2%,0.4%,0.6%,2023
Male,All Schools,sh_support,their preferable source of support to get contraception or a test for Sexually Transmitted Infection (STI),Online (e.g. Sexwise website),360,6410,5.6%,4.8%,6.6%,0.8%,1.0%,2023
Male,All Schools,sh_support,their preferable source of support to get contraception or a test for Sexually Transmitted Infection (STI),Other,445,6410,6.9%,6.0%,8.0%,0.9%,1.0%,2023
Male,All Schools,sh_support,their preferable source of support to get contraception or a test for Sexually Transmitted Infection (STI),Pharmacy,925,6410,14.4%,13.1%,15.8%,1.3%,1.4%,2023
Male,All Schools,sh_support,their preferable source of support to get contraception or a test for Sexually Transmitted Infection (STI),Prefer not to say,850,6410,13.3%,12.0%,14.6%,1.3%,1.4%,2023
Male,All Schools,sh_support,their preferable source of support to get contraception or a test for Sexually Transmitted Infection (STI),School/College,260,6410,4.1%,3.4%,4.9%,0.7%,0.8%,2023
Male,All Schools,sh_support,their preferable source of support to get contraception or a test for Sexually Transmitted Infection (STI),Sexual health clinic,1100,6410,17.2%,15.8%,18.7%,1.4%,1.5%,2023
Male,All Schools,sh_support,their preferable source of support to get contraception or a test for Sexually Transmitted Infection (STI),Youth Worker/Service,75,6410,1.2%,0.8%,1.7%,0.3%,0.5%,2023
Male,All Schools,sh_wait,It is fine to wait to have sex,Agree,2440,2760,88.4%,86.4%,90.2%,2.0%,1.8%,2023
Male,All Schools,sh_wait,It is fine to wait to have sex,Disagree,60,2760,2.2%,1.5%,3.2%,0.7%,1.0%,2023
Male,All Schools,sh_wait,It is fine to wait to have sex,Not sure,260,2760,9.4%,7.8%,11.3%,1.6%,1.9%,2023
Male,All Schools,shinfo_clinic,sexual health clinics,No,7150,7230,98.9%,98.4%,99.2%,0.4%,0.3%,2023
Male,All Schools,shinfo_clinic,sexual health clinics,Yes,80,7230,1.1%,0.8%,1.6%,0.3%,0.4%,2023
Male,All Schools,shinfo_doctor,health professionals,No,6955,7230,96.2%,95.4%,96.8%,0.8%,0.6%,2023
Male,All Schools,shinfo_doctor,health professionals,Yes,275,7230,3.8%,3.2%,4.6%,0.6%,0.8%,2023
Male,All Schools,shinfo_friends,friends,No,5550,7230,76.8%,75.2%,78.3%,1.6%,1.5%,2023
Male,All Schools,shinfo_friends,friends,Yes,1680,7230,23.2%,21.7%,24.8%,1.5%,1.6%,2023
Male,All Schools,shinfo_healthsite,healthcare websites,No,6705,7230,92.7%,91.7%,93.6%,1.0%,0.9%,2023
Male,All Schools,shinfo_healthsite,healthcare websites,Yes,525,7230,7.3%,6.4%,8.3%,0.9%,1.0%,2023
Male,All Schools,shinfo_helpline,telephone helplines,No,7210,7225,99.8%,99.5%,99.9%,0.2%,0.1%,2023
Male,All Schools,shinfo_helpline,telephone helplines,Yes,15,7225,0.2%,0.1%,0.5%,0.1%,0.2%,2023
Male,All Schools,shinfo_media,media,No,6410,7230,88.7%,87.5%,89.8%,1.2%,1.1%,2023
Male,All Schools,shinfo_media,media,Yes,820,7230,11.3%,10.2%,12.5%,1.1%,1.2%,2023
Male,All Schools,shinfo_other,other,No,6755,7230,93.4%,92.5%,94.3%,1.0%,0.8%,2023
Male,All Schools,shinfo_other,other,Yes,475,7230,6.6%,5.7%,7.5%,0.8%,1.0%,2023
Male,All Schools,shinfo_parents,parents,No,5045,7230,69.8%,68.1%,71.4%,1.7%,1.6%,2023
Male,All Schools,shinfo_parents,parents,Yes,2185,7230,30.2%,28.6%,31.9%,1.6%,1.7%,2023
Male,All Schools,shinfo_porn,pornography,No,6825,7230,94.4%,93.5%,95.2%,0.9%,0.8%,2023
Male,All Schools,shinfo_porn,pornography,Yes,405,7230,5.6%,4.8%,6.5%,0.8%,0.9%,2023
Male,All Schools,shinfo_poster,"posters, leaflets, reference books",No,7095,7230,98.1%,97.6%,98.6%,0.6%,0.4%,2023
Male,All Schools,shinfo_poster,"posters, leaflets, reference books",Yes,135,7230,1.9%,1.4%,2.4%,0.4%,0.6%,2023
Male,All Schools,shinfo_relations,siblings or relatives,No,6765,7225,93.6%,92.7%,94.5%,0.9%,0.8%,2023
Male,All Schools,shinfo_relations,siblings or relatives,Yes,460,7225,6.4%,5.5%,7.3%,0.8%,0.9%,2023
Male,All Schools,shinfo_school,school,No,3435,7230,47.5%,45.7%,49.3%,1.8%,1.8%,2023
Male,All Schools,shinfo_school,school,Yes,3795,7230,52.5%,50.7%,54.3%,1.8%,1.8%,2023
Male,All Schools,shinfo_yw,Youth Workers,No,7165,7225,99.2%,98.8%,99.4%,0.4%,0.3%,2023
Male,All Schools,shinfo_yw,Youth Workers,Yes,60,7225,0.8%,0.6%,1.2%,0.3%,0.4%,2023
Male,All Schools,skipschool_appointments,medical/dental appointments,No,4640,7230,64.2%,62.4%,65.9%,1.8%,1.7%,2023
Male,All Schools,skipschool_appointments,medical/dental appointments,Yes,2590,7230,35.8%,34.1%,37.6%,1.7%,1.8%,2023
Male,All Schools,skipschool_care,caring for family,No,6930,7230,95.9%,95.1%,96.5%,0.8%,0.7%,2023
Male,All Schools,skipschool_care,caring for family,Yes,300,7230,4.1%,3.5%,4.9%,0.7%,0.8%,2023
Male,All Schools,skipschool_illness,illness/injury unrelated to COVID-19,No,2940,7230,40.7%,38.9%,42.5%,1.8%,1.8%,2023
Male,All Schools,skipschool_illness,illness/injury unrelated to COVID-19,Yes,4290,7230,59.3%,57.5%,61.1%,1.8%,1.8%,2023
Male,All Schools,skipschool_mentalhealth,mental health reasons,No,6815,7230,94.3%,93.4%,95.0%,0.9%,0.8%,2023
Male,All Schools,skipschool_mentalhealth,mental health reasons,Yes,415,7230,5.7%,5.0%,6.6%,0.8%,0.9%,2023
Male,All Schools,skipschool_na,other reasons,No,6795,7230,94.0%,93.1%,94.8%,0.9%,0.8%,2023
Male,All Schools,skipschool_na,other reasons,Yes,435,7230,6.0%,5.2%,6.9%,0.8%,0.9%,2023
Male,All Schools,skipschool_trips,holiday,No,6195,7225,85.7%,84.4%,87.0%,1.3%,1.2%,2023
Male,All Schools,skipschool_trips,holiday,Yes,1030,7225,14.3%,13.0%,15.6%,1.2%,1.3%,2023
Male,All Schools,skipschool_worriesbully,bullying,No,7060,7230,97.6%,97.0%,98.1%,0.6%,0.5%,2023
Male,All Schools,skipschool_worriesbully,bullying,Yes,170,7230,2.4%,1.9%,3.0%,0.5%,0.6%,2023
Male,All Schools,skipschool_worriesschool,worries about schoolwork,No,6895,7230,95.4%,94.5%,96.1%,0.8%,0.7%,2023
Male,All Schools,skipschool_worriesschool,worries about schoolwork,Yes,335,7230,4.6%,3.9%,5.5%,0.7%,0.8%,2023
Male,All Schools,sleep_falling,had problems falling asleep,No,7230,7230,100.0%,99.9%,100.0%,0.1%,-0.0%,2023
Male,All Schools,sleep_none,had no problems with sleep,No,7230,7230,100.0%,99.9%,100.0%,0.1%,-0.0%,2023
Male,All Schools,sleep_wakingearly,had problems waking up early,No,7230,7230,100.0%,99.9%,100.0%,0.1%,-0.0%,2023
Male,All Schools,sleep_wakingnight,had problems waking up at night,No,7230,7230,100.0%,99.9%,100.0%,0.1%,-0.0%,2023
Male,All Schools,solvents_exp,solvents as drugs,No,7205,7230,99.7%,99.4%,99.8%,0.3%,0.2%,2023
Male,All Schools,solvents_exp,solvents as drugs,Yes,25,7230,0.3%,0.2%,0.6%,0.2%,0.3%,2023
Male,All Schools,solvents_offered,solvents as drugs,No,7180,7230,99.3%,98.9%,99.6%,0.4%,0.2%,2023
Male,All Schools,solvents_offered,solvents as drugs,Yes,50,7230,0.7%,0.4%,1.1%,0.2%,0.4%,2023
Male,All Schools,std_chlamydia,chlamydia,I have heard of it but know nothing about it,2680,6770,39.6%,37.8%,41.4%,1.8%,1.9%,2023
Male,All Schools,std_chlamydia,chlamydia,I have never heard of it,2670,6770,39.4%,37.6%,41.3%,1.8%,1.8%,2023
Male,All Schools,std_chlamydia,chlamydia,It can be both treated and cured,1000,6770,14.8%,13.5%,16.2%,1.3%,1.4%,2023
Male,All Schools,std_chlamydia,chlamydia,It can be treated but not cured,420,6770,6.2%,5.4%,7.2%,0.8%,1.0%,2023
Male,All Schools,std_gono,gonorrhoea,I have heard of it but know nothing about it,2715,6820,39.8%,38.0%,41.7%,1.8%,1.8%,2023
Male,All Schools,std_gono,gonorrhoea,I have never heard of it,2385,6820,35.0%,33.2%,36.8%,1.8%,1.8%,2023
Male,All Schools,std_gono,gonorrhoea,It can be both treated and cured,1295,6820,19.0%,17.6%,20.5%,1.4%,1.5%,2023
Male,All Schools,std_gono,gonorrhoea,It can be treated but not cured,425,6820,6.2%,5.4%,7.2%,0.8%,1.0%,2023
Male,All Schools,std_hiv,HIV,I have heard of it but know nothing about it,2595,6795,38.2%,36.4%,40.0%,1.8%,1.8%,2023
Male,All Schools,std_hiv,HIV,I have never heard of it,1755,6795,25.8%,24.2%,27.5%,1.6%,1.7%,2023
Male,All Schools,std_hiv,HIV,It can be both treated and cured,380,6795,5.6%,4.8%,6.5%,0.8%,0.9%,2023
Male,All Schools,std_hiv,HIV,It can be treated but not cured,2065,6795,30.4%,28.7%,32.1%,1.7%,1.8%,2023
Male,All Schools,std_syphilis,syphilis,I have heard of it but know nothing about it,2525,6745,37.4%,35.6%,39.3%,1.8%,1.8%,2023
Male,All Schools,std_syphilis,syphilis,I have never heard of it,3135,6745,46.5%,44.6%,48.4%,1.9%,1.9%,2023
Male,All Schools,std_syphilis,syphilis,It can be both treated and cured,680,6745,10.1%,9.0%,11.3%,1.1%,1.2%,2023
Male,All Schools,std_syphilis,syphilis,It can be treated but not cured,405,6745,6.0%,5.2%,7.0%,0.8%,1.0%,2023
Male,All Schools,steroids_exp,muscle-building steroids,No,7200,7230,99.6%,99.3%,99.8%,0.3%,0.2%,2023
Male,All Schools,steroids_exp,muscle-building steroids,Yes,30,7230,0.4%,0.2%,0.7%,0.2%,0.3%,2023
Male,All Schools,steroids_offered,muscle-building steroids,No,7140,7230,98.8%,98.3%,99.1%,0.5%,0.3%,2023
Male,All Schools,steroids_offered,muscle-building steroids,Yes,90,7230,1.2%,0.9%,1.7%,0.3%,0.5%,2023
Male,All Schools,survey_year,NA,2023,7230,7230,100.0%,99.9%,100.0%,0.1%,-0.0%,2023
Male,All Schools,vape_reduce,they want to reduce or stop vaping,I'd like to reduce the amount I vape but not stop,80,220,36.4%,27.1%,46.8%,9.3%,10.4%,2023
Male,All Schools,vape_reduce,they want to reduce or stop vaping,"No, I want to keep vaping",65,220,29.5%,21.1%,39.7%,8.5%,10.2%,2023
Male,All Schools,vape_reduce,they want to reduce or stop vaping,"Yes, I'd like to stop vaping",75,220,34.1%,25.1%,44.4%,9.0%,10.4%,2023
Male,All Schools,vape_worry,were worried about vaping,A bit worried,65,230,28.3%,20.1%,38.2%,8.2%,9.9%,2023
Male,All Schools,vape_worry,were worried about vaping,Don't know/Unsure,10,230,4.3%,1.7%,10.6%,2.6%,6.3%,2023
Male,All Schools,vape_worry,were worried about vaping,Not at all worried,65,230,28.3%,20.1%,38.2%,8.2%,9.9%,2023
Male,All Schools,vape_worry,were worried about vaping,Not very worried,65,230,28.3%,20.1%,38.2%,8.2%,9.9%,2023
Male,All Schools,vape_worry,were worried about vaping,Prefer not to say,10,230,4.3%,1.7%,10.6%,2.6%,6.3%,2023
Male,All Schools,vape_worry,were worried about vaping,Very worried,15,230,6.5%,3.0%,13.5%,3.5%,7.0%,2023
Male,All Schools,vaping,the statement that best describes them regarding vaping/e-cigarettes,I have never vaped,6235,7160,87.1%,85.8%,88.3%,1.3%,1.2%,2023
Male,All Schools,vaping,the statement that best describes them regarding vaping/e-cigarettes,I have vaped once or twice,560,7160,7.8%,6.9%,8.9%,0.9%,1.0%,2023
Male,All Schools,vaping,the statement that best describes them regarding vaping/e-cigarettes,"I used to vape, but I don’t now",145,7160,2.0%,1.6%,2.6%,0.5%,0.6%,2023
Male,All Schools,vaping,the statement that best describes them regarding vaping/e-cigarettes,I vape occasionally (less than once a week),80,7160,1.1%,0.8%,1.6%,0.3%,0.5%,2023
Male,All Schools,vaping,the statement that best describes them regarding vaping/e-cigarettes,I vape regularly (once a week or more),140,7160,2.0%,1.5%,2.5%,0.4%,0.6%,2023
Male,All Schools,views_listened_school,feels that their views are listened to at school,No,1525,6935,22.0%,20.5%,23.6%,1.5%,1.6%,2023
Male,All Schools,views_listened_school,feels that their views are listened to at school,Sometimes,3280,6935,47.3%,45.4%,49.2%,1.8%,1.9%,2023
Male,All Schools,views_listened_school,feels that their views are listened to at school,Yes,2130,6935,30.7%,29.0%,32.5%,1.7%,1.7%,2023
Male,All Schools,violence_involved,have been involved in a violent incident in the past year,No,5790,6980,83.0%,81.5%,84.3%,1.4%,1.3%,2023
Male,All Schools,violence_involved,have been involved in a violent incident in the past year,Prefer not to say,350,6980,5.0%,4.3%,5.9%,0.7%,0.9%,2023
Male,All Schools,violence_involved,have been involved in a violent incident in the past year,"Yes, I was the victim",370,6980,5.3%,4.5%,6.2%,0.8%,0.9%,2023
Male,All Schools,violence_involved,have been involved in a violent incident in the past year,"Yes, but I wasn't the victim",470,6980,6.7%,5.9%,7.7%,0.9%,1.0%,2023
Male,All Schools,violence_weapon_involved,have been involved in a violent incident where a weapon was used or threatened in the past year,No,6365,6950,91.6%,90.5%,92.6%,1.1%,1.0%,2023
Male,All Schools,violence_weapon_involved,have been involved in a violent incident where a weapon was used or threatened in the past year,Prefer not to say,195,6950,2.8%,2.3%,3.5%,0.6%,0.7%,2023
Male,All Schools,violence_weapon_involved,have been involved in a violent incident where a weapon was used or threatened in the past year,"Yes, I was the victim",195,6950,2.8%,2.3%,3.5%,0.6%,0.7%,2023
Male,All Schools,violence_weapon_involved,have been involved in a violent incident where a weapon was used or threatened in the past year,"Yes, but I wasn't the victim",195,6950,2.8%,2.3%,3.5%,0.6%,0.7%,2023
Male,All Schools,worry_bully,bullying,No,6250,7230,86.4%,85.2%,87.6%,1.3%,1.2%,2023
Male,All Schools,worry_bully,bullying,Yes,980,7230,13.6%,12.4%,14.8%,1.2%,1.3%,2023
Male,All Schools,worry_crime,local crime,No,6445,7230,89.1%,88.0%,90.2%,1.2%,1.1%,2023
Male,All Schools,worry_crime,local crime,Yes,785,7230,10.9%,9.8%,12.0%,1.1%,1.2%,2023
Male,All Schools,worry_drugsalcohol,drugs/alcohol,No,6805,7230,94.1%,93.2%,94.9%,0.9%,0.8%,2023
Male,All Schools,worry_drugsalcohol,drugs/alcohol,Yes,425,7230,5.9%,5.1%,6.8%,0.8%,0.9%,2023
Male,All Schools,worry_environment,the environment,No,6190,7230,85.6%,84.3%,86.8%,1.3%,1.2%,2023
Male,All Schools,worry_environment,the environment,Yes,1040,7230,14.4%,13.2%,15.7%,1.2%,1.3%,2023
Male,All Schools,worry_family,family problems,No,6380,7230,88.2%,87.0%,89.4%,1.2%,1.1%,2023
Male,All Schools,worry_family,family problems,Yes,850,7230,11.8%,10.6%,13.0%,1.1%,1.2%,2023
Male,All Schools,worry_friends,issues with friends,No,5965,7230,82.5%,81.1%,83.8%,1.4%,1.3%,2023
Male,All Schools,worry_friends,issues with friends,Yes,1265,7230,17.5%,16.2%,18.9%,1.3%,1.4%,2023
Male,All Schools,worry_future,future prospects,No,4035,7230,55.8%,54.0%,57.6%,1.8%,1.8%,2023
Male,All Schools,worry_future,future prospects,Yes,3195,7230,44.2%,42.4%,46.0%,1.8%,1.8%,2023
Male,All Schools,worry_gambling,gambling,No,6975,7230,96.5%,95.7%,97.1%,0.7%,0.6%,2023
Male,All Schools,worry_gambling,gambling,Yes,255,7230,3.5%,2.9%,4.3%,0.6%,0.7%,2023
Male,All Schools,worry_incrime,getting involved in crime,No,6710,7230,92.8%,91.8%,93.7%,1.0%,0.9%,2023
Male,All Schools,worry_incrime,getting involved in crime,Yes,520,7230,7.2%,6.3%,8.2%,0.9%,1.0%,2023
Male,All Schools,worry_lgbt,sexual orientation/identity,No,6940,7230,96.0%,95.2%,96.6%,0.8%,0.7%,2023
Male,All Schools,worry_lgbt,sexual orientation/identity,Yes,290,7230,4.0%,3.4%,4.8%,0.7%,0.8%,2023
Male,All Schools,worry_lonely,feeling lonely,No,5685,7230,78.6%,77.1%,80.1%,1.5%,1.5%,2023
Male,All Schools,worry_lonely,feeling lonely,Yes,1545,7230,21.4%,19.9%,22.9%,1.5%,1.5%,2023
Male,All Schools,worry_look,their appearance,No,5290,7230,73.2%,71.5%,74.7%,1.6%,1.6%,2023
Male,All Schools,worry_look,their appearance,Yes,1940,7230,26.8%,25.3%,28.5%,1.6%,1.6%,2023
Male,All Schools,worry_mental,their mental health,No,5760,7230,79.7%,78.2%,81.1%,1.5%,1.4%,2023
Male,All Schools,worry_mental,their mental health,Yes,1470,7230,20.3%,18.9%,21.8%,1.4%,1.5%,2023
Male,All Schools,worry_money,money problems (including family finances),No,6240,7225,86.4%,85.1%,87.6%,1.3%,1.2%,2023
Male,All Schools,worry_money,money problems (including family finances),Yes,985,7225,13.6%,12.4%,14.9%,1.2%,1.3%,2023
Male,All Schools,worry_phys,their physical health,No,5825,7225,80.6%,79.1%,82.0%,1.5%,1.4%,2023
Male,All Schools,worry_phys,their physical health,Yes,1400,7225,19.4%,18.0%,20.9%,1.4%,1.5%,2023
Male,All Schools,worry_racism,racism,No,6355,7230,87.9%,86.7%,89.0%,1.2%,1.1%,2023
Male,All Schools,worry_racism,racism,Yes,875,7230,12.1%,11.0%,13.3%,1.1%,1.2%,2023
Male,All Schools,worry_relationships,relationships/sexual health,No,6520,7230,90.2%,89.0%,91.2%,1.1%,1.0%,2023
Male,All Schools,worry_relationships,relationships/sexual health,Yes,710,7230,9.8%,8.8%,11.0%,1.0%,1.1%,2023
Male,All Schools,worry_school,schoolwork,No,4430,7230,61.3%,59.5%,63.0%,1.8%,1.8%,2023
Male,All Schools,worry_school,schoolwork,Yes,2800,7230,38.7%,37.0%,40.5%,1.8%,1.8%,2023
Male,All Schools,worry_socialmedia,social media,No,6645,7230,91.9%,90.9%,92.8%,1.0%,0.9%,2023
Male,All Schools,worry_socialmedia,social media,Yes,585,7230,8.1%,7.2%,9.1%,0.9%,1.0%,2023
Male,All Schools,worry_treatboys,how women treat/speak to boys,No,6485,7230,89.7%,88.5%,90.7%,1.2%,1.1%,2023
Male,All Schools,worry_treatboys,how women treat/speak to boys,Yes,745,7230,10.3%,9.3%,11.5%,1.1%,1.2%,2023
Male,All Schools,worry_treatgirls,how men treat/speak to girls,No,6620,7230,91.6%,90.5%,92.5%,1.1%,1.0%,2023
Male,All Schools,worry_treatgirls,how men treat/speak to girls,Yes,610,7230,8.4%,7.5%,9.5%,1.0%,1.1%,2023
Male,All Schools,worry_violenceboys,harrassment/violence against boys,No,6585,7230,91.1%,90.0%,92.1%,1.1%,1.0%,2023
Male,All Schools,worry_violenceboys,harrassment/violence against boys,Yes,645,7230,8.9%,7.9%,10.0%,1.0%,1.1%,2023
Male,All Schools,worry_violencegirls,harrassment/violence against girls,No,6810,7230,94.2%,93.3%,95.0%,0.9%,0.8%,2023
Male,All Schools,worry_violencegirls,harrassment/violence against girls,Yes,420,7230,5.8%,5.0%,6.7%,0.8%,0.9%,2023
Male,All Schools,xanex_exp,Xanax,No,7205,7230,99.7%,99.4%,99.8%,0.3%,0.2%,2023
Male,All Schools,xanex_exp,Xanax,Yes,25,7230,0.3%,0.2%,0.6%,0.2%,0.3%,2023
Male,All Schools,xanex_offered,Xanax,No,7180,7230,99.3%,98.9%,99.6%,0.4%,0.2%,2023
Male,All Schools,xanex_offered,Xanax,Yes,50,7230,0.7%,0.4%,1.1%,0.2%,0.4%,2023
Non-Binary,All Schools,age,Age,11,10,130,7.7%,3.0%,18.1%,4.7%,10.4%,2023
Non-Binary,All Schools,age,Age,12,20,130,15.4%,8.0%,27.5%,7.4%,12.1%,2023
Non-Binary,All Schools,age,Age,13,25,130,19.2%,10.8%,31.9%,8.4%,12.6%,2023
Non-Binary,All Schools,age,Age,14,25,130,19.2%,10.8%,31.9%,8.4%,12.6%,2023
Non-Binary,All Schools,age,Age,15,25,130,19.2%,10.8%,31.9%,8.4%,12.6%,2023
Non-Binary,All Schools,age,Age,16,15,130,11.5%,5.4%,22.9%,6.1%,11.4%,2023
Non-Binary,All Schools,age,Age,17,10,130,7.7%,3.0%,18.1%,4.7%,10.4%,2023
Non-Binary,All Schools,age,Age,18,0,130,0.0%,0.0%,6.8%,0.0%,6.8%,2023
Non-Binary,All Schools,alcohol_6more,how often they have six or more drinks on one occasion,Daily or almost daily,10,35,28.6%,11.8%,54.6%,16.8%,26.0%,2023
Non-Binary,All Schools,alcohol_6more,how often they have six or more drinks on one occasion,Less than monthly,5,35,14.3%,4.0%,39.9%,10.3%,25.6%,2023
Non-Binary,All Schools,alcohol_6more,how often they have six or more drinks on one occasion,Monthly,5,35,14.3%,4.0%,39.9%,10.3%,25.6%,2023
Non-Binary,All Schools,alcohol_6more,how often they have six or more drinks on one occasion,Never,15,35,42.9%,21.4%,67.4%,21.4%,24.5%,2023
Non-Binary,All Schools,alcohol_6more,how often they have six or more drinks on one occasion,Weekly,0,35,0.0%,0.0%,21.4%,0.0%,21.4%,2023
Non-Binary,All Schools,alcohol_ever,how often they had an alcohol-containing drink in the past three months,2-4 times a month,10,130,7.7%,3.0%,18.1%,4.7%,10.4%,2023
Non-Binary,All Schools,alcohol_ever,how often they had an alcohol-containing drink in the past three months,4 or more times a week,10,130,7.7%,3.0%,18.1%,4.7%,10.4%,2023
Non-Binary,All Schools,alcohol_ever,how often they had an alcohol-containing drink in the past three months,Monthly or less,15,130,11.5%,5.4%,22.9%,6.1%,11.4%,2023
Non-Binary,All Schools,alcohol_ever,how often they had an alcohol-containing drink in the past three months,Never,95,130,73.1%,59.8%,83.2%,13.3%,10.1%,2023
Non-Binary,All Schools,alcohol_reduce,want to reduce or stop drinking,I'd like to reduce the amount I drink but not stop,0,30,0.0%,0.0%,24.1%,0.0%,24.1%,2023
Non-Binary,All Schools,alcohol_reduce,want to reduce or stop drinking,"No, I want to keep drinking alcohol",25,30,83.3%,55.3%,95.3%,28.1%,12.0%,2023
Non-Binary,All Schools,alcohol_reduce,want to reduce or stop drinking,"Yes, I'd like to stop drinking alcohol",5,30,16.7%,4.7%,44.7%,12.0%,28.1%,2023
Non-Binary,All Schools,amphetamine_offered,amphetamines,No,125,130,96.2%,87.1%,98.9%,9.1%,2.8%,2023
Non-Binary,All Schools,amphetamine_offered,amphetamines,Yes,5,130,3.8%,1.1%,12.9%,2.8%,9.1%,2023
Non-Binary,All Schools,amphetamines_exp,amphetamines,No,125,130,96.2%,87.1%,98.9%,9.1%,2.8%,2023
Non-Binary,All Schools,amphetamines_exp,amphetamines,Yes,5,130,3.8%,1.1%,12.9%,2.8%,9.1%,2023
Non-Binary,All Schools,bullied,have ever been bullied or picked on,No,40,135,29.6%,19.2%,42.8%,10.5%,13.2%,2023
Non-Binary,All Schools,bullied,have ever been bullied or picked on,Yes,95,135,70.4%,57.2%,80.8%,13.2%,10.5%,2023
Non-Binary,All Schools,bullied_currently,are currently being bullied or picked on,No,50,95,52.6%,37.3%,67.5%,15.3%,14.9%,2023
Non-Binary,All Schools,bullied_currently,are currently being bullied or picked on,Prefer not to say,15,95,15.8%,7.5%,30.4%,8.3%,14.6%,2023
Non-Binary,All Schools,bullied_currently,are currently being bullied or picked on,Yes,30,95,31.6%,19.1%,47.4%,12.5%,15.8%,2023
Non-Binary,All Schools,bullied_internet,they have been bullied online,No,110,135,81.5%,69.2%,89.6%,12.3%,8.1%,2023
Non-Binary,All Schools,bullied_internet,they have been bullied online,Yes,25,135,18.5%,10.4%,30.8%,8.1%,12.3%,2023
Non-Binary,All Schools,bullied_none,have no experiences with bullying,No,110,130,84.6%,72.5%,92.0%,12.1%,7.4%,2023
Non-Binary,All Schools,bullied_none,have no experiences with bullying,Yes,20,130,15.4%,8.0%,27.5%,7.4%,12.1%,2023
Non-Binary,All Schools,bullied_others,have ever bullied or picked on someone else,No,110,130,84.6%,72.5%,92.0%,12.1%,7.4%,2023
Non-Binary,All Schools,bullied_others,have ever bullied or picked on someone else,Yes,20,130,15.4%,8.0%,27.5%,7.4%,12.1%,2023
Non-Binary,All Schools,bullied_outschool,they have been bullied somewhere other than school,No,105,130,80.8%,68.1%,89.2%,12.6%,8.4%,2023
Non-Binary,All Schools,bullied_outschool,they have been bullied somewhere other than school,Yes,25,130,19.2%,10.8%,31.9%,8.4%,12.6%,2023
Non-Binary,All Schools,bullied_prefer_not_say,would prefer not to respond about their experiences with bullying,No,125,135,92.6%,82.5%,97.1%,10.1%,4.5%,2023
Non-Binary,All Schools,bullied_prefer_not_say,would prefer not to respond about their experiences with bullying,Yes,10,135,7.4%,2.9%,17.5%,4.5%,10.1%,2023
Non-Binary,All Schools,bullied_school,they have been bullied at school,No,50,135,37.0%,25.5%,50.3%,11.6%,13.3%,2023
Non-Binary,All Schools,bullied_school,they have been bullied at school,Yes,85,135,63.0%,49.7%,74.5%,13.3%,11.6%,2023
Non-Binary,All Schools,buyalc_friend,from a friend or relative,No,120,135,88.9%,77.8%,94.8%,11.0%,5.9%,2023
Non-Binary,All Schools,buyalc_friend,from a friend or relative,Yes,15,135,11.1%,5.2%,22.2%,5.9%,11.0%,2023
Non-Binary,All Schools,buyalc_home,from home,No,115,135,85.2%,73.4%,92.3%,11.7%,7.1%,2023
Non-Binary,All Schools,buyalc_home,from home,Yes,20,135,14.8%,7.7%,26.6%,7.1%,11.7%,2023
Non-Binary,All Schools,buyalc_internet,from the internet,No,130,135,96.3%,87.5%,99.0%,8.8%,2.7%,2023
Non-Binary,All Schools,buyalc_internet,from the internet,Yes,5,135,3.7%,1.0%,12.5%,2.7%,8.8%,2023
Non-Binary,All Schools,buyalc_other,from another place,No,130,135,96.3%,87.5%,99.0%,8.8%,2.7%,2023
Non-Binary,All Schools,buyalc_other,from another place,Yes,5,135,3.7%,1.0%,12.5%,2.7%,8.8%,2023
Non-Binary,All Schools,buyalc_pubbar,from a pub/bar,No,125,130,96.2%,87.1%,98.9%,9.1%,2.8%,2023
Non-Binary,All Schools,buyalc_pubbar,from a pub/bar,Yes,5,130,3.8%,1.1%,12.9%,2.8%,9.1%,2023
Non-Binary,All Schools,buyalc_smallshop,from a small shop/off-licence,No,125,135,92.6%,82.5%,97.1%,10.1%,4.5%,2023
Non-Binary,All Schools,buyalc_smallshop,from a small shop/off-licence,Yes,10,135,7.4%,2.9%,17.5%,4.5%,10.1%,2023
Non-Binary,All Schools,buyalc_supermarket,from a supermarket,No,125,130,96.2%,87.1%,98.9%,9.1%,2.8%,2023
Non-Binary,All Schools,buyalc_supermarket,from a supermarket,Yes,5,130,3.8%,1.1%,12.9%,2.8%,9.1%,2023
Non-Binary,All Schools,buycig_friend,from a friend or relative,No,130,130,100.0%,93.2%,100.0%,6.8%,0.0%,2023
Non-Binary,All Schools,buycig_internet,from the internet,No,130,130,100.0%,93.2%,100.0%,6.8%,0.0%,2023
Non-Binary,All Schools,buycig_other,from another place,No,130,130,100.0%,93.2%,100.0%,6.8%,0.0%,2023
Non-Binary,All Schools,buycig_pubbar,from a pub/bar,No,130,130,100.0%,93.2%,100.0%,6.8%,0.0%,2023
Non-Binary,All Schools,buycig_smallshop,from a small shop/off-licence,No,130,130,100.0%,93.2%,100.0%,6.8%,0.0%,2023
Non-Binary,All Schools,buycig_supermarket,from a supermarket,No,130,130,100.0%,93.2%,100.0%,6.8%,0.0%,2023
Non-Binary,All Schools,buydrug_bar,pubs/bars/clubs,No,125,130,96.2%,87.1%,98.9%,9.1%,2.8%,2023
Non-Binary,All Schools,buydrug_bar,pubs/bars/clubs,Yes,5,130,3.8%,1.1%,12.9%,2.8%,9.1%,2023
Non-Binary,All Schools,buydrug_friend,friend or relative,No,125,130,96.2%,87.1%,98.9%,9.1%,2.8%,2023
Non-Binary,All Schools,buydrug_friend,friend or relative,Yes,5,130,3.8%,1.1%,12.9%,2.8%,9.1%,2023
Non-Binary,All Schools,buydrug_internet,the internet,No,130,135,96.3%,87.5%,99.0%,8.8%,2.7%,2023
Non-Binary,All Schools,buydrug_internet,the internet,Yes,5,135,3.7%,1.0%,12.5%,2.7%,8.8%,2023
Non-Binary,All Schools,buydrug_other,other sources,No,130,130,100.0%,93.2%,100.0%,6.8%,0.0%,2023
Non-Binary,All Schools,buydrug_other,other sources,Yes,0,130,0.0%,0.0%,6.8%,0.0%,6.8%,2023
Non-Binary,All Schools,buydrug_school,school,No,125,130,96.2%,87.1%,98.9%,9.1%,2.8%,2023
Non-Binary,All Schools,buydrug_school,school,Yes,5,130,3.8%,1.1%,12.9%,2.8%,9.1%,2023
Non-Binary,All Schools,buydrug_streets,on the street,No,130,135,96.3%,87.5%,99.0%,8.8%,2.7%,2023
Non-Binary,All Schools,buydrug_streets,on the street,Yes,5,135,3.7%,1.0%,12.5%,2.7%,8.8%,2023
Non-Binary,All Schools,cannabis_exp,cannabis,No,125,130,96.2%,87.1%,98.9%,9.1%,2.8%,2023
Non-Binary,All Schools,cannabis_exp,cannabis,Yes,5,130,3.8%,1.1%,12.9%,2.8%,9.1%,2023
Non-Binary,All Schools,cannabis_offered,cannabis,No,120,135,88.9%,77.8%,94.8%,11.0%,5.9%,2023
Non-Binary,All Schools,cannabis_offered,cannabis,Yes,15,135,11.1%,5.2%,22.2%,5.9%,11.0%,2023
Non-Binary,All Schools,caring,"help to look after a family member with a serious, mental or physical, illness or disability",No,90,130,69.2%,55.8%,80.1%,13.5%,10.8%,2023
Non-Binary,All Schools,caring,"help to look after a family member with a serious, mental or physical, illness or disability",Prefer not to say,15,130,11.5%,5.4%,22.9%,6.1%,11.4%,2023
Non-Binary,All Schools,caring,"help to look after a family member with a serious, mental or physical, illness or disability",Yes,25,130,19.2%,10.8%,31.9%,8.4%,12.6%,2023
Non-Binary,All Schools,carry_protection,carry weapons for protection when going out,Always,5,130,3.8%,1.1%,12.9%,2.8%,9.1%,2023
Non-Binary,All Schools,carry_protection,carry weapons for protection when going out,Never,100,130,76.9%,63.9%,86.3%,13.0%,9.3%,2023
Non-Binary,All Schools,carry_protection,carry weapons for protection when going out,Prefer not to say,10,130,7.7%,3.0%,18.1%,4.7%,10.4%,2023
Non-Binary,All Schools,carry_protection,carry weapons for protection when going out,Sometimes,10,130,7.7%,3.0%,18.1%,4.7%,10.4%,2023
Non-Binary,All Schools,carry_protection,carry weapons for protection when going out,Usually,5,130,3.8%,1.1%,12.9%,2.8%,9.1%,2023
Non-Binary,All Schools,carry_protection_other,know anyone who carries a weapons for protection when going out,Don't know,35,120,29.2%,18.3%,43.1%,10.9%,14.0%,2023
Non-Binary,All Schools,carry_protection_other,know anyone who carries a weapons for protection when going out,No,65,120,54.2%,40.3%,67.4%,13.8%,13.2%,2023
Non-Binary,All Schools,carry_protection_other,know anyone who carries a weapons for protection when going out,Prefer not to say,5,120,4.2%,1.2%,13.9%,3.0%,9.8%,2023
Non-Binary,All Schools,carry_protection_other,know anyone who carries a weapons for protection when going out,Yes,15,120,12.5%,5.9%,24.7%,6.6%,12.2%,2023
Non-Binary,All Schools,cla,child looked after (lived with foster carers/care home),No,110,130,84.6%,72.5%,92.0%,12.1%,7.4%,2023
Non-Binary,All Schools,cla,child looked after (lived with foster carers/care home),Prefer not to say,5,130,3.8%,1.1%,12.9%,2.8%,9.1%,2023
Non-Binary,All Schools,cla,child looked after (lived with foster carers/care home),Yes,15,130,11.5%,5.4%,22.9%,6.1%,11.4%,2023
Non-Binary,All Schools,clubs_arts,an arts and crafts group,Currently attending,20,55,36.4%,19.8%,57.0%,16.6%,20.6%,2023
Non-Binary,All Schools,clubs_arts,an arts and crafts group,Would like to attend,35,55,63.6%,43.0%,80.2%,20.6%,16.6%,2023
Non-Binary,All Schools,clubs_doe,Duke of Edinburgh,Currently attending,20,40,50.0%,28.0%,72.0%,22.0%,22.0%,2023
Non-Binary,All Schools,clubs_doe,Duke of Edinburgh,Would like to attend,20,40,50.0%,28.0%,72.0%,22.0%,22.0%,2023
Non-Binary,All Schools,clubs_music,a music club/group,Currently attending,35,60,58.3%,38.9%,75.5%,19.4%,17.2%,2023
Non-Binary,All Schools,clubs_music,a music club/group,Would like to attend,25,60,41.7%,24.5%,61.1%,17.2%,19.4%,2023
Non-Binary,All Schools,clubs_other,other groups,Currently attending,20,35,57.1%,32.6%,78.6%,24.5%,21.4%,2023
Non-Binary,All Schools,clubs_other,other groups,Would like to attend,15,35,42.9%,21.4%,67.4%,21.4%,24.5%,2023
Non-Binary,All Schools,clubs_perform,a drama/performing arts/dance group,Currently attending,30,55,54.5%,34.7%,73.0%,19.8%,18.5%,2023
Non-Binary,All Schools,clubs_perform,a drama/performing arts/dance group,Would like to attend,25,55,45.5%,27.0%,65.3%,18.5%,19.8%,2023
Non-Binary,All Schools,clubs_religion,a religious group,Currently attending,15,25,60.0%,31.3%,83.1%,28.7%,23.1%,2023
Non-Binary,All Schools,clubs_religion,a religious group,Would like to attend,10,25,40.0%,16.9%,68.7%,23.1%,28.7%,2023
Non-Binary,All Schools,clubs_schoolclub,a club/group at school,Currently attending,55,65,84.6%,66.5%,93.8%,18.1%,9.2%,2023
Non-Binary,All Schools,clubs_schoolclub,a club/group at school,Would like to attend,10,65,15.4%,6.2%,33.5%,9.2%,18.1%,2023
Non-Binary,All Schools,clubs_sports,a sports club,Currently attending,30,40,75.0%,50.6%,89.8%,24.4%,14.8%,2023
Non-Binary,All Schools,clubs_sports,a sports club,Would like to attend,10,40,25.0%,10.2%,49.4%,14.8%,24.4%,2023
Non-Binary,All Schools,clubs_syp,Services for Young People,Currently attending,20,30,66.7%,39.1%,86.2%,27.5%,19.5%,2023
Non-Binary,All Schools,clubs_syp,Services for Young People,Would like to attend,10,30,33.3%,13.8%,60.9%,19.5%,27.5%,2023
Non-Binary,All Schools,clubs_uniformed,a uniformed group,Currently attending,30,45,66.7%,43.8%,83.7%,22.9%,17.0%,2023
Non-Binary,All Schools,clubs_uniformed,a uniformed group,Would like to attend,15,45,33.3%,16.3%,56.2%,17.0%,22.9%,2023
Non-Binary,All Schools,clubs_volunteering,volunteering/social action group,Currently attending,20,40,50.0%,28.0%,72.0%,22.0%,22.0%,2023
Non-Binary,All Schools,clubs_volunteering,volunteering/social action group,Would like to attend,20,40,50.0%,28.0%,72.0%,22.0%,22.0%,2023
Non-Binary,All Schools,cocaine_exp,cocaine,No,125,130,96.2%,87.1%,98.9%,9.1%,2.8%,2023
Non-Binary,All Schools,cocaine_exp,cocaine,Yes,5,130,3.8%,1.1%,12.9%,2.8%,9.1%,2023
Non-Binary,All Schools,cocaine_offered,cocaine,No,125,135,92.6%,82.5%,97.1%,10.1%,4.5%,2023
Non-Binary,All Schools,cocaine_offered,cocaine,Yes,10,135,7.4%,2.9%,17.5%,4.5%,10.1%,2023
Non-Binary,All Schools,condition_adhd,ADHD,No,95,130,73.1%,59.8%,83.2%,13.3%,10.1%,2023
Non-Binary,All Schools,condition_adhd,ADHD,Yes,35,130,26.9%,16.8%,40.2%,10.1%,13.3%,2023
Non-Binary,All Schools,condition_autism,autism,No,75,130,57.7%,44.2%,70.1%,13.5%,12.4%,2023
Non-Binary,All Schools,condition_autism,autism,Yes,55,130,42.3%,29.9%,55.8%,12.4%,13.5%,2023
Non-Binary,All Schools,condition_disability,physical disability,No,115,130,88.5%,77.1%,94.6%,11.4%,6.1%,2023
Non-Binary,All Schools,condition_disability,physical disability,Yes,15,130,11.5%,5.4%,22.9%,6.1%,11.4%,2023
Non-Binary,All Schools,condition_mental,diagnosed mental health condition,No,85,130,65.4%,51.8%,76.8%,13.5%,11.4%,2023
Non-Binary,All Schools,condition_mental,diagnosed mental health condition,Yes,45,130,34.6%,23.2%,48.2%,11.4%,13.5%,2023
Non-Binary,All Schools,condition_physical,physical condition,No,100,130,76.9%,63.9%,86.3%,13.0%,9.3%,2023
Non-Binary,All Schools,condition_physical,physical condition,Yes,30,130,23.1%,13.7%,36.1%,9.3%,13.0%,2023
Non-Binary,All Schools,condition_send,special education need(s) or learning difficulty,No,105,135,77.8%,65.1%,86.8%,12.7%,9.0%,2023
Non-Binary,All Schools,condition_send,special education need(s) or learning difficulty,Yes,30,135,22.2%,13.2%,34.9%,9.0%,12.7%,2023
Non-Binary,All Schools,condoms_free,they know where they can get condoms for free,No,20,60,33.3%,18.0%,53.2%,15.3%,19.9%,2023
Non-Binary,All Schools,condoms_free,they know where they can get condoms for free,Not sure,15,60,25.0%,12.0%,44.8%,13.0%,19.8%,2023
Non-Binary,All Schools,condoms_free,they know where they can get condoms for free,Yes,25,60,41.7%,24.5%,61.1%,17.2%,19.4%,2023
Non-Binary,All Schools,cope_alcohol,by drinking alcohol,No,120,130,92.3%,81.9%,97.0%,10.4%,4.7%,2023
Non-Binary,All Schools,cope_alcohol,by drinking alcohol,Yes,10,130,7.7%,3.0%,18.1%,4.7%,10.4%,2023
Non-Binary,All Schools,cope_counselling,by having counselling,No,115,130,88.5%,77.1%,94.6%,11.4%,6.1%,2023
Non-Binary,All Schools,cope_counselling,by having counselling,Yes,15,130,11.5%,5.4%,22.9%,6.1%,11.4%,2023
Non-Binary,All Schools,cope_creative,by doing creative activities,No,75,130,57.7%,44.2%,70.1%,13.5%,12.4%,2023
Non-Binary,All Schools,cope_creative,by doing creative activities,Yes,55,130,42.3%,29.9%,55.8%,12.4%,13.5%,2023
Non-Binary,All Schools,cope_drugs,by doing drugs,No,125,130,96.2%,87.1%,98.9%,9.1%,2.8%,2023
Non-Binary,All Schools,cope_drugs,by doing drugs,Yes,5,130,3.8%,1.1%,12.9%,2.8%,9.1%,2023
Non-Binary,All Schools,cope_eat,by eating more,No,105,130,80.8%,68.1%,89.2%,12.6%,8.4%,2023
Non-Binary,All Schools,cope_eat,by eating more,Yes,25,130,19.2%,10.8%,31.9%,8.4%,12.6%,2023
Non-Binary,All Schools,cope_exercise,by exercising,No,120,130,92.3%,81.9%,97.0%,10.4%,4.7%,2023
Non-Binary,All Schools,cope_exercise,by exercising,Yes,10,130,7.7%,3.0%,18.1%,4.7%,10.4%,2023
Non-Binary,All Schools,cope_games,by playing computer games,No,90,130,69.2%,55.8%,80.1%,13.5%,10.8%,2023
Non-Binary,All Schools,cope_games,by playing computer games,Yes,40,130,30.8%,19.9%,44.2%,10.8%,13.5%,2023
Non-Binary,All Schools,cope_internet,by looking for help online,No,120,135,88.9%,77.8%,94.8%,11.0%,5.9%,2023
Non-Binary,All Schools,cope_internet,by looking for help online,Yes,15,135,11.1%,5.2%,22.2%,5.9%,11.0%,2023
Non-Binary,All Schools,cope_music,by listening to music,No,40,135,29.6%,19.2%,42.8%,10.5%,13.2%,2023
Non-Binary,All Schools,cope_music,by listening to music,Yes,95,135,70.4%,57.2%,80.8%,13.2%,10.5%,2023
Non-Binary,All Schools,cope_nothing,by doing nothing,No,95,130,73.1%,59.8%,83.2%,13.3%,10.1%,2023
Non-Binary,All Schools,cope_nothing,by doing nothing,Yes,35,130,26.9%,16.8%,40.2%,10.1%,13.3%,2023
Non-Binary,All Schools,cope_other,by other methods,No,115,130,88.5%,77.1%,94.6%,11.4%,6.1%,2023
Non-Binary,All Schools,cope_other,by other methods,Yes,15,130,11.5%,5.4%,22.9%,6.1%,11.4%,2023
Non-Binary,All Schools,cope_selfharm,by self-harm,No,85,135,63.0%,49.7%,74.5%,13.3%,11.6%,2023
Non-Binary,All Schools,cope_selfharm,by self-harm,Yes,50,135,37.0%,25.5%,50.3%,11.6%,13.3%,2023
Non-Binary,All Schools,cope_smoke,by smoking,No,125,130,96.2%,87.1%,98.9%,9.1%,2.8%,2023
Non-Binary,All Schools,cope_smoke,by smoking,Yes,5,130,3.8%,1.1%,12.9%,2.8%,9.1%,2023
Non-Binary,All Schools,cope_talkadult,by talking to an adult that's not their carer,No,115,135,85.2%,73.4%,92.3%,11.7%,7.1%,2023
Non-Binary,All Schools,cope_talkadult,by talking to an adult that's not their carer,Yes,20,135,14.8%,7.7%,26.6%,7.1%,11.7%,2023
Non-Binary,All Schools,cope_talkfamily,by talking to family,No,110,135,81.5%,69.2%,89.6%,12.3%,8.1%,2023
Non-Binary,All Schools,cope_talkfamily,by talking to family,Yes,25,135,18.5%,10.4%,30.8%,8.1%,12.3%,2023
Non-Binary,All Schools,cope_talkfriend,by talking to a friend,No,85,135,63.0%,49.7%,74.5%,13.3%,11.6%,2023
Non-Binary,All Schools,cope_talkfriend,by talking to a friend,Yes,50,135,37.0%,25.5%,50.3%,11.6%,13.3%,2023
Non-Binary,All Schools,cope_think,by thinking of a solution on their own,No,95,135,70.4%,57.2%,80.8%,13.2%,10.5%,2023
Non-Binary,All Schools,cope_think,by thinking of a solution on their own,Yes,40,135,29.6%,19.2%,42.8%,10.5%,13.2%,2023
Non-Binary,All Schools,crack_exp,crack,No,125,130,96.2%,87.1%,98.9%,9.1%,2.8%,2023
Non-Binary,All Schools,crack_exp,crack,Yes,5,130,3.8%,1.1%,12.9%,2.8%,9.1%,2023
Non-Binary,All Schools,crack_offered,crack,No,125,130,96.2%,87.1%,98.9%,9.1%,2.8%,2023
Non-Binary,All Schools,crack_offered,crack,Yes,5,130,3.8%,1.1%,12.9%,2.8%,9.1%,2023
Non-Binary,All Schools,derbisol_exp,derbisol,No,130,135,96.3%,87.5%,99.0%,8.8%,2.7%,2023
Non-Binary,All Schools,derbisol_exp,derbisol,Yes,5,135,3.7%,1.0%,12.5%,2.7%,8.8%,2023
Non-Binary,All Schools,derbisol_offered,derbisol,No,125,130,96.2%,87.1%,98.9%,9.1%,2.8%,2023
Non-Binary,All Schools,derbisol_offered,derbisol,Yes,5,130,3.8%,1.1%,12.9%,2.8%,9.1%,2023
Non-Binary,All Schools,district_pc,NA,Dacorum,5,60,8.3%,2.3%,25.8%,6.0%,17.5%,2023
Non-Binary,All Schools,district_pc,NA,East Hertfordshire,5,60,8.3%,2.3%,25.8%,6.0%,17.5%,2023
Non-Binary,All Schools,district_pc,NA,Hertsmere,5,60,8.3%,2.3%,25.8%,6.0%,17.5%,2023
Non-Binary,All Schools,district_pc,NA,North Hertfordshire,10,60,16.7%,6.7%,35.8%,10.0%,19.1%,2023
Non-Binary,All Schools,district_pc,NA,St Albans,20,60,33.3%,18.0%,53.2%,15.3%,19.9%,2023
Non-Binary,All Schools,district_pc,NA,Stevenage,5,60,8.3%,2.3%,25.8%,6.0%,17.5%,2023
Non-Binary,All Schools,district_pc,NA,Three Rivers,5,60,8.3%,2.3%,25.8%,6.0%,17.5%,2023
Non-Binary,All Schools,district_pc,NA,Watford,0,60,0.0%,0.0%,13.7%,0.0%,13.7%,2023
Non-Binary,All Schools,district_pc,NA,Welwyn Hatfield,5,60,8.3%,2.3%,25.8%,6.0%,17.5%,2023
Non-Binary,All Schools,district_residence,which district they lived in,Broxbourne,0,135,0.0%,0.0%,6.6%,0.0%,6.6%,2023
Non-Binary,All Schools,district_residence,which district they lived in,Dacorum,15,135,11.1%,5.2%,22.2%,5.9%,11.0%,2023
Non-Binary,All Schools,district_residence,which district they lived in,East Hertfordshire,10,135,7.4%,2.9%,17.5%,4.5%,10.1%,2023
Non-Binary,All Schools,district_residence,which district they lived in,Hertsmere,10,135,7.4%,2.9%,17.5%,4.5%,10.1%,2023
Non-Binary,All Schools,district_residence,which district they lived in,North Hertfordshire,20,135,14.8%,7.7%,26.6%,7.1%,11.7%,2023
Non-Binary,All Schools,district_residence,which district they lived in,Outside of Hertfordshire,5,135,3.7%,1.0%,12.5%,2.7%,8.8%,2023
Non-Binary,All Schools,district_residence,which district they lived in,St Albans,30,135,22.2%,13.2%,34.9%,9.0%,12.7%,2023
Non-Binary,All Schools,district_residence,which district they lived in,Stevenage,15,135,11.1%,5.2%,22.2%,5.9%,11.0%,2023
Non-Binary,All Schools,district_residence,which district they lived in,Three Rivers,10,135,7.4%,2.9%,17.5%,4.5%,10.1%,2023
Non-Binary,All Schools,district_residence,which district they lived in,Watford,5,135,3.7%,1.0%,12.5%,2.7%,8.8%,2023
Non-Binary,All Schools,district_residence,which district they lived in,Welwyn Hatfield,15,135,11.1%,5.2%,22.2%,5.9%,11.0%,2023
Non-Binary,All Schools,district_school,NA,Dacorum,15,140,10.7%,5.0%,21.4%,5.7%,10.7%,2023
Non-Binary,All Schools,district_school,NA,East Hertfordshire,5,140,3.6%,1.0%,12.1%,2.6%,8.5%,2023
Non-Binary,All Schools,district_school,NA,Hertsmere,10,140,7.1%,2.8%,16.9%,4.3%,9.8%,2023
Non-Binary,All Schools,district_school,NA,North Hertfordshire,20,140,14.3%,7.4%,25.7%,6.9%,11.4%,2023
Non-Binary,All Schools,district_school,NA,St Albans,40,140,28.6%,18.4%,41.4%,10.1%,12.9%,2023
Non-Binary,All Schools,district_school,NA,Stevenage,20,140,14.3%,7.4%,25.7%,6.9%,11.4%,2023
Non-Binary,All Schools,district_school,NA,Three Rivers,20,140,14.3%,7.4%,25.7%,6.9%,11.4%,2023
Non-Binary,All Schools,district_school,NA,Welwyn Hatfield,10,140,7.1%,2.8%,16.9%,4.3%,9.8%,2023
Non-Binary,All Schools,drug_ever,the best statement that describes them regarding recreational drug use,I have never taken drugs,115,130,88.5%,77.1%,94.6%,11.4%,6.1%,2023
Non-Binary,All Schools,drug_ever,the best statement that describes them regarding recreational drug use,I have taken drugs once or twice,5,130,3.8%,1.1%,12.9%,2.8%,9.1%,2023
Non-Binary,All Schools,drug_ever,the best statement that describes them regarding recreational drug use,I take drugs occasionally (less than once a week),0,130,0.0%,0.0%,6.8%,0.0%,6.8%,2023
Non-Binary,All Schools,drug_ever,the best statement that describes them regarding recreational drug use,I take drugs regularly (once a week or more),10,130,7.7%,3.0%,18.1%,4.7%,10.4%,2023
Non-Binary,All Schools,drug_reduce,if they want to reduce or stop taking drugs,I'd like to reduce the amount I take but not stop,5,10,50.0%,15.1%,84.9%,34.9%,34.9%,2023
Non-Binary,All Schools,drug_reduce,if they want to reduce or stop taking drugs,"No, I want to keep taking drugs",5,10,50.0%,15.1%,84.9%,34.9%,34.9%,2023
Non-Binary,All Schools,drug_reduce,if they want to reduce or stop taking drugs,"Yes, I'd like to stop taking drugs",0,10,0.0%,0.0%,48.8%,0.0%,48.8%,2023
Non-Binary,All Schools,drugs_alcohol,ever taken drugs and drunk alcohol on the same occasion,No,5,15,33.3%,9.7%,69.9%,23.6%,36.6%,2023
Non-Binary,All Schools,drugs_alcohol,ever taken drugs and drunk alcohol on the same occasion,Not sure,5,15,33.3%,9.7%,69.9%,23.6%,36.6%,2023
Non-Binary,All Schools,drugs_alcohol,ever taken drugs and drunk alcohol on the same occasion,Yes,5,15,33.3%,9.7%,69.9%,23.6%,36.6%,2023
Non-Binary,All Schools,drugsupp_doctor,from a health professional,No,100,130,76.9%,63.9%,86.3%,13.0%,9.3%,2023
Non-Binary,All Schools,drugsupp_doctor,from a health professional,Yes,30,130,23.1%,13.7%,36.1%,9.3%,13.0%,2023
Non-Binary,All Schools,drugsupp_family,from family,No,75,135,55.6%,42.4%,68.0%,13.1%,12.4%,2023
Non-Binary,All Schools,drugsupp_family,from family,Yes,60,135,44.4%,32.0%,57.6%,12.4%,13.1%,2023
Non-Binary,All Schools,drugsupp_friends,from friends,No,85,130,65.4%,51.8%,76.8%,13.5%,11.4%,2023
Non-Binary,All Schools,drugsupp_friends,from friends,Yes,45,130,34.6%,23.2%,48.2%,11.4%,13.5%,2023
Non-Binary,All Schools,drugsupp_internet,from the internet,No,85,130,65.4%,51.8%,76.8%,13.5%,11.4%,2023
Non-Binary,All Schools,drugsupp_internet,from the internet,Yes,45,130,34.6%,23.2%,48.2%,11.4%,13.5%,2023
Non-Binary,All Schools,drugsupp_other,from other sources,No,120,135,88.9%,77.8%,94.8%,11.0%,5.9%,2023
Non-Binary,All Schools,drugsupp_other,from other sources,Yes,15,135,11.1%,5.2%,22.2%,5.9%,11.0%,2023
Non-Binary,All Schools,drugsupp_teacher,from a teacher,No,95,135,70.4%,57.2%,80.8%,13.2%,10.5%,2023
Non-Binary,All Schools,drugsupp_teacher,from a teacher,Yes,40,135,29.6%,19.2%,42.8%,10.5%,13.2%,2023
Non-Binary,All Schools,drugsupp_ypservice,from Drug & Alcohol Services for young people,No,95,130,73.1%,59.8%,83.2%,13.3%,10.1%,2023
Non-Binary,All Schools,drugsupp_ypservice,from Drug & Alcohol Services for young people,Yes,35,130,26.9%,16.8%,40.2%,10.1%,13.3%,2023
Non-Binary,All Schools,drugsupp_yw,from a Youth Worker,No,110,135,81.5%,69.2%,89.6%,12.3%,8.1%,2023
Non-Binary,All Schools,drugsupp_yw,from a Youth Worker,Yes,25,135,18.5%,10.4%,30.8%,8.1%,12.3%,2023
Non-Binary,All Schools,ecstasy_exp,ecstasy,No,125,130,96.2%,87.1%,98.9%,9.1%,2.8%,2023
Non-Binary,All Schools,ecstasy_exp,ecstasy,Yes,5,130,3.8%,1.1%,12.9%,2.8%,9.1%,2023
Non-Binary,All Schools,ecstasy_offered,ecstasy,No,125,130,96.2%,87.1%,98.9%,9.1%,2.8%,2023
Non-Binary,All Schools,ecstasy_offered,ecstasy,Yes,5,130,3.8%,1.1%,12.9%,2.8%,9.1%,2023
Non-Binary,All Schools,environ_awareness,raise awareness,No,115,130,88.5%,77.1%,94.6%,11.4%,6.1%,2023
Non-Binary,All Schools,environ_awareness,raise awareness,Yes,15,130,11.5%,5.4%,22.9%,6.1%,11.4%,2023
Non-Binary,All Schools,environ_barriers_cost,financial cost,No,90,130,69.2%,55.8%,80.1%,13.5%,10.8%,2023
Non-Binary,All Schools,environ_barriers_cost,financial cost,Yes,40,130,30.8%,19.9%,44.2%,10.8%,13.5%,2023
Non-Binary,All Schools,environ_barriers_notconsider,sustainability is not a consideration in their household,No,115,130,88.5%,77.1%,94.6%,11.4%,6.1%,2023
Non-Binary,All Schools,environ_barriers_notconsider,sustainability is not a consideration in their household,Yes,15,130,11.5%,5.4%,22.9%,6.1%,11.4%,2023
Non-Binary,All Schools,environ_barriers_other,other reasons,No,110,130,84.6%,72.5%,92.0%,12.1%,7.4%,2023
Non-Binary,All Schools,environ_barriers_other,other reasons,Yes,20,130,15.4%,8.0%,27.5%,7.4%,12.1%,2023
Non-Binary,All Schools,environ_barriers_time,convenience/time,No,70,130,53.8%,40.5%,66.6%,13.3%,12.8%,2023
Non-Binary,All Schools,environ_barriers_time,convenience/time,Yes,60,130,46.2%,33.4%,59.5%,12.8%,13.3%,2023
Non-Binary,All Schools,environ_barriers_unsure,uncertainty on what to do,No,100,135,74.1%,61.1%,83.9%,13.0%,9.8%,2023
Non-Binary,All Schools,environ_barriers_unsure,uncertainty on what to do,Yes,35,135,25.9%,16.1%,38.9%,9.8%,13.0%,2023
Non-Binary,All Schools,environ_buy,think about the environment when buying things,No,90,130,69.2%,55.8%,80.1%,13.5%,10.8%,2023
Non-Binary,All Schools,environ_buy,think about the environment when buying things,Yes,40,130,30.8%,19.9%,44.2%,10.8%,13.5%,2023
Non-Binary,All Schools,environ_garden,do things in the garden to help wildlife,No,100,130,76.9%,63.9%,86.3%,13.0%,9.3%,2023
Non-Binary,All Schools,environ_garden,do things in the garden to help wildlife,Yes,30,130,23.1%,13.7%,36.1%,9.3%,13.0%,2023
Non-Binary,All Schools,environ_leaders,try to change what our leaders are doing,No,105,135,77.8%,65.1%,86.8%,12.7%,9.0%,2023
Non-Binary,All Schools,environ_leaders,try to change what our leaders are doing,Yes,30,135,22.2%,13.2%,34.9%,9.0%,12.7%,2023
Non-Binary,All Schools,environ_lights,turn lights off more,No,45,130,34.6%,23.2%,48.2%,11.4%,13.5%,2023
Non-Binary,All Schools,environ_lights,turn lights off more,Yes,85,130,65.4%,51.8%,76.8%,13.5%,11.4%,2023
Non-Binary,All Schools,environ_litter,pick up litter,No,80,130,61.5%,48.0%,73.5%,13.5%,12.0%,2023
Non-Binary,All Schools,environ_litter,pick up litter,Yes,50,130,38.5%,26.5%,52.0%,12.0%,13.5%,2023
Non-Binary,All Schools,environ_meat,eat less meat,No,95,130,73.1%,59.8%,83.2%,13.3%,10.1%,2023
Non-Binary,All Schools,environ_meat,eat less meat,Yes,35,130,26.9%,16.8%,40.2%,10.1%,13.3%,2023
Non-Binary,All Schools,environ_media,read/watch media about the environment,No,105,130,80.8%,68.1%,89.2%,12.6%,8.4%,2023
Non-Binary,All Schools,environ_media,read/watch media about the environment,Yes,25,130,19.2%,10.8%,31.9%,8.4%,12.6%,2023
Non-Binary,All Schools,environ_none,don't do anything,No,125,130,96.2%,87.1%,98.9%,9.1%,2.8%,2023
Non-Binary,All Schools,environ_none,don't do anything,Yes,5,130,3.8%,1.1%,12.9%,2.8%,9.1%,2023
Non-Binary,All Schools,environ_other,do other things,No,115,135,85.2%,73.4%,92.3%,11.7%,7.1%,2023
Non-Binary,All Schools,environ_other,do other things,Yes,20,135,14.8%,7.7%,26.6%,7.1%,11.7%,2023
Non-Binary,All Schools,environ_recycle,recycle their waste,No,50,135,37.0%,25.5%,50.3%,11.6%,13.3%,2023
Non-Binary,All Schools,environ_recycle,recycle their waste,Yes,85,135,63.0%,49.7%,74.5%,13.3%,11.6%,2023
Non-Binary,All Schools,environ_talk,talk to friends/family,No,100,130,76.9%,63.9%,86.3%,13.0%,9.3%,2023
Non-Binary,All Schools,environ_talk,talk to friends/family,Yes,30,130,23.1%,13.7%,36.1%,9.3%,13.0%,2023
Non-Binary,All Schools,environ_tap,turn the tap off more,No,40,135,29.6%,19.2%,42.8%,10.5%,13.2%,2023
Non-Binary,All Schools,environ_tap,turn the tap off more,Yes,95,135,70.4%,57.2%,80.8%,13.2%,10.5%,2023
Non-Binary,All Schools,environ_volunteer,volunteer,No,120,135,88.9%,77.8%,94.8%,11.0%,5.9%,2023
Non-Binary,All Schools,environ_volunteer,volunteer,Yes,15,135,11.1%,5.2%,22.2%,5.9%,11.0%,2023
Non-Binary,All Schools,environ_walkcycle,"walk, cycle, or use public transport",No,60,135,44.4%,32.0%,57.6%,12.4%,13.1%,2023
Non-Binary,All Schools,environ_walkcycle,"walk, cycle, or use public transport",Yes,75,135,55.6%,42.4%,68.0%,13.1%,12.4%,2023
Non-Binary,All Schools,ethnicity,ethnicity,Any other ethnic group,0,130,0.0%,0.0%,6.8%,0.0%,6.8%,2023
Non-Binary,All Schools,ethnicity,ethnicity,Asian,15,130,11.5%,5.4%,22.9%,6.1%,11.4%,2023
Non-Binary,All Schools,ethnicity,ethnicity,Black,15,130,11.5%,5.4%,22.9%,6.1%,11.4%,2023
Non-Binary,All Schools,ethnicity,ethnicity,Prefer not to say,5,130,3.8%,1.1%,12.9%,2.8%,9.1%,2023
Non-Binary,All Schools,ethnicity,ethnicity,White,95,130,73.1%,59.8%,83.2%,13.3%,10.1%,2023
Non-Binary,All Schools,findiff_cold,felt cold,No,110,135,81.5%,69.2%,89.6%,12.3%,8.1%,2023
Non-Binary,All Schools,findiff_cold,felt cold,Yes,25,135,18.5%,10.4%,30.8%,8.1%,12.3%,2023
Non-Binary,All Schools,findiff_foodbank,went to a food bank,No,120,130,92.3%,81.9%,97.0%,10.4%,4.7%,2023
Non-Binary,All Schools,findiff_foodbank,went to a food bank,Yes,10,130,7.7%,3.0%,18.1%,4.7%,10.4%,2023
Non-Binary,All Schools,findiff_hungry,felt hungry,No,120,135,88.9%,77.8%,94.8%,11.0%,5.9%,2023
Non-Binary,All Schools,findiff_hungry,felt hungry,Yes,15,135,11.1%,5.2%,22.2%,5.9%,11.0%,2023
Non-Binary,All Schools,findiff_job,lost a job/work,No,120,130,92.3%,81.9%,97.0%,10.4%,4.7%,2023
Non-Binary,All Schools,findiff_job,lost a job/work,Yes,10,130,7.7%,3.0%,18.1%,4.7%,10.4%,2023
Non-Binary,All Schools,findiff_misstrip,missed a school trip,No,115,130,88.5%,77.1%,94.6%,11.4%,6.1%,2023
Non-Binary,All Schools,findiff_misstrip,missed a school trip,Yes,15,130,11.5%,5.4%,22.9%,6.1%,11.4%,2023
Non-Binary,All Schools,findiff_move,moved to a smaller home,No,125,135,92.6%,82.5%,97.1%,10.1%,4.5%,2023
Non-Binary,All Schools,findiff_move,moved to a smaller home,Yes,10,135,7.4%,2.9%,17.5%,4.5%,10.1%,2023
Non-Binary,All Schools,findiff_none,no experiences,No,55,135,40.7%,28.7%,54.0%,12.0%,13.3%,2023
Non-Binary,All Schools,findiff_none,no experiences,Yes,80,135,59.3%,46.0%,71.3%,13.3%,12.0%,2023
Non-Binary,All Schools,findiff_pnts,prefer not to say,No,115,130,88.5%,77.1%,94.6%,11.4%,6.1%,2023
Non-Binary,All Schools,findiff_pnts,prefer not to say,Yes,15,130,11.5%,5.4%,22.9%,6.1%,11.4%,2023
Non-Binary,All Schools,fsm,free school meals,No,100,130,76.9%,63.9%,86.3%,13.0%,9.3%,2023
Non-Binary,All Schools,fsm,free school meals,Prefer not to say,5,130,3.8%,1.1%,12.9%,2.8%,9.1%,2023
Non-Binary,All Schools,fsm,free school meals,Yes,25,130,19.2%,10.8%,31.9%,8.4%,12.6%,2023
Non-Binary,All Schools,hallucinogen_natural_exp,hallucinogens,No,125,135,92.6%,82.5%,97.1%,10.1%,4.5%,2023
Non-Binary,All Schools,hallucinogen_natural_exp,hallucinogens,Yes,10,135,7.4%,2.9%,17.5%,4.5%,10.1%,2023
Non-Binary,All Schools,hallucinogen_offered,hallucinogens,No,125,130,96.2%,87.1%,98.9%,9.1%,2.8%,2023
Non-Binary,All Schools,hallucinogen_offered,hallucinogens,Yes,5,130,3.8%,1.1%,12.9%,2.8%,9.1%,2023
Non-Binary,All Schools,heroin_exp,heroin,No,125,130,96.2%,87.1%,98.9%,9.1%,2.8%,2023
Non-Binary,All Schools,heroin_exp,heroin,Yes,5,130,3.8%,1.1%,12.9%,2.8%,9.1%,2023
Non-Binary,All Schools,heroin_offered,heroin,No,125,130,96.2%,87.1%,98.9%,9.1%,2.8%,2023
Non-Binary,All Schools,heroin_offered,heroin,Yes,5,130,3.8%,1.1%,12.9%,2.8%,9.1%,2023
Non-Binary,All Schools,herts_just_talk,have heard of Herts Just Talk,No,45,130,34.6%,23.2%,48.2%,11.4%,13.5%,2023
Non-Binary,All Schools,herts_just_talk,have heard of Herts Just Talk,Unsure,15,130,11.5%,5.4%,22.9%,6.1%,11.4%,2023
Non-Binary,All Schools,herts_just_talk,have heard of Herts Just Talk,Yes,30,130,23.1%,13.7%,36.1%,9.3%,13.0%,2023
Non-Binary,All Schools,herts_just_talk,have heard of Herts Just Talk,"Yes I’ve heard of it, but I’m not sure what it is",40,130,30.8%,19.9%,44.2%,10.8%,13.5%,2023
Non-Binary,All Schools,home_shouting,have ever been frightened by any shouting and arguing between adults or older siblings at home in the last month,Most days/Every day,20,130,15.4%,8.0%,27.5%,7.4%,12.1%,2023
Non-Binary,All Schools,home_shouting,have ever been frightened by any shouting and arguing between adults or older siblings at home in the last month,No,50,130,38.5%,26.5%,52.0%,12.0%,13.5%,2023
Non-Binary,All Schools,home_shouting,have ever been frightened by any shouting and arguing between adults or older siblings at home in the last month,Once a week,20,130,15.4%,8.0%,27.5%,7.4%,12.1%,2023
Non-Binary,All Schools,home_shouting,have ever been frightened by any shouting and arguing between adults or older siblings at home in the last month,Once or twice,30,130,23.1%,13.7%,36.1%,9.3%,13.0%,2023
Non-Binary,All Schools,home_shouting,have ever been frightened by any shouting and arguing between adults or older siblings at home in the last month,Prefer not to say,10,130,7.7%,3.0%,18.1%,4.7%,10.4%,2023
Non-Binary,All Schools,home_violence,"if there has been any violence (e.g. hitting, punching, slapping) between adults or older siblings at home in the last month",Most days/Every day,10,130,7.7%,3.0%,18.1%,4.7%,10.4%,2023
Non-Binary,All Schools,home_violence,"if there has been any violence (e.g. hitting, punching, slapping) between adults or older siblings at home in the last month",No,90,130,69.2%,55.8%,80.1%,13.5%,10.8%,2023
Non-Binary,All Schools,home_violence,"if there has been any violence (e.g. hitting, punching, slapping) between adults or older siblings at home in the last month",Once a week,0,130,0.0%,0.0%,6.8%,0.0%,6.8%,2023
Non-Binary,All Schools,home_violence,"if there has been any violence (e.g. hitting, punching, slapping) between adults or older siblings at home in the last month",Once or twice,10,130,7.7%,3.0%,18.1%,4.7%,10.4%,2023
Non-Binary,All Schools,home_violence,"if there has been any violence (e.g. hitting, punching, slapping) between adults or older siblings at home in the last month",Prefer not to say,20,130,15.4%,8.0%,27.5%,7.4%,12.1%,2023
Non-Binary,All Schools,hopeful_future,feel hopeful about their future,Always,10,135,7.4%,2.9%,17.5%,4.5%,10.1%,2023
Non-Binary,All Schools,hopeful_future,feel hopeful about their future,Never,30,135,22.2%,13.2%,34.9%,9.0%,12.7%,2023
Non-Binary,All Schools,hopeful_future,feel hopeful about their future,Often,20,135,14.8%,7.7%,26.6%,7.1%,11.7%,2023
Non-Binary,All Schools,hopeful_future,feel hopeful about their future,Sometimes,75,135,55.6%,42.4%,68.0%,13.1%,12.4%,2023
Non-Binary,All Schools,imd_quintile,for their resident postcode,Quintile 1 - Most Deprived,10,130,7.7%,3.0%,18.1%,4.7%,10.4%,2023
Non-Binary,All Schools,imd_quintile,for their resident postcode,Quintile 2,15,130,11.5%,5.4%,22.9%,6.1%,11.4%,2023
Non-Binary,All Schools,imd_quintile,for their resident postcode,Quintile 3,15,130,11.5%,5.4%,22.9%,6.1%,11.4%,2023
Non-Binary,All Schools,imd_quintile,for their resident postcode,Quintile 4,10,130,7.7%,3.0%,18.1%,4.7%,10.4%,2023
Non-Binary,All Schools,imd_quintile,for their resident postcode,Quintile 5 - Least Deprived,15,130,11.5%,5.4%,22.9%,6.1%,11.4%,2023
Non-Binary,All Schools,imd_quintile,for their resident postcode,unknown,65,130,50.0%,36.9%,63.1%,13.1%,13.1%,2023
Non-Binary,All Schools,internet_info_provided,have been provided with online safety info,No,30,130,23.1%,13.7%,36.1%,9.3%,13.0%,2023
Non-Binary,All Schools,internet_info_provided,have been provided with online safety info,Yes,100,130,76.9%,63.9%,86.3%,13.0%,9.3%,2023
Non-Binary,All Schools,internet_message,have ever received message on social media that upset them,No,75,125,60.0%,46.2%,72.4%,13.8%,12.4%,2023
Non-Binary,All Schools,internet_message,have ever received message on social media that upset them,Yes,50,125,40.0%,27.6%,53.8%,12.4%,13.8%,2023
Non-Binary,All Schools,internet_met,have ever met someone in real life whom they first met online,No,110,130,84.6%,72.5%,92.0%,12.1%,7.4%,2023
Non-Binary,All Schools,internet_met,have ever met someone in real life whom they first met online,Yes,20,130,15.4%,8.0%,27.5%,7.4%,12.1%,2023
Non-Binary,All Schools,internet_personalinfo,have ever shared personal information with someone they have not met in real life,No,95,130,73.1%,59.8%,83.2%,13.3%,10.1%,2023
Non-Binary,All Schools,internet_personalinfo,have ever shared personal information with someone they have not met in real life,Yes,35,130,26.9%,16.8%,40.2%,10.1%,13.3%,2023
Non-Binary,All Schools,internet_pictures_pressure,have ever felt pressured to send pictures of themselves to someone,No,105,130,80.8%,68.1%,89.2%,12.6%,8.4%,2023
Non-Binary,All Schools,internet_pictures_pressure,have ever felt pressured to send pictures of themselves to someone,Yes,25,130,19.2%,10.8%,31.9%,8.4%,12.6%,2023
Non-Binary,All Schools,ketamine_exp,ketamine,No,125,130,96.2%,87.1%,98.9%,9.1%,2.8%,2023
Non-Binary,All Schools,ketamine_exp,ketamine,Yes,5,130,3.8%,1.1%,12.9%,2.8%,9.1%,2023
Non-Binary,All Schools,ketamine_offered,ketamine,No,125,130,96.2%,87.1%,98.9%,9.1%,2.8%,2023
Non-Binary,All Schools,ketamine_offered,ketamine,Yes,5,130,3.8%,1.1%,12.9%,2.8%,9.1%,2023
Non-Binary,All Schools,life_happyyesterday,how happy they felt yesterday overall on a scale low to high,high,15,130,11.5%,5.4%,22.9%,6.1%,11.4%,2023
Non-Binary,All Schools,life_happyyesterday,how happy they felt yesterday overall on a scale low to high,low,70,130,53.8%,40.5%,66.6%,13.3%,12.8%,2023
Non-Binary,All Schools,life_happyyesterday,how happy they felt yesterday overall on a scale low to high,medium,25,130,19.2%,10.8%,31.9%,8.4%,12.6%,2023
Non-Binary,All Schools,life_happyyesterday,how happy they felt yesterday overall on a scale low to high,very high,20,130,15.4%,8.0%,27.5%,7.4%,12.1%,2023
Non-Binary,All Schools,life_satisfied,about how satisfied they with their life on a scale of low to high,high,15,135,11.1%,5.2%,22.2%,5.9%,11.0%,2023
Non-Binary,All Schools,life_satisfied,about how satisfied they with their life on a scale of low to high,low,75,135,55.6%,42.4%,68.0%,13.1%,12.4%,2023
Non-Binary,All Schools,life_satisfied,about how satisfied they with their life on a scale of low to high,medium,35,135,25.9%,16.1%,38.9%,9.8%,13.0%,2023
Non-Binary,All Schools,life_satisfied,about how satisfied they with their life on a scale of low to high,very high,10,135,7.4%,2.9%,17.5%,4.5%,10.1%,2023
Non-Binary,All Schools,life_worthwhile,the extent to which they feel the things they do in their life are worthwhile on a scale of low to high,high,10,125,8.0%,3.2%,18.8%,4.8%,10.8%,2023
Non-Binary,All Schools,life_worthwhile,the extent to which they feel the things they do in their life are worthwhile on a scale of low to high,low,75,125,60.0%,46.2%,72.4%,13.8%,12.4%,2023
Non-Binary,All Schools,life_worthwhile,the extent to which they feel the things they do in their life are worthwhile on a scale of low to high,medium,25,125,20.0%,11.3%,33.0%,8.7%,13.0%,2023
Non-Binary,All Schools,life_worthwhile,the extent to which they feel the things they do in their life are worthwhile on a scale of low to high,very high,15,125,12.0%,5.6%,23.8%,6.4%,11.8%,2023
Non-Binary,All Schools,mental_accessed,have ever accessed mental health services before,No,55,135,40.7%,28.7%,54.0%,12.0%,13.3%,2023
Non-Binary,All Schools,mental_accessed,have ever accessed mental health services before,Not sure,20,135,14.8%,7.7%,26.6%,7.1%,11.7%,2023
Non-Binary,All Schools,mental_accessed,have ever accessed mental health services before,Prefer not to say,15,135,11.1%,5.2%,22.2%,5.9%,11.0%,2023
Non-Binary,All Schools,mental_accessed,have ever accessed mental health services before,Yes,45,135,33.3%,22.3%,46.6%,11.1%,13.3%,2023
Non-Binary,All Schools,mental_accessed_helpful,how helpful they found the mental health support,A little,15,45,33.3%,16.3%,56.2%,17.0%,22.9%,2023
Non-Binary,All Schools,mental_accessed_helpful,how helpful they found the mental health support,Neither helpful nor unhelpful,10,45,22.2%,9.0%,45.1%,13.2%,22.9%,2023
Non-Binary,All Schools,mental_accessed_helpful,how helpful they found the mental health support,Not helpful,5,45,11.1%,3.1%,32.7%,8.0%,21.6%,2023
Non-Binary,All Schools,mental_accessed_helpful,how helpful they found the mental health support,Not very helpful,5,45,11.1%,3.1%,32.7%,8.0%,21.6%,2023
Non-Binary,All Schools,mental_accessed_helpful,how helpful they found the mental health support,Very,10,45,22.2%,9.0%,45.1%,13.2%,22.9%,2023
Non-Binary,All Schools,mental_charity,charities,No,130,135,96.3%,87.5%,99.0%,8.8%,2.7%,2023
Non-Binary,All Schools,mental_charity,charities,Yes,5,135,3.7%,1.0%,12.5%,2.7%,8.8%,2023
Non-Binary,All Schools,mental_clinic,a mental health clinic,No,100,130,76.9%,63.9%,86.3%,13.0%,9.3%,2023
Non-Binary,All Schools,mental_clinic,a mental health clinic,Yes,30,130,23.1%,13.7%,36.1%,9.3%,13.0%,2023
Non-Binary,All Schools,mental_doctor,a doctor,No,110,130,84.6%,72.5%,92.0%,12.1%,7.4%,2023
Non-Binary,All Schools,mental_doctor,a doctor,Yes,20,130,15.4%,8.0%,27.5%,7.4%,12.1%,2023
Non-Binary,All Schools,mental_howaccess,"know how to access services if they are worried about, or are looking for more information about their mental health",No,30,130,23.1%,13.7%,36.1%,9.3%,13.0%,2023
Non-Binary,All Schools,mental_howaccess,"know how to access services if they are worried about, or are looking for more information about their mental health",Not sure,30,130,23.1%,13.7%,36.1%,9.3%,13.0%,2023
Non-Binary,All Schools,mental_howaccess,"know how to access services if they are worried about, or are looking for more information about their mental health",Yes,70,130,53.8%,40.5%,66.6%,13.3%,12.8%,2023
Non-Binary,All Schools,mental_none,other,No,100,130,76.9%,63.9%,86.3%,13.0%,9.3%,2023
Non-Binary,All Schools,mental_none,other,Yes,30,130,23.1%,13.7%,36.1%,9.3%,13.0%,2023
Non-Binary,All Schools,mental_nurse,a school nurse,No,120,130,92.3%,81.9%,97.0%,10.4%,4.7%,2023
Non-Binary,All Schools,mental_nurse,a school nurse,Yes,10,130,7.7%,3.0%,18.1%,4.7%,10.4%,2023
Non-Binary,All Schools,mental_other,some other service,No,115,130,88.5%,77.1%,94.6%,11.4%,6.1%,2023
Non-Binary,All Schools,mental_other,some other service,Yes,15,130,11.5%,5.4%,22.9%,6.1%,11.4%,2023
Non-Binary,All Schools,mental_parents,parents/carers,No,85,130,65.4%,51.8%,76.8%,13.5%,11.4%,2023
Non-Binary,All Schools,mental_parents,parents/carers,Yes,45,130,34.6%,23.2%,48.2%,11.4%,13.5%,2023
Non-Binary,All Schools,mental_school,the school,No,90,130,69.2%,55.8%,80.1%,13.5%,10.8%,2023
Non-Binary,All Schools,mental_school,the school,Yes,40,130,30.8%,19.9%,44.2%,10.8%,13.5%,2023
Non-Binary,All Schools,mental_talk,"agree with the statement ""It's okay for me to talk about my mental health.""",No,30,125,24.0%,14.3%,37.4%,9.7%,13.4%,2023
Non-Binary,All Schools,mental_talk,"agree with the statement ""It's okay for me to talk about my mental health.""",Not sure,40,125,32.0%,20.8%,45.8%,11.2%,13.8%,2023
Non-Binary,All Schools,mental_talk,"agree with the statement ""It's okay for me to talk about my mental health.""",Yes,55,125,44.0%,31.2%,57.7%,12.8%,13.7%,2023
Non-Binary,All Schools,mental_type_121,1-2-1s (in person),No,70,130,53.8%,40.5%,66.6%,13.3%,12.8%,2023
Non-Binary,All Schools,mental_type_121,1-2-1s (in person),Yes,60,130,46.2%,33.4%,59.5%,12.8%,13.3%,2023
Non-Binary,All Schools,mental_type_group,groupwork,No,95,130,73.1%,59.8%,83.2%,13.3%,10.1%,2023
Non-Binary,All Schools,mental_type_group,groupwork,Yes,35,130,26.9%,16.8%,40.2%,10.1%,13.3%,2023
Non-Binary,All Schools,mental_type_online,online support,No,90,130,69.2%,55.8%,80.1%,13.5%,10.8%,2023
Non-Binary,All Schools,mental_type_online,online support,Yes,40,130,30.8%,19.9%,44.2%,10.8%,13.5%,2023
Non-Binary,All Schools,mental_type_other,other types of support,No,95,130,73.1%,59.8%,83.2%,13.3%,10.1%,2023
Non-Binary,All Schools,mental_type_other,other types of support,Yes,35,130,26.9%,16.8%,40.2%,10.1%,13.3%,2023
Non-Binary,All Schools,mental_type_phone,phone counselling,No,125,135,92.6%,82.5%,97.1%,10.1%,4.5%,2023
Non-Binary,All Schools,mental_type_phone,phone counselling,Yes,10,135,7.4%,2.9%,17.5%,4.5%,10.1%,2023
Non-Binary,All Schools,mental_youthservice,the Youth Service,No,110,135,81.5%,69.2%,89.6%,12.3%,8.1%,2023
Non-Binary,All Schools,mental_youthservice,the Youth Service,Yes,25,135,18.5%,10.4%,30.8%,8.1%,12.3%,2023
Non-Binary,All Schools,nitrous_oxide_exp,nitrous oxide,No,125,130,96.2%,87.1%,98.9%,9.1%,2.8%,2023
Non-Binary,All Schools,nitrous_oxide_exp,nitrous oxide,Yes,5,130,3.8%,1.1%,12.9%,2.8%,9.1%,2023
Non-Binary,All Schools,nitrous_oxide_offered,nitrous oxide,No,125,130,96.2%,87.1%,98.9%,9.1%,2.8%,2023
Non-Binary,All Schools,nitrous_oxide_offered,nitrous oxide,Yes,5,130,3.8%,1.1%,12.9%,2.8%,9.1%,2023
Non-Binary,All Schools,nps_exp,novel psychoactive substances,No,125,130,96.2%,87.1%,98.9%,9.1%,2.8%,2023
Non-Binary,All Schools,nps_exp,novel psychoactive substances,Yes,5,130,3.8%,1.1%,12.9%,2.8%,9.1%,2023
Non-Binary,All Schools,nps_offered,novel psychoactive substances,No,125,130,96.2%,87.1%,98.9%,9.1%,2.8%,2023
Non-Binary,All Schools,nps_offered,novel psychoactive substances,Yes,5,130,3.8%,1.1%,12.9%,2.8%,9.1%,2023
Non-Binary,All Schools,pa_30,how many days in the past week had they done a total of 30 minutes or more of physical activity,1 to 3,55,130,42.3%,29.9%,55.8%,12.4%,13.5%,2023
Non-Binary,All Schools,pa_30,how many days in the past week had they done a total of 30 minutes or more of physical activity,4 to 5,20,130,15.4%,8.0%,27.5%,7.4%,12.1%,2023
Non-Binary,All Schools,pa_30,how many days in the past week had they done a total of 30 minutes or more of physical activity,6 to 7,10,130,7.7%,3.0%,18.1%,4.7%,10.4%,2023
Non-Binary,All Schools,pa_30,how many days in the past week had they done a total of 30 minutes or more of physical activity,none,45,130,34.6%,23.2%,48.2%,11.4%,13.5%,2023
Non-Binary,All Schools,pa_60,how many days in the past week had they done a total of 60 minutes or more of physical activity,1 to 3,45,135,33.3%,22.3%,46.6%,11.1%,13.3%,2023
Non-Binary,All Schools,pa_60,how many days in the past week had they done a total of 60 minutes or more of physical activity,4 to 5,15,135,11.1%,5.2%,22.2%,5.9%,11.0%,2023
Non-Binary,All Schools,pa_60,how many days in the past week had they done a total of 60 minutes or more of physical activity,6 to 7,10,135,7.4%,2.9%,17.5%,4.5%,10.1%,2023
Non-Binary,All Schools,pa_60,how many days in the past week had they done a total of 60 minutes or more of physical activity,none,65,135,48.1%,35.4%,61.1%,12.7%,13.0%,2023
Non-Binary,All Schools,pa_barriers_bikecost,the cost of bikes,No,120,130,92.3%,81.9%,97.0%,10.4%,4.7%,2023
Non-Binary,All Schools,pa_barriers_bikecost,the cost of bikes,Yes,10,130,7.7%,3.0%,18.1%,4.7%,10.4%,2023
Non-Binary,All Schools,pa_barriers_distance,distance,No,95,130,73.1%,59.8%,83.2%,13.3%,10.1%,2023
Non-Binary,All Schools,pa_barriers_distance,distance,Yes,35,130,26.9%,16.8%,40.2%,10.1%,13.3%,2023
Non-Binary,All Schools,pa_barriers_fearlost,the fear of getting lost,No,95,130,73.1%,59.8%,83.2%,13.3%,10.1%,2023
Non-Binary,All Schools,pa_barriers_fearlost,the fear of getting lost,Yes,35,130,26.9%,16.8%,40.2%,10.1%,13.3%,2023
Non-Binary,All Schools,pa_barriers_fitness,lack of fitness,No,110,130,84.6%,72.5%,92.0%,12.1%,7.4%,2023
Non-Binary,All Schools,pa_barriers_fitness,lack of fitness,Yes,20,130,15.4%,8.0%,27.5%,7.4%,12.1%,2023
Non-Binary,All Schools,pa_barriers_other,other reasons,No,120,135,88.9%,77.8%,94.8%,11.0%,5.9%,2023
Non-Binary,All Schools,pa_barriers_other,other reasons,Yes,15,135,11.1%,5.2%,22.2%,5.9%,11.0%,2023
Non-Binary,All Schools,pa_barriers_pollution,air pollution,No,125,135,92.6%,82.5%,97.1%,10.1%,4.5%,2023
Non-Binary,All Schools,pa_barriers_pollution,air pollution,Yes,10,135,7.4%,2.9%,17.5%,4.5%,10.1%,2023
Non-Binary,All Schools,pa_barriers_roadsafety,road safety,No,115,135,85.2%,73.4%,92.3%,11.7%,7.1%,2023
Non-Binary,All Schools,pa_barriers_roadsafety,road safety,Yes,20,135,14.8%,7.7%,26.6%,7.1%,11.7%,2023
Non-Binary,All Schools,pa_barriers_safety,personal safety,No,105,135,77.8%,65.1%,86.8%,12.7%,9.0%,2023
Non-Binary,All Schools,pa_barriers_safety,personal safety,Yes,30,135,22.2%,13.2%,34.9%,9.0%,12.7%,2023
Non-Binary,All Schools,pa_barriers_time,lack of time,No,65,135,48.1%,35.4%,61.1%,12.7%,13.0%,2023
Non-Binary,All Schools,pa_barriers_time,lack of time,Yes,70,135,51.9%,38.9%,64.6%,13.0%,12.7%,2023
Non-Binary,All Schools,pa_barriers_want,personal preference,No,80,130,61.5%,48.0%,73.5%,13.5%,12.0%,2023
Non-Binary,All Schools,pa_barriers_want,personal preference,Yes,50,130,38.5%,26.5%,52.0%,12.0%,13.5%,2023
Non-Binary,All Schools,pa_barriers_weather,the weather,No,80,130,61.5%,48.0%,73.5%,13.5%,12.0%,2023
Non-Binary,All Schools,pa_barriers_weather,the weather,Yes,50,130,38.5%,26.5%,52.0%,12.0%,13.5%,2023
Non-Binary,All Schools,pa_fri,Friday,0-29 minutes,45,120,37.5%,25.2%,51.6%,12.3%,14.1%,2023
Non-Binary,All Schools,pa_fri,Friday,30-59 minutes,45,120,37.5%,25.2%,51.6%,12.3%,14.1%,2023
Non-Binary,All Schools,pa_fri,Friday,60 or more minutes,30,120,25.0%,14.9%,38.7%,10.1%,13.7%,2023
Non-Binary,All Schools,pa_mon,Monday,0-29 minutes,50,115,43.5%,30.2%,57.7%,13.2%,14.2%,2023
Non-Binary,All Schools,pa_mon,Monday,30-59 minutes,35,115,30.4%,19.1%,44.8%,11.3%,14.3%,2023
Non-Binary,All Schools,pa_mon,Monday,60 or more minutes,30,115,26.1%,15.6%,40.2%,10.5%,14.1%,2023
Non-Binary,All Schools,pa_sat,Saturday,0-29 minutes,60,120,50.0%,36.4%,63.6%,13.6%,13.6%,2023
Non-Binary,All Schools,pa_sat,Saturday,30-59 minutes,30,120,25.0%,14.9%,38.7%,10.1%,13.7%,2023
Non-Binary,All Schools,pa_sat,Saturday,60 or more minutes,30,120,25.0%,14.9%,38.7%,10.1%,13.7%,2023
Non-Binary,All Schools,pa_sun,Sunday,0-29 minutes,65,110,59.1%,44.4%,72.3%,14.6%,13.2%,2023
Non-Binary,All Schools,pa_sun,Sunday,30-59 minutes,20,110,18.2%,9.5%,31.9%,8.7%,13.7%,2023
Non-Binary,All Schools,pa_sun,Sunday,60 or more minutes,25,110,22.7%,12.9%,36.9%,9.9%,14.2%,2023
Non-Binary,All Schools,pa_thurs,Thursday,0-29 minutes,45,120,37.5%,25.2%,51.6%,12.3%,14.1%,2023
Non-Binary,All Schools,pa_thurs,Thursday,30-59 minutes,40,120,33.3%,21.7%,47.4%,11.6%,14.1%,2023
Non-Binary,All Schools,pa_thurs,Thursday,60 or more minutes,35,120,29.2%,18.3%,43.1%,10.9%,14.0%,2023
Non-Binary,All Schools,pa_tues,Tuesday,0-29 minutes,45,125,36.0%,24.2%,49.8%,11.8%,13.8%,2023
Non-Binary,All Schools,pa_tues,Tuesday,30-59 minutes,45,125,36.0%,24.2%,49.8%,11.8%,13.8%,2023
Non-Binary,All Schools,pa_tues,Tuesday,60 or more minutes,35,125,28.0%,17.5%,41.6%,10.5%,13.6%,2023
Non-Binary,All Schools,pa_wed,Wednesday,0-29 minutes,45,125,36.0%,24.2%,49.8%,11.8%,13.8%,2023
Non-Binary,All Schools,pa_wed,Wednesday,30-59 minutes,45,125,36.0%,24.2%,49.8%,11.8%,13.8%,2023
Non-Binary,All Schools,pa_wed,Wednesday,60 or more minutes,35,125,28.0%,17.5%,41.6%,10.5%,13.6%,2023
Non-Binary,All Schools,paid_work,how much paid work they did last week,0-10 hours,15,120,12.5%,5.9%,24.7%,6.6%,12.2%,2023
Non-Binary,All Schools,paid_work,how much paid work they did last week,11-20 hours,5,120,4.2%,1.2%,13.9%,3.0%,9.8%,2023
Non-Binary,All Schools,paid_work,how much paid work they did last week,21-30 hours,0,120,0.0%,0.0%,7.4%,0.0%,7.4%,2023
Non-Binary,All Schools,paid_work,how much paid work they did last week,31+ hours,5,120,4.2%,1.2%,13.9%,3.0%,9.8%,2023
Non-Binary,All Schools,paid_work,how much paid work they did last week,I didn't do any paid work,95,120,79.2%,65.8%,88.3%,13.4%,9.1%,2023
Non-Binary,All Schools,paid_work,how much paid work they did last week,Prefer not to say,0,120,0.0%,0.0%,7.4%,0.0%,7.4%,2023
Non-Binary,All Schools,poppers_exp,poppers,No,125,130,96.2%,87.1%,98.9%,9.1%,2.8%,2023
Non-Binary,All Schools,poppers_exp,poppers,Yes,5,130,3.8%,1.1%,12.9%,2.8%,9.1%,2023
Non-Binary,All Schools,poppers_offered,poppers,No,125,130,96.2%,87.1%,98.9%,9.1%,2.8%,2023
Non-Binary,All Schools,poppers_offered,poppers,Yes,5,130,3.8%,1.1%,12.9%,2.8%,9.1%,2023
Non-Binary,All Schools,prospects_education,plan to continue in education,Maybe,45,115,39.1%,26.4%,53.5%,12.7%,14.4%,2023
Non-Binary,All Schools,prospects_education,plan to continue in education,No,10,115,8.7%,3.4%,20.3%,5.3%,11.6%,2023
Non-Binary,All Schools,prospects_education,plan to continue in education,Yes,60,115,52.2%,38.2%,65.8%,14.0%,13.7%,2023
Non-Binary,All Schools,prospects_family,plan to start a family,Maybe,30,110,27.3%,16.4%,41.8%,10.9%,14.5%,2023
Non-Binary,All Schools,prospects_family,plan to start a family,No,65,110,59.1%,44.4%,72.3%,14.6%,13.2%,2023
Non-Binary,All Schools,prospects_family,plan to start a family,Yes,15,110,13.6%,6.4%,26.7%,7.2%,13.0%,2023
Non-Binary,All Schools,prospects_info_apprenticeships,apprenticeships,No,85,130,65.4%,51.8%,76.8%,13.5%,11.4%,2023
Non-Binary,All Schools,prospects_info_apprenticeships,apprenticeships,Yes,45,130,34.6%,23.2%,48.2%,11.4%,13.5%,2023
Non-Binary,All Schools,prospects_info_college,college/6th form,No,70,135,51.9%,38.9%,64.6%,13.0%,12.7%,2023
Non-Binary,All Schools,prospects_info_college,college/6th form,Yes,65,135,48.1%,35.4%,61.1%,12.7%,13.0%,2023
Non-Binary,All Schools,prospects_info_gap,gap years,No,85,130,65.4%,51.8%,76.8%,13.5%,11.4%,2023
Non-Binary,All Schools,prospects_info_gap,gap years,Yes,45,130,34.6%,23.2%,48.2%,11.4%,13.5%,2023
Non-Binary,All Schools,prospects_info_jobs,jobs,No,75,135,55.6%,42.4%,68.0%,13.1%,12.4%,2023
Non-Binary,All Schools,prospects_info_jobs,jobs,Yes,60,135,44.4%,32.0%,57.6%,12.4%,13.1%,2023
Non-Binary,All Schools,prospects_info_other,other options,No,100,135,74.1%,61.1%,83.9%,13.0%,9.8%,2023
Non-Binary,All Schools,prospects_info_other,other options,Yes,35,135,25.9%,16.1%,38.9%,9.8%,13.0%,2023
Non-Binary,All Schools,prospects_info_trainee,traineeships,No,110,135,81.5%,69.2%,89.6%,12.3%,8.1%,2023
Non-Binary,All Schools,prospects_info_trainee,traineeships,Yes,25,135,18.5%,10.4%,30.8%,8.1%,12.3%,2023
Non-Binary,All Schools,prospects_info_uni,university,No,60,130,46.2%,33.4%,59.5%,12.8%,13.3%,2023
Non-Binary,All Schools,prospects_info_uni,university,Yes,70,130,53.8%,40.5%,66.6%,13.3%,12.8%,2023
Non-Binary,All Schools,prospects_job,plan to get a job,Maybe,30,110,27.3%,16.4%,41.8%,10.9%,14.5%,2023
Non-Binary,All Schools,prospects_job,plan to get a job,No,10,110,9.1%,3.6%,21.1%,5.5%,12.0%,2023
Non-Binary,All Schools,prospects_job,plan to get a job,Yes,70,110,63.6%,48.9%,76.2%,14.7%,12.6%,2023
Non-Binary,All Schools,prospects_notsure,aren't sure what they want to do,Maybe,30,105,28.6%,17.2%,43.5%,11.4%,15.0%,2023
Non-Binary,All Schools,prospects_notsure,aren't sure what they want to do,No,30,105,28.6%,17.2%,43.5%,11.4%,15.0%,2023
Non-Binary,All Schools,prospects_notsure,aren't sure what they want to do,Yes,45,105,42.9%,29.2%,57.8%,13.7%,14.9%,2023
Non-Binary,All Schools,prospects_other,have other plans,Maybe,35,105,33.3%,21.0%,48.4%,12.3%,15.1%,2023
Non-Binary,All Schools,prospects_other,have other plans,No,40,105,38.1%,25.0%,53.1%,13.1%,15.0%,2023
Non-Binary,All Schools,prospects_other,have other plans,Yes,30,105,28.6%,17.2%,43.5%,11.4%,15.0%,2023
Non-Binary,All Schools,prospects_support_friends,friends,No,75,130,57.7%,44.2%,70.1%,13.5%,12.4%,2023
Non-Binary,All Schools,prospects_support_friends,friends,Yes,55,130,42.3%,29.9%,55.8%,12.4%,13.5%,2023
Non-Binary,All Schools,prospects_support_idk,don't know where to get support,No,105,135,77.8%,65.1%,86.8%,12.7%,9.0%,2023
Non-Binary,All Schools,prospects_support_idk,don't know where to get support,Yes,30,135,22.2%,13.2%,34.9%,9.0%,12.7%,2023
Non-Binary,All Schools,prospects_support_jobcentre,Job Centre Plus,No,125,130,96.2%,87.1%,98.9%,9.1%,2.8%,2023
Non-Binary,All Schools,prospects_support_jobcentre,Job Centre Plus,Yes,5,130,3.8%,1.1%,12.9%,2.8%,9.1%,2023
Non-Binary,All Schools,prospects_support_online,online,No,95,130,73.1%,59.8%,83.2%,13.3%,10.1%,2023
Non-Binary,All Schools,prospects_support_online,online,Yes,35,130,26.9%,16.8%,40.2%,10.1%,13.3%,2023
Non-Binary,All Schools,prospects_support_other,other sources,No,120,135,88.9%,77.8%,94.8%,11.0%,5.9%,2023
Non-Binary,All Schools,prospects_support_other,other sources,Yes,15,135,11.1%,5.2%,22.2%,5.9%,11.0%,2023
Non-Binary,All Schools,prospects_support_parents,parent/carer,No,60,135,44.4%,32.0%,57.6%,12.4%,13.1%,2023
Non-Binary,All Schools,prospects_support_parents,parent/carer,Yes,75,135,55.6%,42.4%,68.0%,13.1%,12.4%,2023
Non-Binary,All Schools,prospects_support_school,school/teacher,No,80,130,61.5%,48.0%,73.5%,13.5%,12.0%,2023
Non-Binary,All Schools,prospects_support_school,school/teacher,Yes,50,130,38.5%,26.5%,52.0%,12.0%,13.5%,2023
Non-Binary,All Schools,prospects_support_syp,Services for Young People,No,100,130,76.9%,63.9%,86.3%,13.0%,9.3%,2023
Non-Binary,All Schools,prospects_support_syp,Services for Young People,Yes,30,130,23.1%,13.7%,36.1%,9.3%,13.0%,2023
Non-Binary,All Schools,prospects_training,plan to training for a skilled job,Maybe,50,115,43.5%,30.2%,57.7%,13.2%,14.2%,2023
Non-Binary,All Schools,prospects_training,plan to training for a skilled job,No,35,115,30.4%,19.1%,44.8%,11.3%,14.3%,2023
Non-Binary,All Schools,prospects_training,plan to training for a skilled job,Yes,30,115,26.1%,15.6%,40.2%,10.5%,14.1%,2023
Non-Binary,All Schools,religion,religion,Any other religion,5,130,3.8%,1.1%,12.9%,2.8%,9.1%,2023
Non-Binary,All Schools,religion,religion,Buddhist,0,130,0.0%,0.0%,6.8%,0.0%,6.8%,2023
Non-Binary,All Schools,religion,religion,Christian,15,130,11.5%,5.4%,22.9%,6.1%,11.4%,2023
Non-Binary,All Schools,religion,religion,Hindu,5,130,3.8%,1.1%,12.9%,2.8%,9.1%,2023
Non-Binary,All Schools,religion,religion,Jewish,5,130,3.8%,1.1%,12.9%,2.8%,9.1%,2023
Non-Binary,All Schools,religion,religion,Muslim,5,130,3.8%,1.1%,12.9%,2.8%,9.1%,2023
Non-Binary,All Schools,religion,religion,No religion,85,130,65.4%,51.8%,76.8%,13.5%,11.4%,2023
Non-Binary,All Schools,religion,religion,Prefer not to say,5,130,3.8%,1.1%,12.9%,2.8%,9.1%,2023
Non-Binary,All Schools,religion,religion,Sikh,5,130,3.8%,1.1%,12.9%,2.8%,9.1%,2023
Non-Binary,All Schools,safety_dark,going out after dark,Neither safe or unsafe,30,130,23.1%,13.7%,36.1%,9.3%,13.0%,2023
Non-Binary,All Schools,safety_dark,going out after dark,Safe,20,130,15.4%,8.0%,27.5%,7.4%,12.1%,2023
Non-Binary,All Schools,safety_dark,going out after dark,Unsafe,80,130,61.5%,48.0%,73.5%,13.5%,12.0%,2023
Non-Binary,All Schools,safety_day,going out during the day,Neither safe or unsafe,55,130,42.3%,29.9%,55.8%,12.4%,13.5%,2023
Non-Binary,All Schools,safety_day,going out during the day,Safe,50,130,38.5%,26.5%,52.0%,12.0%,13.5%,2023
Non-Binary,All Schools,safety_day,going out during the day,Unsafe,25,130,19.2%,10.8%,31.9%,8.4%,12.6%,2023
Non-Binary,All Schools,safety_journey,going to and from school,Neither safe or unsafe,50,130,38.5%,26.5%,52.0%,12.0%,13.5%,2023
Non-Binary,All Schools,safety_journey,going to and from school,Safe,60,130,46.2%,33.4%,59.5%,12.8%,13.3%,2023
Non-Binary,All Schools,safety_journey,going to and from school,Unsafe,20,130,15.4%,8.0%,27.5%,7.4%,12.1%,2023
Non-Binary,All Schools,safety_school,at school,Neither safe or unsafe,55,130,42.3%,29.9%,55.8%,12.4%,13.5%,2023
Non-Binary,All Schools,safety_school,at school,Safe,55,130,42.3%,29.9%,55.8%,12.4%,13.5%,2023
Non-Binary,All Schools,safety_school,at school,Unsafe,20,130,15.4%,8.0%,27.5%,7.4%,12.1%,2023
Non-Binary,All Schools,school_supported,felt supported by their school and that they were offered help when having difficulties,No,30,85,35.3%,21.5%,52.0%,13.8%,16.7%,2023
Non-Binary,All Schools,school_supported,felt supported by their school and that they were offered help when having difficulties,Not sure,20,85,23.5%,12.5%,39.9%,11.1%,16.4%,2023
Non-Binary,All Schools,school_supported,felt supported by their school and that they were offered help when having difficulties,Prefer not to say,10,85,11.8%,4.7%,26.6%,7.1%,14.8%,2023
Non-Binary,All Schools,school_supported,felt supported by their school and that they were offered help when having difficulties,Yes,25,85,29.4%,16.9%,46.1%,12.5%,16.7%,2023
Non-Binary,All Schools,schoolsupp_academic,they find their school is supportive of their learning and education,No,15,125,12.0%,5.6%,23.8%,6.4%,11.8%,2023
Non-Binary,All Schools,schoolsupp_academic,they find their school is supportive of their learning and education,Not sure,5,125,4.0%,1.1%,13.4%,2.9%,9.4%,2023
Non-Binary,All Schools,schoolsupp_academic,they find their school is supportive of their learning and education,Somewhat,45,125,36.0%,24.2%,49.8%,11.8%,13.8%,2023
Non-Binary,All Schools,schoolsupp_academic,they find their school is supportive of their learning and education,Yes,60,125,48.0%,34.8%,61.5%,13.2%,13.5%,2023
Non-Binary,All Schools,schoolsupp_wellbeing,they find their school is supportive of their emotional health and wellbeing,No,40,125,32.0%,20.8%,45.8%,11.2%,13.8%,2023
Non-Binary,All Schools,schoolsupp_wellbeing,they find their school is supportive of their emotional health and wellbeing,Not sure,10,125,8.0%,3.2%,18.8%,4.8%,10.8%,2023
Non-Binary,All Schools,schoolsupp_wellbeing,they find their school is supportive of their emotional health and wellbeing,Somewhat,50,125,40.0%,27.6%,53.8%,12.4%,13.8%,2023
Non-Binary,All Schools,schoolsupp_wellbeing,they find their school is supportive of their emotional health and wellbeing,Yes,25,125,20.0%,11.3%,33.0%,8.7%,13.0%,2023
Non-Binary,All Schools,schyear,school year,Not at school/other,5,140,3.6%,1.0%,12.1%,2.6%,8.5%,2023
Non-Binary,All Schools,schyear,school year,Year 10,25,140,17.9%,10.0%,29.8%,7.8%,11.9%,2023
Non-Binary,All Schools,schyear,school year,Year 11,20,140,14.3%,7.4%,25.7%,6.9%,11.4%,2023
Non-Binary,All Schools,schyear,school year,Year 12,15,140,10.7%,5.0%,21.4%,5.7%,10.7%,2023
Non-Binary,All Schools,schyear,school year,Year 13,5,140,3.6%,1.0%,12.1%,2.6%,8.5%,2023
Non-Binary,All Schools,schyear,school year,Year 7,20,140,14.3%,7.4%,25.7%,6.9%,11.4%,2023
Non-Binary,All Schools,schyear,school year,Year 8,20,140,14.3%,7.4%,25.7%,6.9%,11.4%,2023
Non-Binary,All Schools,schyear,school year,Year 9,30,140,21.4%,12.7%,33.8%,8.7%,12.4%,2023
Non-Binary,All Schools,selfharm_ever,ever self-harmed,No,25,125,20.0%,11.3%,33.0%,8.7%,13.0%,2023
Non-Binary,All Schools,selfharm_ever,ever self-harmed,Prefer not to say,35,125,28.0%,17.5%,41.6%,10.5%,13.6%,2023
Non-Binary,All Schools,selfharm_ever,ever self-harmed,Yes,65,125,52.0%,38.5%,65.2%,13.5%,13.2%,2023
Non-Binary,All Schools,sexuality,sexual orientation,Bisexual,35,130,26.9%,16.8%,40.2%,10.1%,13.3%,2023
Non-Binary,All Schools,sexuality,sexual orientation,Heterosexual/Straight,10,130,7.7%,3.0%,18.1%,4.7%,10.4%,2023
Non-Binary,All Schools,sexuality,sexual orientation,Homosexual/Gay Male,5,130,3.8%,1.1%,12.9%,2.8%,9.1%,2023
Non-Binary,All Schools,sexuality,sexual orientation,Homosexual/Lesbian,30,130,23.1%,13.7%,36.1%,9.3%,13.0%,2023
Non-Binary,All Schools,sexuality,sexual orientation,Other,25,130,19.2%,10.8%,31.9%,8.4%,12.6%,2023
Non-Binary,All Schools,sexuality,sexual orientation,Prefer not to say,10,130,7.7%,3.0%,18.1%,4.7%,10.4%,2023
Non-Binary,All Schools,sexuality,sexual orientation,Questioning,10,130,7.7%,3.0%,18.1%,4.7%,10.4%,2023
Non-Binary,All Schools,sexuality,sexual orientation,Unsure,5,130,3.8%,1.1%,12.9%,2.8%,9.1%,2023
Non-Binary,All Schools,sh_16,Most 16 year olds have not had sex,Agree,20,60,33.3%,18.0%,53.2%,15.3%,19.9%,2023
Non-Binary,All Schools,sh_16,Most 16 year olds have not had sex,Disagree,15,60,25.0%,12.0%,44.8%,13.0%,19.8%,2023
Non-Binary,All Schools,sh_16,Most 16 year olds have not had sex,Not sure,25,60,41.7%,24.5%,61.1%,17.2%,19.4%,2023
Non-Binary,All Schools,sh_access,they know how to access sexual health services?,No,40,125,32.0%,20.8%,45.8%,11.2%,13.8%,2023
Non-Binary,All Schools,sh_access,they know how to access sexual health services?,Not sure,35,125,28.0%,17.5%,41.6%,10.5%,13.6%,2023
Non-Binary,All Schools,sh_access,they know how to access sexual health services?,Yes,50,125,40.0%,27.6%,53.8%,12.4%,13.8%,2023
Non-Binary,All Schools,sh_condoms,Using condoms is necessary to prevent sexually transmitted infections and unplanned pregnancies,Agree,50,60,83.3%,64.2%,93.3%,19.1%,10.0%,2023
Non-Binary,All Schools,sh_condoms,Using condoms is necessary to prevent sexually transmitted infections and unplanned pregnancies,Disagree,5,60,8.3%,2.3%,25.8%,6.0%,17.5%,2023
Non-Binary,All Schools,sh_condoms,Using condoms is necessary to prevent sexually transmitted infections and unplanned pregnancies,Not sure,5,60,8.3%,2.3%,25.8%,6.0%,17.5%,2023
Non-Binary,All Schools,sh_condomsti,"If you have sex without a condom, you should get an STI test.",Agree,45,60,75.0%,55.2%,88.0%,19.8%,13.0%,2023
Non-Binary,All Schools,sh_condomsti,"If you have sex without a condom, you should get an STI test.",Disagree,5,60,8.3%,2.3%,25.8%,6.0%,17.5%,2023
Non-Binary,All Schools,sh_condomsti,"If you have sex without a condom, you should get an STI test.",Not sure,10,60,16.7%,6.7%,35.8%,10.0%,19.1%,2023
Non-Binary,All Schools,sh_pregnancy,Getting pregnant or getting someone else pregnant now would negatively affect my future plans,Agree,45,60,75.0%,55.2%,88.0%,19.8%,13.0%,2023
Non-Binary,All Schools,sh_pregnancy,Getting pregnant or getting someone else pregnant now would negatively affect my future plans,Disagree,5,60,8.3%,2.3%,25.8%,6.0%,17.5%,2023
Non-Binary,All Schools,sh_pregnancy,Getting pregnant or getting someone else pregnant now would negatively affect my future plans,Not sure,10,60,16.7%,6.7%,35.8%,10.0%,19.1%,2023
Non-Binary,All Schools,sh_pressure,There is pressure on young people to have sex,Agree,30,60,50.0%,31.5%,68.5%,18.5%,18.5%,2023
Non-Binary,All Schools,sh_pressure,There is pressure on young people to have sex,Disagree,10,60,16.7%,6.7%,35.8%,10.0%,19.1%,2023
Non-Binary,All Schools,sh_pressure,There is pressure on young people to have sex,Not sure,20,60,33.3%,18.0%,53.2%,15.3%,19.9%,2023
Non-Binary,All Schools,sh_schooled,I think the quality of the relationships and sex education I receive at school is good.,Agree,25,55,45.5%,27.0%,65.3%,18.5%,19.8%,2023
Non-Binary,All Schools,sh_schooled,I think the quality of the relationships and sex education I receive at school is good.,Disagree,10,55,18.2%,7.3%,38.5%,10.9%,20.3%,2023
Non-Binary,All Schools,sh_schooled,I think the quality of the relationships and sex education I receive at school is good.,Not sure,20,55,36.4%,19.8%,57.0%,16.6%,20.6%,2023
Non-Binary,All Schools,sh_serious,Being in a serious/long-term relationship before having sex is important,Agree,20,60,33.3%,18.0%,53.2%,15.3%,19.9%,2023
Non-Binary,All Schools,sh_serious,Being in a serious/long-term relationship before having sex is important,Disagree,20,60,33.3%,18.0%,53.2%,15.3%,19.9%,2023
Non-Binary,All Schools,sh_serious,Being in a serious/long-term relationship before having sex is important,Not sure,20,60,33.3%,18.0%,53.2%,15.3%,19.9%,2023
Non-Binary,All Schools,sh_support,their preferable source of support to get contraception or a test for Sexually Transmitted Infection (STI),Doctor,30,120,25.0%,14.9%,38.7%,10.1%,13.7%,2023
Non-Binary,All Schools,sh_support,their preferable source of support to get contraception or a test for Sexually Transmitted Infection (STI),Helpline,5,120,4.2%,1.2%,13.9%,3.0%,9.8%,2023
Non-Binary,All Schools,sh_support,their preferable source of support to get contraception or a test for Sexually Transmitted Infection (STI),Online (e.g. Sexwise website),10,120,8.3%,3.3%,19.5%,5.0%,11.2%,2023
Non-Binary,All Schools,sh_support,their preferable source of support to get contraception or a test for Sexually Transmitted Infection (STI),Other,10,120,8.3%,3.3%,19.5%,5.0%,11.2%,2023
Non-Binary,All Schools,sh_support,their preferable source of support to get contraception or a test for Sexually Transmitted Infection (STI),Pharmacy,15,120,12.5%,5.9%,24.7%,6.6%,12.2%,2023
Non-Binary,All Schools,sh_support,their preferable source of support to get contraception or a test for Sexually Transmitted Infection (STI),Prefer not to say,15,120,12.5%,5.9%,24.7%,6.6%,12.2%,2023
Non-Binary,All Schools,sh_support,their preferable source of support to get contraception or a test for Sexually Transmitted Infection (STI),School/College,5,120,4.2%,1.2%,13.9%,3.0%,9.8%,2023
Non-Binary,All Schools,sh_support,their preferable source of support to get contraception or a test for Sexually Transmitted Infection (STI),Sexual health clinic,25,120,20.8%,11.7%,34.2%,9.1%,13.4%,2023
Non-Binary,All Schools,sh_support,their preferable source of support to get contraception or a test for Sexually Transmitted Infection (STI),Youth Worker/Service,5,120,4.2%,1.2%,13.9%,3.0%,9.8%,2023
Non-Binary,All Schools,sh_wait,It is fine to wait to have sex,Agree,55,65,84.6%,66.5%,93.8%,18.1%,9.2%,2023
Non-Binary,All Schools,sh_wait,It is fine to wait to have sex,Disagree,5,65,7.7%,2.1%,24.1%,5.5%,16.4%,2023
Non-Binary,All Schools,sh_wait,It is fine to wait to have sex,Not sure,5,65,7.7%,2.1%,24.1%,5.5%,16.4%,2023
Non-Binary,All Schools,shinfo_clinic,sexual health clinics,No,125,130,96.2%,87.1%,98.9%,9.1%,2.8%,2023
Non-Binary,All Schools,shinfo_clinic,sexual health clinics,Yes,5,130,3.8%,1.1%,12.9%,2.8%,9.1%,2023
Non-Binary,All Schools,shinfo_doctor,health professionals,No,125,130,96.2%,87.1%,98.9%,9.1%,2.8%,2023
Non-Binary,All Schools,shinfo_doctor,health professionals,Yes,5,130,3.8%,1.1%,12.9%,2.8%,9.1%,2023
Non-Binary,All Schools,shinfo_friends,friends,No,90,130,69.2%,55.8%,80.1%,13.5%,10.8%,2023
Non-Binary,All Schools,shinfo_friends,friends,Yes,40,130,30.8%,19.9%,44.2%,10.8%,13.5%,2023
Non-Binary,All Schools,shinfo_healthsite,healthcare websites,No,115,135,85.2%,73.4%,92.3%,11.7%,7.1%,2023
Non-Binary,All Schools,shinfo_healthsite,healthcare websites,Yes,20,135,14.8%,7.7%,26.6%,7.1%,11.7%,2023
Non-Binary,All Schools,shinfo_helpline,telephone helplines,No,130,135,96.3%,87.5%,99.0%,8.8%,2.7%,2023
Non-Binary,All Schools,shinfo_helpline,telephone helplines,Yes,5,135,3.7%,1.0%,12.5%,2.7%,8.8%,2023
Non-Binary,All Schools,shinfo_media,media,No,105,135,77.8%,65.1%,86.8%,12.7%,9.0%,2023
Non-Binary,All Schools,shinfo_media,media,Yes,30,135,22.2%,13.2%,34.9%,9.0%,12.7%,2023
Non-Binary,All Schools,shinfo_other,other,No,125,135,92.6%,82.5%,97.1%,10.1%,4.5%,2023
Non-Binary,All Schools,shinfo_other,other,Yes,10,135,7.4%,2.9%,17.5%,4.5%,10.1%,2023
Non-Binary,All Schools,shinfo_parents,parents,No,95,135,70.4%,57.2%,80.8%,13.2%,10.5%,2023
Non-Binary,All Schools,shinfo_parents,parents,Yes,40,135,29.6%,19.2%,42.8%,10.5%,13.2%,2023
Non-Binary,All Schools,shinfo_porn,pornography,No,120,130,92.3%,81.9%,97.0%,10.4%,4.7%,2023
Non-Binary,All Schools,shinfo_porn,pornography,Yes,10,130,7.7%,3.0%,18.1%,4.7%,10.4%,2023
Non-Binary,All Schools,shinfo_poster,"posters, leaflets, reference books",No,130,135,96.3%,87.5%,99.0%,8.8%,2.7%,2023
Non-Binary,All Schools,shinfo_poster,"posters, leaflets, reference books",Yes,5,135,3.7%,1.0%,12.5%,2.7%,8.8%,2023
Non-Binary,All Schools,shinfo_relations,siblings or relatives,No,120,130,92.3%,81.9%,97.0%,10.4%,4.7%,2023
Non-Binary,All Schools,shinfo_relations,siblings or relatives,Yes,10,130,7.7%,3.0%,18.1%,4.7%,10.4%,2023
Non-Binary,All Schools,shinfo_school,school,No,75,135,55.6%,42.4%,68.0%,13.1%,12.4%,2023
Non-Binary,All Schools,shinfo_school,school,Yes,60,135,44.4%,32.0%,57.6%,12.4%,13.1%,2023
Non-Binary,All Schools,shinfo_yw,Youth Workers,No,125,135,92.6%,82.5%,97.1%,10.1%,4.5%,2023
Non-Binary,All Schools,shinfo_yw,Youth Workers,Yes,10,135,7.4%,2.9%,17.5%,4.5%,10.1%,2023
Non-Binary,All Schools,skipschool_appointments,medical/dental appointments,No,70,135,51.9%,38.9%,64.6%,13.0%,12.7%,2023
Non-Binary,All Schools,skipschool_appointments,medical/dental appointments,Yes,65,135,48.1%,35.4%,61.1%,12.7%,13.0%,2023
Non-Binary,All Schools,skipschool_care,caring for family,No,125,135,92.6%,82.5%,97.1%,10.1%,4.5%,2023
Non-Binary,All Schools,skipschool_care,caring for family,Yes,10,135,7.4%,2.9%,17.5%,4.5%,10.1%,2023
Non-Binary,All Schools,skipschool_illness,illness/injury unrelated to COVID-19,No,50,130,38.5%,26.5%,52.0%,12.0%,13.5%,2023
Non-Binary,All Schools,skipschool_illness,illness/injury unrelated to COVID-19,Yes,80,130,61.5%,48.0%,73.5%,13.5%,12.0%,2023
Non-Binary,All Schools,skipschool_mentalhealth,mental health reasons,No,90,135,66.7%,53.4%,77.7%,13.3%,11.1%,2023
Non-Binary,All Schools,skipschool_mentalhealth,mental health reasons,Yes,45,135,33.3%,22.3%,46.6%,11.1%,13.3%,2023
Non-Binary,All Schools,skipschool_na,other reasons,No,115,135,85.2%,73.4%,92.3%,11.7%,7.1%,2023
Non-Binary,All Schools,skipschool_na,other reasons,Yes,20,135,14.8%,7.7%,26.6%,7.1%,11.7%,2023
Non-Binary,All Schools,skipschool_trips,holiday,No,110,130,84.6%,72.5%,92.0%,12.1%,7.4%,2023
Non-Binary,All Schools,skipschool_trips,holiday,Yes,20,130,15.4%,8.0%,27.5%,7.4%,12.1%,2023
Non-Binary,All Schools,skipschool_worriesbully,bullying,No,115,130,88.5%,77.1%,94.6%,11.4%,6.1%,2023
Non-Binary,All Schools,skipschool_worriesbully,bullying,Yes,15,130,11.5%,5.4%,22.9%,6.1%,11.4%,2023
Non-Binary,All Schools,skipschool_worriesschool,worries about schoolwork,No,105,130,80.8%,68.1%,89.2%,12.6%,8.4%,2023
Non-Binary,All Schools,skipschool_worriesschool,worries about schoolwork,Yes,25,130,19.2%,10.8%,31.9%,8.4%,12.6%,2023
Non-Binary,All Schools,sleep_falling,had problems falling asleep,No,130,130,100.0%,93.2%,100.0%,6.8%,0.0%,2023
Non-Binary,All Schools,sleep_none,had no problems with sleep,No,130,130,100.0%,93.2%,100.0%,6.8%,0.0%,2023
Non-Binary,All Schools,sleep_wakingearly,had problems waking up early,No,130,130,100.0%,93.2%,100.0%,6.8%,0.0%,2023
Non-Binary,All Schools,sleep_wakingnight,had problems waking up at night,No,130,130,100.0%,93.2%,100.0%,6.8%,0.0%,2023
Non-Binary,All Schools,solvents_exp,solvents as drugs,No,125,130,96.2%,87.1%,98.9%,9.1%,2.8%,2023
Non-Binary,All Schools,solvents_exp,solvents as drugs,Yes,5,130,3.8%,1.1%,12.9%,2.8%,9.1%,2023
Non-Binary,All Schools,solvents_offered,solvents as drugs,No,125,130,96.2%,87.1%,98.9%,9.1%,2.8%,2023
Non-Binary,All Schools,solvents_offered,solvents as drugs,Yes,5,130,3.8%,1.1%,12.9%,2.8%,9.1%,2023
Non-Binary,All Schools,std_chlamydia,chlamydia,I have heard of it but know nothing about it,60,120,50.0%,36.4%,63.6%,13.6%,13.6%,2023
Non-Binary,All Schools,std_chlamydia,chlamydia,I have never heard of it,35,120,29.2%,18.3%,43.1%,10.9%,14.0%,2023
Non-Binary,All Schools,std_chlamydia,chlamydia,It can be both treated and cured,20,120,16.7%,8.7%,29.5%,8.0%,12.9%,2023
Non-Binary,All Schools,std_chlamydia,chlamydia,It can be treated but not cured,5,120,4.2%,1.2%,13.9%,3.0%,9.8%,2023
Non-Binary,All Schools,std_gono,gonorrhoea,I have heard of it but know nothing about it,65,120,54.2%,40.3%,67.4%,13.8%,13.2%,2023
Non-Binary,All Schools,std_gono,gonorrhoea,I have never heard of it,25,120,20.8%,11.7%,34.2%,9.1%,13.4%,2023
Non-Binary,All Schools,std_gono,gonorrhoea,It can be both treated and cured,25,120,20.8%,11.7%,34.2%,9.1%,13.4%,2023
Non-Binary,All Schools,std_gono,gonorrhoea,It can be treated but not cured,5,120,4.2%,1.2%,13.9%,3.0%,9.8%,2023
Non-Binary,All Schools,std_hiv,HIV,I have heard of it but know nothing about it,45,120,37.5%,25.2%,51.6%,12.3%,14.1%,2023
Non-Binary,All Schools,std_hiv,HIV,I have never heard of it,20,120,16.7%,8.7%,29.5%,8.0%,12.9%,2023
Non-Binary,All Schools,std_hiv,HIV,It can be both treated and cured,10,120,8.3%,3.3%,19.5%,5.0%,11.2%,2023
Non-Binary,All Schools,std_hiv,HIV,It can be treated but not cured,45,120,37.5%,25.2%,51.6%,12.3%,14.1%,2023
Non-Binary,All Schools,std_syphilis,syphilis,I have heard of it but know nothing about it,60,125,48.0%,34.8%,61.5%,13.2%,13.5%,2023
Non-Binary,All Schools,std_syphilis,syphilis,I have never heard of it,40,125,32.0%,20.8%,45.8%,11.2%,13.8%,2023
Non-Binary,All Schools,std_syphilis,syphilis,It can be both treated and cured,15,125,12.0%,5.6%,23.8%,6.4%,11.8%,2023
Non-Binary,All Schools,std_syphilis,syphilis,It can be treated but not cured,10,125,8.0%,3.2%,18.8%,4.8%,10.8%,2023
Non-Binary,All Schools,steroids_exp,muscle-building steroids,No,130,135,96.3%,87.5%,99.0%,8.8%,2.7%,2023
Non-Binary,All Schools,steroids_exp,muscle-building steroids,Yes,5,135,3.7%,1.0%,12.5%,2.7%,8.8%,2023
Non-Binary,All Schools,steroids_offered,muscle-building steroids,No,125,130,96.2%,87.1%,98.9%,9.1%,2.8%,2023
Non-Binary,All Schools,steroids_offered,muscle-building steroids,Yes,5,130,3.8%,1.1%,12.9%,2.8%,9.1%,2023
Non-Binary,All Schools,survey_year,NA,2023,130,130,100.0%,93.2%,100.0%,6.8%,0.0%,2023
Non-Binary,All Schools,vape_reduce,they want to reduce or stop vaping,I'd like to reduce the amount I vape but not stop,5,15,33.3%,9.7%,69.9%,23.6%,36.6%,2023
Non-Binary,All Schools,vape_reduce,they want to reduce or stop vaping,"No, I want to keep vaping",10,15,66.7%,30.1%,90.3%,36.6%,23.6%,2023
Non-Binary,All Schools,vape_reduce,they want to reduce or stop vaping,"Yes, I'd like to stop vaping",0,15,0.0%,0.0%,38.9%,0.0%,38.9%,2023
Non-Binary,All Schools,vape_worry,were worried about vaping,A bit worried,5,10,50.0%,15.1%,84.9%,34.9%,34.9%,2023
Non-Binary,All Schools,vape_worry,were worried about vaping,Don't know/Unsure,0,10,0.0%,0.0%,48.8%,0.0%,48.8%,2023
Non-Binary,All Schools,vape_worry,were worried about vaping,Not at all worried,5,10,50.0%,15.1%,84.9%,34.9%,34.9%,2023
Non-Binary,All Schools,vape_worry,were worried about vaping,Prefer not to say,0,10,0.0%,0.0%,48.8%,0.0%,48.8%,2023
Non-Binary,All Schools,vape_worry,were worried about vaping,Very worried,0,10,0.0%,0.0%,48.8%,0.0%,48.8%,2023
Non-Binary,All Schools,vaping,the statement that best describes them regarding vaping/e-cigarettes,I have never vaped,110,125,88.0%,76.2%,94.4%,11.8%,6.4%,2023
Non-Binary,All Schools,vaping,the statement that best describes them regarding vaping/e-cigarettes,I have vaped once or twice,5,125,4.0%,1.1%,13.4%,2.9%,9.4%,2023
Non-Binary,All Schools,vaping,the statement that best describes them regarding vaping/e-cigarettes,"I used to vape, but I don’t now",0,125,0.0%,0.0%,7.1%,0.0%,7.1%,2023
Non-Binary,All Schools,vaping,the statement that best describes them regarding vaping/e-cigarettes,I vape occasionally (less than once a week),0,125,0.0%,0.0%,7.1%,0.0%,7.1%,2023
Non-Binary,All Schools,vaping,the statement that best describes them regarding vaping/e-cigarettes,I vape regularly (once a week or more),10,125,8.0%,3.2%,18.8%,4.8%,10.8%,2023
Non-Binary,All Schools,views_listened_school,feels that their views are listened to at school,No,45,125,36.0%,24.2%,49.8%,11.8%,13.8%,2023
Non-Binary,All Schools,views_listened_school,feels that their views are listened to at school,Sometimes,70,125,56.0%,42.3%,68.8%,13.7%,12.8%,2023
Non-Binary,All Schools,views_listened_school,feels that their views are listened to at school,Yes,10,125,8.0%,3.2%,18.8%,4.8%,10.8%,2023
Non-Binary,All Schools,violence_involved,have been involved in a violent incident in the past year,No,95,130,73.1%,59.8%,83.2%,13.3%,10.1%,2023
Non-Binary,All Schools,violence_involved,have been involved in a violent incident in the past year,Prefer not to say,15,130,11.5%,5.4%,22.9%,6.1%,11.4%,2023
Non-Binary,All Schools,violence_involved,have been involved in a violent incident in the past year,"Yes, I was the victim",10,130,7.7%,3.0%,18.1%,4.7%,10.4%,2023
Non-Binary,All Schools,violence_involved,have been involved in a violent incident in the past year,"Yes, but I wasn't the victim",10,130,7.7%,3.0%,18.1%,4.7%,10.4%,2023
Non-Binary,All Schools,violence_weapon_involved,have been involved in a violent incident where a weapon was used or threatened in the past year,No,105,125,84.0%,71.5%,91.6%,12.5%,7.6%,2023
Non-Binary,All Schools,violence_weapon_involved,have been involved in a violent incident where a weapon was used or threatened in the past year,Prefer not to say,5,125,4.0%,1.1%,13.4%,2.9%,9.4%,2023
Non-Binary,All Schools,violence_weapon_involved,have been involved in a violent incident where a weapon was used or threatened in the past year,"Yes, I was the victim",5,125,4.0%,1.1%,13.4%,2.9%,9.4%,2023
Non-Binary,All Schools,violence_weapon_involved,have been involved in a violent incident where a weapon was used or threatened in the past year,"Yes, but I wasn't the victim",10,125,8.0%,3.2%,18.8%,4.8%,10.8%,2023
Non-Binary,All Schools,worry_bully,bullying,No,80,135,59.3%,46.0%,71.3%,13.3%,12.0%,2023
Non-Binary,All Schools,worry_bully,bullying,Yes,55,135,40.7%,28.7%,54.0%,12.0%,13.3%,2023
Non-Binary,All Schools,worry_crime,local crime,No,100,130,76.9%,63.9%,86.3%,13.0%,9.3%,2023
Non-Binary,All Schools,worry_crime,local crime,Yes,30,130,23.1%,13.7%,36.1%,9.3%,13.0%,2023
Non-Binary,All Schools,worry_drugsalcohol,drugs/alcohol,No,115,135,85.2%,73.4%,92.3%,11.7%,7.1%,2023
Non-Binary,All Schools,worry_drugsalcohol,drugs/alcohol,Yes,20,135,14.8%,7.7%,26.6%,7.1%,11.7%,2023
Non-Binary,All Schools,worry_environment,the environment,No,85,135,63.0%,49.7%,74.5%,13.3%,11.6%,2023
Non-Binary,All Schools,worry_environment,the environment,Yes,50,135,37.0%,25.5%,50.3%,11.6%,13.3%,2023
Non-Binary,All Schools,worry_family,family problems,No,70,130,53.8%,40.5%,66.6%,13.3%,12.8%,2023
Non-Binary,All Schools,worry_family,family problems,Yes,60,130,46.2%,33.4%,59.5%,12.8%,13.3%,2023
Non-Binary,All Schools,worry_friends,issues with friends,No,60,130,46.2%,33.4%,59.5%,12.8%,13.3%,2023
Non-Binary,All Schools,worry_friends,issues with friends,Yes,70,130,53.8%,40.5%,66.6%,13.3%,12.8%,2023
Non-Binary,All Schools,worry_future,future prospects,No,45,130,34.6%,23.2%,48.2%,11.4%,13.5%,2023
Non-Binary,All Schools,worry_future,future prospects,Yes,85,130,65.4%,51.8%,76.8%,13.5%,11.4%,2023
Non-Binary,All Schools,worry_gambling,gambling,No,120,130,92.3%,81.9%,97.0%,10.4%,4.7%,2023
Non-Binary,All Schools,worry_gambling,gambling,Yes,10,130,7.7%,3.0%,18.1%,4.7%,10.4%,2023
Non-Binary,All Schools,worry_incrime,getting involved in crime,No,115,130,88.5%,77.1%,94.6%,11.4%,6.1%,2023
Non-Binary,All Schools,worry_incrime,getting involved in crime,Yes,15,130,11.5%,5.4%,22.9%,6.1%,11.4%,2023
Non-Binary,All Schools,worry_lgbt,sexual orientation/identity,No,45,130,34.6%,23.2%,48.2%,11.4%,13.5%,2023
Non-Binary,All Schools,worry_lgbt,sexual orientation/identity,Yes,85,130,65.4%,51.8%,76.8%,13.5%,11.4%,2023
Non-Binary,All Schools,worry_lonely,feeling lonely,No,45,130,34.6%,23.2%,48.2%,11.4%,13.5%,2023
Non-Binary,All Schools,worry_lonely,feeling lonely,Yes,85,130,65.4%,51.8%,76.8%,13.5%,11.4%,2023
Non-Binary,All Schools,worry_look,their appearance,No,45,130,34.6%,23.2%,48.2%,11.4%,13.5%,2023
Non-Binary,All Schools,worry_look,their appearance,Yes,85,130,65.4%,51.8%,76.8%,13.5%,11.4%,2023
Non-Binary,All Schools,worry_mental,their mental health,No,45,135,33.3%,22.3%,46.6%,11.1%,13.3%,2023
Non-Binary,All Schools,worry_mental,their mental health,Yes,90,135,66.7%,53.4%,77.7%,13.3%,11.1%,2023
Non-Binary,All Schools,worry_money,money problems (including family finances),No,95,135,70.4%,57.2%,80.8%,13.2%,10.5%,2023
Non-Binary,All Schools,worry_money,money problems (including family finances),Yes,40,135,29.6%,19.2%,42.8%,10.5%,13.2%,2023
Non-Binary,All Schools,worry_phys,their physical health,No,60,130,46.2%,33.4%,59.5%,12.8%,13.3%,2023
Non-Binary,All Schools,worry_phys,their physical health,Yes,70,130,53.8%,40.5%,66.6%,13.3%,12.8%,2023
Non-Binary,All Schools,worry_racism,racism,No,100,135,74.1%,61.1%,83.9%,13.0%,9.8%,2023
Non-Binary,All Schools,worry_racism,racism,Yes,35,135,25.9%,16.1%,38.9%,9.8%,13.0%,2023
Non-Binary,All Schools,worry_relationships,relationships/sexual health,No,90,130,69.2%,55.8%,80.1%,13.5%,10.8%,2023
Non-Binary,All Schools,worry_relationships,relationships/sexual health,Yes,40,130,30.8%,19.9%,44.2%,10.8%,13.5%,2023
Non-Binary,All Schools,worry_school,schoolwork,No,40,130,30.8%,19.9%,44.2%,10.8%,13.5%,2023
Non-Binary,All Schools,worry_school,schoolwork,Yes,90,130,69.2%,55.8%,80.1%,13.5%,10.8%,2023
Non-Binary,All Schools,worry_socialmedia,social media,No,90,130,69.2%,55.8%,80.1%,13.5%,10.8%,2023
Non-Binary,All Schools,worry_socialmedia,social media,Yes,40,130,30.8%,19.9%,44.2%,10.8%,13.5%,2023
Non-Binary,All Schools,worry_treatboys,how women treat/speak to boys,No,100,130,76.9%,63.9%,86.3%,13.0%,9.3%,2023
Non-Binary,All Schools,worry_treatboys,how women treat/speak to boys,Yes,30,130,23.1%,13.7%,36.1%,9.3%,13.0%,2023
Non-Binary,All Schools,worry_treatgirls,how men treat/speak to girls,No,60,130,46.2%,33.4%,59.5%,12.8%,13.3%,2023
Non-Binary,All Schools,worry_treatgirls,how men treat/speak to girls,Yes,70,130,53.8%,40.5%,66.6%,13.3%,12.8%,2023
Non-Binary,All Schools,worry_violenceboys,harrassment/violence against boys,No,110,135,81.5%,69.2%,89.6%,12.3%,8.1%,2023
Non-Binary,All Schools,worry_violenceboys,harrassment/violence against boys,Yes,25,135,18.5%,10.4%,30.8%,8.1%,12.3%,2023
Non-Binary,All Schools,worry_violencegirls,harrassment/violence against girls,No,70,135,51.9%,38.9%,64.6%,13.0%,12.7%,2023
Non-Binary,All Schools,worry_violencegirls,harrassment/violence against girls,Yes,65,135,48.1%,35.4%,61.1%,12.7%,13.0%,2023
Non-Binary,All Schools,xanex_exp,Xanax,No,130,135,96.3%,87.5%,99.0%,8.8%,2.7%,2023
Non-Binary,All Schools,xanex_exp,Xanax,Yes,5,135,3.7%,1.0%,12.5%,2.7%,8.8%,2023
Non-Binary,All Schools,xanex_offered,Xanax,No,125,130,96.2%,87.1%,98.9%,9.1%,2.8%,2023
Non-Binary,All Schools,xanex_offered,Xanax,Yes,5,130,3.8%,1.1%,12.9%,2.8%,9.1%,2023
Other sex,All Schools,age,Age,10,0,80,0.0%,0.0%,10.7%,0.0%,10.7%,2023
Other sex,All Schools,age,Age,11,10,80,12.5%,5.0%,28.0%,7.5%,15.5%,2023
Other sex,All Schools,age,Age,12,10,80,12.5%,5.0%,28.0%,7.5%,15.5%,2023
Other sex,All Schools,age,Age,13,20,80,25.0%,13.3%,42.1%,11.7%,17.1%,2023
Other sex,All Schools,age,Age,14,15,80,18.8%,8.9%,35.3%,9.8%,16.5%,2023
Other sex,All Schools,age,Age,15,15,80,18.8%,8.9%,35.3%,9.8%,16.5%,2023
Other sex,All Schools,age,Age,16,5,80,6.2%,1.7%,20.1%,4.5%,13.8%,2023
Other sex,All Schools,age,Age,17,5,80,6.2%,1.7%,20.1%,4.5%,13.8%,2023
Other sex,All Schools,age,Age,18,0,80,0.0%,0.0%,10.7%,0.0%,10.7%,2023
Other sex,All Schools,alcohol_6more,how often they have six or more drinks on one occasion,Daily or almost daily,5,25,20.0%,5.7%,50.9%,14.3%,30.9%,2023
Other sex,All Schools,alcohol_6more,how often they have six or more drinks on one occasion,Less than monthly,5,25,20.0%,5.7%,50.9%,14.3%,30.9%,2023
Other sex,All Schools,alcohol_6more,how often they have six or more drinks on one occasion,Never,15,25,60.0%,31.3%,83.1%,28.7%,23.1%,2023
Other sex,All Schools,alcohol_6more,how often they have six or more drinks on one occasion,Weekly,0,25,0.0%,0.0%,27.6%,0.0%,27.6%,2023
Other sex,All Schools,alcohol_ever,how often they had an alcohol-containing drink in the past three months,2-4 times a month,5,85,5.9%,1.6%,19.0%,4.2%,13.2%,2023
Other sex,All Schools,alcohol_ever,how often they had an alcohol-containing drink in the past three months,4 or more times a week,10,85,11.8%,4.7%,26.6%,7.1%,14.8%,2023
Other sex,All Schools,alcohol_ever,how often they had an alcohol-containing drink in the past three months,Monthly or less,15,85,17.6%,8.4%,33.5%,9.3%,15.8%,2023
Other sex,All Schools,alcohol_ever,how often they had an alcohol-containing drink in the past three months,Never,55,85,64.7%,48.0%,78.5%,16.7%,13.8%,2023
Other sex,All Schools,alcohol_reduce,want to reduce or stop drinking,I'd like to reduce the amount I drink but not stop,5,25,20.0%,5.7%,50.9%,14.3%,30.9%,2023
Other sex,All Schools,alcohol_reduce,want to reduce or stop drinking,"No, I want to keep drinking alcohol",15,25,60.0%,31.3%,83.1%,28.7%,23.1%,2023
Other sex,All Schools,alcohol_reduce,want to reduce or stop drinking,"Yes, I'd like to stop drinking alcohol",5,25,20.0%,5.7%,50.9%,14.3%,30.9%,2023
Other sex,All Schools,amphetamine_offered,amphetamines,No,80,85,94.1%,81.0%,98.4%,13.2%,4.2%,2023
Other sex,All Schools,amphetamine_offered,amphetamines,Yes,5,85,5.9%,1.6%,19.0%,4.2%,13.2%,2023
Other sex,All Schools,amphetamines_exp,amphetamines,No,80,85,94.1%,81.0%,98.4%,13.2%,4.2%,2023
Other sex,All Schools,amphetamines_exp,amphetamines,Yes,5,85,5.9%,1.6%,19.0%,4.2%,13.2%,2023
Other sex,All Schools,bullied,have ever been bullied or picked on,No,40,85,47.1%,31.5%,63.2%,15.6%,16.2%,2023
Other sex,All Schools,bullied,have ever been bullied or picked on,Yes,45,85,52.9%,36.8%,68.5%,16.2%,15.6%,2023
Other sex,All Schools,bullied_currently,are currently being bullied or picked on,No,20,50,40.0%,21.9%,61.3%,18.1%,21.3%,2023
Other sex,All Schools,bullied_currently,are currently being bullied or picked on,Prefer not to say,10,50,20.0%,8.1%,41.5%,11.9%,21.5%,2023
Other sex,All Schools,bullied_currently,are currently being bullied or picked on,Yes,20,50,40.0%,21.9%,61.3%,18.1%,21.3%,2023
Other sex,All Schools,bullied_internet,they have been bullied online,No,70,85,82.4%,66.5%,91.6%,15.8%,9.3%,2023
Other sex,All Schools,bullied_internet,they have been bullied online,Yes,15,85,17.6%,8.4%,33.5%,9.3%,15.8%,2023
Other sex,All Schools,bullied_none,have no experiences with bullying,No,70,85,82.4%,66.5%,91.6%,15.8%,9.3%,2023
Other sex,All Schools,bullied_none,have no experiences with bullying,Yes,15,85,17.6%,8.4%,33.5%,9.3%,15.8%,2023
Other sex,All Schools,bullied_others,have ever bullied or picked on someone else,No,70,85,82.4%,66.5%,91.6%,15.8%,9.3%,2023
Other sex,All Schools,bullied_others,have ever bullied or picked on someone else,Yes,15,85,17.6%,8.4%,33.5%,9.3%,15.8%,2023
Other sex,All Schools,bullied_outschool,they have been bullied somewhere other than school,No,65,85,76.5%,60.1%,87.5%,16.4%,11.1%,2023
Other sex,All Schools,bullied_outschool,they have been bullied somewhere other than school,Yes,20,85,23.5%,12.5%,39.9%,11.1%,16.4%,2023
Other sex,All Schools,bullied_prefer_not_say,would prefer not to respond about their experiences with bullying,No,75,85,88.2%,73.4%,95.3%,14.8%,7.1%,2023
Other sex,All Schools,bullied_prefer_not_say,would prefer not to respond about their experiences with bullying,Yes,10,85,11.8%,4.7%,26.6%,7.1%,14.8%,2023
Other sex,All Schools,bullied_school,they have been bullied at school,No,45,85,52.9%,36.8%,68.5%,16.2%,15.6%,2023
Other sex,All Schools,bullied_school,they have been bullied at school,Yes,40,85,47.1%,31.5%,63.2%,15.6%,16.2%,2023
Other sex,All Schools,buyalc_friend,from a friend or relative,No,70,85,82.4%,66.5%,91.6%,15.8%,9.3%,2023
Other sex,All Schools,buyalc_friend,from a friend or relative,Yes,15,85,17.6%,8.4%,33.5%,9.3%,15.8%,2023
Other sex,All Schools,buyalc_home,from home,No,70,85,82.4%,66.5%,91.6%,15.8%,9.3%,2023
Other sex,All Schools,buyalc_home,from home,Yes,15,85,17.6%,8.4%,33.5%,9.3%,15.8%,2023
Other sex,All Schools,buyalc_internet,from the internet,No,80,85,94.1%,81.0%,98.4%,13.2%,4.2%,2023
Other sex,All Schools,buyalc_internet,from the internet,Yes,5,85,5.9%,1.6%,19.0%,4.2%,13.2%,2023
Other sex,All Schools,buyalc_other,from another place,No,80,85,94.1%,81.0%,98.4%,13.2%,4.2%,2023
Other sex,All Schools,buyalc_other,from another place,Yes,5,85,5.9%,1.6%,19.0%,4.2%,13.2%,2023
Other sex,All Schools,buyalc_pubbar,from a pub/bar,No,80,85,94.1%,81.0%,98.4%,13.2%,4.2%,2023
Other sex,All Schools,buyalc_pubbar,from a pub/bar,Yes,5,85,5.9%,1.6%,19.0%,4.2%,13.2%,2023
Other sex,All Schools,buyalc_smallshop,from a small shop/off-licence,No,80,85,94.1%,81.0%,98.4%,13.2%,4.2%,2023
Other sex,All Schools,buyalc_smallshop,from a small shop/off-licence,Yes,5,85,5.9%,1.6%,19.0%,4.2%,13.2%,2023
Other sex,All Schools,buyalc_supermarket,from a supermarket,No,80,85,94.1%,81.0%,98.4%,13.2%,4.2%,2023
Other sex,All Schools,buyalc_supermarket,from a supermarket,Yes,5,85,5.9%,1.6%,19.0%,4.2%,13.2%,2023
Other sex,All Schools,buycig_friend,from a friend or relative,No,85,85,100.0%,89.9%,100.0%,10.1%,0.0%,2023
Other sex,All Schools,buycig_internet,from the internet,No,85,85,100.0%,89.9%,100.0%,10.1%,0.0%,2023
Other sex,All Schools,buycig_other,from another place,No,85,85,100.0%,89.9%,100.0%,10.1%,0.0%,2023
Other sex,All Schools,buycig_pubbar,from a pub/bar,No,85,85,100.0%,89.9%,100.0%,10.1%,0.0%,2023
Other sex,All Schools,buycig_smallshop,from a small shop/off-licence,No,85,85,100.0%,89.9%,100.0%,10.1%,0.0%,2023
Other sex,All Schools,buycig_supermarket,from a supermarket,No,85,85,100.0%,89.9%,100.0%,10.1%,0.0%,2023
Other sex,All Schools,buydrug_bar,pubs/bars/clubs,No,80,85,94.1%,81.0%,98.4%,13.2%,4.2%,2023
Other sex,All Schools,buydrug_bar,pubs/bars/clubs,Yes,5,85,5.9%,1.6%,19.0%,4.2%,13.2%,2023
Other sex,All Schools,buydrug_friend,friend or relative,No,80,85,94.1%,81.0%,98.4%,13.2%,4.2%,2023
Other sex,All Schools,buydrug_friend,friend or relative,Yes,5,85,5.9%,1.6%,19.0%,4.2%,13.2%,2023
Other sex,All Schools,buydrug_internet,the internet,No,80,85,94.1%,81.0%,98.4%,13.2%,4.2%,2023
Other sex,All Schools,buydrug_internet,the internet,Yes,5,85,5.9%,1.6%,19.0%,4.2%,13.2%,2023
Other sex,All Schools,buydrug_other,other sources,No,85,85,100.0%,89.9%,100.0%,10.1%,0.0%,2023
Other sex,All Schools,buydrug_other,other sources,Yes,0,85,0.0%,0.0%,10.1%,0.0%,10.1%,2023
Other sex,All Schools,buydrug_school,school,No,80,85,94.1%,81.0%,98.4%,13.2%,4.2%,2023
Other sex,All Schools,buydrug_school,school,Yes,5,85,5.9%,1.6%,19.0%,4.2%,13.2%,2023
Other sex,All Schools,buydrug_streets,on the street,No,80,85,94.1%,81.0%,98.4%,13.2%,4.2%,2023
Other sex,All Schools,buydrug_streets,on the street,Yes,5,85,5.9%,1.6%,19.0%,4.2%,13.2%,2023
Other sex,All Schools,cannabis_exp,cannabis,No,75,85,88.2%,73.4%,95.3%,14.8%,7.1%,2023
Other sex,All Schools,cannabis_exp,cannabis,Yes,10,85,11.8%,4.7%,26.6%,7.1%,14.8%,2023
Other sex,All Schools,cannabis_offered,cannabis,No,70,85,82.4%,66.5%,91.6%,15.8%,9.3%,2023
Other sex,All Schools,cannabis_offered,cannabis,Yes,15,85,17.6%,8.4%,33.5%,9.3%,15.8%,2023
Other sex,All Schools,caring,"help to look after a family member with a serious, mental or physical, illness or disability",No,60,85,70.6%,53.9%,83.1%,16.7%,12.5%,2023
Other sex,All Schools,caring,"help to look after a family member with a serious, mental or physical, illness or disability",Prefer not to say,5,85,5.9%,1.6%,19.0%,4.2%,13.2%,2023
Other sex,All Schools,caring,"help to look after a family member with a serious, mental or physical, illness or disability",Yes,20,85,23.5%,12.5%,39.9%,11.1%,16.4%,2023
Other sex,All Schools,carry_protection,carry weapons for protection when going out,Always,5,80,6.2%,1.7%,20.1%,4.5%,13.8%,2023
Other sex,All Schools,carry_protection,carry weapons for protection when going out,Never,55,80,68.8%,51.5%,82.0%,17.3%,13.3%,2023
Other sex,All Schools,carry_protection,carry weapons for protection when going out,Prefer not to say,10,80,12.5%,5.0%,28.0%,7.5%,15.5%,2023
Other sex,All Schools,carry_protection,carry weapons for protection when going out,Sometimes,10,80,12.5%,5.0%,28.0%,7.5%,15.5%,2023
Other sex,All Schools,carry_protection,carry weapons for protection when going out,Usually,0,80,0.0%,0.0%,10.7%,0.0%,10.7%,2023
Other sex,All Schools,carry_protection_other,know anyone who carries a weapons for protection when going out,Don't know,20,80,25.0%,13.3%,42.1%,11.7%,17.1%,2023
Other sex,All Schools,carry_protection_other,know anyone who carries a weapons for protection when going out,No,35,80,43.8%,28.2%,60.6%,15.5%,16.9%,2023
Other sex,All Schools,carry_protection_other,know anyone who carries a weapons for protection when going out,Prefer not to say,5,80,6.2%,1.7%,20.1%,4.5%,13.8%,2023
Other sex,All Schools,carry_protection_other,know anyone who carries a weapons for protection when going out,Yes,20,80,25.0%,13.3%,42.1%,11.7%,17.1%,2023
Other sex,All Schools,cla,child looked after (lived with foster carers/care home),No,70,85,82.4%,66.5%,91.6%,15.8%,9.3%,2023
Other sex,All Schools,cla,child looked after (lived with foster carers/care home),Prefer not to say,5,85,5.9%,1.6%,19.0%,4.2%,13.2%,2023
Other sex,All Schools,cla,child looked after (lived with foster carers/care home),Yes,10,85,11.8%,4.7%,26.6%,7.1%,14.8%,2023
Other sex,All Schools,clubs_arts,an arts and crafts group,Currently attending,15,35,42.9%,21.4%,67.4%,21.4%,24.5%,2023
Other sex,All Schools,clubs_arts,an arts and crafts group,Would like to attend,20,35,57.1%,32.6%,78.6%,24.5%,21.4%,2023
Other sex,All Schools,clubs_doe,Duke of Edinburgh,Currently attending,15,30,50.0%,25.4%,74.6%,24.6%,24.6%,2023
Other sex,All Schools,clubs_doe,Duke of Edinburgh,Would like to attend,15,30,50.0%,25.4%,74.6%,24.6%,24.6%,2023
Other sex,All Schools,clubs_music,a music club/group,Currently attending,20,35,57.1%,32.6%,78.6%,24.5%,21.4%,2023
Other sex,All Schools,clubs_music,a music club/group,Would like to attend,15,35,42.9%,21.4%,67.4%,21.4%,24.5%,2023
Other sex,All Schools,clubs_other,other groups,Currently attending,15,30,50.0%,25.4%,74.6%,24.6%,24.6%,2023
Other sex,All Schools,clubs_other,other groups,Would like to attend,15,30,50.0%,25.4%,74.6%,24.6%,24.6%,2023
Other sex,All Schools,clubs_perform,a drama/performing arts/dance group,Currently attending,25,35,71.4%,45.4%,88.2%,26.0%,16.8%,2023
Other sex,All Schools,clubs_perform,a drama/performing arts/dance group,Would like to attend,10,35,28.6%,11.8%,54.6%,16.8%,26.0%,2023
Other sex,All Schools,clubs_religion,a religious group,Currently attending,5,10,50.0%,15.1%,84.9%,34.9%,34.9%,2023
Other sex,All Schools,clubs_religion,a religious group,Would like to attend,5,10,50.0%,15.1%,84.9%,34.9%,34.9%,2023
Other sex,All Schools,clubs_schoolclub,a club/group at school,Currently attending,30,40,75.0%,50.6%,89.8%,24.4%,14.8%,2023
Other sex,All Schools,clubs_schoolclub,a club/group at school,Would like to attend,10,40,25.0%,10.2%,49.4%,14.8%,24.4%,2023
Other sex,All Schools,clubs_sports,a sports club,Currently attending,30,40,75.0%,50.6%,89.8%,24.4%,14.8%,2023
Other sex,All Schools,clubs_sports,a sports club,Would like to attend,10,40,25.0%,10.2%,49.4%,14.8%,24.4%,2023
Other sex,All Schools,clubs_syp,Services for Young People,Currently attending,5,15,33.3%,9.7%,69.9%,23.6%,36.6%,2023
Other sex,All Schools,clubs_syp,Services for Young People,Would like to attend,10,15,66.7%,30.1%,90.3%,36.6%,23.6%,2023
Other sex,All Schools,clubs_uniformed,a uniformed group,Currently attending,15,20,75.0%,41.0%,92.8%,34.0%,17.8%,2023
Other sex,All Schools,clubs_uniformed,a uniformed group,Would like to attend,5,20,25.0%,7.2%,59.0%,17.8%,34.0%,2023
Other sex,All Schools,clubs_volunteering,volunteering/social action group,Currently attending,10,25,40.0%,16.9%,68.7%,23.1%,28.7%,2023
Other sex,All Schools,clubs_volunteering,volunteering/social action group,Would like to attend,15,25,60.0%,31.3%,83.1%,28.7%,23.1%,2023
Other sex,All Schools,cocaine_exp,cocaine,No,80,85,94.1%,81.0%,98.4%,13.2%,4.2%,2023
Other sex,All Schools,cocaine_exp,cocaine,Yes,5,85,5.9%,1.6%,19.0%,4.2%,13.2%,2023
Other sex,All Schools,cocaine_offered,cocaine,No,75,85,88.2%,73.4%,95.3%,14.8%,7.1%,2023
Other sex,All Schools,cocaine_offered,cocaine,Yes,10,85,11.8%,4.7%,26.6%,7.1%,14.8%,2023
Other sex,All Schools,condition_adhd,ADHD,No,60,85,70.6%,53.9%,83.1%,16.7%,12.5%,2023
Other sex,All Schools,condition_adhd,ADHD,Yes,25,85,29.4%,16.9%,46.1%,12.5%,16.7%,2023
Other sex,All Schools,condition_autism,autism,No,55,85,64.7%,48.0%,78.5%,16.7%,13.8%,2023
Other sex,All Schools,condition_autism,autism,Yes,30,85,35.3%,21.5%,52.0%,13.8%,16.7%,2023
Other sex,All Schools,condition_disability,physical disability,No,75,85,88.2%,73.4%,95.3%,14.8%,7.1%,2023
Other sex,All Schools,condition_disability,physical disability,Yes,10,85,11.8%,4.7%,26.6%,7.1%,14.8%,2023
Other sex,All Schools,condition_mental,diagnosed mental health condition,No,50,85,58.8%,42.3%,73.6%,16.6%,14.8%,2023
Other sex,All Schools,condition_mental,diagnosed mental health condition,Yes,35,85,41.2%,26.4%,57.7%,14.8%,16.6%,2023
Other sex,All Schools,condition_physical,physical condition,No,70,85,82.4%,66.5%,91.6%,15.8%,9.3%,2023
Other sex,All Schools,condition_physical,physical condition,Yes,15,85,17.6%,8.4%,33.5%,9.3%,15.8%,2023
Other sex,All Schools,condition_send,special education need(s) or learning difficulty,No,70,85,82.4%,66.5%,91.6%,15.8%,9.3%,2023
Other sex,All Schools,condition_send,special education need(s) or learning difficulty,Yes,15,85,17.6%,8.4%,33.5%,9.3%,15.8%,2023
Other sex,All Schools,condoms_free,they know where they can get condoms for free,No,15,35,42.9%,21.4%,67.4%,21.4%,24.5%,2023
Other sex,All Schools,condoms_free,they know where they can get condoms for free,Not sure,5,35,14.3%,4.0%,39.9%,10.3%,25.6%,2023
Other sex,All Schools,condoms_free,they know where they can get condoms for free,Yes,15,35,42.9%,21.4%,67.4%,21.4%,24.5%,2023
Other sex,All Schools,cope_alcohol,by drinking alcohol,No,75,85,88.2%,73.4%,95.3%,14.8%,7.1%,2023
Other sex,All Schools,cope_alcohol,by drinking alcohol,Yes,10,85,11.8%,4.7%,26.6%,7.1%,14.8%,2023
Other sex,All Schools,cope_counselling,by having counselling,No,75,85,88.2%,73.4%,95.3%,14.8%,7.1%,2023
Other sex,All Schools,cope_counselling,by having counselling,Yes,10,85,11.8%,4.7%,26.6%,7.1%,14.8%,2023
Other sex,All Schools,cope_creative,by doing creative activities,No,45,85,52.9%,36.8%,68.5%,16.2%,15.6%,2023
Other sex,All Schools,cope_creative,by doing creative activities,Yes,40,85,47.1%,31.5%,63.2%,15.6%,16.2%,2023
Other sex,All Schools,cope_drugs,by doing drugs,No,75,85,88.2%,73.4%,95.3%,14.8%,7.1%,2023
Other sex,All Schools,cope_drugs,by doing drugs,Yes,10,85,11.8%,4.7%,26.6%,7.1%,14.8%,2023
Other sex,All Schools,cope_eat,by eating more,No,70,85,82.4%,66.5%,91.6%,15.8%,9.3%,2023
Other sex,All Schools,cope_eat,by eating more,Yes,15,85,17.6%,8.4%,33.5%,9.3%,15.8%,2023
Other sex,All Schools,cope_exercise,by exercising,No,75,85,88.2%,73.4%,95.3%,14.8%,7.1%,2023
Other sex,All Schools,cope_exercise,by exercising,Yes,10,85,11.8%,4.7%,26.6%,7.1%,14.8%,2023
Other sex,All Schools,cope_games,by playing computer games,No,55,85,64.7%,48.0%,78.5%,16.7%,13.8%,2023
Other sex,All Schools,cope_games,by playing computer games,Yes,30,85,35.3%,21.5%,52.0%,13.8%,16.7%,2023
Other sex,All Schools,cope_internet,by looking for help online,No,75,85,88.2%,73.4%,95.3%,14.8%,7.1%,2023
Other sex,All Schools,cope_internet,by looking for help online,Yes,10,85,11.8%,4.7%,26.6%,7.1%,14.8%,2023
Other sex,All Schools,cope_music,by listening to music,No,35,85,41.2%,26.4%,57.7%,14.8%,16.6%,2023
Other sex,All Schools,cope_music,by listening to music,Yes,50,85,58.8%,42.3%,73.6%,16.6%,14.8%,2023
Other sex,All Schools,cope_nothing,by doing nothing,No,65,85,76.5%,60.1%,87.5%,16.4%,11.1%,2023
Other sex,All Schools,cope_nothing,by doing nothing,Yes,20,85,23.5%,12.5%,39.9%,11.1%,16.4%,2023
Other sex,All Schools,cope_other,by other methods,No,80,85,94.1%,81.0%,98.4%,13.2%,4.2%,2023
Other sex,All Schools,cope_other,by other methods,Yes,5,85,5.9%,1.6%,19.0%,4.2%,13.2%,2023
Other sex,All Schools,cope_selfharm,by self-harm,No,60,85,70.6%,53.9%,83.1%,16.7%,12.5%,2023
Other sex,All Schools,cope_selfharm,by self-harm,Yes,25,85,29.4%,16.9%,46.1%,12.5%,16.7%,2023
Other sex,All Schools,cope_smoke,by smoking,No,75,85,88.2%,73.4%,95.3%,14.8%,7.1%,2023
Other sex,All Schools,cope_smoke,by smoking,Yes,10,85,11.8%,4.7%,26.6%,7.1%,14.8%,2023
Other sex,All Schools,cope_talkadult,by talking to an adult that's not their carer,No,80,85,94.1%,81.0%,98.4%,13.2%,4.2%,2023
Other sex,All Schools,cope_talkadult,by talking to an adult that's not their carer,Yes,5,85,5.9%,1.6%,19.0%,4.2%,13.2%,2023
Other sex,All Schools,cope_talkfamily,by talking to family,No,65,85,76.5%,60.1%,87.5%,16.4%,11.1%,2023
Other sex,All Schools,cope_talkfamily,by talking to family,Yes,20,85,23.5%,12.5%,39.9%,11.1%,16.4%,2023
Other sex,All Schools,cope_talkfriend,by talking to a friend,No,50,85,58.8%,42.3%,73.6%,16.6%,14.8%,2023
Other sex,All Schools,cope_talkfriend,by talking to a friend,Yes,35,85,41.2%,26.4%,57.7%,14.8%,16.6%,2023
Other sex,All Schools,cope_think,by thinking of a solution on their own,No,65,85,76.5%,60.1%,87.5%,16.4%,11.1%,2023
Other sex,All Schools,cope_think,by thinking of a solution on their own,Yes,20,85,23.5%,12.5%,39.9%,11.1%,16.4%,2023
Other sex,All Schools,crack_exp,crack,No,80,85,94.1%,81.0%,98.4%,13.2%,4.2%,2023
Other sex,All Schools,crack_exp,crack,Yes,5,85,5.9%,1.6%,19.0%,4.2%,13.2%,2023
Other sex,All Schools,crack_offered,crack,No,80,85,94.1%,81.0%,98.4%,13.2%,4.2%,2023
Other sex,All Schools,crack_offered,crack,Yes,5,85,5.9%,1.6%,19.0%,4.2%,13.2%,2023
Other sex,All Schools,derbisol_exp,derbisol,No,85,85,100.0%,89.9%,100.0%,10.1%,0.0%,2023
Other sex,All Schools,derbisol_exp,derbisol,Yes,0,85,0.0%,0.0%,10.1%,0.0%,10.1%,2023
Other sex,All Schools,derbisol_offered,derbisol,No,80,85,94.1%,81.0%,98.4%,13.2%,4.2%,2023
Other sex,All Schools,derbisol_offered,derbisol,Yes,5,85,5.9%,1.6%,19.0%,4.2%,13.2%,2023
Other sex,All Schools,district_pc,NA,Broxbourne,0,35,0.0%,0.0%,21.4%,0.0%,21.4%,2023
Other sex,All Schools,district_pc,NA,Dacorum,5,35,14.3%,4.0%,39.9%,10.3%,25.6%,2023
Other sex,All Schools,district_pc,NA,East Hertfordshire,0,35,0.0%,0.0%,21.4%,0.0%,21.4%,2023
Other sex,All Schools,district_pc,NA,Hertsmere,0,35,0.0%,0.0%,21.4%,0.0%,21.4%,2023
Other sex,All Schools,district_pc,NA,North Hertfordshire,10,35,28.6%,11.8%,54.6%,16.8%,26.0%,2023
Other sex,All Schools,district_pc,NA,St Albans,15,35,42.9%,21.4%,67.4%,21.4%,24.5%,2023
Other sex,All Schools,district_pc,NA,Stevenage,0,35,0.0%,0.0%,21.4%,0.0%,21.4%,2023
Other sex,All Schools,district_pc,NA,Three Rivers,0,35,0.0%,0.0%,21.4%,0.0%,21.4%,2023
Other sex,All Schools,district_pc,NA,Watford,5,35,14.3%,4.0%,39.9%,10.3%,25.6%,2023
Other sex,All Schools,district_residence,which district they lived in,Broxbourne,5,90,5.6%,1.5%,18.1%,4.0%,12.5%,2023
Other sex,All Schools,district_residence,which district they lived in,Dacorum,10,90,11.1%,4.4%,25.3%,6.7%,14.2%,2023
Other sex,All Schools,district_residence,which district they lived in,East Hertfordshire,5,90,5.6%,1.5%,18.1%,4.0%,12.5%,2023
Other sex,All Schools,district_residence,which district they lived in,Hertsmere,5,90,5.6%,1.5%,18.1%,4.0%,12.5%,2023
Other sex,All Schools,district_residence,which district they lived in,North Hertfordshire,10,90,11.1%,4.4%,25.3%,6.7%,14.2%,2023
Other sex,All Schools,district_residence,which district they lived in,Outside of Hertfordshire,5,90,5.6%,1.5%,18.1%,4.0%,12.5%,2023
Other sex,All Schools,district_residence,which district they lived in,St Albans,20,90,22.2%,11.7%,38.0%,10.5%,15.8%,2023
Other sex,All Schools,district_residence,which district they lived in,Stevenage,10,90,11.1%,4.4%,25.3%,6.7%,14.2%,2023
Other sex,All Schools,district_residence,which district they lived in,Three Rivers,5,90,5.6%,1.5%,18.1%,4.0%,12.5%,2023
Other sex,All Schools,district_residence,which district they lived in,Watford,10,90,11.1%,4.4%,25.3%,6.7%,14.2%,2023
Other sex,All Schools,district_residence,which district they lived in,Welwyn Hatfield,5,90,5.6%,1.5%,18.1%,4.0%,12.5%,2023
Other sex,All Schools,district_school,NA,Broxbourne,0,85,0.0%,0.0%,10.1%,0.0%,10.1%,2023
Other sex,All Schools,district_school,NA,Dacorum,15,85,17.6%,8.4%,33.5%,9.3%,15.8%,2023
Other sex,All Schools,district_school,NA,East Hertfordshire,5,85,5.9%,1.6%,19.0%,4.2%,13.2%,2023
Other sex,All Schools,district_school,NA,Hertsmere,10,85,11.8%,4.7%,26.6%,7.1%,14.8%,2023
Other sex,All Schools,district_school,NA,North Hertfordshire,10,85,11.8%,4.7%,26.6%,7.1%,14.8%,2023
Other sex,All Schools,district_school,NA,St Albans,20,85,23.5%,12.5%,39.9%,11.1%,16.4%,2023
Other sex,All Schools,district_school,NA,Stevenage,10,85,11.8%,4.7%,26.6%,7.1%,14.8%,2023
Other sex,All Schools,district_school,NA,Three Rivers,10,85,11.8%,4.7%,26.6%,7.1%,14.8%,2023
Other sex,All Schools,district_school,NA,Welwyn Hatfield,5,85,5.9%,1.6%,19.0%,4.2%,13.2%,2023
Other sex,All Schools,drug_ever,the best statement that describes them regarding recreational drug use,I have never taken drugs,70,80,87.5%,72.0%,95.0%,15.5%,7.5%,2023
Other sex,All Schools,drug_ever,the best statement that describes them regarding recreational drug use,I have taken drugs once or twice,0,80,0.0%,0.0%,10.7%,0.0%,10.7%,2023
Other sex,All Schools,drug_ever,the best statement that describes them regarding recreational drug use,I take drugs occasionally (less than once a week),5,80,6.2%,1.7%,20.1%,4.5%,13.8%,2023
Other sex,All Schools,drug_ever,the best statement that describes them regarding recreational drug use,I take drugs regularly (once a week or more),5,80,6.2%,1.7%,20.1%,4.5%,13.8%,2023
Other sex,All Schools,drug_ever,the best statement that describes them regarding recreational drug use,"I used to take drugs, but I don’t now",0,80,0.0%,0.0%,10.7%,0.0%,10.7%,2023
Other sex,All Schools,drug_reduce,if they want to reduce or stop taking drugs,I'd like to reduce the amount I take but not stop,5,10,50.0%,15.1%,84.9%,34.9%,34.9%,2023
Other sex,All Schools,drug_reduce,if they want to reduce or stop taking drugs,"No, I want to keep taking drugs",5,10,50.0%,15.1%,84.9%,34.9%,34.9%,2023
Other sex,All Schools,drug_reduce,if they want to reduce or stop taking drugs,"Yes, I'd like to stop taking drugs",0,10,0.0%,0.0%,48.8%,0.0%,48.8%,2023
Other sex,All Schools,drugs_alcohol,ever taken drugs and drunk alcohol on the same occasion,No,5,10,50.0%,15.1%,84.9%,34.9%,34.9%,2023
Other sex,All Schools,drugs_alcohol,ever taken drugs and drunk alcohol on the same occasion,Not sure,0,10,0.0%,0.0%,48.8%,0.0%,48.8%,2023
Other sex,All Schools,drugs_alcohol,ever taken drugs and drunk alcohol on the same occasion,Yes,5,10,50.0%,15.1%,84.9%,34.9%,34.9%,2023
Other sex,All Schools,drugsupp_doctor,from a health professional,No,65,85,76.5%,60.1%,87.5%,16.4%,11.1%,2023
Other sex,All Schools,drugsupp_doctor,from a health professional,Yes,20,85,23.5%,12.5%,39.9%,11.1%,16.4%,2023
Other sex,All Schools,drugsupp_family,from family,No,45,85,52.9%,36.8%,68.5%,16.2%,15.6%,2023
Other sex,All Schools,drugsupp_family,from family,Yes,40,85,47.1%,31.5%,63.2%,15.6%,16.2%,2023
Other sex,All Schools,drugsupp_friends,from friends,No,55,85,64.7%,48.0%,78.5%,16.7%,13.8%,2023
Other sex,All Schools,drugsupp_friends,from friends,Yes,30,85,35.3%,21.5%,52.0%,13.8%,16.7%,2023
Other sex,All Schools,drugsupp_internet,from the internet,No,55,85,64.7%,48.0%,78.5%,16.7%,13.8%,2023
Other sex,All Schools,drugsupp_internet,from the internet,Yes,30,85,35.3%,21.5%,52.0%,13.8%,16.7%,2023
Other sex,All Schools,drugsupp_other,from other sources,No,70,85,82.4%,66.5%,91.6%,15.8%,9.3%,2023
Other sex,All Schools,drugsupp_other,from other sources,Yes,15,85,17.6%,8.4%,33.5%,9.3%,15.8%,2023
Other sex,All Schools,drugsupp_teacher,from a teacher,No,70,85,82.4%,66.5%,91.6%,15.8%,9.3%,2023
Other sex,All Schools,drugsupp_teacher,from a teacher,Yes,15,85,17.6%,8.4%,33.5%,9.3%,15.8%,2023
Other sex,All Schools,drugsupp_ypservice,from Drug & Alcohol Services for young people,No,70,85,82.4%,66.5%,91.6%,15.8%,9.3%,2023
Other sex,All Schools,drugsupp_ypservice,from Drug & Alcohol Services for young people,Yes,15,85,17.6%,8.4%,33.5%,9.3%,15.8%,2023
Other sex,All Schools,drugsupp_yw,from a Youth Worker,No,75,85,88.2%,73.4%,95.3%,14.8%,7.1%,2023
Other sex,All Schools,drugsupp_yw,from a Youth Worker,Yes,10,85,11.8%,4.7%,26.6%,7.1%,14.8%,2023
Other sex,All Schools,ecstasy_exp,ecstasy,No,80,85,94.1%,81.0%,98.4%,13.2%,4.2%,2023
Other sex,All Schools,ecstasy_exp,ecstasy,Yes,5,85,5.9%,1.6%,19.0%,4.2%,13.2%,2023
Other sex,All Schools,ecstasy_offered,ecstasy,No,75,85,88.2%,73.4%,95.3%,14.8%,7.1%,2023
Other sex,All Schools,ecstasy_offered,ecstasy,Yes,10,85,11.8%,4.7%,26.6%,7.1%,14.8%,2023
Other sex,All Schools,environ_awareness,raise awareness,No,70,85,82.4%,66.5%,91.6%,15.8%,9.3%,2023
Other sex,All Schools,environ_awareness,raise awareness,Yes,15,85,17.6%,8.4%,33.5%,9.3%,15.8%,2023
Other sex,All Schools,environ_barriers_cost,financial cost,No,60,85,70.6%,53.9%,83.1%,16.7%,12.5%,2023
Other sex,All Schools,environ_barriers_cost,financial cost,Yes,25,85,29.4%,16.9%,46.1%,12.5%,16.7%,2023
Other sex,All Schools,environ_barriers_notconsider,sustainability is not a consideration in their household,No,70,85,82.4%,66.5%,91.6%,15.8%,9.3%,2023
Other sex,All Schools,environ_barriers_notconsider,sustainability is not a consideration in their household,Yes,15,85,17.6%,8.4%,33.5%,9.3%,15.8%,2023
Other sex,All Schools,environ_barriers_other,other reasons,No,65,85,76.5%,60.1%,87.5%,16.4%,11.1%,2023
Other sex,All Schools,environ_barriers_other,other reasons,Yes,20,85,23.5%,12.5%,39.9%,11.1%,16.4%,2023
Other sex,All Schools,environ_barriers_time,convenience/time,No,40,85,47.1%,31.5%,63.2%,15.6%,16.2%,2023
Other sex,All Schools,environ_barriers_time,convenience/time,Yes,45,85,52.9%,36.8%,68.5%,16.2%,15.6%,2023
Other sex,All Schools,environ_barriers_unsure,uncertainty on what to do,No,65,85,76.5%,60.1%,87.5%,16.4%,11.1%,2023
Other sex,All Schools,environ_barriers_unsure,uncertainty on what to do,Yes,20,85,23.5%,12.5%,39.9%,11.1%,16.4%,2023
Other sex,All Schools,environ_buy,think about the environment when buying things,No,60,85,70.6%,53.9%,83.1%,16.7%,12.5%,2023
Other sex,All Schools,environ_buy,think about the environment when buying things,Yes,25,85,29.4%,16.9%,46.1%,12.5%,16.7%,2023
Other sex,All Schools,environ_garden,do things in the garden to help wildlife,No,60,85,70.6%,53.9%,83.1%,16.7%,12.5%,2023
Other sex,All Schools,environ_garden,do things in the garden to help wildlife,Yes,25,85,29.4%,16.9%,46.1%,12.5%,16.7%,2023
Other sex,All Schools,environ_leaders,try to change what our leaders are doing,No,70,85,82.4%,66.5%,91.6%,15.8%,9.3%,2023
Other sex,All Schools,environ_leaders,try to change what our leaders are doing,Yes,15,85,17.6%,8.4%,33.5%,9.3%,15.8%,2023
Other sex,All Schools,environ_lights,turn lights off more,No,25,85,29.4%,16.9%,46.1%,12.5%,16.7%,2023
Other sex,All Schools,environ_lights,turn lights off more,Yes,60,85,70.6%,53.9%,83.1%,16.7%,12.5%,2023
Other sex,All Schools,environ_litter,pick up litter,No,60,85,70.6%,53.9%,83.1%,16.7%,12.5%,2023
Other sex,All Schools,environ_litter,pick up litter,Yes,25,85,29.4%,16.9%,46.1%,12.5%,16.7%,2023
Other sex,All Schools,environ_meat,eat less meat,No,65,85,76.5%,60.1%,87.5%,16.4%,11.1%,2023
Other sex,All Schools,environ_meat,eat less meat,Yes,20,85,23.5%,12.5%,39.9%,11.1%,16.4%,2023
Other sex,All Schools,environ_media,read/watch media about the environment,No,60,85,70.6%,53.9%,83.1%,16.7%,12.5%,2023
Other sex,All Schools,environ_media,read/watch media about the environment,Yes,25,85,29.4%,16.9%,46.1%,12.5%,16.7%,2023
Other sex,All Schools,environ_none,don't do anything,No,80,85,94.1%,81.0%,98.4%,13.2%,4.2%,2023
Other sex,All Schools,environ_none,don't do anything,Yes,5,85,5.9%,1.6%,19.0%,4.2%,13.2%,2023
Other sex,All Schools,environ_other,do other things,No,70,85,82.4%,66.5%,91.6%,15.8%,9.3%,2023
Other sex,All Schools,environ_other,do other things,Yes,15,85,17.6%,8.4%,33.5%,9.3%,15.8%,2023
Other sex,All Schools,environ_recycle,recycle their waste,No,30,85,35.3%,21.5%,52.0%,13.8%,16.7%,2023
Other sex,All Schools,environ_recycle,recycle their waste,Yes,55,85,64.7%,48.0%,78.5%,16.7%,13.8%,2023
Other sex,All Schools,environ_talk,talk to friends/family,No,60,85,70.6%,53.9%,83.1%,16.7%,12.5%,2023
Other sex,All Schools,environ_talk,talk to friends/family,Yes,25,85,29.4%,16.9%,46.1%,12.5%,16.7%,2023
Other sex,All Schools,environ_tap,turn the tap off more,No,30,85,35.3%,21.5%,52.0%,13.8%,16.7%,2023
Other sex,All Schools,environ_tap,turn the tap off more,Yes,55,85,64.7%,48.0%,78.5%,16.7%,13.8%,2023
Other sex,All Schools,environ_volunteer,volunteer,No,75,85,88.2%,73.4%,95.3%,14.8%,7.1%,2023
Other sex,All Schools,environ_volunteer,volunteer,Yes,10,85,11.8%,4.7%,26.6%,7.1%,14.8%,2023
Other sex,All Schools,environ_walkcycle,"walk, cycle, or use public transport",No,40,85,47.1%,31.5%,63.2%,15.6%,16.2%,2023
Other sex,All Schools,environ_walkcycle,"walk, cycle, or use public transport",Yes,45,85,52.9%,36.8%,68.5%,16.2%,15.6%,2023
Other sex,All Schools,ethnicity,ethnicity,Any other ethnic group,5,80,6.2%,1.7%,20.1%,4.5%,13.8%,2023
Other sex,All Schools,ethnicity,ethnicity,Asian,5,80,6.2%,1.7%,20.1%,4.5%,13.8%,2023
Other sex,All Schools,ethnicity,ethnicity,Black,5,80,6.2%,1.7%,20.1%,4.5%,13.8%,2023
Other sex,All Schools,ethnicity,ethnicity,Mixed,5,80,6.2%,1.7%,20.1%,4.5%,13.8%,2023
Other sex,All Schools,ethnicity,ethnicity,White,60,80,75.0%,57.9%,86.7%,17.1%,11.7%,2023
Other sex,All Schools,findiff_cold,felt cold,No,70,85,82.4%,66.5%,91.6%,15.8%,9.3%,2023
Other sex,All Schools,findiff_cold,felt cold,Yes,15,85,17.6%,8.4%,33.5%,9.3%,15.8%,2023
Other sex,All Schools,findiff_foodbank,went to a food bank,No,80,85,94.1%,81.0%,98.4%,13.2%,4.2%,2023
Other sex,All Schools,findiff_foodbank,went to a food bank,Yes,5,85,5.9%,1.6%,19.0%,4.2%,13.2%,2023
Other sex,All Schools,findiff_hungry,felt hungry,No,70,85,82.4%,66.5%,91.6%,15.8%,9.3%,2023
Other sex,All Schools,findiff_hungry,felt hungry,Yes,15,85,17.6%,8.4%,33.5%,9.3%,15.8%,2023
Other sex,All Schools,findiff_job,lost a job/work,No,75,85,88.2%,73.4%,95.3%,14.8%,7.1%,2023
Other sex,All Schools,findiff_job,lost a job/work,Yes,10,85,11.8%,4.7%,26.6%,7.1%,14.8%,2023
Other sex,All Schools,findiff_misstrip,missed a school trip,No,70,85,82.4%,66.5%,91.6%,15.8%,9.3%,2023
Other sex,All Schools,findiff_misstrip,missed a school trip,Yes,15,85,17.6%,8.4%,33.5%,9.3%,15.8%,2023
Other sex,All Schools,findiff_move,moved to a smaller home,No,80,85,94.1%,81.0%,98.4%,13.2%,4.2%,2023
Other sex,All Schools,findiff_move,moved to a smaller home,Yes,5,85,5.9%,1.6%,19.0%,4.2%,13.2%,2023
Other sex,All Schools,findiff_none,no experiences,No,40,85,47.1%,31.5%,63.2%,15.6%,16.2%,2023
Other sex,All Schools,findiff_none,no experiences,Yes,45,85,52.9%,36.8%,68.5%,16.2%,15.6%,2023
Other sex,All Schools,findiff_pnts,prefer not to say,No,75,85,88.2%,73.4%,95.3%,14.8%,7.1%,2023
Other sex,All Schools,findiff_pnts,prefer not to say,Yes,10,85,11.8%,4.7%,26.6%,7.1%,14.8%,2023
Other sex,All Schools,fsm,free school meals,No,70,85,82.4%,66.5%,91.6%,15.8%,9.3%,2023
Other sex,All Schools,fsm,free school meals,Prefer not to say,5,85,5.9%,1.6%,19.0%,4.2%,13.2%,2023
Other sex,All Schools,fsm,free school meals,Yes,10,85,11.8%,4.7%,26.6%,7.1%,14.8%,2023
Other sex,All Schools,hallucinogen_natural_exp,hallucinogens,No,80,85,94.1%,81.0%,98.4%,13.2%,4.2%,2023
Other sex,All Schools,hallucinogen_natural_exp,hallucinogens,Yes,5,85,5.9%,1.6%,19.0%,4.2%,13.2%,2023
Other sex,All Schools,hallucinogen_offered,hallucinogens,No,75,85,88.2%,73.4%,95.3%,14.8%,7.1%,2023
Other sex,All Schools,hallucinogen_offered,hallucinogens,Yes,10,85,11.8%,4.7%,26.6%,7.1%,14.8%,2023
Other sex,All Schools,heroin_exp,heroin,No,80,85,94.1%,81.0%,98.4%,13.2%,4.2%,2023
Other sex,All Schools,heroin_exp,heroin,Yes,5,85,5.9%,1.6%,19.0%,4.2%,13.2%,2023
Other sex,All Schools,heroin_offered,heroin,No,80,85,94.1%,81.0%,98.4%,13.2%,4.2%,2023
Other sex,All Schools,heroin_offered,heroin,Yes,5,85,5.9%,1.6%,19.0%,4.2%,13.2%,2023
Other sex,All Schools,herts_just_talk,have heard of Herts Just Talk,No,30,80,37.5%,23.0%,54.7%,14.5%,17.2%,2023
Other sex,All Schools,herts_just_talk,have heard of Herts Just Talk,Unsure,15,80,18.8%,8.9%,35.3%,9.8%,16.5%,2023
Other sex,All Schools,herts_just_talk,have heard of Herts Just Talk,Yes,20,80,25.0%,13.3%,42.1%,11.7%,17.1%,2023
Other sex,All Schools,herts_just_talk,have heard of Herts Just Talk,"Yes I’ve heard of it, but I’m not sure what it is",15,80,18.8%,8.9%,35.3%,9.8%,16.5%,2023
Other sex,All Schools,home_shouting,have ever been frightened by any shouting and arguing between adults or older siblings at home in the last month,Most days/Every day,10,85,11.8%,4.7%,26.6%,7.1%,14.8%,2023
Other sex,All Schools,home_shouting,have ever been frightened by any shouting and arguing between adults or older siblings at home in the last month,No,35,85,41.2%,26.4%,57.7%,14.8%,16.6%,2023
Other sex,All Schools,home_shouting,have ever been frightened by any shouting and arguing between adults or older siblings at home in the last month,Once a week,5,85,5.9%,1.6%,19.0%,4.2%,13.2%,2023
Other sex,All Schools,home_shouting,have ever been frightened by any shouting and arguing between adults or older siblings at home in the last month,Once or twice,25,85,29.4%,16.9%,46.1%,12.5%,16.7%,2023
Other sex,All Schools,home_shouting,have ever been frightened by any shouting and arguing between adults or older siblings at home in the last month,Prefer not to say,10,85,11.8%,4.7%,26.6%,7.1%,14.8%,2023
Other sex,All Schools,home_violence,"if there has been any violence (e.g. hitting, punching, slapping) between adults or older siblings at home in the last month",Most days/Every day,5,85,5.9%,1.6%,19.0%,4.2%,13.2%,2023
Other sex,All Schools,home_violence,"if there has been any violence (e.g. hitting, punching, slapping) between adults or older siblings at home in the last month",No,60,85,70.6%,53.9%,83.1%,16.7%,12.5%,2023
Other sex,All Schools,home_violence,"if there has been any violence (e.g. hitting, punching, slapping) between adults or older siblings at home in the last month",Once a week,5,85,5.9%,1.6%,19.0%,4.2%,13.2%,2023
Other sex,All Schools,home_violence,"if there has been any violence (e.g. hitting, punching, slapping) between adults or older siblings at home in the last month",Once or twice,10,85,11.8%,4.7%,26.6%,7.1%,14.8%,2023
Other sex,All Schools,home_violence,"if there has been any violence (e.g. hitting, punching, slapping) between adults or older siblings at home in the last month",Prefer not to say,5,85,5.9%,1.6%,19.0%,4.2%,13.2%,2023
Other sex,All Schools,hopeful_future,feel hopeful about their future,Always,10,85,11.8%,4.7%,26.6%,7.1%,14.8%,2023
Other sex,All Schools,hopeful_future,feel hopeful about their future,Never,15,85,17.6%,8.4%,33.5%,9.3%,15.8%,2023
Other sex,All Schools,hopeful_future,feel hopeful about their future,Often,20,85,23.5%,12.5%,39.9%,11.1%,16.4%,2023
Other sex,All Schools,hopeful_future,feel hopeful about their future,Sometimes,40,85,47.1%,31.5%,63.2%,15.6%,16.2%,2023
Other sex,All Schools,imd_quintile,for their resident postcode,Quintile 1 - Most Deprived,5,85,5.9%,1.6%,19.0%,4.2%,13.2%,2023
Other sex,All Schools,imd_quintile,for their resident postcode,Quintile 2,10,85,11.8%,4.7%,26.6%,7.1%,14.8%,2023
Other sex,All Schools,imd_quintile,for their resident postcode,Quintile 3,5,85,5.9%,1.6%,19.0%,4.2%,13.2%,2023
Other sex,All Schools,imd_quintile,for their resident postcode,Quintile 4,10,85,11.8%,4.7%,26.6%,7.1%,14.8%,2023
Other sex,All Schools,imd_quintile,for their resident postcode,Quintile 5 - Least Deprived,10,85,11.8%,4.7%,26.6%,7.1%,14.8%,2023
Other sex,All Schools,imd_quintile,for their resident postcode,unknown,45,85,52.9%,36.8%,68.5%,16.2%,15.6%,2023
Other sex,All Schools,internet_info_provided,have been provided with online safety info,No,15,80,18.8%,8.9%,35.3%,9.8%,16.5%,2023
Other sex,All Schools,internet_info_provided,have been provided with online safety info,Yes,65,80,81.2%,64.7%,91.1%,16.5%,9.8%,2023
Other sex,All Schools,internet_message,have ever received message on social media that upset them,No,45,80,56.2%,39.4%,71.8%,16.9%,15.5%,2023
Other sex,All Schools,internet_message,have ever received message on social media that upset them,Yes,35,80,43.8%,28.2%,60.6%,15.5%,16.9%,2023
Other sex,All Schools,internet_met,have ever met someone in real life whom they first met online,No,55,75,73.3%,55.6%,85.8%,17.7%,12.5%,2023
Other sex,All Schools,internet_met,have ever met someone in real life whom they first met online,Yes,20,75,26.7%,14.2%,44.4%,12.5%,17.7%,2023
Other sex,All Schools,internet_personalinfo,have ever shared personal information with someone they have not met in real life,No,55,80,68.8%,51.5%,82.0%,17.3%,13.3%,2023
Other sex,All Schools,internet_personalinfo,have ever shared personal information with someone they have not met in real life,Yes,25,80,31.2%,18.0%,48.5%,13.3%,17.3%,2023
Other sex,All Schools,internet_pictures_pressure,have ever felt pressured to send pictures of themselves to someone,No,60,80,75.0%,57.9%,86.7%,17.1%,11.7%,2023
Other sex,All Schools,internet_pictures_pressure,have ever felt pressured to send pictures of themselves to someone,Yes,20,80,25.0%,13.3%,42.1%,11.7%,17.1%,2023
Other sex,All Schools,ketamine_exp,ketamine,No,80,85,94.1%,81.0%,98.4%,13.2%,4.2%,2023
Other sex,All Schools,ketamine_exp,ketamine,Yes,5,85,5.9%,1.6%,19.0%,4.2%,13.2%,2023
Other sex,All Schools,ketamine_offered,ketamine,No,75,85,88.2%,73.4%,95.3%,14.8%,7.1%,2023
Other sex,All Schools,ketamine_offered,ketamine,Yes,10,85,11.8%,4.7%,26.6%,7.1%,14.8%,2023
Other sex,All Schools,life_happyyesterday,how happy they felt yesterday overall on a scale low to high,high,20,85,23.5%,12.5%,39.9%,11.1%,16.4%,2023
Other sex,All Schools,life_happyyesterday,how happy they felt yesterday overall on a scale low to high,low,35,85,41.2%,26.4%,57.7%,14.8%,16.6%,2023
Other sex,All Schools,life_happyyesterday,how happy they felt yesterday overall on a scale low to high,medium,20,85,23.5%,12.5%,39.9%,11.1%,16.4%,2023
Other sex,All Schools,life_happyyesterday,how happy they felt yesterday overall on a scale low to high,very high,10,85,11.8%,4.7%,26.6%,7.1%,14.8%,2023
Other sex,All Schools,life_satisfied,about how satisfied they with their life on a scale of low to high,high,15,85,17.6%,8.4%,33.5%,9.3%,15.8%,2023
Other sex,All Schools,life_satisfied,about how satisfied they with their life on a scale of low to high,low,35,85,41.2%,26.4%,57.7%,14.8%,16.6%,2023
Other sex,All Schools,life_satisfied,about how satisfied they with their life on a scale of low to high,medium,20,85,23.5%,12.5%,39.9%,11.1%,16.4%,2023
Other sex,All Schools,life_satisfied,about how satisfied they with their life on a scale of low to high,very high,15,85,17.6%,8.4%,33.5%,9.3%,15.8%,2023
Other sex,All Schools,life_worthwhile,the extent to which they feel the things they do in their life are worthwhile on a scale of low to high,high,15,90,16.7%,7.9%,31.8%,8.8%,15.2%,2023
Other sex,All Schools,life_worthwhile,the extent to which they feel the things they do in their life are worthwhile on a scale of low to high,low,40,90,44.4%,29.6%,60.4%,14.9%,15.9%,2023
Other sex,All Schools,life_worthwhile,the extent to which they feel the things they do in their life are worthwhile on a scale of low to high,medium,20,90,22.2%,11.7%,38.0%,10.5%,15.8%,2023
Other sex,All Schools,life_worthwhile,the extent to which they feel the things they do in their life are worthwhile on a scale of low to high,very high,15,90,16.7%,7.9%,31.8%,8.8%,15.2%,2023
Other sex,All Schools,mental_accessed,have ever accessed mental health services before,No,40,80,50.0%,33.7%,66.3%,16.3%,16.3%,2023
Other sex,All Schools,mental_accessed,have ever accessed mental health services before,Not sure,5,80,6.2%,1.7%,20.1%,4.5%,13.8%,2023
Other sex,All Schools,mental_accessed,have ever accessed mental health services before,Prefer not to say,5,80,6.2%,1.7%,20.1%,4.5%,13.8%,2023
Other sex,All Schools,mental_accessed,have ever accessed mental health services before,Yes,30,80,37.5%,23.0%,54.7%,14.5%,17.2%,2023
Other sex,All Schools,mental_accessed_helpful,how helpful they found the mental health support,A little,5,25,20.0%,5.7%,50.9%,14.3%,30.9%,2023
Other sex,All Schools,mental_accessed_helpful,how helpful they found the mental health support,Neither helpful nor unhelpful,5,25,20.0%,5.7%,50.9%,14.3%,30.9%,2023
Other sex,All Schools,mental_accessed_helpful,how helpful they found the mental health support,Not helpful,10,25,40.0%,16.9%,68.7%,23.1%,28.7%,2023
Other sex,All Schools,mental_accessed_helpful,how helpful they found the mental health support,Not very helpful,5,25,20.0%,5.7%,50.9%,14.3%,30.9%,2023
Other sex,All Schools,mental_accessed_helpful,how helpful they found the mental health support,Very,0,25,0.0%,0.0%,27.6%,0.0%,27.6%,2023
Other sex,All Schools,mental_charity,charities,No,85,85,100.0%,89.9%,100.0%,10.1%,0.0%,2023
Other sex,All Schools,mental_charity,charities,Yes,0,85,0.0%,0.0%,10.1%,0.0%,10.1%,2023
Other sex,All Schools,mental_clinic,a mental health clinic,No,75,85,88.2%,73.4%,95.3%,14.8%,7.1%,2023
Other sex,All Schools,mental_clinic,a mental health clinic,Yes,10,85,11.8%,4.7%,26.6%,7.1%,14.8%,2023
Other sex,All Schools,mental_doctor,a doctor,No,75,85,88.2%,73.4%,95.3%,14.8%,7.1%,2023
Other sex,All Schools,mental_doctor,a doctor,Yes,10,85,11.8%,4.7%,26.6%,7.1%,14.8%,2023
Other sex,All Schools,mental_howaccess,"know how to access services if they are worried about, or are looking for more information about their mental health",No,20,80,25.0%,13.3%,42.1%,11.7%,17.1%,2023
Other sex,All Schools,mental_howaccess,"know how to access services if they are worried about, or are looking for more information about their mental health",Not sure,15,80,18.8%,8.9%,35.3%,9.8%,16.5%,2023
Other sex,All Schools,mental_howaccess,"know how to access services if they are worried about, or are looking for more information about their mental health",Yes,45,80,56.2%,39.4%,71.8%,16.9%,15.5%,2023
Other sex,All Schools,mental_none,other,No,60,85,70.6%,53.9%,83.1%,16.7%,12.5%,2023
Other sex,All Schools,mental_none,other,Yes,25,85,29.4%,16.9%,46.1%,12.5%,16.7%,2023
Other sex,All Schools,mental_nurse,a school nurse,No,85,85,100.0%,89.9%,100.0%,10.1%,0.0%,2023
Other sex,All Schools,mental_nurse,a school nurse,Yes,0,85,0.0%,0.0%,10.1%,0.0%,10.1%,2023
Other sex,All Schools,mental_other,some other service,No,60,85,70.6%,53.9%,83.1%,16.7%,12.5%,2023
Other sex,All Schools,mental_other,some other service,Yes,25,85,29.4%,16.9%,46.1%,12.5%,16.7%,2023
Other sex,All Schools,mental_parents,parents/carers,No,45,85,52.9%,36.8%,68.5%,16.2%,15.6%,2023
Other sex,All Schools,mental_parents,parents/carers,Yes,40,85,47.1%,31.5%,63.2%,15.6%,16.2%,2023
Other sex,All Schools,mental_school,the school,No,65,85,76.5%,60.1%,87.5%,16.4%,11.1%,2023
Other sex,All Schools,mental_school,the school,Yes,20,85,23.5%,12.5%,39.9%,11.1%,16.4%,2023
Other sex,All Schools,mental_talk,"agree with the statement ""It's okay for me to talk about my mental health.""",No,15,85,17.6%,8.4%,33.5%,9.3%,15.8%,2023
Other sex,All Schools,mental_talk,"agree with the statement ""It's okay for me to talk about my mental health.""",Not sure,25,85,29.4%,16.9%,46.1%,12.5%,16.7%,2023
Other sex,All Schools,mental_talk,"agree with the statement ""It's okay for me to talk about my mental health.""",Yes,45,85,52.9%,36.8%,68.5%,16.2%,15.6%,2023
Other sex,All Schools,mental_type_121,1-2-1s (in person),No,50,85,58.8%,42.3%,73.6%,16.6%,14.8%,2023
Other sex,All Schools,mental_type_121,1-2-1s (in person),Yes,35,85,41.2%,26.4%,57.7%,14.8%,16.6%,2023
Other sex,All Schools,mental_type_group,groupwork,No,65,85,76.5%,60.1%,87.5%,16.4%,11.1%,2023
Other sex,All Schools,mental_type_group,groupwork,Yes,20,85,23.5%,12.5%,39.9%,11.1%,16.4%,2023
Other sex,All Schools,mental_type_online,online support,No,60,85,70.6%,53.9%,83.1%,16.7%,12.5%,2023
Other sex,All Schools,mental_type_online,online support,Yes,25,85,29.4%,16.9%,46.1%,12.5%,16.7%,2023
Other sex,All Schools,mental_type_other,other types of support,No,60,85,70.6%,53.9%,83.1%,16.7%,12.5%,2023
Other sex,All Schools,mental_type_other,other types of support,Yes,25,85,29.4%,16.9%,46.1%,12.5%,16.7%,2023
Other sex,All Schools,mental_type_phone,phone counselling,No,75,85,88.2%,73.4%,95.3%,14.8%,7.1%,2023
Other sex,All Schools,mental_type_phone,phone counselling,Yes,10,85,11.8%,4.7%,26.6%,7.1%,14.8%,2023
Other sex,All Schools,mental_youthservice,the Youth Service,No,80,85,94.1%,81.0%,98.4%,13.2%,4.2%,2023
Other sex,All Schools,mental_youthservice,the Youth Service,Yes,5,85,5.9%,1.6%,19.0%,4.2%,13.2%,2023
Other sex,All Schools,nitrous_oxide_exp,nitrous oxide,No,80,85,94.1%,81.0%,98.4%,13.2%,4.2%,2023
Other sex,All Schools,nitrous_oxide_exp,nitrous oxide,Yes,5,85,5.9%,1.6%,19.0%,4.2%,13.2%,2023
Other sex,All Schools,nitrous_oxide_offered,nitrous oxide,No,75,85,88.2%,73.4%,95.3%,14.8%,7.1%,2023
Other sex,All Schools,nitrous_oxide_offered,nitrous oxide,Yes,10,85,11.8%,4.7%,26.6%,7.1%,14.8%,2023
Other sex,All Schools,nps_exp,novel psychoactive substances,No,85,85,100.0%,89.9%,100.0%,10.1%,0.0%,2023
Other sex,All Schools,nps_exp,novel psychoactive substances,Yes,0,85,0.0%,0.0%,10.1%,0.0%,10.1%,2023
Other sex,All Schools,nps_offered,novel psychoactive substances,No,80,85,94.1%,81.0%,98.4%,13.2%,4.2%,2023
Other sex,All Schools,nps_offered,novel psychoactive substances,Yes,5,85,5.9%,1.6%,19.0%,4.2%,13.2%,2023
Other sex,All Schools,pa_30,how many days in the past week had they done a total of 30 minutes or more of physical activity,1 to 3,40,85,47.1%,31.5%,63.2%,15.6%,16.2%,2023
Other sex,All Schools,pa_30,how many days in the past week had they done a total of 30 minutes or more of physical activity,4 to 5,10,85,11.8%,4.7%,26.6%,7.1%,14.8%,2023
Other sex,All Schools,pa_30,how many days in the past week had they done a total of 30 minutes or more of physical activity,6 to 7,5,85,5.9%,1.6%,19.0%,4.2%,13.2%,2023
Other sex,All Schools,pa_30,how many days in the past week had they done a total of 30 minutes or more of physical activity,none,30,85,35.3%,21.5%,52.0%,13.8%,16.7%,2023
Other sex,All Schools,pa_60,how many days in the past week had they done a total of 60 minutes or more of physical activity,1 to 3,30,80,37.5%,23.0%,54.7%,14.5%,17.2%,2023
Other sex,All Schools,pa_60,how many days in the past week had they done a total of 60 minutes or more of physical activity,4 to 5,10,80,12.5%,5.0%,28.0%,7.5%,15.5%,2023
Other sex,All Schools,pa_60,how many days in the past week had they done a total of 60 minutes or more of physical activity,6 to 7,10,80,12.5%,5.0%,28.0%,7.5%,15.5%,2023
Other sex,All Schools,pa_60,how many days in the past week had they done a total of 60 minutes or more of physical activity,none,30,80,37.5%,23.0%,54.7%,14.5%,17.2%,2023
Other sex,All Schools,pa_barriers_bikecost,the cost of bikes,No,75,85,88.2%,73.4%,95.3%,14.8%,7.1%,2023
Other sex,All Schools,pa_barriers_bikecost,the cost of bikes,Yes,10,85,11.8%,4.7%,26.6%,7.1%,14.8%,2023
Other sex,All Schools,pa_barriers_distance,distance,No,60,85,70.6%,53.9%,83.1%,16.7%,12.5%,2023
Other sex,All Schools,pa_barriers_distance,distance,Yes,25,85,29.4%,16.9%,46.1%,12.5%,16.7%,2023
Other sex,All Schools,pa_barriers_fearlost,the fear of getting lost,No,65,85,76.5%,60.1%,87.5%,16.4%,11.1%,2023
Other sex,All Schools,pa_barriers_fearlost,the fear of getting lost,Yes,20,85,23.5%,12.5%,39.9%,11.1%,16.4%,2023
Other sex,All Schools,pa_barriers_fitness,lack of fitness,No,65,85,76.5%,60.1%,87.5%,16.4%,11.1%,2023
Other sex,All Schools,pa_barriers_fitness,lack of fitness,Yes,20,85,23.5%,12.5%,39.9%,11.1%,16.4%,2023
Other sex,All Schools,pa_barriers_other,other reasons,No,70,85,82.4%,66.5%,91.6%,15.8%,9.3%,2023
Other sex,All Schools,pa_barriers_other,other reasons,Yes,15,85,17.6%,8.4%,33.5%,9.3%,15.8%,2023
Other sex,All Schools,pa_barriers_pollution,air pollution,No,80,85,94.1%,81.0%,98.4%,13.2%,4.2%,2023
Other sex,All Schools,pa_barriers_pollution,air pollution,Yes,5,85,5.9%,1.6%,19.0%,4.2%,13.2%,2023
Other sex,All Schools,pa_barriers_roadsafety,road safety,No,70,85,82.4%,66.5%,91.6%,15.8%,9.3%,2023
Other sex,All Schools,pa_barriers_roadsafety,road safety,Yes,15,85,17.6%,8.4%,33.5%,9.3%,15.8%,2023
Other sex,All Schools,pa_barriers_safety,personal safety,No,60,85,70.6%,53.9%,83.1%,16.7%,12.5%,2023
Other sex,All Schools,pa_barriers_safety,personal safety,Yes,25,85,29.4%,16.9%,46.1%,12.5%,16.7%,2023
Other sex,All Schools,pa_barriers_time,lack of time,No,40,85,47.1%,31.5%,63.2%,15.6%,16.2%,2023
Other sex,All Schools,pa_barriers_time,lack of time,Yes,45,85,52.9%,36.8%,68.5%,16.2%,15.6%,2023
Other sex,All Schools,pa_barriers_want,personal preference,No,50,85,58.8%,42.3%,73.6%,16.6%,14.8%,2023
Other sex,All Schools,pa_barriers_want,personal preference,Yes,35,85,41.2%,26.4%,57.7%,14.8%,16.6%,2023
Other sex,All Schools,pa_barriers_weather,the weather,No,50,85,58.8%,42.3%,73.6%,16.6%,14.8%,2023
Other sex,All Schools,pa_barriers_weather,the weather,Yes,35,85,41.2%,26.4%,57.7%,14.8%,16.6%,2023
Other sex,All Schools,pa_fri,Friday,0-29 minutes,35,80,43.8%,28.2%,60.6%,15.5%,16.9%,2023
Other sex,All Schools,pa_fri,Friday,30-59 minutes,20,80,25.0%,13.3%,42.1%,11.7%,17.1%,2023
Other sex,All Schools,pa_fri,Friday,60 or more minutes,25,80,31.2%,18.0%,48.5%,13.3%,17.3%,2023
Other sex,All Schools,pa_mon,Monday,0-29 minutes,30,80,37.5%,23.0%,54.7%,14.5%,17.2%,2023
Other sex,All Schools,pa_mon,Monday,30-59 minutes,25,80,31.2%,18.0%,48.5%,13.3%,17.3%,2023
Other sex,All Schools,pa_mon,Monday,60 or more minutes,25,80,31.2%,18.0%,48.5%,13.3%,17.3%,2023
Other sex,All Schools,pa_sat,Saturday,0-29 minutes,30,80,37.5%,23.0%,54.7%,14.5%,17.2%,2023
Other sex,All Schools,pa_sat,Saturday,30-59 minutes,20,80,25.0%,13.3%,42.1%,11.7%,17.1%,2023
Other sex,All Schools,pa_sat,Saturday,60 or more minutes,30,80,37.5%,23.0%,54.7%,14.5%,17.2%,2023
Other sex,All Schools,pa_sun,Sunday,0-29 minutes,40,80,50.0%,33.7%,66.3%,16.3%,16.3%,2023
Other sex,All Schools,pa_sun,Sunday,30-59 minutes,15,80,18.8%,8.9%,35.3%,9.8%,16.5%,2023
Other sex,All Schools,pa_sun,Sunday,60 or more minutes,25,80,31.2%,18.0%,48.5%,13.3%,17.3%,2023
Other sex,All Schools,pa_thurs,Thursday,0-29 minutes,30,80,37.5%,23.0%,54.7%,14.5%,17.2%,2023
Other sex,All Schools,pa_thurs,Thursday,30-59 minutes,25,80,31.2%,18.0%,48.5%,13.3%,17.3%,2023
Other sex,All Schools,pa_thurs,Thursday,60 or more minutes,25,80,31.2%,18.0%,48.5%,13.3%,17.3%,2023
Other sex,All Schools,pa_tues,Tuesday,0-29 minutes,35,85,41.2%,26.4%,57.7%,14.8%,16.6%,2023
Other sex,All Schools,pa_tues,Tuesday,30-59 minutes,25,85,29.4%,16.9%,46.1%,12.5%,16.7%,2023
Other sex,All Schools,pa_tues,Tuesday,60 or more minutes,25,85,29.4%,16.9%,46.1%,12.5%,16.7%,2023
Other sex,All Schools,pa_wed,Wednesday,0-29 minutes,25,80,31.2%,18.0%,48.5%,13.3%,17.3%,2023
Other sex,All Schools,pa_wed,Wednesday,30-59 minutes,25,80,31.2%,18.0%,48.5%,13.3%,17.3%,2023
Other sex,All Schools,pa_wed,Wednesday,60 or more minutes,30,80,37.5%,23.0%,54.7%,14.5%,17.2%,2023
Other sex,All Schools,paid_work,how much paid work they did last week,0-10 hours,10,80,12.5%,5.0%,28.0%,7.5%,15.5%,2023
Other sex,All Schools,paid_work,how much paid work they did last week,11-20 hours,5,80,6.2%,1.7%,20.1%,4.5%,13.8%,2023
Other sex,All Schools,paid_work,how much paid work they did last week,31+ hours,0,80,0.0%,0.0%,10.7%,0.0%,10.7%,2023
Other sex,All Schools,paid_work,how much paid work they did last week,I didn't do any paid work,65,80,81.2%,64.7%,91.1%,16.5%,9.8%,2023
Other sex,All Schools,paid_work,how much paid work they did last week,Prefer not to say,0,80,0.0%,0.0%,10.7%,0.0%,10.7%,2023
Other sex,All Schools,poppers_exp,poppers,No,85,85,100.0%,89.9%,100.0%,10.1%,0.0%,2023
Other sex,All Schools,poppers_exp,poppers,Yes,0,85,0.0%,0.0%,10.1%,0.0%,10.1%,2023
Other sex,All Schools,poppers_offered,poppers,No,80,85,94.1%,81.0%,98.4%,13.2%,4.2%,2023
Other sex,All Schools,poppers_offered,poppers,Yes,5,85,5.9%,1.6%,19.0%,4.2%,13.2%,2023
Other sex,All Schools,prospects_education,plan to continue in education,Maybe,20,75,26.7%,14.2%,44.4%,12.5%,17.7%,2023
Other sex,All Schools,prospects_education,plan to continue in education,No,10,75,13.3%,5.3%,29.6%,8.0%,16.3%,2023
Other sex,All Schools,prospects_education,plan to continue in education,Yes,45,75,60.0%,42.4%,75.4%,17.6%,15.4%,2023
Other sex,All Schools,prospects_family,plan to start a family,Maybe,15,70,21.4%,10.2%,39.5%,11.2%,18.1%,2023
Other sex,All Schools,prospects_family,plan to start a family,No,40,70,57.1%,39.1%,73.5%,18.0%,16.3%,2023
Other sex,All Schools,prospects_family,plan to start a family,Yes,15,70,21.4%,10.2%,39.5%,11.2%,18.1%,2023
Other sex,All Schools,prospects_info_apprenticeships,apprenticeships,No,60,85,70.6%,53.9%,83.1%,16.7%,12.5%,2023
Other sex,All Schools,prospects_info_apprenticeships,apprenticeships,Yes,25,85,29.4%,16.9%,46.1%,12.5%,16.7%,2023
Other sex,All Schools,prospects_info_college,college/6th form,No,50,85,58.8%,42.3%,73.6%,16.6%,14.8%,2023
Other sex,All Schools,prospects_info_college,college/6th form,Yes,35,85,41.2%,26.4%,57.7%,14.8%,16.6%,2023
Other sex,All Schools,prospects_info_gap,gap years,No,50,85,58.8%,42.3%,73.6%,16.6%,14.8%,2023
Other sex,All Schools,prospects_info_gap,gap years,Yes,35,85,41.2%,26.4%,57.7%,14.8%,16.6%,2023
Other sex,All Schools,prospects_info_jobs,jobs,No,50,85,58.8%,42.3%,73.6%,16.6%,14.8%,2023
Other sex,All Schools,prospects_info_jobs,jobs,Yes,35,85,41.2%,26.4%,57.7%,14.8%,16.6%,2023
Other sex,All Schools,prospects_info_other,other options,No,60,85,70.6%,53.9%,83.1%,16.7%,12.5%,2023
Other sex,All Schools,prospects_info_other,other options,Yes,25,85,29.4%,16.9%,46.1%,12.5%,16.7%,2023
Other sex,All Schools,prospects_info_trainee,traineeships,No,70,85,82.4%,66.5%,91.6%,15.8%,9.3%,2023
Other sex,All Schools,prospects_info_trainee,traineeships,Yes,15,85,17.6%,8.4%,33.5%,9.3%,15.8%,2023
Other sex,All Schools,prospects_info_uni,university,No,40,85,47.1%,31.5%,63.2%,15.6%,16.2%,2023
Other sex,All Schools,prospects_info_uni,university,Yes,45,85,52.9%,36.8%,68.5%,16.2%,15.6%,2023
Other sex,All Schools,prospects_job,plan to get a job,Maybe,25,75,33.3%,19.3%,51.2%,14.1%,17.8%,2023
Other sex,All Schools,prospects_job,plan to get a job,No,10,75,13.3%,5.3%,29.6%,8.0%,16.3%,2023
Other sex,All Schools,prospects_job,plan to get a job,Yes,40,75,53.3%,36.2%,69.7%,17.1%,16.4%,2023
Other sex,All Schools,prospects_notsure,aren't sure what they want to do,Maybe,15,70,21.4%,10.2%,39.5%,11.2%,18.1%,2023
Other sex,All Schools,prospects_notsure,aren't sure what they want to do,No,30,70,42.9%,26.5%,60.9%,16.3%,18.0%,2023
Other sex,All Schools,prospects_notsure,aren't sure what they want to do,Yes,25,70,35.7%,20.7%,54.1%,15.0%,18.4%,2023
Other sex,All Schools,prospects_other,have other plans,Maybe,25,70,35.7%,20.7%,54.1%,15.0%,18.4%,2023
Other sex,All Schools,prospects_other,have other plans,No,20,70,28.6%,15.3%,47.0%,13.3%,18.4%,2023
Other sex,All Schools,prospects_other,have other plans,Yes,25,70,35.7%,20.7%,54.1%,15.0%,18.4%,2023
Other sex,All Schools,prospects_support_friends,friends,No,45,85,52.9%,36.8%,68.5%,16.2%,15.6%,2023
Other sex,All Schools,prospects_support_friends,friends,Yes,40,85,47.1%,31.5%,63.2%,15.6%,16.2%,2023
Other sex,All Schools,prospects_support_idk,don't know where to get support,No,65,85,76.5%,60.1%,87.5%,16.4%,11.1%,2023
Other sex,All Schools,prospects_support_idk,don't know where to get support,Yes,20,85,23.5%,12.5%,39.9%,11.1%,16.4%,2023
Other sex,All Schools,prospects_support_jobcentre,Job Centre Plus,No,80,85,94.1%,81.0%,98.4%,13.2%,4.2%,2023
Other sex,All Schools,prospects_support_jobcentre,Job Centre Plus,Yes,5,85,5.9%,1.6%,19.0%,4.2%,13.2%,2023
Other sex,All Schools,prospects_support_online,online,No,55,85,64.7%,48.0%,78.5%,16.7%,13.8%,2023
Other sex,All Schools,prospects_support_online,online,Yes,30,85,35.3%,21.5%,52.0%,13.8%,16.7%,2023
Other sex,All Schools,prospects_support_other,other sources,No,75,85,88.2%,73.4%,95.3%,14.8%,7.1%,2023
Other sex,All Schools,prospects_support_other,other sources,Yes,10,85,11.8%,4.7%,26.6%,7.1%,14.8%,2023
Other sex,All Schools,prospects_support_parents,parent/carer,No,40,85,47.1%,31.5%,63.2%,15.6%,16.2%,2023
Other sex,All Schools,prospects_support_parents,parent/carer,Yes,45,85,52.9%,36.8%,68.5%,16.2%,15.6%,2023
Other sex,All Schools,prospects_support_school,school/teacher,No,60,85,70.6%,53.9%,83.1%,16.7%,12.5%,2023
Other sex,All Schools,prospects_support_school,school/teacher,Yes,25,85,29.4%,16.9%,46.1%,12.5%,16.7%,2023
Other sex,All Schools,prospects_support_syp,Services for Young People,No,80,85,94.1%,81.0%,98.4%,13.2%,4.2%,2023
Other sex,All Schools,prospects_support_syp,Services for Young People,Yes,5,85,5.9%,1.6%,19.0%,4.2%,13.2%,2023
Other sex,All Schools,prospects_training,plan to training for a skilled job,Maybe,30,75,40.0%,24.6%,57.6%,15.4%,17.6%,2023
Other sex,All Schools,prospects_training,plan to training for a skilled job,No,25,75,33.3%,19.3%,51.2%,14.1%,17.8%,2023
Other sex,All Schools,prospects_training,plan to training for a skilled job,Yes,20,75,26.7%,14.2%,44.4%,12.5%,17.7%,2023
Other sex,All Schools,religion,religion,Any other religion,10,85,11.8%,4.7%,26.6%,7.1%,14.8%,2023
Other sex,All Schools,religion,religion,Buddhist,0,85,0.0%,0.0%,10.1%,0.0%,10.1%,2023
Other sex,All Schools,religion,religion,Christian,10,85,11.8%,4.7%,26.6%,7.1%,14.8%,2023
Other sex,All Schools,religion,religion,Hindu,0,85,0.0%,0.0%,10.1%,0.0%,10.1%,2023
Other sex,All Schools,religion,religion,Jewish,5,85,5.9%,1.6%,19.0%,4.2%,13.2%,2023
Other sex,All Schools,religion,religion,Muslim,0,85,0.0%,0.0%,10.1%,0.0%,10.1%,2023
Other sex,All Schools,religion,religion,No religion,50,85,58.8%,42.3%,73.6%,16.6%,14.8%,2023
Other sex,All Schools,religion,religion,Prefer not to say,5,85,5.9%,1.6%,19.0%,4.2%,13.2%,2023
Other sex,All Schools,religion,religion,Sikh,5,85,5.9%,1.6%,19.0%,4.2%,13.2%,2023
Other sex,All Schools,safety_dark,going out after dark,Neither safe or unsafe,30,80,37.5%,23.0%,54.7%,14.5%,17.2%,2023
Other sex,All Schools,safety_dark,going out after dark,Safe,20,80,25.0%,13.3%,42.1%,11.7%,17.1%,2023
Other sex,All Schools,safety_dark,going out after dark,Unsafe,30,80,37.5%,23.0%,54.7%,14.5%,17.2%,2023
Other sex,All Schools,safety_day,going out during the day,Neither safe or unsafe,25,80,31.2%,18.0%,48.5%,13.3%,17.3%,2023
Other sex,All Schools,safety_day,going out during the day,Safe,45,80,56.2%,39.4%,71.8%,16.9%,15.5%,2023
Other sex,All Schools,safety_day,going out during the day,Unsafe,10,80,12.5%,5.0%,28.0%,7.5%,15.5%,2023
Other sex,All Schools,safety_journey,going to and from school,Neither safe or unsafe,35,80,43.8%,28.2%,60.6%,15.5%,16.9%,2023
Other sex,All Schools,safety_journey,going to and from school,Safe,35,80,43.8%,28.2%,60.6%,15.5%,16.9%,2023
Other sex,All Schools,safety_journey,going to and from school,Unsafe,10,80,12.5%,5.0%,28.0%,7.5%,15.5%,2023
Other sex,All Schools,safety_school,at school,Neither safe or unsafe,35,80,43.8%,28.2%,60.6%,15.5%,16.9%,2023
Other sex,All Schools,safety_school,at school,Safe,30,80,37.5%,23.0%,54.7%,14.5%,17.2%,2023
Other sex,All Schools,safety_school,at school,Unsafe,15,80,18.8%,8.9%,35.3%,9.8%,16.5%,2023
Other sex,All Schools,school_supported,felt supported by their school and that they were offered help when having difficulties,No,20,50,40.0%,21.9%,61.3%,18.1%,21.3%,2023
Other sex,All Schools,school_supported,felt supported by their school and that they were offered help when having difficulties,Not sure,15,50,30.0%,14.6%,51.8%,15.4%,21.8%,2023
Other sex,All Schools,school_supported,felt supported by their school and that they were offered help when having difficulties,Prefer not to say,0,50,0.0%,0.0%,16.0%,0.0%,16.0%,2023
Other sex,All Schools,school_supported,felt supported by their school and that they were offered help when having difficulties,Yes,15,50,30.0%,14.6%,51.8%,15.4%,21.8%,2023
Other sex,All Schools,schoolsupp_academic,they find their school is supportive of their learning and education,No,10,75,13.3%,5.3%,29.6%,8.0%,16.3%,2023
Other sex,All Schools,schoolsupp_academic,they find their school is supportive of their learning and education,Not sure,0,75,0.0%,0.0%,11.3%,0.0%,11.3%,2023
Other sex,All Schools,schoolsupp_academic,they find their school is supportive of their learning and education,Somewhat,30,75,40.0%,24.6%,57.6%,15.4%,17.6%,2023
Other sex,All Schools,schoolsupp_academic,they find their school is supportive of their learning and education,Yes,35,75,46.7%,30.3%,63.8%,16.4%,17.1%,2023
Other sex,All Schools,schoolsupp_wellbeing,they find their school is supportive of their emotional health and wellbeing,No,25,80,31.2%,18.0%,48.5%,13.3%,17.3%,2023
Other sex,All Schools,schoolsupp_wellbeing,they find their school is supportive of their emotional health and wellbeing,Not sure,10,80,12.5%,5.0%,28.0%,7.5%,15.5%,2023
Other sex,All Schools,schoolsupp_wellbeing,they find their school is supportive of their emotional health and wellbeing,Somewhat,30,80,37.5%,23.0%,54.7%,14.5%,17.2%,2023
Other sex,All Schools,schoolsupp_wellbeing,they find their school is supportive of their emotional health and wellbeing,Yes,15,80,18.8%,8.9%,35.3%,9.8%,16.5%,2023
Other sex,All Schools,schyear,school year,Not at school/other,5,85,5.9%,1.6%,19.0%,4.2%,13.2%,2023
Other sex,All Schools,schyear,school year,Year 10,15,85,17.6%,8.4%,33.5%,9.3%,15.8%,2023
Other sex,All Schools,schyear,school year,Year 11,10,85,11.8%,4.7%,26.6%,7.1%,14.8%,2023
Other sex,All Schools,schyear,school year,Year 12,5,85,5.9%,1.6%,19.0%,4.2%,13.2%,2023
Other sex,All Schools,schyear,school year,Year 13,5,85,5.9%,1.6%,19.0%,4.2%,13.2%,2023
Other sex,All Schools,schyear,school year,Year 7,15,85,17.6%,8.4%,33.5%,9.3%,15.8%,2023
Other sex,All Schools,schyear,school year,Year 8,10,85,11.8%,4.7%,26.6%,7.1%,14.8%,2023
Other sex,All Schools,schyear,school year,Year 9,20,85,23.5%,12.5%,39.9%,11.1%,16.4%,2023
Other sex,All Schools,selfharm_ever,ever self-harmed,No,30,85,35.3%,21.5%,52.0%,13.8%,16.7%,2023
Other sex,All Schools,selfharm_ever,ever self-harmed,Prefer not to say,20,85,23.5%,12.5%,39.9%,11.1%,16.4%,2023
Other sex,All Schools,selfharm_ever,ever self-harmed,Yes,35,85,41.2%,26.4%,57.7%,14.8%,16.6%,2023
Other sex,All Schools,sexuality,sexual orientation,Bisexual,15,80,18.8%,8.9%,35.3%,9.8%,16.5%,2023
Other sex,All Schools,sexuality,sexual orientation,Heterosexual/Straight,15,80,18.8%,8.9%,35.3%,9.8%,16.5%,2023
Other sex,All Schools,sexuality,sexual orientation,Homosexual/Gay Male,5,80,6.2%,1.7%,20.1%,4.5%,13.8%,2023
Other sex,All Schools,sexuality,sexual orientation,Homosexual/Lesbian,5,80,6.2%,1.7%,20.1%,4.5%,13.8%,2023
Other sex,All Schools,sexuality,sexual orientation,Other,35,80,43.8%,28.2%,60.6%,15.5%,16.9%,2023
Other sex,All Schools,sexuality,sexual orientation,Prefer not to say,0,80,0.0%,0.0%,10.7%,0.0%,10.7%,2023
Other sex,All Schools,sexuality,sexual orientation,Questioning,5,80,6.2%,1.7%,20.1%,4.5%,13.8%,2023
Other sex,All Schools,sexuality,sexual orientation,Unsure,0,80,0.0%,0.0%,10.7%,0.0%,10.7%,2023
Other sex,All Schools,sh_16,Most 16 year olds have not had sex,Agree,5,30,16.7%,4.7%,44.7%,12.0%,28.1%,2023
Other sex,All Schools,sh_16,Most 16 year olds have not had sex,Disagree,10,30,33.3%,13.8%,60.9%,19.5%,27.5%,2023
Other sex,All Schools,sh_16,Most 16 year olds have not had sex,Not sure,15,30,50.0%,25.4%,74.6%,24.6%,24.6%,2023
Other sex,All Schools,sh_access,they know how to access sexual health services?,No,25,85,29.4%,16.9%,46.1%,12.5%,16.7%,2023
Other sex,All Schools,sh_access,they know how to access sexual health services?,Not sure,25,85,29.4%,16.9%,46.1%,12.5%,16.7%,2023
Other sex,All Schools,sh_access,they know how to access sexual health services?,Yes,35,85,41.2%,26.4%,57.7%,14.8%,16.6%,2023
Other sex,All Schools,sh_condoms,Using condoms is necessary to prevent sexually transmitted infections and unplanned pregnancies,Agree,30,35,85.7%,60.1%,96.0%,25.6%,10.3%,2023
Other sex,All Schools,sh_condoms,Using condoms is necessary to prevent sexually transmitted infections and unplanned pregnancies,Disagree,0,35,0.0%,0.0%,21.4%,0.0%,21.4%,2023
Other sex,All Schools,sh_condoms,Using condoms is necessary to prevent sexually transmitted infections and unplanned pregnancies,Not sure,5,35,14.3%,4.0%,39.9%,10.3%,25.6%,2023
Other sex,All Schools,sh_condomsti,"If you have sex without a condom, you should get an STI test.",Agree,25,40,62.5%,38.7%,81.5%,23.8%,19.0%,2023
Other sex,All Schools,sh_condomsti,"If you have sex without a condom, you should get an STI test.",Disagree,5,40,12.5%,3.5%,35.9%,9.0%,23.4%,2023
Other sex,All Schools,sh_condomsti,"If you have sex without a condom, you should get an STI test.",Not sure,10,40,25.0%,10.2%,49.4%,14.8%,24.4%,2023
Other sex,All Schools,sh_pregnancy,Getting pregnant or getting someone else pregnant now would negatively affect my future plans,Agree,25,35,71.4%,45.4%,88.2%,26.0%,16.8%,2023
Other sex,All Schools,sh_pregnancy,Getting pregnant or getting someone else pregnant now would negatively affect my future plans,Disagree,5,35,14.3%,4.0%,39.9%,10.3%,25.6%,2023
Other sex,All Schools,sh_pregnancy,Getting pregnant or getting someone else pregnant now would negatively affect my future plans,Not sure,5,35,14.3%,4.0%,39.9%,10.3%,25.6%,2023
Other sex,All Schools,sh_pressure,There is pressure on young people to have sex,Agree,20,35,57.1%,32.6%,78.6%,24.5%,21.4%,2023
Other sex,All Schools,sh_pressure,There is pressure on young people to have sex,Disagree,5,35,14.3%,4.0%,39.9%,10.3%,25.6%,2023
Other sex,All Schools,sh_pressure,There is pressure on young people to have sex,Not sure,10,35,28.6%,11.8%,54.6%,16.8%,26.0%,2023
Other sex,All Schools,sh_schooled,I think the quality of the relationships and sex education I receive at school is good.,Agree,10,35,28.6%,11.8%,54.6%,16.8%,26.0%,2023
Other sex,All Schools,sh_schooled,I think the quality of the relationships and sex education I receive at school is good.,Disagree,10,35,28.6%,11.8%,54.6%,16.8%,26.0%,2023
Other sex,All Schools,sh_schooled,I think the quality of the relationships and sex education I receive at school is good.,Not sure,15,35,42.9%,21.4%,67.4%,21.4%,24.5%,2023
Other sex,All Schools,sh_serious,Being in a serious/long-term relationship before having sex is important,Agree,10,40,25.0%,10.2%,49.4%,14.8%,24.4%,2023
Other sex,All Schools,sh_serious,Being in a serious/long-term relationship before having sex is important,Disagree,15,40,37.5%,18.5%,61.3%,19.0%,23.8%,2023
Other sex,All Schools,sh_serious,Being in a serious/long-term relationship before having sex is important,Not sure,15,40,37.5%,18.5%,61.3%,19.0%,23.8%,2023
Other sex,All Schools,sh_support,their preferable source of support to get contraception or a test for Sexually Transmitted Infection (STI),Doctor,15,70,21.4%,10.2%,39.5%,11.2%,18.1%,2023
Other sex,All Schools,sh_support,their preferable source of support to get contraception or a test for Sexually Transmitted Infection (STI),Helpline,0,70,0.0%,0.0%,12.0%,0.0%,12.0%,2023
Other sex,All Schools,sh_support,their preferable source of support to get contraception or a test for Sexually Transmitted Infection (STI),Online (e.g. Sexwise website),5,70,7.1%,2.0%,22.6%,5.2%,15.4%,2023
Other sex,All Schools,sh_support,their preferable source of support to get contraception or a test for Sexually Transmitted Infection (STI),Other,10,70,14.3%,5.7%,31.4%,8.6%,17.1%,2023
Other sex,All Schools,sh_support,their preferable source of support to get contraception or a test for Sexually Transmitted Infection (STI),Pharmacy,10,70,14.3%,5.7%,31.4%,8.6%,17.1%,2023
Other sex,All Schools,sh_support,their preferable source of support to get contraception or a test for Sexually Transmitted Infection (STI),Prefer not to say,10,70,14.3%,5.7%,31.4%,8.6%,17.1%,2023
Other sex,All Schools,sh_support,their preferable source of support to get contraception or a test for Sexually Transmitted Infection (STI),School/College,0,70,0.0%,0.0%,12.0%,0.0%,12.0%,2023
Other sex,All Schools,sh_support,their preferable source of support to get contraception or a test for Sexually Transmitted Infection (STI),Sexual health clinic,15,70,21.4%,10.2%,39.5%,11.2%,18.1%,2023
Other sex,All Schools,sh_support,their preferable source of support to get contraception or a test for Sexually Transmitted Infection (STI),Youth Worker/Service,5,70,7.1%,2.0%,22.6%,5.2%,15.4%,2023
Other sex,All Schools,sh_wait,It is fine to wait to have sex,Agree,30,30,100.0%,75.9%,100.0%,24.1%,0.0%,2023
Other sex,All Schools,sh_wait,It is fine to wait to have sex,Disagree,0,30,0.0%,0.0%,24.1%,0.0%,24.1%,2023
Other sex,All Schools,sh_wait,It is fine to wait to have sex,Not sure,0,30,0.0%,0.0%,24.1%,0.0%,24.1%,2023
Other sex,All Schools,shinfo_clinic,sexual health clinics,No,80,85,94.1%,81.0%,98.4%,13.2%,4.2%,2023
Other sex,All Schools,shinfo_clinic,sexual health clinics,Yes,5,85,5.9%,1.6%,19.0%,4.2%,13.2%,2023
Other sex,All Schools,shinfo_doctor,health professionals,No,85,85,100.0%,89.9%,100.0%,10.1%,0.0%,2023
Other sex,All Schools,shinfo_doctor,health professionals,Yes,0,85,0.0%,0.0%,10.1%,0.0%,10.1%,2023
Other sex,All Schools,shinfo_friends,friends,No,60,85,70.6%,53.9%,83.1%,16.7%,12.5%,2023
Other sex,All Schools,shinfo_friends,friends,Yes,25,85,29.4%,16.9%,46.1%,12.5%,16.7%,2023
Other sex,All Schools,shinfo_healthsite,healthcare websites,No,75,85,88.2%,73.4%,95.3%,14.8%,7.1%,2023
Other sex,All Schools,shinfo_healthsite,healthcare websites,Yes,10,85,11.8%,4.7%,26.6%,7.1%,14.8%,2023
Other sex,All Schools,shinfo_helpline,telephone helplines,No,80,85,94.1%,81.0%,98.4%,13.2%,4.2%,2023
Other sex,All Schools,shinfo_helpline,telephone helplines,Yes,5,85,5.9%,1.6%,19.0%,4.2%,13.2%,2023
Other sex,All Schools,shinfo_media,media,No,65,85,76.5%,60.1%,87.5%,16.4%,11.1%,2023
Other sex,All Schools,shinfo_media,media,Yes,20,85,23.5%,12.5%,39.9%,11.1%,16.4%,2023
Other sex,All Schools,shinfo_other,other,No,75,85,88.2%,73.4%,95.3%,14.8%,7.1%,2023
Other sex,All Schools,shinfo_other,other,Yes,10,85,11.8%,4.7%,26.6%,7.1%,14.8%,2023
Other sex,All Schools,shinfo_parents,parents,No,60,85,70.6%,53.9%,83.1%,16.7%,12.5%,2023
Other sex,All Schools,shinfo_parents,parents,Yes,25,85,29.4%,16.9%,46.1%,12.5%,16.7%,2023
Other sex,All Schools,shinfo_porn,pornography,No,75,85,88.2%,73.4%,95.3%,14.8%,7.1%,2023
Other sex,All Schools,shinfo_porn,pornography,Yes,10,85,11.8%,4.7%,26.6%,7.1%,14.8%,2023
Other sex,All Schools,shinfo_poster,"posters, leaflets, reference books",No,80,85,94.1%,81.0%,98.4%,13.2%,4.2%,2023
Other sex,All Schools,shinfo_poster,"posters, leaflets, reference books",Yes,5,85,5.9%,1.6%,19.0%,4.2%,13.2%,2023
Other sex,All Schools,shinfo_relations,siblings or relatives,No,75,85,88.2%,73.4%,95.3%,14.8%,7.1%,2023
Other sex,All Schools,shinfo_relations,siblings or relatives,Yes,10,85,11.8%,4.7%,26.6%,7.1%,14.8%,2023
Other sex,All Schools,shinfo_school,school,No,45,85,52.9%,36.8%,68.5%,16.2%,15.6%,2023
Other sex,All Schools,shinfo_school,school,Yes,40,85,47.1%,31.5%,63.2%,15.6%,16.2%,2023
Other sex,All Schools,shinfo_yw,Youth Workers,No,85,85,100.0%,89.9%,100.0%,10.1%,0.0%,2023
Other sex,All Schools,shinfo_yw,Youth Workers,Yes,0,85,0.0%,0.0%,10.1%,0.0%,10.1%,2023
Other sex,All Schools,skipschool_appointments,medical/dental appointments,No,50,85,58.8%,42.3%,73.6%,16.6%,14.8%,2023
Other sex,All Schools,skipschool_appointments,medical/dental appointments,Yes,35,85,41.2%,26.4%,57.7%,14.8%,16.6%,2023
Other sex,All Schools,skipschool_care,caring for family,No,75,85,88.2%,73.4%,95.3%,14.8%,7.1%,2023
Other sex,All Schools,skipschool_care,caring for family,Yes,10,85,11.8%,4.7%,26.6%,7.1%,14.8%,2023
Other sex,All Schools,skipschool_illness,illness/injury unrelated to COVID-19,No,30,85,35.3%,21.5%,52.0%,13.8%,16.7%,2023
Other sex,All Schools,skipschool_illness,illness/injury unrelated to COVID-19,Yes,55,85,64.7%,48.0%,78.5%,16.7%,13.8%,2023
Other sex,All Schools,skipschool_mentalhealth,mental health reasons,No,55,85,64.7%,48.0%,78.5%,16.7%,13.8%,2023
Other sex,All Schools,skipschool_mentalhealth,mental health reasons,Yes,30,85,35.3%,21.5%,52.0%,13.8%,16.7%,2023
Other sex,All Schools,skipschool_na,other reasons,No,80,85,94.1%,81.0%,98.4%,13.2%,4.2%,2023
Other sex,All Schools,skipschool_na,other reasons,Yes,5,85,5.9%,1.6%,19.0%,4.2%,13.2%,2023
Other sex,All Schools,skipschool_trips,holiday,No,70,85,82.4%,66.5%,91.6%,15.8%,9.3%,2023
Other sex,All Schools,skipschool_trips,holiday,Yes,15,85,17.6%,8.4%,33.5%,9.3%,15.8%,2023
Other sex,All Schools,skipschool_worriesbully,bullying,No,70,85,82.4%,66.5%,91.6%,15.8%,9.3%,2023
Other sex,All Schools,skipschool_worriesbully,bullying,Yes,15,85,17.6%,8.4%,33.5%,9.3%,15.8%,2023
Other sex,All Schools,skipschool_worriesschool,worries about schoolwork,No,70,85,82.4%,66.5%,91.6%,15.8%,9.3%,2023
Other sex,All Schools,skipschool_worriesschool,worries about schoolwork,Yes,15,85,17.6%,8.4%,33.5%,9.3%,15.8%,2023
Other sex,All Schools,sleep_falling,had problems falling asleep,No,85,85,100.0%,89.9%,100.0%,10.1%,0.0%,2023
Other sex,All Schools,sleep_none,had no problems with sleep,No,85,85,100.0%,89.9%,100.0%,10.1%,0.0%,2023
Other sex,All Schools,sleep_wakingearly,had problems waking up early,No,85,85,100.0%,89.9%,100.0%,10.1%,0.0%,2023
Other sex,All Schools,sleep_wakingnight,had problems waking up at night,No,85,85,100.0%,89.9%,100.0%,10.1%,0.0%,2023
Other sex,All Schools,solvents_exp,solvents as drugs,No,80,85,94.1%,81.0%,98.4%,13.2%,4.2%,2023
Other sex,All Schools,solvents_exp,solvents as drugs,Yes,5,85,5.9%,1.6%,19.0%,4.2%,13.2%,2023
Other sex,All Schools,solvents_offered,solvents as drugs,No,75,85,88.2%,73.4%,95.3%,14.8%,7.1%,2023
Other sex,All Schools,solvents_offered,solvents as drugs,Yes,10,85,11.8%,4.7%,26.6%,7.1%,14.8%,2023
Other sex,All Schools,std_chlamydia,chlamydia,I have heard of it but know nothing about it,35,85,41.2%,26.4%,57.7%,14.8%,16.6%,2023
Other sex,All Schools,std_chlamydia,chlamydia,I have never heard of it,25,85,29.4%,16.9%,46.1%,12.5%,16.7%,2023
Other sex,All Schools,std_chlamydia,chlamydia,It can be both treated and cured,15,85,17.6%,8.4%,33.5%,9.3%,15.8%,2023
Other sex,All Schools,std_chlamydia,chlamydia,It can be treated but not cured,10,85,11.8%,4.7%,26.6%,7.1%,14.8%,2023
Other sex,All Schools,std_gono,gonorrhoea,I have heard of it but know nothing about it,35,75,46.7%,30.3%,63.8%,16.4%,17.1%,2023
Other sex,All Schools,std_gono,gonorrhoea,I have never heard of it,15,75,20.0%,9.5%,37.3%,10.5%,17.3%,2023
Other sex,All Schools,std_gono,gonorrhoea,It can be both treated and cured,15,75,20.0%,9.5%,37.3%,10.5%,17.3%,2023
Other sex,All Schools,std_gono,gonorrhoea,It can be treated but not cured,10,75,13.3%,5.3%,29.6%,8.0%,16.3%,2023
Other sex,All Schools,std_hiv,HIV,I have heard of it but know nothing about it,30,80,37.5%,23.0%,54.7%,14.5%,17.2%,2023
Other sex,All Schools,std_hiv,HIV,I have never heard of it,15,80,18.8%,8.9%,35.3%,9.8%,16.5%,2023
Other sex,All Schools,std_hiv,HIV,It can be both treated and cured,5,80,6.2%,1.7%,20.1%,4.5%,13.8%,2023
Other sex,All Schools,std_hiv,HIV,It can be treated but not cured,30,80,37.5%,23.0%,54.7%,14.5%,17.2%,2023
Other sex,All Schools,std_syphilis,syphilis,I have heard of it but know nothing about it,35,80,43.8%,28.2%,60.6%,15.5%,16.9%,2023
Other sex,All Schools,std_syphilis,syphilis,I have never heard of it,25,80,31.2%,18.0%,48.5%,13.3%,17.3%,2023
Other sex,All Schools,std_syphilis,syphilis,It can be both treated and cured,15,80,18.8%,8.9%,35.3%,9.8%,16.5%,2023
Other sex,All Schools,std_syphilis,syphilis,It can be treated but not cured,5,80,6.2%,1.7%,20.1%,4.5%,13.8%,2023
Other sex,All Schools,steroids_exp,muscle-building steroids,No,80,85,94.1%,81.0%,98.4%,13.2%,4.2%,2023
Other sex,All Schools,steroids_exp,muscle-building steroids,Yes,5,85,5.9%,1.6%,19.0%,4.2%,13.2%,2023
Other sex,All Schools,steroids_offered,muscle-building steroids,No,80,85,94.1%,81.0%,98.4%,13.2%,4.2%,2023
Other sex,All Schools,steroids_offered,muscle-building steroids,Yes,5,85,5.9%,1.6%,19.0%,4.2%,13.2%,2023
Other sex,All Schools,survey_year,NA,2023,85,85,100.0%,89.9%,100.0%,10.1%,0.0%,2023
Other sex,All Schools,vape_reduce,they want to reduce or stop vaping,I'd like to reduce the amount I vape but not stop,0,5,0.0%,0.0%,65.6%,0.0%,65.6%,2023
Other sex,All Schools,vape_reduce,they want to reduce or stop vaping,"No, I want to keep vaping",5,5,100.0%,34.4%,100.0%,65.6%,0.0%,2023
Other sex,All Schools,vape_worry,were worried about vaping,Don't know/Unsure,0,5,0.0%,0.0%,65.6%,0.0%,65.6%,2023
Other sex,All Schools,vape_worry,were worried about vaping,Not at all worried,5,5,100.0%,34.4%,100.0%,65.6%,0.0%,2023
Other sex,All Schools,vape_worry,were worried about vaping,Not very worried,0,5,0.0%,0.0%,65.6%,0.0%,65.6%,2023
Other sex,All Schools,vaping,the statement that best describes them regarding vaping/e-cigarettes,I have never vaped,65,80,81.2%,64.7%,91.1%,16.5%,9.8%,2023
Other sex,All Schools,vaping,the statement that best describes them regarding vaping/e-cigarettes,I have vaped once or twice,10,80,12.5%,5.0%,28.0%,7.5%,15.5%,2023
Other sex,All Schools,vaping,the statement that best describes them regarding vaping/e-cigarettes,"I used to vape, but I don’t now",0,80,0.0%,0.0%,10.7%,0.0%,10.7%,2023
Other sex,All Schools,vaping,the statement that best describes them regarding vaping/e-cigarettes,I vape occasionally (less than once a week),0,80,0.0%,0.0%,10.7%,0.0%,10.7%,2023
Other sex,All Schools,vaping,the statement that best describes them regarding vaping/e-cigarettes,I vape regularly (once a week or more),5,80,6.2%,1.7%,20.1%,4.5%,13.8%,2023
Other sex,All Schools,views_listened_school,feels that their views are listened to at school,No,25,80,31.2%,18.0%,48.5%,13.3%,17.3%,2023
Other sex,All Schools,views_listened_school,feels that their views are listened to at school,Sometimes,45,80,56.2%,39.4%,71.8%,16.9%,15.5%,2023
Other sex,All Schools,views_listened_school,feels that their views are listened to at school,Yes,10,80,12.5%,5.0%,28.0%,7.5%,15.5%,2023
Other sex,All Schools,violence_involved,have been involved in a violent incident in the past year,No,55,80,68.8%,51.5%,82.0%,17.3%,13.3%,2023
Other sex,All Schools,violence_involved,have been involved in a violent incident in the past year,Prefer not to say,5,80,6.2%,1.7%,20.1%,4.5%,13.8%,2023
Other sex,All Schools,violence_involved,have been involved in a violent incident in the past year,"Yes, I was the victim",5,80,6.2%,1.7%,20.1%,4.5%,13.8%,2023
Other sex,All Schools,violence_involved,have been involved in a violent incident in the past year,"Yes, but I wasn't the victim",15,80,18.8%,8.9%,35.3%,9.8%,16.5%,2023
Other sex,All Schools,violence_weapon_involved,have been involved in a violent incident where a weapon was used or threatened in the past year,No,65,85,76.5%,60.1%,87.5%,16.4%,11.1%,2023
Other sex,All Schools,violence_weapon_involved,have been involved in a violent incident where a weapon was used or threatened in the past year,Prefer not to say,5,85,5.9%,1.6%,19.0%,4.2%,13.2%,2023
Other sex,All Schools,violence_weapon_involved,have been involved in a violent incident where a weapon was used or threatened in the past year,"Yes, I was the victim",5,85,5.9%,1.6%,19.0%,4.2%,13.2%,2023
Other sex,All Schools,violence_weapon_involved,have been involved in a violent incident where a weapon was used or threatened in the past year,"Yes, but I wasn't the victim",10,85,11.8%,4.7%,26.6%,7.1%,14.8%,2023
Other sex,All Schools,worry_bully,bullying,No,50,85,58.8%,42.3%,73.6%,16.6%,14.8%,2023
Other sex,All Schools,worry_bully,bullying,Yes,35,85,41.2%,26.4%,57.7%,14.8%,16.6%,2023
Other sex,All Schools,worry_crime,local crime,No,55,85,64.7%,48.0%,78.5%,16.7%,13.8%,2023
Other sex,All Schools,worry_crime,local crime,Yes,30,85,35.3%,21.5%,52.0%,13.8%,16.7%,2023
Other sex,All Schools,worry_drugsalcohol,drugs/alcohol,No,75,85,88.2%,73.4%,95.3%,14.8%,7.1%,2023
Other sex,All Schools,worry_drugsalcohol,drugs/alcohol,Yes,10,85,11.8%,4.7%,26.6%,7.1%,14.8%,2023
Other sex,All Schools,worry_environment,the environment,No,50,85,58.8%,42.3%,73.6%,16.6%,14.8%,2023
Other sex,All Schools,worry_environment,the environment,Yes,35,85,41.2%,26.4%,57.7%,14.8%,16.6%,2023
Other sex,All Schools,worry_family,family problems,No,55,85,64.7%,48.0%,78.5%,16.7%,13.8%,2023
Other sex,All Schools,worry_family,family problems,Yes,30,85,35.3%,21.5%,52.0%,13.8%,16.7%,2023
Other sex,All Schools,worry_friends,issues with friends,No,40,85,47.1%,31.5%,63.2%,15.6%,16.2%,2023
Other sex,All Schools,worry_friends,issues with friends,Yes,45,85,52.9%,36.8%,68.5%,16.2%,15.6%,2023
Other sex,All Schools,worry_future,future prospects,No,25,85,29.4%,16.9%,46.1%,12.5%,16.7%,2023
Other sex,All Schools,worry_future,future prospects,Yes,60,85,70.6%,53.9%,83.1%,16.7%,12.5%,2023
Other sex,All Schools,worry_gambling,gambling,No,70,85,82.4%,66.5%,91.6%,15.8%,9.3%,2023
Other sex,All Schools,worry_gambling,gambling,Yes,15,85,17.6%,8.4%,33.5%,9.3%,15.8%,2023
Other sex,All Schools,worry_incrime,getting involved in crime,No,70,85,82.4%,66.5%,91.6%,15.8%,9.3%,2023
Other sex,All Schools,worry_incrime,getting involved in crime,Yes,15,85,17.6%,8.4%,33.5%,9.3%,15.8%,2023
Other sex,All Schools,worry_lgbt,sexual orientation/identity,No,45,85,52.9%,36.8%,68.5%,16.2%,15.6%,2023
Other sex,All Schools,worry_lgbt,sexual orientation/identity,Yes,40,85,47.1%,31.5%,63.2%,15.6%,16.2%,2023
Other sex,All Schools,worry_lonely,feeling lonely,No,45,85,52.9%,36.8%,68.5%,16.2%,15.6%,2023
Other sex,All Schools,worry_lonely,feeling lonely,Yes,40,85,47.1%,31.5%,63.2%,15.6%,16.2%,2023
Other sex,All Schools,worry_look,their appearance,No,40,85,47.1%,31.5%,63.2%,15.6%,16.2%,2023
Other sex,All Schools,worry_look,their appearance,Yes,45,85,52.9%,36.8%,68.5%,16.2%,15.6%,2023
Other sex,All Schools,worry_mental,their mental health,No,35,85,41.2%,26.4%,57.7%,14.8%,16.6%,2023
Other sex,All Schools,worry_mental,their mental health,Yes,50,85,58.8%,42.3%,73.6%,16.6%,14.8%,2023
Other sex,All Schools,worry_money,money problems (including family finances),No,60,85,70.6%,53.9%,83.1%,16.7%,12.5%,2023
Other sex,All Schools,worry_money,money problems (including family finances),Yes,25,85,29.4%,16.9%,46.1%,12.5%,16.7%,2023
Other sex,All Schools,worry_phys,their physical health,No,45,85,52.9%,36.8%,68.5%,16.2%,15.6%,2023
Other sex,All Schools,worry_phys,their physical health,Yes,40,85,47.1%,31.5%,63.2%,15.6%,16.2%,2023
Other sex,All Schools,worry_racism,racism,No,65,85,76.5%,60.1%,87.5%,16.4%,11.1%,2023
Other sex,All Schools,worry_racism,racism,Yes,20,85,23.5%,12.5%,39.9%,11.1%,16.4%,2023
Other sex,All Schools,worry_relationships,relationships/sexual health,No,60,85,70.6%,53.9%,83.1%,16.7%,12.5%,2023
Other sex,All Schools,worry_relationships,relationships/sexual health,Yes,25,85,29.4%,16.9%,46.1%,12.5%,16.7%,2023
Other sex,All Schools,worry_school,schoolwork,No,35,85,41.2%,26.4%,57.7%,14.8%,16.6%,2023
Other sex,All Schools,worry_school,schoolwork,Yes,50,85,58.8%,42.3%,73.6%,16.6%,14.8%,2023
Other sex,All Schools,worry_socialmedia,social media,No,60,85,70.6%,53.9%,83.1%,16.7%,12.5%,2023
Other sex,All Schools,worry_socialmedia,social media,Yes,25,85,29.4%,16.9%,46.1%,12.5%,16.7%,2023
Other sex,All Schools,worry_treatboys,how women treat/speak to boys,No,65,85,76.5%,60.1%,87.5%,16.4%,11.1%,2023
Other sex,All Schools,worry_treatboys,how women treat/speak to boys,Yes,20,85,23.5%,12.5%,39.9%,11.1%,16.4%,2023
Other sex,All Schools,worry_treatgirls,how men treat/speak to girls,No,40,85,47.1%,31.5%,63.2%,15.6%,16.2%,2023
Other sex,All Schools,worry_treatgirls,how men treat/speak to girls,Yes,45,85,52.9%,36.8%,68.5%,16.2%,15.6%,2023
Other sex,All Schools,worry_violenceboys,harrassment/violence against boys,No,70,85,82.4%,66.5%,91.6%,15.8%,9.3%,2023
Other sex,All Schools,worry_violenceboys,harrassment/violence against boys,Yes,15,85,17.6%,8.4%,33.5%,9.3%,15.8%,2023
Other sex,All Schools,worry_violencegirls,harrassment/violence against girls,No,50,85,58.8%,42.3%,73.6%,16.6%,14.8%,2023
Other sex,All Schools,worry_violencegirls,harrassment/violence against girls,Yes,35,85,41.2%,26.4%,57.7%,14.8%,16.6%,2023
Other sex,All Schools,xanex_exp,Xanax,No,80,85,94.1%,81.0%,98.4%,13.2%,4.2%,2023
Other sex,All Schools,xanex_exp,Xanax,Yes,5,85,5.9%,1.6%,19.0%,4.2%,13.2%,2023
Other sex,All Schools,xanex_offered,Xanax,No,80,85,94.1%,81.0%,98.4%,13.2%,4.2%,2023
Other sex,All Schools,xanex_offered,Xanax,Yes,5,85,5.9%,1.6%,19.0%,4.2%,13.2%,2023
Prefer not to say,All Schools,age,Age,10,0,190,0.0%,0.0%,4.8%,0.0%,4.8%,2023
Prefer not to say,All Schools,age,Age,11,30,190,15.8%,9.3%,25.6%,6.5%,9.8%,2023
Prefer not to say,All Schools,age,Age,12,35,190,18.4%,11.3%,28.5%,7.1%,10.1%,2023
Prefer not to say,All Schools,age,Age,13,30,190,15.8%,9.3%,25.6%,6.5%,9.8%,2023
Prefer not to say,All Schools,age,Age,14,25,190,13.2%,7.3%,22.5%,5.8%,9.4%,2023
Prefer not to say,All Schools,age,Age,15,30,190,15.8%,9.3%,25.6%,6.5%,9.8%,2023
Prefer not to say,All Schools,age,Age,16,20,190,10.5%,5.4%,19.4%,5.1%,8.9%,2023
Prefer not to say,All Schools,age,Age,17,15,190,7.9%,3.7%,16.1%,4.2%,8.2%,2023
Prefer not to say,All Schools,age,Age,18,5,190,2.6%,0.7%,9.1%,1.9%,6.4%,2023
Prefer not to say,All Schools,age,Age,19,0,190,0.0%,0.0%,4.8%,0.0%,4.8%,2023
Prefer not to say,All Schools,alcohol_6more,how often they have six or more drinks on one occasion,Daily or almost daily,5,45,11.1%,3.1%,32.7%,8.0%,21.6%,2023
Prefer not to say,All Schools,alcohol_6more,how often they have six or more drinks on one occasion,Less than monthly,15,45,33.3%,16.3%,56.2%,17.0%,22.9%,2023
Prefer not to say,All Schools,alcohol_6more,how often they have six or more drinks on one occasion,Monthly,0,45,0.0%,0.0%,17.5%,0.0%,17.5%,2023
Prefer not to say,All Schools,alcohol_6more,how often they have six or more drinks on one occasion,Never,25,45,55.6%,33.8%,75.4%,21.8%,19.8%,2023
Prefer not to say,All Schools,alcohol_6more,how often they have six or more drinks on one occasion,Weekly,0,45,0.0%,0.0%,17.5%,0.0%,17.5%,2023
Prefer not to say,All Schools,alcohol_ever,how often they had an alcohol-containing drink in the past three months,2-3 times a week,0,180,0.0%,0.0%,5.0%,0.0%,5.0%,2023
Prefer not to say,All Schools,alcohol_ever,how often they had an alcohol-containing drink in the past three months,2-4 times a month,15,180,8.3%,3.9%,17.0%,4.4%,8.6%,2023
Prefer not to say,All Schools,alcohol_ever,how often they had an alcohol-containing drink in the past three months,4 or more times a week,5,180,2.8%,0.8%,9.5%,2.0%,6.8%,2023
Prefer not to say,All Schools,alcohol_ever,how often they had an alcohol-containing drink in the past three months,Monthly or less,20,180,11.1%,5.7%,20.4%,5.4%,9.3%,2023
Prefer not to say,All Schools,alcohol_ever,how often they had an alcohol-containing drink in the past three months,Never,140,180,77.8%,66.9%,85.8%,10.8%,8.0%,2023
Prefer not to say,All Schools,alcohol_reduce,want to reduce or stop drinking,I'd like to reduce the amount I drink but not stop,5,40,12.5%,3.5%,35.9%,9.0%,23.4%,2023
Prefer not to say,All Schools,alcohol_reduce,want to reduce or stop drinking,"No, I want to keep drinking alcohol",30,40,75.0%,50.6%,89.8%,24.4%,14.8%,2023
Prefer not to say,All Schools,alcohol_reduce,want to reduce or stop drinking,"Yes, I'd like to stop drinking alcohol",5,40,12.5%,3.5%,35.9%,9.0%,23.4%,2023
Prefer not to say,All Schools,amphetamine_offered,amphetamines,No,185,190,97.4%,90.9%,99.3%,6.4%,1.9%,2023
Prefer not to say,All Schools,amphetamine_offered,amphetamines,Yes,5,190,2.6%,0.7%,9.1%,1.9%,6.4%,2023
Prefer not to say,All Schools,amphetamines_exp,amphetamines,No,185,190,97.4%,90.9%,99.3%,6.4%,1.9%,2023
Prefer not to say,All Schools,amphetamines_exp,amphetamines,Yes,5,190,2.6%,0.7%,9.1%,1.9%,6.4%,2023
Prefer not to say,All Schools,bullied,have ever been bullied or picked on,No,110,190,57.9%,46.7%,68.3%,11.2%,10.4%,2023
Prefer not to say,All Schools,bullied,have ever been bullied or picked on,Yes,80,190,42.1%,31.7%,53.3%,10.4%,11.2%,2023
Prefer not to say,All Schools,bullied_currently,are currently being bullied or picked on,No,40,75,53.3%,36.2%,69.7%,17.1%,16.4%,2023
Prefer not to say,All Schools,bullied_currently,are currently being bullied or picked on,Prefer not to say,20,75,26.7%,14.2%,44.4%,12.5%,17.7%,2023
Prefer not to say,All Schools,bullied_currently,are currently being bullied or picked on,Yes,15,75,20.0%,9.5%,37.3%,10.5%,17.3%,2023
Prefer not to say,All Schools,bullied_internet,they have been bullied online,No,175,190,92.1%,83.9%,96.3%,8.2%,4.2%,2023
Prefer not to say,All Schools,bullied_internet,they have been bullied online,Yes,15,190,7.9%,3.7%,16.1%,4.2%,8.2%,2023
Prefer not to say,All Schools,bullied_none,have no experiences with bullying,No,130,190,68.4%,57.3%,77.7%,11.1%,9.3%,2023
Prefer not to say,All Schools,bullied_none,have no experiences with bullying,Yes,60,190,31.6%,22.3%,42.7%,9.3%,11.1%,2023
Prefer not to say,All Schools,bullied_others,have ever bullied or picked on someone else,No,175,185,94.6%,86.9%,97.9%,7.7%,3.3%,2023
Prefer not to say,All Schools,bullied_others,have ever bullied or picked on someone else,Yes,10,185,5.4%,2.1%,13.1%,3.3%,7.7%,2023
Prefer not to say,All Schools,bullied_outschool,they have been bullied somewhere other than school,No,170,185,91.9%,83.4%,96.2%,8.4%,4.3%,2023
Prefer not to say,All Schools,bullied_outschool,they have been bullied somewhere other than school,Yes,15,185,8.1%,3.8%,16.6%,4.3%,8.4%,2023
Prefer not to say,All Schools,bullied_prefer_not_say,would prefer not to respond about their experiences with bullying,No,145,190,76.3%,65.7%,84.4%,10.6%,8.1%,2023
Prefer not to say,All Schools,bullied_prefer_not_say,would prefer not to respond about their experiences with bullying,Yes,45,190,23.7%,15.6%,34.3%,8.1%,10.6%,2023
Prefer not to say,All Schools,bullied_school,they have been bullied at school,No,115,190,60.5%,49.3%,70.7%,11.2%,10.2%,2023
Prefer not to say,All Schools,bullied_school,they have been bullied at school,Yes,75,190,39.5%,29.3%,50.7%,10.2%,11.2%,2023
Prefer not to say,All Schools,buyalc_friend,from a friend or relative,No,180,190,94.7%,87.3%,97.9%,7.5%,3.2%,2023
Prefer not to say,All Schools,buyalc_friend,from a friend or relative,Yes,10,190,5.3%,2.1%,12.7%,3.2%,7.5%,2023
Prefer not to say,All Schools,buyalc_home,from home,No,170,185,91.9%,83.4%,96.2%,8.4%,4.3%,2023
Prefer not to say,All Schools,buyalc_home,from home,Yes,15,185,8.1%,3.8%,16.6%,4.3%,8.4%,2023
Prefer not to say,All Schools,buyalc_internet,from the internet,No,185,190,97.4%,90.9%,99.3%,6.4%,1.9%,2023
Prefer not to say,All Schools,buyalc_internet,from the internet,Yes,5,190,2.6%,0.7%,9.1%,1.9%,6.4%,2023
Prefer not to say,All Schools,buyalc_other,from another place,No,175,185,94.6%,86.9%,97.9%,7.7%,3.3%,2023
Prefer not to say,All Schools,buyalc_other,from another place,Yes,10,185,5.4%,2.1%,13.1%,3.3%,7.7%,2023
Prefer not to say,All Schools,buyalc_pubbar,from a pub/bar,No,185,190,97.4%,90.9%,99.3%,6.4%,1.9%,2023
Prefer not to say,All Schools,buyalc_pubbar,from a pub/bar,Yes,5,190,2.6%,0.7%,9.1%,1.9%,6.4%,2023
Prefer not to say,All Schools,buyalc_smallshop,from a small shop/off-licence,No,185,190,97.4%,90.9%,99.3%,6.4%,1.9%,2023
Prefer not to say,All Schools,buyalc_smallshop,from a small shop/off-licence,Yes,5,190,2.6%,0.7%,9.1%,1.9%,6.4%,2023
Prefer not to say,All Schools,buyalc_supermarket,from a supermarket,No,185,190,97.4%,90.9%,99.3%,6.4%,1.9%,2023
Prefer not to say,All Schools,buyalc_supermarket,from a supermarket,Yes,5,190,2.6%,0.7%,9.1%,1.9%,6.4%,2023
Prefer not to say,All Schools,buycig_friend,from a friend or relative,No,190,190,100.0%,95.2%,100.0%,4.8%,0.0%,2023
Prefer not to say,All Schools,buycig_internet,from the internet,No,190,190,100.0%,95.2%,100.0%,4.8%,0.0%,2023
Prefer not to say,All Schools,buycig_other,from another place,No,190,190,100.0%,95.2%,100.0%,4.8%,0.0%,2023
Prefer not to say,All Schools,buycig_pubbar,from a pub/bar,No,190,190,100.0%,95.2%,100.0%,4.8%,0.0%,2023
Prefer not to say,All Schools,buycig_smallshop,from a small shop/off-licence,No,190,190,100.0%,95.2%,100.0%,4.8%,0.0%,2023
Prefer not to say,All Schools,buycig_supermarket,from a supermarket,No,190,190,100.0%,95.2%,100.0%,4.8%,0.0%,2023
Prefer not to say,All Schools,buydrug_bar,pubs/bars/clubs,No,185,185,100.0%,95.1%,100.0%,4.9%,0.0%,2023
Prefer not to say,All Schools,buydrug_bar,pubs/bars/clubs,Yes,0,185,0.0%,0.0%,4.9%,0.0%,4.9%,2023
Prefer not to say,All Schools,buydrug_friend,friend or relative,No,185,190,97.4%,90.9%,99.3%,6.4%,1.9%,2023
Prefer not to say,All Schools,buydrug_friend,friend or relative,Yes,5,190,2.6%,0.7%,9.1%,1.9%,6.4%,2023
Prefer not to say,All Schools,buydrug_internet,the internet,No,185,190,97.4%,90.9%,99.3%,6.4%,1.9%,2023
Prefer not to say,All Schools,buydrug_internet,the internet,Yes,5,190,2.6%,0.7%,9.1%,1.9%,6.4%,2023
Prefer not to say,All Schools,buydrug_other,other sources,No,185,190,97.4%,90.9%,99.3%,6.4%,1.9%,2023
Prefer not to say,All Schools,buydrug_other,other sources,Yes,5,190,2.6%,0.7%,9.1%,1.9%,6.4%,2023
Prefer not to say,All Schools,buydrug_school,school,No,185,185,100.0%,95.1%,100.0%,4.9%,0.0%,2023
Prefer not to say,All Schools,buydrug_school,school,Yes,0,185,0.0%,0.0%,4.9%,0.0%,4.9%,2023
Prefer not to say,All Schools,buydrug_streets,on the street,No,185,185,100.0%,95.1%,100.0%,4.9%,0.0%,2023
Prefer not to say,All Schools,buydrug_streets,on the street,Yes,0,185,0.0%,0.0%,4.9%,0.0%,4.9%,2023
Prefer not to say,All Schools,cannabis_exp,cannabis,No,185,190,97.4%,90.9%,99.3%,6.4%,1.9%,2023
Prefer not to say,All Schools,cannabis_exp,cannabis,Yes,5,190,2.6%,0.7%,9.1%,1.9%,6.4%,2023
Prefer not to say,All Schools,cannabis_offered,cannabis,No,175,190,92.1%,83.9%,96.3%,8.2%,4.2%,2023
Prefer not to say,All Schools,cannabis_offered,cannabis,Yes,15,190,7.9%,3.7%,16.1%,4.2%,8.2%,2023
Prefer not to say,All Schools,caring,"help to look after a family member with a serious, mental or physical, illness or disability",No,100,190,52.6%,41.6%,63.4%,11.0%,10.8%,2023
Prefer not to say,All Schools,caring,"help to look after a family member with a serious, mental or physical, illness or disability",Prefer not to say,65,190,34.2%,24.6%,45.4%,9.7%,11.2%,2023
Prefer not to say,All Schools,caring,"help to look after a family member with a serious, mental or physical, illness or disability",Yes,25,190,13.2%,7.3%,22.5%,5.8%,9.4%,2023
Prefer not to say,All Schools,carry_protection,carry weapons for protection when going out,Always,5,180,2.8%,0.8%,9.5%,2.0%,6.8%,2023
Prefer not to say,All Schools,carry_protection,carry weapons for protection when going out,Never,125,180,69.4%,58.1%,78.9%,11.4%,9.4%,2023
Prefer not to say,All Schools,carry_protection,carry weapons for protection when going out,Prefer not to say,35,180,19.4%,12.0%,30.0%,7.5%,10.6%,2023
Prefer not to say,All Schools,carry_protection,carry weapons for protection when going out,Sometimes,10,180,5.6%,2.2%,13.4%,3.4%,7.8%,2023
Prefer not to say,All Schools,carry_protection,carry weapons for protection when going out,Usually,5,180,2.8%,0.8%,9.5%,2.0%,6.8%,2023
Prefer not to say,All Schools,carry_protection_other,know anyone who carries a weapons for protection when going out,Don't know,40,170,23.5%,15.1%,34.8%,8.5%,11.3%,2023
Prefer not to say,All Schools,carry_protection_other,know anyone who carries a weapons for protection when going out,No,80,170,47.1%,35.7%,58.7%,11.4%,11.7%,2023
Prefer not to say,All Schools,carry_protection_other,know anyone who carries a weapons for protection when going out,Prefer not to say,40,170,23.5%,15.1%,34.8%,8.5%,11.3%,2023
Prefer not to say,All Schools,carry_protection_other,know anyone who carries a weapons for protection when going out,Yes,10,170,5.9%,2.3%,14.1%,3.6%,8.3%,2023
Prefer not to say,All Schools,cla,child looked after (lived with foster carers/care home),No,125,190,65.8%,54.6%,75.4%,11.2%,9.7%,2023
Prefer not to say,All Schools,cla,child looked after (lived with foster carers/care home),Prefer not to say,55,190,28.9%,20.0%,39.9%,9.0%,11.0%,2023
Prefer not to say,All Schools,cla,child looked after (lived with foster carers/care home),Yes,10,190,5.3%,2.1%,12.7%,3.2%,7.5%,2023
Prefer not to say,All Schools,clubs_arts,an arts and crafts group,Currently attending,20,55,36.4%,19.8%,57.0%,16.6%,20.6%,2023
Prefer not to say,All Schools,clubs_arts,an arts and crafts group,Would like to attend,35,55,63.6%,43.0%,80.2%,20.6%,16.6%,2023
Prefer not to say,All Schools,clubs_doe,Duke of Edinburgh,Currently attending,25,50,50.0%,30.0%,70.0%,20.0%,20.0%,2023
Prefer not to say,All Schools,clubs_doe,Duke of Edinburgh,Would like to attend,25,50,50.0%,30.0%,70.0%,20.0%,20.0%,2023
Prefer not to say,All Schools,clubs_music,a music club/group,Currently attending,40,65,61.5%,42.6%,77.5%,19.0%,16.0%,2023
Prefer not to say,All Schools,clubs_music,a music club/group,Would like to attend,25,65,38.5%,22.5%,57.4%,16.0%,19.0%,2023
Prefer not to say,All Schools,clubs_other,other groups,Currently attending,35,50,70.0%,48.2%,85.4%,21.8%,15.4%,2023
Prefer not to say,All Schools,clubs_other,other groups,Would like to attend,15,50,30.0%,14.6%,51.8%,15.4%,21.8%,2023
Prefer not to say,All Schools,clubs_perform,a drama/performing arts/dance group,Currently attending,25,45,55.6%,33.8%,75.4%,21.8%,19.8%,2023
Prefer not to say,All Schools,clubs_perform,a drama/performing arts/dance group,Would like to attend,20,45,44.4%,24.6%,66.2%,19.8%,21.8%,2023
Prefer not to say,All Schools,clubs_religion,a religious group,Currently attending,5,15,33.3%,9.7%,69.9%,23.6%,36.6%,2023
Prefer not to say,All Schools,clubs_religion,a religious group,Would like to attend,10,15,66.7%,30.1%,90.3%,36.6%,23.6%,2023
Prefer not to say,All Schools,clubs_schoolclub,a club/group at school,Currently attending,60,70,85.7%,68.6%,94.3%,17.1%,8.6%,2023
Prefer not to say,All Schools,clubs_schoolclub,a club/group at school,Would like to attend,10,70,14.3%,5.7%,31.4%,8.6%,17.1%,2023
Prefer not to say,All Schools,clubs_sports,a sports club,Currently attending,55,80,68.8%,51.5%,82.0%,17.3%,13.3%,2023
Prefer not to say,All Schools,clubs_sports,a sports club,Would like to attend,25,80,31.2%,18.0%,48.5%,13.3%,17.3%,2023
Prefer not to say,All Schools,clubs_syp,Services for Young People,Currently attending,5,20,25.0%,7.2%,59.0%,17.8%,34.0%,2023
Prefer not to say,All Schools,clubs_syp,Services for Young People,Would like to attend,15,20,75.0%,41.0%,92.8%,34.0%,17.8%,2023
Prefer not to say,All Schools,clubs_uniformed,a uniformed group,Currently attending,20,35,57.1%,32.6%,78.6%,24.5%,21.4%,2023
Prefer not to say,All Schools,clubs_uniformed,a uniformed group,Would like to attend,15,35,42.9%,21.4%,67.4%,21.4%,24.5%,2023
Prefer not to say,All Schools,clubs_volunteering,volunteering/social action group,Currently attending,20,35,57.1%,32.6%,78.6%,24.5%,21.4%,2023
Prefer not to say,All Schools,clubs_volunteering,volunteering/social action group,Would like to attend,15,35,42.9%,21.4%,67.4%,21.4%,24.5%,2023
Prefer not to say,All Schools,cocaine_exp,cocaine,No,185,190,97.4%,90.9%,99.3%,6.4%,1.9%,2023
Prefer not to say,All Schools,cocaine_exp,cocaine,Yes,5,190,2.6%,0.7%,9.1%,1.9%,6.4%,2023
Prefer not to say,All Schools,cocaine_offered,cocaine,No,180,185,97.3%,90.7%,99.3%,6.6%,2.0%,2023
Prefer not to say,All Schools,cocaine_offered,cocaine,Yes,5,185,2.7%,0.7%,9.3%,2.0%,6.6%,2023
Prefer not to say,All Schools,condition_adhd,ADHD,No,160,190,84.2%,74.4%,90.7%,9.8%,6.5%,2023
Prefer not to say,All Schools,condition_adhd,ADHD,Yes,30,190,15.8%,9.3%,25.6%,6.5%,9.8%,2023
Prefer not to say,All Schools,condition_autism,autism,No,155,190,81.6%,71.5%,88.7%,10.1%,7.1%,2023
Prefer not to say,All Schools,condition_autism,autism,Yes,35,190,18.4%,11.3%,28.5%,7.1%,10.1%,2023
Prefer not to say,All Schools,condition_disability,physical disability,No,180,190,94.7%,87.3%,97.9%,7.5%,3.2%,2023
Prefer not to say,All Schools,condition_disability,physical disability,Yes,10,190,5.3%,2.1%,12.7%,3.2%,7.5%,2023
Prefer not to say,All Schools,condition_mental,diagnosed mental health condition,No,165,190,86.8%,77.5%,92.7%,9.4%,5.8%,2023
Prefer not to say,All Schools,condition_mental,diagnosed mental health condition,Yes,25,190,13.2%,7.3%,22.5%,5.8%,9.4%,2023
Prefer not to say,All Schools,condition_physical,physical condition,No,170,190,89.5%,80.6%,94.6%,8.9%,5.1%,2023
Prefer not to say,All Schools,condition_physical,physical condition,Yes,20,190,10.5%,5.4%,19.4%,5.1%,8.9%,2023
Prefer not to say,All Schools,condition_send,special education need(s) or learning difficulty,No,165,190,86.8%,77.5%,92.7%,9.4%,5.8%,2023
Prefer not to say,All Schools,condition_send,special education need(s) or learning difficulty,Yes,25,190,13.2%,7.3%,22.5%,5.8%,9.4%,2023
Prefer not to say,All Schools,condoms_free,they know where they can get condoms for free,No,25,70,35.7%,20.7%,54.1%,15.0%,18.4%,2023
Prefer not to say,All Schools,condoms_free,they know where they can get condoms for free,Not sure,20,70,28.6%,15.3%,47.0%,13.3%,18.4%,2023
Prefer not to say,All Schools,condoms_free,they know where they can get condoms for free,Yes,25,70,35.7%,20.7%,54.1%,15.0%,18.4%,2023
Prefer not to say,All Schools,cope_alcohol,by drinking alcohol,No,180,190,94.7%,87.3%,97.9%,7.5%,3.2%,2023
Prefer not to say,All Schools,cope_alcohol,by drinking alcohol,Yes,10,190,5.3%,2.1%,12.7%,3.2%,7.5%,2023
Prefer not to say,All Schools,cope_counselling,by having counselling,No,175,190,92.1%,83.9%,96.3%,8.2%,4.2%,2023
Prefer not to say,All Schools,cope_counselling,by having counselling,Yes,15,190,7.9%,3.7%,16.1%,4.2%,8.2%,2023
Prefer not to say,All Schools,cope_creative,by doing creative activities,No,130,185,70.3%,59.1%,79.5%,11.2%,9.2%,2023
Prefer not to say,All Schools,cope_creative,by doing creative activities,Yes,55,185,29.7%,20.5%,40.9%,9.2%,11.2%,2023
Prefer not to say,All Schools,cope_drugs,by doing drugs,No,185,190,97.4%,90.9%,99.3%,6.4%,1.9%,2023
Prefer not to say,All Schools,cope_drugs,by doing drugs,Yes,5,190,2.6%,0.7%,9.1%,1.9%,6.4%,2023
Prefer not to say,All Schools,cope_eat,by eating more,No,165,190,86.8%,77.5%,92.7%,9.4%,5.8%,2023
Prefer not to say,All Schools,cope_eat,by eating more,Yes,25,190,13.2%,7.3%,22.5%,5.8%,9.4%,2023
Prefer not to say,All Schools,cope_exercise,by exercising,No,155,190,81.6%,71.5%,88.7%,10.1%,7.1%,2023
Prefer not to say,All Schools,cope_exercise,by exercising,Yes,35,190,18.4%,11.3%,28.5%,7.1%,10.1%,2023
Prefer not to say,All Schools,cope_games,by playing computer games,No,135,190,71.1%,60.1%,80.0%,11.0%,9.0%,2023
Prefer not to say,All Schools,cope_games,by playing computer games,Yes,55,190,28.9%,20.0%,39.9%,9.0%,11.0%,2023
Prefer not to say,All Schools,cope_internet,by looking for help online,No,180,190,94.7%,87.3%,97.9%,7.5%,3.2%,2023
Prefer not to say,All Schools,cope_internet,by looking for help online,Yes,10,190,5.3%,2.1%,12.7%,3.2%,7.5%,2023
Prefer not to say,All Schools,cope_music,by listening to music,No,95,190,50.0%,39.1%,60.9%,10.9%,10.9%,2023
Prefer not to say,All Schools,cope_music,by listening to music,Yes,95,190,50.0%,39.1%,60.9%,10.9%,10.9%,2023
Prefer not to say,All Schools,cope_nothing,by doing nothing,No,145,190,76.3%,65.7%,84.4%,10.6%,8.1%,2023
Prefer not to say,All Schools,cope_nothing,by doing nothing,Yes,45,190,23.7%,15.6%,34.3%,8.1%,10.6%,2023
Prefer not to say,All Schools,cope_other,by other methods,No,175,190,92.1%,83.9%,96.3%,8.2%,4.2%,2023
Prefer not to say,All Schools,cope_other,by other methods,Yes,15,190,7.9%,3.7%,16.1%,4.2%,8.2%,2023
Prefer not to say,All Schools,cope_selfharm,by self-harm,No,170,190,89.5%,80.6%,94.6%,8.9%,5.1%,2023
Prefer not to say,All Schools,cope_selfharm,by self-harm,Yes,20,190,10.5%,5.4%,19.4%,5.1%,8.9%,2023
Prefer not to say,All Schools,cope_smoke,by smoking,No,185,190,97.4%,90.9%,99.3%,6.4%,1.9%,2023
Prefer not to say,All Schools,cope_smoke,by smoking,Yes,5,190,2.6%,0.7%,9.1%,1.9%,6.4%,2023
Prefer not to say,All Schools,cope_talkadult,by talking to an adult that's not their carer,No,175,190,92.1%,83.9%,96.3%,8.2%,4.2%,2023
Prefer not to say,All Schools,cope_talkadult,by talking to an adult that's not their carer,Yes,15,190,7.9%,3.7%,16.1%,4.2%,8.2%,2023
Prefer not to say,All Schools,cope_talkfamily,by talking to family,No,140,185,75.7%,64.8%,84.0%,10.8%,8.3%,2023
Prefer not to say,All Schools,cope_talkfamily,by talking to family,Yes,45,185,24.3%,16.0%,35.2%,8.3%,10.8%,2023
Prefer not to say,All Schools,cope_talkfriend,by talking to a friend,No,135,190,71.1%,60.1%,80.0%,11.0%,9.0%,2023
Prefer not to say,All Schools,cope_talkfriend,by talking to a friend,Yes,55,190,28.9%,20.0%,39.9%,9.0%,11.0%,2023
Prefer not to say,All Schools,cope_think,by thinking of a solution on their own,No,150,190,78.9%,68.5%,86.6%,10.4%,7.6%,2023
Prefer not to say,All Schools,cope_think,by thinking of a solution on their own,Yes,40,190,21.1%,13.4%,31.5%,7.6%,10.4%,2023
Prefer not to say,All Schools,crack_exp,crack,No,185,190,97.4%,90.9%,99.3%,6.4%,1.9%,2023
Prefer not to say,All Schools,crack_exp,crack,Yes,5,190,2.6%,0.7%,9.1%,1.9%,6.4%,2023
Prefer not to say,All Schools,crack_offered,crack,No,180,190,94.7%,87.3%,97.9%,7.5%,3.2%,2023
Prefer not to say,All Schools,crack_offered,crack,Yes,10,190,5.3%,2.1%,12.7%,3.2%,7.5%,2023
Prefer not to say,All Schools,derbisol_exp,derbisol,No,185,190,97.4%,90.9%,99.3%,6.4%,1.9%,2023
Prefer not to say,All Schools,derbisol_exp,derbisol,Yes,5,190,2.6%,0.7%,9.1%,1.9%,6.4%,2023
Prefer not to say,All Schools,derbisol_offered,derbisol,No,185,190,97.4%,90.9%,99.3%,6.4%,1.9%,2023
Prefer not to say,All Schools,derbisol_offered,derbisol,Yes,5,190,2.6%,0.7%,9.1%,1.9%,6.4%,2023
Prefer not to say,All Schools,district_pc,NA,Dacorum,5,45,11.1%,3.1%,32.7%,8.0%,21.6%,2023
Prefer not to say,All Schools,district_pc,NA,East Hertfordshire,5,45,11.1%,3.1%,32.7%,8.0%,21.6%,2023
Prefer not to say,All Schools,district_pc,NA,Hertsmere,0,45,0.0%,0.0%,17.5%,0.0%,17.5%,2023
Prefer not to say,All Schools,district_pc,NA,North Hertfordshire,5,45,11.1%,3.1%,32.7%,8.0%,21.6%,2023
Prefer not to say,All Schools,district_pc,NA,St Albans,15,45,33.3%,16.3%,56.2%,17.0%,22.9%,2023
Prefer not to say,All Schools,district_pc,NA,Stevenage,5,45,11.1%,3.1%,32.7%,8.0%,21.6%,2023
Prefer not to say,All Schools,district_pc,NA,Three Rivers,5,45,11.1%,3.1%,32.7%,8.0%,21.6%,2023
Prefer not to say,All Schools,district_pc,NA,Watford,0,45,0.0%,0.0%,17.5%,0.0%,17.5%,2023
Prefer not to say,All Schools,district_pc,NA,Welwyn Hatfield,5,45,11.1%,3.1%,32.7%,8.0%,21.6%,2023
Prefer not to say,All Schools,district_residence,which district they lived in,Broxbourne,5,190,2.6%,0.7%,9.1%,1.9%,6.4%,2023
Prefer not to say,All Schools,district_residence,which district they lived in,Dacorum,20,190,10.5%,5.4%,19.4%,5.1%,8.9%,2023
Prefer not to say,All Schools,district_residence,which district they lived in,East Hertfordshire,10,190,5.3%,2.1%,12.7%,3.2%,7.5%,2023
Prefer not to say,All Schools,district_residence,which district they lived in,Hertsmere,10,190,5.3%,2.1%,12.7%,3.2%,7.5%,2023
Prefer not to say,All Schools,district_residence,which district they lived in,North Hertfordshire,20,190,10.5%,5.4%,19.4%,5.1%,8.9%,2023
Prefer not to say,All Schools,district_residence,which district they lived in,Outside of Hertfordshire,10,190,5.3%,2.1%,12.7%,3.2%,7.5%,2023
Prefer not to say,All Schools,district_residence,which district they lived in,St Albans,45,190,23.7%,15.6%,34.3%,8.1%,10.6%,2023
Prefer not to say,All Schools,district_residence,which district they lived in,Stevenage,25,190,13.2%,7.3%,22.5%,5.8%,9.4%,2023
Prefer not to say,All Schools,district_residence,which district they lived in,Three Rivers,20,190,10.5%,5.4%,19.4%,5.1%,8.9%,2023
Prefer not to say,All Schools,district_residence,which district they lived in,Watford,10,190,5.3%,2.1%,12.7%,3.2%,7.5%,2023
Prefer not to say,All Schools,district_residence,which district they lived in,Welwyn Hatfield,15,190,7.9%,3.7%,16.1%,4.2%,8.2%,2023
Prefer not to say,All Schools,district_school,NA,Broxbourne,0,195,0.0%,0.0%,4.7%,0.0%,4.7%,2023
Prefer not to say,All Schools,district_school,NA,Dacorum,20,195,10.3%,5.3%,18.9%,5.0%,8.7%,2023
Prefer not to say,All Schools,district_school,NA,East Hertfordshire,15,195,7.7%,3.6%,15.8%,4.1%,8.1%,2023
Prefer not to say,All Schools,district_school,NA,Hertsmere,10,195,5.1%,2.0%,12.4%,3.1%,7.3%,2023
Prefer not to say,All Schools,district_school,NA,North Hertfordshire,25,195,12.8%,7.1%,22.0%,5.7%,9.2%,2023
Prefer not to say,All Schools,district_school,NA,St Albans,50,195,25.6%,17.3%,36.3%,8.4%,10.6%,2023
Prefer not to say,All Schools,district_school,NA,Stevenage,20,195,10.3%,5.3%,18.9%,5.0%,8.7%,2023
Prefer not to say,All Schools,district_school,NA,Three Rivers,35,195,17.9%,11.0%,27.9%,6.9%,9.9%,2023
Prefer not to say,All Schools,district_school,NA,Welwyn Hatfield,20,195,10.3%,5.3%,18.9%,5.0%,8.7%,2023
Prefer not to say,All Schools,drug_ever,the best statement that describes them regarding recreational drug use,I have never taken drugs,165,180,91.7%,83.0%,96.1%,8.6%,4.4%,2023
Prefer not to say,All Schools,drug_ever,the best statement that describes them regarding recreational drug use,I have taken drugs once or twice,5,180,2.8%,0.8%,9.5%,2.0%,6.8%,2023
Prefer not to say,All Schools,drug_ever,the best statement that describes them regarding recreational drug use,I take drugs occasionally (less than once a week),0,180,0.0%,0.0%,5.0%,0.0%,5.0%,2023
Prefer not to say,All Schools,drug_ever,the best statement that describes them regarding recreational drug use,I take drugs regularly (once a week or more),5,180,2.8%,0.8%,9.5%,2.0%,6.8%,2023
Prefer not to say,All Schools,drug_ever,the best statement that describes them regarding recreational drug use,"I used to take drugs, but I don’t now",5,180,2.8%,0.8%,9.5%,2.0%,6.8%,2023
Prefer not to say,All Schools,drug_reduce,if they want to reduce or stop taking drugs,"No, I want to keep taking drugs",5,10,50.0%,15.1%,84.9%,34.9%,34.9%,2023
Prefer not to say,All Schools,drug_reduce,if they want to reduce or stop taking drugs,"Yes, I'd like to stop taking drugs",5,10,50.0%,15.1%,84.9%,34.9%,34.9%,2023
Prefer not to say,All Schools,drugs_alcohol,ever taken drugs and drunk alcohol on the same occasion,No,5,10,50.0%,15.1%,84.9%,34.9%,34.9%,2023
Prefer not to say,All Schools,drugs_alcohol,ever taken drugs and drunk alcohol on the same occasion,Not sure,0,10,0.0%,0.0%,48.8%,0.0%,48.8%,2023
Prefer not to say,All Schools,drugs_alcohol,ever taken drugs and drunk alcohol on the same occasion,Yes,5,10,50.0%,15.1%,84.9%,34.9%,34.9%,2023
Prefer not to say,All Schools,drugsupp_doctor,from a health professional,No,140,190,73.7%,62.9%,82.3%,10.8%,8.6%,2023
Prefer not to say,All Schools,drugsupp_doctor,from a health professional,Yes,50,190,26.3%,17.7%,37.1%,8.6%,10.8%,2023
Prefer not to say,All Schools,drugsupp_family,from family,No,110,190,57.9%,46.7%,68.3%,11.2%,10.4%,2023
Prefer not to say,All Schools,drugsupp_family,from family,Yes,80,190,42.1%,31.7%,53.3%,10.4%,11.2%,2023
Prefer not to say,All Schools,drugsupp_friends,from friends,No,145,185,78.4%,67.8%,86.2%,10.6%,7.8%,2023
Prefer not to say,All Schools,drugsupp_friends,from friends,Yes,40,185,21.6%,13.8%,32.2%,7.8%,10.6%,2023
Prefer not to say,All Schools,drugsupp_internet,from the internet,No,160,190,84.2%,74.4%,90.7%,9.8%,6.5%,2023
Prefer not to say,All Schools,drugsupp_internet,from the internet,Yes,30,190,15.8%,9.3%,25.6%,6.5%,9.8%,2023
Prefer not to say,All Schools,drugsupp_other,from other sources,No,160,190,84.2%,74.4%,90.7%,9.8%,6.5%,2023
Prefer not to say,All Schools,drugsupp_other,from other sources,Yes,30,190,15.8%,9.3%,25.6%,6.5%,9.8%,2023
Prefer not to say,All Schools,drugsupp_teacher,from a teacher,No,165,190,86.8%,77.5%,92.7%,9.4%,5.8%,2023
Prefer not to say,All Schools,drugsupp_teacher,from a teacher,Yes,25,190,13.2%,7.3%,22.5%,5.8%,9.4%,2023
Prefer not to say,All Schools,drugsupp_ypservice,from Drug & Alcohol Services for young people,No,155,190,81.6%,71.5%,88.7%,10.1%,7.1%,2023
Prefer not to say,All Schools,drugsupp_ypservice,from Drug & Alcohol Services for young people,Yes,35,190,18.4%,11.3%,28.5%,7.1%,10.1%,2023
Prefer not to say,All Schools,drugsupp_yw,from a Youth Worker,No,175,190,92.1%,83.9%,96.3%,8.2%,4.2%,2023
Prefer not to say,All Schools,drugsupp_yw,from a Youth Worker,Yes,15,190,7.9%,3.7%,16.1%,4.2%,8.2%,2023
Prefer not to say,All Schools,ecstasy_exp,ecstasy,No,185,190,97.4%,90.9%,99.3%,6.4%,1.9%,2023
Prefer not to say,All Schools,ecstasy_exp,ecstasy,Yes,5,190,2.6%,0.7%,9.1%,1.9%,6.4%,2023
Prefer not to say,All Schools,ecstasy_offered,ecstasy,No,185,190,97.4%,90.9%,99.3%,6.4%,1.9%,2023
Prefer not to say,All Schools,ecstasy_offered,ecstasy,Yes,5,190,2.6%,0.7%,9.1%,1.9%,6.4%,2023
Prefer not to say,All Schools,environ_awareness,raise awareness,No,175,190,92.1%,83.9%,96.3%,8.2%,4.2%,2023
Prefer not to say,All Schools,environ_awareness,raise awareness,Yes,15,190,7.9%,3.7%,16.1%,4.2%,8.2%,2023
Prefer not to say,All Schools,environ_barriers_cost,financial cost,No,150,190,78.9%,68.5%,86.6%,10.4%,7.6%,2023
Prefer not to say,All Schools,environ_barriers_cost,financial cost,Yes,40,190,21.1%,13.4%,31.5%,7.6%,10.4%,2023
Prefer not to say,All Schools,environ_barriers_notconsider,sustainability is not a consideration in their household,No,175,185,94.6%,86.9%,97.9%,7.7%,3.3%,2023
Prefer not to say,All Schools,environ_barriers_notconsider,sustainability is not a consideration in their household,Yes,10,185,5.4%,2.1%,13.1%,3.3%,7.7%,2023
Prefer not to say,All Schools,environ_barriers_other,other reasons,No,155,185,83.8%,73.8%,90.5%,10.0%,6.7%,2023
Prefer not to say,All Schools,environ_barriers_other,other reasons,Yes,30,185,16.2%,9.5%,26.2%,6.7%,10.0%,2023
Prefer not to say,All Schools,environ_barriers_time,convenience/time,No,125,190,65.8%,54.6%,75.4%,11.2%,9.7%,2023
Prefer not to say,All Schools,environ_barriers_time,convenience/time,Yes,65,190,34.2%,24.6%,45.4%,9.7%,11.2%,2023
Prefer not to say,All Schools,environ_barriers_unsure,uncertainty on what to do,No,145,190,76.3%,65.7%,84.4%,10.6%,8.1%,2023
Prefer not to say,All Schools,environ_barriers_unsure,uncertainty on what to do,Yes,45,190,23.7%,15.6%,34.3%,8.1%,10.6%,2023
Prefer not to say,All Schools,environ_buy,think about the environment when buying things,No,135,185,73.0%,61.9%,81.7%,11.0%,8.8%,2023
Prefer not to say,All Schools,environ_buy,think about the environment when buying things,Yes,50,185,27.0%,18.3%,38.1%,8.8%,11.0%,2023
Prefer not to say,All Schools,environ_garden,do things in the garden to help wildlife,No,145,190,76.3%,65.7%,84.4%,10.6%,8.1%,2023
Prefer not to say,All Schools,environ_garden,do things in the garden to help wildlife,Yes,45,190,23.7%,15.6%,34.3%,8.1%,10.6%,2023
Prefer not to say,All Schools,environ_leaders,try to change what our leaders are doing,No,170,190,89.5%,80.6%,94.6%,8.9%,5.1%,2023
Prefer not to say,All Schools,environ_leaders,try to change what our leaders are doing,Yes,20,190,10.5%,5.4%,19.4%,5.1%,8.9%,2023
Prefer not to say,All Schools,environ_lights,turn lights off more,No,85,190,44.7%,34.1%,55.9%,10.6%,11.1%,2023
Prefer not to say,All Schools,environ_lights,turn lights off more,Yes,105,190,55.3%,44.1%,65.9%,11.1%,10.6%,2023
Prefer not to say,All Schools,environ_litter,pick up litter,No,125,185,67.6%,56.3%,77.1%,11.3%,9.5%,2023
Prefer not to say,All Schools,environ_litter,pick up litter,Yes,60,185,32.4%,22.9%,43.7%,9.5%,11.3%,2023
Prefer not to say,All Schools,environ_meat,eat less meat,No,145,190,76.3%,65.7%,84.4%,10.6%,8.1%,2023
Prefer not to say,All Schools,environ_meat,eat less meat,Yes,45,190,23.7%,15.6%,34.3%,8.1%,10.6%,2023
Prefer not to say,All Schools,environ_media,read/watch media about the environment,No,155,190,81.6%,71.5%,88.7%,10.1%,7.1%,2023
Prefer not to say,All Schools,environ_media,read/watch media about the environment,Yes,35,190,18.4%,11.3%,28.5%,7.1%,10.1%,2023
Prefer not to say,All Schools,environ_none,don't do anything,No,170,190,89.5%,80.6%,94.6%,8.9%,5.1%,2023
Prefer not to say,All Schools,environ_none,don't do anything,Yes,20,190,10.5%,5.4%,19.4%,5.1%,8.9%,2023
Prefer not to say,All Schools,environ_other,do other things,No,165,190,86.8%,77.5%,92.7%,9.4%,5.8%,2023
Prefer not to say,All Schools,environ_other,do other things,Yes,25,190,13.2%,7.3%,22.5%,5.8%,9.4%,2023
Prefer not to say,All Schools,environ_recycle,recycle their waste,No,90,190,47.4%,36.6%,58.4%,10.8%,11.0%,2023
Prefer not to say,All Schools,environ_recycle,recycle their waste,Yes,100,190,52.6%,41.6%,63.4%,11.0%,10.8%,2023
Prefer not to say,All Schools,environ_talk,talk to friends/family,No,155,190,81.6%,71.5%,88.7%,10.1%,7.1%,2023
Prefer not to say,All Schools,environ_talk,talk to friends/family,Yes,35,190,18.4%,11.3%,28.5%,7.1%,10.1%,2023
Prefer not to say,All Schools,environ_tap,turn the tap off more,No,85,190,44.7%,34.1%,55.9%,10.6%,11.1%,2023
Prefer not to say,All Schools,environ_tap,turn the tap off more,Yes,105,190,55.3%,44.1%,65.9%,11.1%,10.6%,2023
Prefer not to say,All Schools,environ_volunteer,volunteer,No,175,190,92.1%,83.9%,96.3%,8.2%,4.2%,2023
Prefer not to say,All Schools,environ_volunteer,volunteer,Yes,15,190,7.9%,3.7%,16.1%,4.2%,8.2%,2023
Prefer not to say,All Schools,environ_walkcycle,"walk, cycle, or use public transport",No,115,190,60.5%,49.3%,70.7%,11.2%,10.2%,2023
Prefer not to say,All Schools,environ_walkcycle,"walk, cycle, or use public transport",Yes,75,190,39.5%,29.3%,50.7%,10.2%,11.2%,2023
Prefer not to say,All Schools,ethnicity,ethnicity,Any other ethnic group,5,165,3.0%,0.8%,10.4%,2.2%,7.3%,2023
Prefer not to say,All Schools,ethnicity,ethnicity,Asian,20,165,12.1%,6.3%,22.1%,5.8%,10.0%,2023
Prefer not to say,All Schools,ethnicity,ethnicity,Black,10,165,6.1%,2.4%,14.5%,3.7%,8.5%,2023
Prefer not to say,All Schools,ethnicity,ethnicity,Mixed,5,165,3.0%,0.8%,10.4%,2.2%,7.3%,2023
Prefer not to say,All Schools,ethnicity,ethnicity,Prefer not to say,40,165,24.2%,15.5%,35.8%,8.7%,11.5%,2023
Prefer not to say,All Schools,ethnicity,ethnicity,White,85,165,51.5%,39.7%,63.1%,11.8%,11.6%,2023
Prefer not to say,All Schools,findiff_cold,felt cold,No,175,190,92.1%,83.9%,96.3%,8.2%,4.2%,2023
Prefer not to say,All Schools,findiff_cold,felt cold,Yes,15,190,7.9%,3.7%,16.1%,4.2%,8.2%,2023
Prefer not to say,All Schools,findiff_foodbank,went to a food bank,No,185,190,97.4%,90.9%,99.3%,6.4%,1.9%,2023
Prefer not to say,All Schools,findiff_foodbank,went to a food bank,Yes,5,190,2.6%,0.7%,9.1%,1.9%,6.4%,2023
Prefer not to say,All Schools,findiff_hungry,felt hungry,No,175,185,94.6%,86.9%,97.9%,7.7%,3.3%,2023
Prefer not to say,All Schools,findiff_hungry,felt hungry,Yes,10,185,5.4%,2.1%,13.1%,3.3%,7.7%,2023
Prefer not to say,All Schools,findiff_job,lost a job/work,No,180,190,94.7%,87.3%,97.9%,7.5%,3.2%,2023
Prefer not to say,All Schools,findiff_job,lost a job/work,Yes,10,190,5.3%,2.1%,12.7%,3.2%,7.5%,2023
Prefer not to say,All Schools,findiff_misstrip,missed a school trip,No,175,190,92.1%,83.9%,96.3%,8.2%,4.2%,2023
Prefer not to say,All Schools,findiff_misstrip,missed a school trip,Yes,15,190,7.9%,3.7%,16.1%,4.2%,8.2%,2023
Prefer not to say,All Schools,findiff_move,moved to a smaller home,No,180,185,97.3%,90.7%,99.3%,6.6%,2.0%,2023
Prefer not to say,All Schools,findiff_move,moved to a smaller home,Yes,5,185,2.7%,0.7%,9.3%,2.0%,6.6%,2023
Prefer not to say,All Schools,findiff_none,no experiences,No,90,190,47.4%,36.6%,58.4%,10.8%,11.0%,2023
Prefer not to say,All Schools,findiff_none,no experiences,Yes,100,190,52.6%,41.6%,63.4%,11.0%,10.8%,2023
Prefer not to say,All Schools,findiff_pnts,prefer not to say,No,130,185,70.3%,59.1%,79.5%,11.2%,9.2%,2023
Prefer not to say,All Schools,findiff_pnts,prefer not to say,Yes,55,185,29.7%,20.5%,40.9%,9.2%,11.2%,2023
Prefer not to say,All Schools,fsm,free school meals,No,120,185,64.9%,53.5%,74.7%,11.3%,9.9%,2023
Prefer not to say,All Schools,fsm,free school meals,Prefer not to say,45,185,24.3%,16.0%,35.2%,8.3%,10.8%,2023
Prefer not to say,All Schools,fsm,free school meals,Yes,20,185,10.8%,5.6%,19.9%,5.2%,9.1%,2023
Prefer not to say,All Schools,hallucinogen_natural_exp,hallucinogens,No,185,190,97.4%,90.9%,99.3%,6.4%,1.9%,2023
Prefer not to say,All Schools,hallucinogen_natural_exp,hallucinogens,Yes,5,190,2.6%,0.7%,9.1%,1.9%,6.4%,2023
Prefer not to say,All Schools,hallucinogen_offered,hallucinogens,No,185,190,97.4%,90.9%,99.3%,6.4%,1.9%,2023
Prefer not to say,All Schools,hallucinogen_offered,hallucinogens,Yes,5,190,2.6%,0.7%,9.1%,1.9%,6.4%,2023
Prefer not to say,All Schools,heroin_exp,heroin,No,185,190,97.4%,90.9%,99.3%,6.4%,1.9%,2023
Prefer not to say,All Schools,heroin_exp,heroin,Yes,5,190,2.6%,0.7%,9.1%,1.9%,6.4%,2023
Prefer not to say,All Schools,heroin_offered,heroin,No,180,185,97.3%,90.7%,99.3%,6.6%,2.0%,2023
Prefer not to say,All Schools,heroin_offered,heroin,Yes,5,185,2.7%,0.7%,9.3%,2.0%,6.6%,2023
Prefer not to say,All Schools,herts_just_talk,have heard of Herts Just Talk,No,80,180,44.4%,33.6%,55.9%,10.9%,11.4%,2023
Prefer not to say,All Schools,herts_just_talk,have heard of Herts Just Talk,Unsure,30,180,16.7%,9.8%,26.9%,6.9%,10.2%,2023
Prefer not to say,All Schools,herts_just_talk,have heard of Herts Just Talk,Yes,35,180,19.4%,12.0%,30.0%,7.5%,10.6%,2023
Prefer not to say,All Schools,herts_just_talk,have heard of Herts Just Talk,"Yes I’ve heard of it, but I’m not sure what it is",35,180,19.4%,12.0%,30.0%,7.5%,10.6%,2023
Prefer not to say,All Schools,home_shouting,have ever been frightened by any shouting and arguing between adults or older siblings at home in the last month,Most days/Every day,15,180,8.3%,3.9%,17.0%,4.4%,8.6%,2023
Prefer not to say,All Schools,home_shouting,have ever been frightened by any shouting and arguing between adults or older siblings at home in the last month,No,70,180,38.9%,28.5%,50.4%,10.4%,11.5%,2023
Prefer not to say,All Schools,home_shouting,have ever been frightened by any shouting and arguing between adults or older siblings at home in the last month,Once a week,10,180,5.6%,2.2%,13.4%,3.4%,7.8%,2023
Prefer not to say,All Schools,home_shouting,have ever been frightened by any shouting and arguing between adults or older siblings at home in the last month,Once or twice,25,180,13.9%,7.7%,23.7%,6.2%,9.8%,2023
Prefer not to say,All Schools,home_shouting,have ever been frightened by any shouting and arguing between adults or older siblings at home in the last month,Prefer not to say,60,180,33.3%,23.6%,44.8%,9.8%,11.5%,2023
Prefer not to say,All Schools,home_violence,"if there has been any violence (e.g. hitting, punching, slapping) between adults or older siblings at home in the last month",Most days/Every day,0,170,0.0%,0.0%,5.3%,0.0%,5.3%,2023
Prefer not to say,All Schools,home_violence,"if there has been any violence (e.g. hitting, punching, slapping) between adults or older siblings at home in the last month",No,110,170,64.7%,52.9%,75.0%,11.8%,10.3%,2023
Prefer not to say,All Schools,home_violence,"if there has been any violence (e.g. hitting, punching, slapping) between adults or older siblings at home in the last month",Once a week,5,170,2.9%,0.8%,10.1%,2.1%,7.1%,2023
Prefer not to say,All Schools,home_violence,"if there has been any violence (e.g. hitting, punching, slapping) between adults or older siblings at home in the last month",Once or twice,5,170,2.9%,0.8%,10.1%,2.1%,7.1%,2023
Prefer not to say,All Schools,home_violence,"if there has been any violence (e.g. hitting, punching, slapping) between adults or older siblings at home in the last month",Prefer not to say,50,170,29.4%,19.9%,41.1%,9.5%,11.7%,2023
Prefer not to say,All Schools,hopeful_future,feel hopeful about their future,Always,25,175,14.3%,8.0%,24.3%,6.3%,10.0%,2023
Prefer not to say,All Schools,hopeful_future,feel hopeful about their future,Never,25,175,14.3%,8.0%,24.3%,6.3%,10.0%,2023
Prefer not to say,All Schools,hopeful_future,feel hopeful about their future,Often,40,175,22.9%,14.6%,33.9%,8.3%,11.1%,2023
Prefer not to say,All Schools,hopeful_future,feel hopeful about their future,Sometimes,85,175,48.6%,37.3%,60.0%,11.3%,11.4%,2023
Prefer not to say,All Schools,imd_quintile,for their resident postcode,Quintile 1 - Most Deprived,5,185,2.7%,0.7%,9.3%,2.0%,6.6%,2023
Prefer not to say,All Schools,imd_quintile,for their resident postcode,Quintile 2,10,185,5.4%,2.1%,13.1%,3.3%,7.7%,2023
Prefer not to say,All Schools,imd_quintile,for their resident postcode,Quintile 3,10,185,5.4%,2.1%,13.1%,3.3%,7.7%,2023
Prefer not to say,All Schools,imd_quintile,for their resident postcode,Quintile 4,10,185,5.4%,2.1%,13.1%,3.3%,7.7%,2023
Prefer not to say,All Schools,imd_quintile,for their resident postcode,Quintile 5 - Least Deprived,15,185,8.1%,3.8%,16.6%,4.3%,8.4%,2023
Prefer not to say,All Schools,imd_quintile,for their resident postcode,unknown,135,185,73.0%,61.9%,81.7%,11.0%,8.8%,2023
Prefer not to say,All Schools,internet_info_provided,have been provided with online safety info,No,45,170,26.5%,17.5%,38.0%,9.0%,11.5%,2023
Prefer not to say,All Schools,internet_info_provided,have been provided with online safety info,Yes,125,170,73.5%,62.0%,82.5%,11.5%,9.0%,2023
Prefer not to say,All Schools,internet_message,have ever received message on social media that upset them,No,105,170,61.8%,49.9%,72.4%,11.9%,10.6%,2023
Prefer not to say,All Schools,internet_message,have ever received message on social media that upset them,Yes,65,170,38.2%,27.6%,50.1%,10.6%,11.9%,2023
Prefer not to say,All Schools,internet_met,have ever met someone in real life whom they first met online,No,130,165,78.8%,67.5%,86.9%,11.3%,8.1%,2023
Prefer not to say,All Schools,internet_met,have ever met someone in real life whom they first met online,Yes,35,165,21.2%,13.1%,32.5%,8.1%,11.3%,2023
Prefer not to say,All Schools,internet_personalinfo,have ever shared personal information with someone they have not met in real life,No,140,170,82.4%,71.7%,89.6%,10.7%,7.2%,2023
Prefer not to say,All Schools,internet_personalinfo,have ever shared personal information with someone they have not met in real life,Yes,30,170,17.6%,10.4%,28.3%,7.2%,10.7%,2023
Prefer not to say,All Schools,internet_pictures_pressure,have ever felt pressured to send pictures of themselves to someone,No,145,165,87.9%,77.9%,93.7%,10.0%,5.8%,2023
Prefer not to say,All Schools,internet_pictures_pressure,have ever felt pressured to send pictures of themselves to someone,Yes,20,165,12.1%,6.3%,22.1%,5.8%,10.0%,2023
Prefer not to say,All Schools,ketamine_exp,ketamine,No,185,190,97.4%,90.9%,99.3%,6.4%,1.9%,2023
Prefer not to say,All Schools,ketamine_exp,ketamine,Yes,5,190,2.6%,0.7%,9.1%,1.9%,6.4%,2023
Prefer not to say,All Schools,ketamine_offered,ketamine,No,180,190,94.7%,87.3%,97.9%,7.5%,3.2%,2023
Prefer not to say,All Schools,ketamine_offered,ketamine,Yes,10,190,5.3%,2.1%,12.7%,3.2%,7.5%,2023
Prefer not to say,All Schools,life_happyyesterday,how happy they felt yesterday overall on a scale low to high,high,20,190,10.5%,5.4%,19.4%,5.1%,8.9%,2023
Prefer not to say,All Schools,life_happyyesterday,how happy they felt yesterday overall on a scale low to high,low,85,190,44.7%,34.1%,55.9%,10.6%,11.1%,2023
Prefer not to say,All Schools,life_happyyesterday,how happy they felt yesterday overall on a scale low to high,medium,45,190,23.7%,15.6%,34.3%,8.1%,10.6%,2023
Prefer not to say,All Schools,life_happyyesterday,how happy they felt yesterday overall on a scale low to high,very high,40,190,21.1%,13.4%,31.5%,7.6%,10.4%,2023
Prefer not to say,All Schools,life_satisfied,about how satisfied they with their life on a scale of low to high,high,35,185,18.9%,11.6%,29.3%,7.3%,10.3%,2023
Prefer not to say,All Schools,life_satisfied,about how satisfied they with their life on a scale of low to high,low,65,185,35.1%,25.3%,46.5%,9.9%,11.3%,2023
Prefer not to say,All Schools,life_satisfied,about how satisfied they with their life on a scale of low to high,medium,55,185,29.7%,20.5%,40.9%,9.2%,11.2%,2023
Prefer not to say,All Schools,life_satisfied,about how satisfied they with their life on a scale of low to high,very high,30,185,16.2%,9.5%,26.2%,6.7%,10.0%,2023
Prefer not to say,All Schools,life_worthwhile,the extent to which they feel the things they do in their life are worthwhile on a scale of low to high,high,30,185,16.2%,9.5%,26.2%,6.7%,10.0%,2023
Prefer not to say,All Schools,life_worthwhile,the extent to which they feel the things they do in their life are worthwhile on a scale of low to high,low,70,185,37.8%,27.7%,49.2%,10.2%,11.4%,2023
Prefer not to say,All Schools,life_worthwhile,the extent to which they feel the things they do in their life are worthwhile on a scale of low to high,medium,45,185,24.3%,16.0%,35.2%,8.3%,10.8%,2023
Prefer not to say,All Schools,life_worthwhile,the extent to which they feel the things they do in their life are worthwhile on a scale of low to high,very high,40,185,21.6%,13.8%,32.2%,7.8%,10.6%,2023
Prefer not to say,All Schools,mental_accessed,have ever accessed mental health services before,No,85,175,48.6%,37.3%,60.0%,11.3%,11.4%,2023
Prefer not to say,All Schools,mental_accessed,have ever accessed mental health services before,Not sure,20,175,11.4%,5.9%,20.9%,5.5%,9.5%,2023
Prefer not to say,All Schools,mental_accessed,have ever accessed mental health services before,Prefer not to say,40,175,22.9%,14.6%,33.9%,8.3%,11.1%,2023
Prefer not to say,All Schools,mental_accessed,have ever accessed mental health services before,Yes,30,175,17.1%,10.1%,27.6%,7.0%,10.4%,2023
Prefer not to say,All Schools,mental_accessed_helpful,how helpful they found the mental health support,A little,10,30,33.3%,13.8%,60.9%,19.5%,27.5%,2023
Prefer not to say,All Schools,mental_accessed_helpful,how helpful they found the mental health support,Neither helpful nor unhelpful,5,30,16.7%,4.7%,44.7%,12.0%,28.1%,2023
Prefer not to say,All Schools,mental_accessed_helpful,how helpful they found the mental health support,Not helpful,5,30,16.7%,4.7%,44.7%,12.0%,28.1%,2023
Prefer not to say,All Schools,mental_accessed_helpful,how helpful they found the mental health support,Not very helpful,5,30,16.7%,4.7%,44.7%,12.0%,28.1%,2023
Prefer not to say,All Schools,mental_accessed_helpful,how helpful they found the mental health support,Very,5,30,16.7%,4.7%,44.7%,12.0%,28.1%,2023
Prefer not to say,All Schools,mental_charity,charities,No,185,190,97.4%,90.9%,99.3%,6.4%,1.9%,2023
Prefer not to say,All Schools,mental_charity,charities,Yes,5,190,2.6%,0.7%,9.1%,1.9%,6.4%,2023
Prefer not to say,All Schools,mental_clinic,a mental health clinic,No,160,185,86.5%,76.9%,92.5%,9.6%,6.0%,2023
Prefer not to say,All Schools,mental_clinic,a mental health clinic,Yes,25,185,13.5%,7.5%,23.1%,6.0%,9.6%,2023
Prefer not to say,All Schools,mental_doctor,a doctor,No,165,190,86.8%,77.5%,92.7%,9.4%,5.8%,2023
Prefer not to say,All Schools,mental_doctor,a doctor,Yes,25,190,13.2%,7.3%,22.5%,5.8%,9.4%,2023
Prefer not to say,All Schools,mental_howaccess,"know how to access services if they are worried about, or are looking for more information about their mental health",No,40,175,22.9%,14.6%,33.9%,8.3%,11.1%,2023
Prefer not to say,All Schools,mental_howaccess,"know how to access services if they are worried about, or are looking for more information about their mental health",Not sure,60,175,34.3%,24.3%,45.9%,10.0%,11.6%,2023
Prefer not to say,All Schools,mental_howaccess,"know how to access services if they are worried about, or are looking for more information about their mental health",Yes,75,175,42.9%,32.0%,54.5%,10.9%,11.6%,2023
Prefer not to say,All Schools,mental_none,other,No,155,190,81.6%,71.5%,88.7%,10.1%,7.1%,2023
Prefer not to say,All Schools,mental_none,other,Yes,35,190,18.4%,11.3%,28.5%,7.1%,10.1%,2023
Prefer not to say,All Schools,mental_nurse,a school nurse,No,185,190,97.4%,90.9%,99.3%,6.4%,1.9%,2023
Prefer not to say,All Schools,mental_nurse,a school nurse,Yes,5,190,2.6%,0.7%,9.1%,1.9%,6.4%,2023
Prefer not to say,All Schools,mental_other,some other service,No,150,190,78.9%,68.5%,86.6%,10.4%,7.6%,2023
Prefer not to say,All Schools,mental_other,some other service,Yes,40,190,21.1%,13.4%,31.5%,7.6%,10.4%,2023
Prefer not to say,All Schools,mental_parents,parents/carers,No,110,190,57.9%,46.7%,68.3%,11.2%,10.4%,2023
Prefer not to say,All Schools,mental_parents,parents/carers,Yes,80,190,42.1%,31.7%,53.3%,10.4%,11.2%,2023
Prefer not to say,All Schools,mental_school,the school,No,155,190,81.6%,71.5%,88.7%,10.1%,7.1%,2023
Prefer not to say,All Schools,mental_school,the school,Yes,35,190,18.4%,11.3%,28.5%,7.1%,10.1%,2023
Prefer not to say,All Schools,mental_talk,"agree with the statement ""It's okay for me to talk about my mental health.""",No,30,180,16.7%,9.8%,26.9%,6.9%,10.2%,2023
Prefer not to say,All Schools,mental_talk,"agree with the statement ""It's okay for me to talk about my mental health.""",Not sure,60,180,33.3%,23.6%,44.8%,9.8%,11.5%,2023
Prefer not to say,All Schools,mental_talk,"agree with the statement ""It's okay for me to talk about my mental health.""",Yes,90,180,50.0%,38.8%,61.2%,11.2%,11.2%,2023
Prefer not to say,All Schools,mental_type_121,1-2-1s (in person),No,130,190,68.4%,57.3%,77.7%,11.1%,9.3%,2023
Prefer not to say,All Schools,mental_type_121,1-2-1s (in person),Yes,60,190,31.6%,22.3%,42.7%,9.3%,11.1%,2023
Prefer not to say,All Schools,mental_type_group,groupwork,No,160,190,84.2%,74.4%,90.7%,9.8%,6.5%,2023
Prefer not to say,All Schools,mental_type_group,groupwork,Yes,30,190,15.8%,9.3%,25.6%,6.5%,9.8%,2023
Prefer not to say,All Schools,mental_type_online,online support,No,160,190,84.2%,74.4%,90.7%,9.8%,6.5%,2023
Prefer not to say,All Schools,mental_type_online,online support,Yes,30,190,15.8%,9.3%,25.6%,6.5%,9.8%,2023
Prefer not to say,All Schools,mental_type_other,other types of support,No,135,190,71.1%,60.1%,80.0%,11.0%,9.0%,2023
Prefer not to say,All Schools,mental_type_other,other types of support,Yes,55,190,28.9%,20.0%,39.9%,9.0%,11.0%,2023
Prefer not to say,All Schools,mental_type_phone,phone counselling,No,175,190,92.1%,83.9%,96.3%,8.2%,4.2%,2023
Prefer not to say,All Schools,mental_type_phone,phone counselling,Yes,15,190,7.9%,3.7%,16.1%,4.2%,8.2%,2023
Prefer not to say,All Schools,mental_youthservice,the Youth Service,No,175,190,92.1%,83.9%,96.3%,8.2%,4.2%,2023
Prefer not to say,All Schools,mental_youthservice,the Youth Service,Yes,15,190,7.9%,3.7%,16.1%,4.2%,8.2%,2023
Prefer not to say,All Schools,nitrous_oxide_exp,nitrous oxide,No,185,190,97.4%,90.9%,99.3%,6.4%,1.9%,2023
Prefer not to say,All Schools,nitrous_oxide_exp,nitrous oxide,Yes,5,190,2.6%,0.7%,9.1%,1.9%,6.4%,2023
Prefer not to say,All Schools,nitrous_oxide_offered,nitrous oxide,No,185,190,97.4%,90.9%,99.3%,6.4%,1.9%,2023
Prefer not to say,All Schools,nitrous_oxide_offered,nitrous oxide,Yes,5,190,2.6%,0.7%,9.1%,1.9%,6.4%,2023
Prefer not to say,All Schools,nps_exp,novel psychoactive substances,No,185,190,97.4%,90.9%,99.3%,6.4%,1.9%,2023
Prefer not to say,All Schools,nps_exp,novel psychoactive substances,Yes,5,190,2.6%,0.7%,9.1%,1.9%,6.4%,2023
Prefer not to say,All Schools,nps_offered,novel psychoactive substances,No,185,190,97.4%,90.9%,99.3%,6.4%,1.9%,2023
Prefer not to say,All Schools,nps_offered,novel psychoactive substances,Yes,5,190,2.6%,0.7%,9.1%,1.9%,6.4%,2023
Prefer not to say,All Schools,pa_30,how many days in the past week had they done a total of 30 minutes or more of physical activity,1 to 3,70,185,37.8%,27.7%,49.2%,10.2%,11.4%,2023
Prefer not to say,All Schools,pa_30,how many days in the past week had they done a total of 30 minutes or more of physical activity,4 to 5,30,185,16.2%,9.5%,26.2%,6.7%,10.0%,2023
Prefer not to say,All Schools,pa_30,how many days in the past week had they done a total of 30 minutes or more of physical activity,6 to 7,10,185,5.4%,2.1%,13.1%,3.3%,7.7%,2023
Prefer not to say,All Schools,pa_30,how many days in the past week had they done a total of 30 minutes or more of physical activity,none,75,185,40.5%,30.1%,51.9%,10.4%,11.4%,2023
Prefer not to say,All Schools,pa_60,how many days in the past week had they done a total of 60 minutes or more of physical activity,1 to 3,65,190,34.2%,24.6%,45.4%,9.7%,11.2%,2023
Prefer not to say,All Schools,pa_60,how many days in the past week had they done a total of 60 minutes or more of physical activity,4 to 5,25,190,13.2%,7.3%,22.5%,5.8%,9.4%,2023
Prefer not to say,All Schools,pa_60,how many days in the past week had they done a total of 60 minutes or more of physical activity,6 to 7,25,190,13.2%,7.3%,22.5%,5.8%,9.4%,2023
Prefer not to say,All Schools,pa_60,how many days in the past week had they done a total of 60 minutes or more of physical activity,none,75,190,39.5%,29.3%,50.7%,10.2%,11.2%,2023
Prefer not to say,All Schools,pa_barriers_bikecost,the cost of bikes,No,180,190,94.7%,87.3%,97.9%,7.5%,3.2%,2023
Prefer not to say,All Schools,pa_barriers_bikecost,the cost of bikes,Yes,10,190,5.3%,2.1%,12.7%,3.2%,7.5%,2023
Prefer not to say,All Schools,pa_barriers_distance,distance,No,160,185,86.5%,76.9%,92.5%,9.6%,6.0%,2023
Prefer not to say,All Schools,pa_barriers_distance,distance,Yes,25,185,13.5%,7.5%,23.1%,6.0%,9.6%,2023
Prefer not to say,All Schools,pa_barriers_fearlost,the fear of getting lost,No,160,185,86.5%,76.9%,92.5%,9.6%,6.0%,2023
Prefer not to say,All Schools,pa_barriers_fearlost,the fear of getting lost,Yes,25,185,13.5%,7.5%,23.1%,6.0%,9.6%,2023
Prefer not to say,All Schools,pa_barriers_fitness,lack of fitness,No,180,190,94.7%,87.3%,97.9%,7.5%,3.2%,2023
Prefer not to say,All Schools,pa_barriers_fitness,lack of fitness,Yes,10,190,5.3%,2.1%,12.7%,3.2%,7.5%,2023
Prefer not to say,All Schools,pa_barriers_other,other reasons,No,145,190,76.3%,65.7%,84.4%,10.6%,8.1%,2023
Prefer not to say,All Schools,pa_barriers_other,other reasons,Yes,45,190,23.7%,15.6%,34.3%,8.1%,10.6%,2023
Prefer not to say,All Schools,pa_barriers_pollution,air pollution,No,180,190,94.7%,87.3%,97.9%,7.5%,3.2%,2023
Prefer not to say,All Schools,pa_barriers_pollution,air pollution,Yes,10,190,5.3%,2.1%,12.7%,3.2%,7.5%,2023
Prefer not to say,All Schools,pa_barriers_roadsafety,road safety,No,165,185,89.2%,80.1%,94.4%,9.1%,5.2%,2023
Prefer not to say,All Schools,pa_barriers_roadsafety,road safety,Yes,20,185,10.8%,5.6%,19.9%,5.2%,9.1%,2023
Prefer not to say,All Schools,pa_barriers_safety,personal safety,No,160,190,84.2%,74.4%,90.7%,9.8%,6.5%,2023
Prefer not to say,All Schools,pa_barriers_safety,personal safety,Yes,30,190,15.8%,9.3%,25.6%,6.5%,9.8%,2023
Prefer not to say,All Schools,pa_barriers_time,lack of time,No,120,190,63.2%,52.0%,73.1%,11.2%,9.9%,2023
Prefer not to say,All Schools,pa_barriers_time,lack of time,Yes,70,190,36.8%,26.9%,48.0%,9.9%,11.2%,2023
Prefer not to say,All Schools,pa_barriers_want,personal preference,No,120,190,63.2%,52.0%,73.1%,11.2%,9.9%,2023
Prefer not to say,All Schools,pa_barriers_want,personal preference,Yes,70,190,36.8%,26.9%,48.0%,9.9%,11.2%,2023
Prefer not to say,All Schools,pa_barriers_weather,the weather,No,150,190,78.9%,68.5%,86.6%,10.4%,7.6%,2023
Prefer not to say,All Schools,pa_barriers_weather,the weather,Yes,40,190,21.1%,13.4%,31.5%,7.6%,10.4%,2023
Prefer not to say,All Schools,pa_fri,Friday,0-29 minutes,60,165,36.4%,25.8%,48.4%,10.5%,12.0%,2023
Prefer not to say,All Schools,pa_fri,Friday,30-59 minutes,50,165,30.3%,20.6%,42.2%,9.7%,11.9%,2023
Prefer not to say,All Schools,pa_fri,Friday,60 or more minutes,55,165,33.3%,23.2%,45.3%,10.2%,12.0%,2023
Prefer not to say,All Schools,pa_mon,Monday,0-29 minutes,55,170,32.4%,22.5%,44.1%,9.9%,11.8%,2023
Prefer not to say,All Schools,pa_mon,Monday,30-59 minutes,60,170,35.3%,25.0%,47.1%,10.3%,11.8%,2023
Prefer not to say,All Schools,pa_mon,Monday,60 or more minutes,55,170,32.4%,22.5%,44.1%,9.9%,11.8%,2023
Prefer not to say,All Schools,pa_sat,Saturday,0-29 minutes,60,165,36.4%,25.8%,48.4%,10.5%,12.0%,2023
Prefer not to say,All Schools,pa_sat,Saturday,30-59 minutes,35,165,21.2%,13.1%,32.5%,8.1%,11.3%,2023
Prefer not to say,All Schools,pa_sat,Saturday,60 or more minutes,70,165,42.4%,31.3%,54.4%,11.2%,12.0%,2023
Prefer not to say,All Schools,pa_sun,Sunday,0-29 minutes,75,165,45.5%,34.1%,57.4%,11.4%,11.9%,2023
Prefer not to say,All Schools,pa_sun,Sunday,30-59 minutes,40,165,24.2%,15.5%,35.8%,8.7%,11.5%,2023
Prefer not to say,All Schools,pa_sun,Sunday,60 or more minutes,50,165,30.3%,20.6%,42.2%,9.7%,11.9%,2023
Prefer not to say,All Schools,pa_thurs,Thursday,0-29 minutes,50,165,30.3%,20.6%,42.2%,9.7%,11.9%,2023
Prefer not to say,All Schools,pa_thurs,Thursday,30-59 minutes,60,165,36.4%,25.8%,48.4%,10.5%,12.0%,2023
Prefer not to say,All Schools,pa_thurs,Thursday,60 or more minutes,55,165,33.3%,23.2%,45.3%,10.2%,12.0%,2023
Prefer not to say,All Schools,pa_tues,Tuesday,0-29 minutes,60,170,35.3%,25.0%,47.1%,10.3%,11.8%,2023
Prefer not to say,All Schools,pa_tues,Tuesday,30-59 minutes,55,170,32.4%,22.5%,44.1%,9.9%,11.8%,2023
Prefer not to say,All Schools,pa_tues,Tuesday,60 or more minutes,55,170,32.4%,22.5%,44.1%,9.9%,11.8%,2023
Prefer not to say,All Schools,pa_wed,Wednesday,0-29 minutes,60,170,35.3%,25.0%,47.1%,10.3%,11.8%,2023
Prefer not to say,All Schools,pa_wed,Wednesday,30-59 minutes,50,170,29.4%,19.9%,41.1%,9.5%,11.7%,2023
Prefer not to say,All Schools,pa_wed,Wednesday,60 or more minutes,60,170,35.3%,25.0%,47.1%,10.3%,11.8%,2023
Prefer not to say,All Schools,paid_work,how much paid work they did last week,0-10 hours,20,175,11.4%,5.9%,20.9%,5.5%,9.5%,2023
Prefer not to say,All Schools,paid_work,how much paid work they did last week,11-20 hours,5,175,2.9%,0.8%,9.8%,2.1%,6.9%,2023
Prefer not to say,All Schools,paid_work,how much paid work they did last week,31+ hours,5,175,2.9%,0.8%,9.8%,2.1%,6.9%,2023
Prefer not to say,All Schools,paid_work,how much paid work they did last week,I didn't do any paid work,125,175,71.4%,60.0%,80.7%,11.4%,9.2%,2023
Prefer not to say,All Schools,paid_work,how much paid work they did last week,Prefer not to say,20,175,11.4%,5.9%,20.9%,5.5%,9.5%,2023
Prefer not to say,All Schools,poppers_exp,poppers,No,185,190,97.4%,90.9%,99.3%,6.4%,1.9%,2023
Prefer not to say,All Schools,poppers_exp,poppers,Yes,5,190,2.6%,0.7%,9.1%,1.9%,6.4%,2023
Prefer not to say,All Schools,poppers_offered,poppers,No,185,190,97.4%,90.9%,99.3%,6.4%,1.9%,2023
Prefer not to say,All Schools,poppers_offered,poppers,Yes,5,190,2.6%,0.7%,9.1%,1.9%,6.4%,2023
Prefer not to say,All Schools,prospects_education,plan to continue in education,Maybe,45,160,28.1%,18.6%,40.1%,9.5%,12.0%,2023
Prefer not to say,All Schools,prospects_education,plan to continue in education,No,15,160,9.4%,4.4%,18.9%,5.0%,9.6%,2023
Prefer not to say,All Schools,prospects_education,plan to continue in education,Yes,100,160,62.5%,50.3%,73.3%,12.2%,10.8%,2023
Prefer not to say,All Schools,prospects_family,plan to start a family,Maybe,45,145,31.0%,20.6%,43.8%,10.4%,12.7%,2023
Prefer not to say,All Schools,prospects_family,plan to start a family,No,75,145,51.7%,39.2%,64.0%,12.5%,12.3%,2023
Prefer not to say,All Schools,prospects_family,plan to start a family,Yes,25,145,17.2%,9.7%,28.9%,7.6%,11.6%,2023
Prefer not to say,All Schools,prospects_info_apprenticeships,apprenticeships,No,135,190,71.1%,60.1%,80.0%,11.0%,9.0%,2023
Prefer not to say,All Schools,prospects_info_apprenticeships,apprenticeships,Yes,55,190,28.9%,20.0%,39.9%,9.0%,11.0%,2023
Prefer not to say,All Schools,prospects_info_college,college/6th form,No,130,190,68.4%,57.3%,77.7%,11.1%,9.3%,2023
Prefer not to say,All Schools,prospects_info_college,college/6th form,Yes,60,190,31.6%,22.3%,42.7%,9.3%,11.1%,2023
Prefer not to say,All Schools,prospects_info_gap,gap years,No,140,185,75.7%,64.8%,84.0%,10.8%,8.3%,2023
Prefer not to say,All Schools,prospects_info_gap,gap years,Yes,45,185,24.3%,16.0%,35.2%,8.3%,10.8%,2023
Prefer not to say,All Schools,prospects_info_jobs,jobs,No,125,190,65.8%,54.6%,75.4%,11.2%,9.7%,2023
Prefer not to say,All Schools,prospects_info_jobs,jobs,Yes,65,190,34.2%,24.6%,45.4%,9.7%,11.2%,2023
Prefer not to say,All Schools,prospects_info_other,other options,No,135,190,71.1%,60.1%,80.0%,11.0%,9.0%,2023
Prefer not to say,All Schools,prospects_info_other,other options,Yes,55,190,28.9%,20.0%,39.9%,9.0%,11.0%,2023
Prefer not to say,All Schools,prospects_info_trainee,traineeships,No,160,190,84.2%,74.4%,90.7%,9.8%,6.5%,2023
Prefer not to say,All Schools,prospects_info_trainee,traineeships,Yes,30,190,15.8%,9.3%,25.6%,6.5%,9.8%,2023
Prefer not to say,All Schools,prospects_info_uni,university,No,105,190,55.3%,44.1%,65.9%,11.1%,10.6%,2023
Prefer not to say,All Schools,prospects_info_uni,university,Yes,85,190,44.7%,34.1%,55.9%,10.6%,11.1%,2023
Prefer not to say,All Schools,prospects_job,plan to get a job,Maybe,50,155,32.3%,22.0%,44.6%,10.3%,12.3%,2023
Prefer not to say,All Schools,prospects_job,plan to get a job,No,15,155,9.7%,4.5%,19.5%,5.2%,9.8%,2023
Prefer not to say,All Schools,prospects_job,plan to get a job,Yes,90,155,58.1%,45.7%,69.5%,12.4%,11.4%,2023
Prefer not to say,All Schools,prospects_notsure,aren't sure what they want to do,Maybe,45,140,32.1%,21.4%,45.1%,10.7%,13.0%,2023
Prefer not to say,All Schools,prospects_notsure,aren't sure what they want to do,No,45,140,32.1%,21.4%,45.1%,10.7%,13.0%,2023
Prefer not to say,All Schools,prospects_notsure,aren't sure what they want to do,Yes,50,140,35.7%,24.5%,48.8%,11.2%,13.1%,2023
Prefer not to say,All Schools,prospects_other,have other plans,Maybe,50,135,37.0%,25.5%,50.3%,11.6%,13.3%,2023
Prefer not to say,All Schools,prospects_other,have other plans,No,45,135,33.3%,22.3%,46.6%,11.1%,13.3%,2023
Prefer not to say,All Schools,prospects_other,have other plans,Yes,40,135,29.6%,19.2%,42.8%,10.5%,13.2%,2023
Prefer not to say,All Schools,prospects_support_friends,friends,No,135,185,73.0%,61.9%,81.7%,11.0%,8.8%,2023
Prefer not to say,All Schools,prospects_support_friends,friends,Yes,50,185,27.0%,18.3%,38.1%,8.8%,11.0%,2023
Prefer not to say,All Schools,prospects_support_idk,don't know where to get support,No,150,185,81.1%,70.7%,88.4%,10.3%,7.3%,2023
Prefer not to say,All Schools,prospects_support_idk,don't know where to get support,Yes,35,185,18.9%,11.6%,29.3%,7.3%,10.3%,2023
Prefer not to say,All Schools,prospects_support_jobcentre,Job Centre Plus,No,180,190,94.7%,87.3%,97.9%,7.5%,3.2%,2023
Prefer not to say,All Schools,prospects_support_jobcentre,Job Centre Plus,Yes,10,190,5.3%,2.1%,12.7%,3.2%,7.5%,2023
Prefer not to say,All Schools,prospects_support_online,online,No,160,190,84.2%,74.4%,90.7%,9.8%,6.5%,2023
Prefer not to say,All Schools,prospects_support_online,online,Yes,30,190,15.8%,9.3%,25.6%,6.5%,9.8%,2023
Prefer not to say,All Schools,prospects_support_other,other sources,No,150,190,78.9%,68.5%,86.6%,10.4%,7.6%,2023
Prefer not to say,All Schools,prospects_support_other,other sources,Yes,40,190,21.1%,13.4%,31.5%,7.6%,10.4%,2023
Prefer not to say,All Schools,prospects_support_parents,parent/carer,No,100,190,52.6%,41.6%,63.4%,11.0%,10.8%,2023
Prefer not to say,All Schools,prospects_support_parents,parent/carer,Yes,90,190,47.4%,36.6%,58.4%,10.8%,11.0%,2023
Prefer not to say,All Schools,prospects_support_school,school/teacher,No,135,190,71.1%,60.1%,80.0%,11.0%,9.0%,2023
Prefer not to say,All Schools,prospects_support_school,school/teacher,Yes,55,190,28.9%,20.0%,39.9%,9.0%,11.0%,2023
Prefer not to say,All Schools,prospects_support_syp,Services for Young People,No,175,190,92.1%,83.9%,96.3%,8.2%,4.2%,2023
Prefer not to say,All Schools,prospects_support_syp,Services for Young People,Yes,15,190,7.9%,3.7%,16.1%,4.2%,8.2%,2023
Prefer not to say,All Schools,prospects_training,plan to training for a skilled job,Maybe,65,145,44.8%,32.8%,57.5%,12.0%,12.7%,2023
Prefer not to say,All Schools,prospects_training,plan to training for a skilled job,No,30,145,20.7%,12.3%,32.7%,8.4%,12.0%,2023
Prefer not to say,All Schools,prospects_training,plan to training for a skilled job,Yes,50,145,34.5%,23.6%,47.3%,10.9%,12.8%,2023
Prefer not to say,All Schools,religion,religion,Any other religion,5,185,2.7%,0.7%,9.3%,2.0%,6.6%,2023
Prefer not to say,All Schools,religion,religion,Buddhist,0,185,0.0%,0.0%,4.9%,0.0%,4.9%,2023
Prefer not to say,All Schools,religion,religion,Christian,30,185,16.2%,9.5%,26.2%,6.7%,10.0%,2023
Prefer not to say,All Schools,religion,religion,Hindu,0,185,0.0%,0.0%,4.9%,0.0%,4.9%,2023
Prefer not to say,All Schools,religion,religion,Muslim,5,185,2.7%,0.7%,9.3%,2.0%,6.6%,2023
Prefer not to say,All Schools,religion,religion,No religion,80,185,43.2%,32.6%,54.6%,10.6%,11.3%,2023
Prefer not to say,All Schools,religion,religion,Prefer not to say,60,185,32.4%,22.9%,43.7%,9.5%,11.3%,2023
Prefer not to say,All Schools,religion,religion,Sikh,5,185,2.7%,0.7%,9.3%,2.0%,6.6%,2023
Prefer not to say,All Schools,safety_dark,going out after dark,Neither safe or unsafe,60,180,33.3%,23.6%,44.8%,9.8%,11.5%,2023
Prefer not to say,All Schools,safety_dark,going out after dark,Safe,35,180,19.4%,12.0%,30.0%,7.5%,10.6%,2023
Prefer not to say,All Schools,safety_dark,going out after dark,Unsafe,85,180,47.2%,36.2%,58.6%,11.1%,11.3%,2023
Prefer not to say,All Schools,safety_day,going out during the day,Neither safe or unsafe,75,180,41.7%,31.0%,53.2%,10.7%,11.5%,2023
Prefer not to say,All Schools,safety_day,going out during the day,Safe,85,180,47.2%,36.2%,58.6%,11.1%,11.3%,2023
Prefer not to say,All Schools,safety_day,going out during the day,Unsafe,20,180,11.1%,5.7%,20.4%,5.4%,9.3%,2023
Prefer not to say,All Schools,safety_journey,going to and from school,Neither safe or unsafe,70,175,40.0%,29.4%,51.7%,10.6%,11.7%,2023
Prefer not to say,All Schools,safety_journey,going to and from school,Safe,90,175,51.4%,40.0%,62.7%,11.4%,11.3%,2023
Prefer not to say,All Schools,safety_journey,going to and from school,Unsafe,15,175,8.6%,4.0%,17.4%,4.6%,8.9%,2023
Prefer not to say,All Schools,safety_school,at school,Neither safe or unsafe,60,180,33.3%,23.6%,44.8%,9.8%,11.5%,2023
Prefer not to say,All Schools,safety_school,at school,Safe,95,180,52.8%,41.4%,63.8%,11.3%,11.1%,2023
Prefer not to say,All Schools,safety_school,at school,Unsafe,25,180,13.9%,7.7%,23.7%,6.2%,9.8%,2023
Prefer not to say,All Schools,school_supported,felt supported by their school and that they were offered help when having difficulties,No,25,80,31.2%,18.0%,48.5%,13.3%,17.3%,2023
Prefer not to say,All Schools,school_supported,felt supported by their school and that they were offered help when having difficulties,Not sure,25,80,31.2%,18.0%,48.5%,13.3%,17.3%,2023
Prefer not to say,All Schools,school_supported,felt supported by their school and that they were offered help when having difficulties,Prefer not to say,15,80,18.8%,8.9%,35.3%,9.8%,16.5%,2023
Prefer not to say,All Schools,school_supported,felt supported by their school and that they were offered help when having difficulties,Yes,15,80,18.8%,8.9%,35.3%,9.8%,16.5%,2023
Prefer not to say,All Schools,schoolsupp_academic,they find their school is supportive of their learning and education,No,30,175,17.1%,10.1%,27.6%,7.0%,10.4%,2023
Prefer not to say,All Schools,schoolsupp_academic,they find their school is supportive of their learning and education,Not sure,10,175,5.7%,2.2%,13.8%,3.5%,8.0%,2023
Prefer not to say,All Schools,schoolsupp_academic,they find their school is supportive of their learning and education,Somewhat,55,175,31.4%,21.8%,43.0%,9.6%,11.6%,2023
Prefer not to say,All Schools,schoolsupp_academic,they find their school is supportive of their learning and education,Yes,80,175,45.7%,34.6%,57.3%,11.1%,11.6%,2023
Prefer not to say,All Schools,schoolsupp_wellbeing,they find their school is supportive of their emotional health and wellbeing,No,50,180,27.8%,18.8%,39.0%,9.0%,11.2%,2023
Prefer not to say,All Schools,schoolsupp_wellbeing,they find their school is supportive of their emotional health and wellbeing,Not sure,20,180,11.1%,5.7%,20.4%,5.4%,9.3%,2023
Prefer not to say,All Schools,schoolsupp_wellbeing,they find their school is supportive of their emotional health and wellbeing,Somewhat,65,180,36.1%,26.0%,47.6%,10.1%,11.5%,2023
Prefer not to say,All Schools,schoolsupp_wellbeing,they find their school is supportive of their emotional health and wellbeing,Yes,45,180,25.0%,16.5%,36.1%,8.5%,11.1%,2023
Prefer not to say,All Schools,schyear,school year,Not at school/other,5,185,2.7%,0.7%,9.3%,2.0%,6.6%,2023
Prefer not to say,All Schools,schyear,school year,Year 10,35,185,18.9%,11.6%,29.3%,7.3%,10.3%,2023
Prefer not to say,All Schools,schyear,school year,Year 11,20,185,10.8%,5.6%,19.9%,5.2%,9.1%,2023
Prefer not to say,All Schools,schyear,school year,Year 12,15,185,8.1%,3.8%,16.6%,4.3%,8.4%,2023
Prefer not to say,All Schools,schyear,school year,Year 13,10,185,5.4%,2.1%,13.1%,3.3%,7.7%,2023
Prefer not to say,All Schools,schyear,school year,Year 7,30,185,16.2%,9.5%,26.2%,6.7%,10.0%,2023
Prefer not to say,All Schools,schyear,school year,Year 8,40,185,21.6%,13.8%,32.2%,7.8%,10.6%,2023
Prefer not to say,All Schools,schyear,school year,Year 9,30,185,16.2%,9.5%,26.2%,6.7%,10.0%,2023
Prefer not to say,All Schools,selfharm_ever,ever self-harmed,No,75,170,44.1%,33.0%,55.9%,11.1%,11.8%,2023
Prefer not to say,All Schools,selfharm_ever,ever self-harmed,Prefer not to say,60,170,35.3%,25.0%,47.1%,10.3%,11.8%,2023
Prefer not to say,All Schools,selfharm_ever,ever self-harmed,Yes,35,170,20.6%,12.7%,31.6%,7.9%,11.0%,2023
Prefer not to say,All Schools,sexuality,sexual orientation,Bisexual,15,190,7.9%,3.7%,16.1%,4.2%,8.2%,2023
Prefer not to say,All Schools,sexuality,sexual orientation,Heterosexual/Straight,25,190,13.2%,7.3%,22.5%,5.8%,9.4%,2023
Prefer not to say,All Schools,sexuality,sexual orientation,Homosexual/Gay Male,0,190,0.0%,0.0%,4.8%,0.0%,4.8%,2023
Prefer not to say,All Schools,sexuality,sexual orientation,Homosexual/Lesbian,10,190,5.3%,2.1%,12.7%,3.2%,7.5%,2023
Prefer not to say,All Schools,sexuality,sexual orientation,Other,10,190,5.3%,2.1%,12.7%,3.2%,7.5%,2023
Prefer not to say,All Schools,sexuality,sexual orientation,Prefer not to say,105,190,55.3%,44.1%,65.9%,11.1%,10.6%,2023
Prefer not to say,All Schools,sexuality,sexual orientation,Questioning,10,190,5.3%,2.1%,12.7%,3.2%,7.5%,2023
Prefer not to say,All Schools,sexuality,sexual orientation,Unsure,15,190,7.9%,3.7%,16.1%,4.2%,8.2%,2023
Prefer not to say,All Schools,sh_16,Most 16 year olds have not had sex,Agree,25,75,33.3%,19.3%,51.2%,14.1%,17.8%,2023
Prefer not to say,All Schools,sh_16,Most 16 year olds have not had sex,Disagree,15,75,20.0%,9.5%,37.3%,10.5%,17.3%,2023
Prefer not to say,All Schools,sh_16,Most 16 year olds have not had sex,Not sure,35,75,46.7%,30.3%,63.8%,16.4%,17.1%,2023
Prefer not to say,All Schools,sh_access,they know how to access sexual health services?,No,55,175,31.4%,21.8%,43.0%,9.6%,11.6%,2023
Prefer not to say,All Schools,sh_access,they know how to access sexual health services?,Not sure,70,175,40.0%,29.4%,51.7%,10.6%,11.7%,2023
Prefer not to say,All Schools,sh_access,they know how to access sexual health services?,Yes,50,175,28.6%,19.3%,40.0%,9.2%,11.4%,2023
Prefer not to say,All Schools,sh_condoms,Using condoms is necessary to prevent sexually transmitted infections and unplanned pregnancies,Agree,50,70,71.4%,53.0%,84.7%,18.4%,13.3%,2023
Prefer not to say,All Schools,sh_condoms,Using condoms is necessary to prevent sexually transmitted infections and unplanned pregnancies,Disagree,5,70,7.1%,2.0%,22.6%,5.2%,15.4%,2023
Prefer not to say,All Schools,sh_condoms,Using condoms is necessary to prevent sexually transmitted infections and unplanned pregnancies,Not sure,15,70,21.4%,10.2%,39.5%,11.2%,18.1%,2023
Prefer not to say,All Schools,sh_condomsti,"If you have sex without a condom, you should get an STI test.",Agree,50,75,66.7%,48.8%,80.7%,17.8%,14.1%,2023
Prefer not to say,All Schools,sh_condomsti,"If you have sex without a condom, you should get an STI test.",Disagree,5,75,6.7%,1.9%,21.3%,4.8%,14.6%,2023
Prefer not to say,All Schools,sh_condomsti,"If you have sex without a condom, you should get an STI test.",Not sure,20,75,26.7%,14.2%,44.4%,12.5%,17.7%,2023
Prefer not to say,All Schools,sh_pregnancy,Getting pregnant or getting someone else pregnant now would negatively affect my future plans,Agree,55,80,68.8%,51.5%,82.0%,17.3%,13.3%,2023
Prefer not to say,All Schools,sh_pregnancy,Getting pregnant or getting someone else pregnant now would negatively affect my future plans,Disagree,5,80,6.2%,1.7%,20.1%,4.5%,13.8%,2023
Prefer not to say,All Schools,sh_pregnancy,Getting pregnant or getting someone else pregnant now would negatively affect my future plans,Not sure,20,80,25.0%,13.3%,42.1%,11.7%,17.1%,2023
Prefer not to say,All Schools,sh_pressure,There is pressure on young people to have sex,Agree,25,75,33.3%,19.3%,51.2%,14.1%,17.8%,2023
Prefer not to say,All Schools,sh_pressure,There is pressure on young people to have sex,Disagree,15,75,20.0%,9.5%,37.3%,10.5%,17.3%,2023
Prefer not to say,All Schools,sh_pressure,There is pressure on young people to have sex,Not sure,35,75,46.7%,30.3%,63.8%,16.4%,17.1%,2023
Prefer not to say,All Schools,sh_schooled,I think the quality of the relationships and sex education I receive at school is good.,Agree,25,80,31.2%,18.0%,48.5%,13.3%,17.3%,2023
Prefer not to say,All Schools,sh_schooled,I think the quality of the relationships and sex education I receive at school is good.,Disagree,15,80,18.8%,8.9%,35.3%,9.8%,16.5%,2023
Prefer not to say,All Schools,sh_schooled,I think the quality of the relationships and sex education I receive at school is good.,Not sure,40,80,50.0%,33.7%,66.3%,16.3%,16.3%,2023
Prefer not to say,All Schools,sh_serious,Being in a serious/long-term relationship before having sex is important,Agree,30,75,40.0%,24.6%,57.6%,15.4%,17.6%,2023
Prefer not to say,All Schools,sh_serious,Being in a serious/long-term relationship before having sex is important,Disagree,10,75,13.3%,5.3%,29.6%,8.0%,16.3%,2023
Prefer not to say,All Schools,sh_serious,Being in a serious/long-term relationship before having sex is important,Not sure,35,75,46.7%,30.3%,63.8%,16.4%,17.1%,2023
Prefer not to say,All Schools,sh_support,their preferable source of support to get contraception or a test for Sexually Transmitted Infection (STI),Doctor,25,155,16.1%,9.0%,27.2%,7.1%,11.0%,2023
Prefer not to say,All Schools,sh_support,their preferable source of support to get contraception or a test for Sexually Transmitted Infection (STI),Helpline,5,155,3.2%,0.9%,11.0%,2.3%,7.8%,2023
Prefer not to say,All Schools,sh_support,their preferable source of support to get contraception or a test for Sexually Transmitted Infection (STI),Online (e.g. Sexwise website),5,155,3.2%,0.9%,11.0%,2.3%,7.8%,2023
Prefer not to say,All Schools,sh_support,their preferable source of support to get contraception or a test for Sexually Transmitted Infection (STI),Other,15,155,9.7%,4.5%,19.5%,5.2%,9.8%,2023
Prefer not to say,All Schools,sh_support,their preferable source of support to get contraception or a test for Sexually Transmitted Infection (STI),Pharmacy,15,155,9.7%,4.5%,19.5%,5.2%,9.8%,2023
Prefer not to say,All Schools,sh_support,their preferable source of support to get contraception or a test for Sexually Transmitted Infection (STI),Prefer not to say,65,155,41.9%,30.5%,54.3%,11.4%,12.4%,2023
Prefer not to say,All Schools,sh_support,their preferable source of support to get contraception or a test for Sexually Transmitted Infection (STI),School/College,5,155,3.2%,0.9%,11.0%,2.3%,7.8%,2023
Prefer not to say,All Schools,sh_support,their preferable source of support to get contraception or a test for Sexually Transmitted Infection (STI),Sexual health clinic,20,155,12.9%,6.7%,23.4%,6.2%,10.5%,2023
Prefer not to say,All Schools,sh_support,their preferable source of support to get contraception or a test for Sexually Transmitted Infection (STI),Youth Worker/Service,0,155,0.0%,0.0%,5.8%,0.0%,5.8%,2023
Prefer not to say,All Schools,sh_wait,It is fine to wait to have sex,Agree,60,75,80.0%,62.7%,90.5%,17.3%,10.5%,2023
Prefer not to say,All Schools,sh_wait,It is fine to wait to have sex,Disagree,0,75,0.0%,0.0%,11.3%,0.0%,11.3%,2023
Prefer not to say,All Schools,sh_wait,It is fine to wait to have sex,Not sure,15,75,20.0%,9.5%,37.3%,10.5%,17.3%,2023
Prefer not to say,All Schools,shinfo_clinic,sexual health clinics,No,190,190,100.0%,95.2%,100.0%,4.8%,0.0%,2023
Prefer not to say,All Schools,shinfo_doctor,health professionals,No,180,190,94.7%,87.3%,97.9%,7.5%,3.2%,2023
Prefer not to say,All Schools,shinfo_doctor,health professionals,Yes,10,190,5.3%,2.1%,12.7%,3.2%,7.5%,2023
Prefer not to say,All Schools,shinfo_friends,friends,No,150,185,81.1%,70.7%,88.4%,10.3%,7.3%,2023
Prefer not to say,All Schools,shinfo_friends,friends,Yes,35,185,18.9%,11.6%,29.3%,7.3%,10.3%,2023
Prefer not to say,All Schools,shinfo_healthsite,healthcare websites,No,175,190,92.1%,83.9%,96.3%,8.2%,4.2%,2023
Prefer not to say,All Schools,shinfo_healthsite,healthcare websites,Yes,15,190,7.9%,3.7%,16.1%,4.2%,8.2%,2023
Prefer not to say,All Schools,shinfo_helpline,telephone helplines,No,185,185,100.0%,95.1%,100.0%,4.9%,0.0%,2023
Prefer not to say,All Schools,shinfo_helpline,telephone helplines,Yes,0,185,0.0%,0.0%,4.9%,0.0%,4.9%,2023
Prefer not to say,All Schools,shinfo_media,media,No,165,190,86.8%,77.5%,92.7%,9.4%,5.8%,2023
Prefer not to say,All Schools,shinfo_media,media,Yes,25,190,13.2%,7.3%,22.5%,5.8%,9.4%,2023
Prefer not to say,All Schools,shinfo_other,other,No,165,190,86.8%,77.5%,92.7%,9.4%,5.8%,2023
Prefer not to say,All Schools,shinfo_other,other,Yes,25,190,13.2%,7.3%,22.5%,5.8%,9.4%,2023
Prefer not to say,All Schools,shinfo_parents,parents,No,145,190,76.3%,65.7%,84.4%,10.6%,8.1%,2023
Prefer not to say,All Schools,shinfo_parents,parents,Yes,45,190,23.7%,15.6%,34.3%,8.1%,10.6%,2023
Prefer not to say,All Schools,shinfo_porn,pornography,No,185,190,97.4%,90.9%,99.3%,6.4%,1.9%,2023
Prefer not to say,All Schools,shinfo_porn,pornography,Yes,5,190,2.6%,0.7%,9.1%,1.9%,6.4%,2023
Prefer not to say,All Schools,shinfo_poster,"posters, leaflets, reference books",No,180,190,94.7%,87.3%,97.9%,7.5%,3.2%,2023
Prefer not to say,All Schools,shinfo_poster,"posters, leaflets, reference books",Yes,10,190,5.3%,2.1%,12.7%,3.2%,7.5%,2023
Prefer not to say,All Schools,shinfo_relations,siblings or relatives,No,180,190,94.7%,87.3%,97.9%,7.5%,3.2%,2023
Prefer not to say,All Schools,shinfo_relations,siblings or relatives,Yes,10,190,5.3%,2.1%,12.7%,3.2%,7.5%,2023
Prefer not to say,All Schools,shinfo_school,school,No,115,190,60.5%,49.3%,70.7%,11.2%,10.2%,2023
Prefer not to say,All Schools,shinfo_school,school,Yes,75,190,39.5%,29.3%,50.7%,10.2%,11.2%,2023
Prefer not to say,All Schools,shinfo_yw,Youth Workers,No,185,190,97.4%,90.9%,99.3%,6.4%,1.9%,2023
Prefer not to say,All Schools,shinfo_yw,Youth Workers,Yes,5,190,2.6%,0.7%,9.1%,1.9%,6.4%,2023
Prefer not to say,All Schools,skipschool_appointments,medical/dental appointments,No,110,190,57.9%,46.7%,68.3%,11.2%,10.4%,2023
Prefer not to say,All Schools,skipschool_appointments,medical/dental appointments,Yes,80,190,42.1%,31.7%,53.3%,10.4%,11.2%,2023
Prefer not to say,All Schools,skipschool_care,caring for family,No,180,190,94.7%,87.3%,97.9%,7.5%,3.2%,2023
Prefer not to say,All Schools,skipschool_care,caring for family,Yes,10,190,5.3%,2.1%,12.7%,3.2%,7.5%,2023
Prefer not to say,All Schools,skipschool_illness,illness/injury unrelated to COVID-19,No,90,190,47.4%,36.6%,58.4%,10.8%,11.0%,2023
Prefer not to say,All Schools,skipschool_illness,illness/injury unrelated to COVID-19,Yes,100,190,52.6%,41.6%,63.4%,11.0%,10.8%,2023
Prefer not to say,All Schools,skipschool_mentalhealth,mental health reasons,No,155,190,81.6%,71.5%,88.7%,10.1%,7.1%,2023
Prefer not to say,All Schools,skipschool_mentalhealth,mental health reasons,Yes,35,190,18.4%,11.3%,28.5%,7.1%,10.1%,2023
Prefer not to say,All Schools,skipschool_na,other reasons,No,170,190,89.5%,80.6%,94.6%,8.9%,5.1%,2023
Prefer not to say,All Schools,skipschool_na,other reasons,Yes,20,190,10.5%,5.4%,19.4%,5.1%,8.9%,2023
Prefer not to say,All Schools,skipschool_trips,holiday,No,155,185,83.8%,73.8%,90.5%,10.0%,6.7%,2023
Prefer not to say,All Schools,skipschool_trips,holiday,Yes,30,185,16.2%,9.5%,26.2%,6.7%,10.0%,2023
Prefer not to say,All Schools,skipschool_worriesbully,bullying,No,175,190,92.1%,83.9%,96.3%,8.2%,4.2%,2023
Prefer not to say,All Schools,skipschool_worriesbully,bullying,Yes,15,190,7.9%,3.7%,16.1%,4.2%,8.2%,2023
Prefer not to say,All Schools,skipschool_worriesschool,worries about schoolwork,No,165,190,86.8%,77.5%,92.7%,9.4%,5.8%,2023
Prefer not to say,All Schools,skipschool_worriesschool,worries about schoolwork,Yes,25,190,13.2%,7.3%,22.5%,5.8%,9.4%,2023
Prefer not to say,All Schools,sleep_falling,had problems falling asleep,No,190,190,100.0%,95.2%,100.0%,4.8%,0.0%,2023
Prefer not to say,All Schools,sleep_none,had no problems with sleep,No,190,190,100.0%,95.2%,100.0%,4.8%,0.0%,2023
Prefer not to say,All Schools,sleep_wakingearly,had problems waking up early,No,190,190,100.0%,95.2%,100.0%,4.8%,0.0%,2023
Prefer not to say,All Schools,sleep_wakingnight,had problems waking up at night,No,190,190,100.0%,95.2%,100.0%,4.8%,0.0%,2023
Prefer not to say,All Schools,solvents_exp,solvents as drugs,No,185,190,97.4%,90.9%,99.3%,6.4%,1.9%,2023
Prefer not to say,All Schools,solvents_exp,solvents as drugs,Yes,5,190,2.6%,0.7%,9.1%,1.9%,6.4%,2023
Prefer not to say,All Schools,solvents_offered,solvents as drugs,No,185,190,97.4%,90.9%,99.3%,6.4%,1.9%,2023
Prefer not to say,All Schools,solvents_offered,solvents as drugs,Yes,5,190,2.6%,0.7%,9.1%,1.9%,6.4%,2023
Prefer not to say,All Schools,std_chlamydia,chlamydia,I have heard of it but know nothing about it,60,160,37.5%,26.7%,49.7%,10.8%,12.2%,2023
Prefer not to say,All Schools,std_chlamydia,chlamydia,I have never heard of it,65,160,40.6%,29.5%,52.8%,11.1%,12.2%,2023
Prefer not to say,All Schools,std_chlamydia,chlamydia,It can be both treated and cured,20,160,12.5%,6.5%,22.7%,6.0%,10.2%,2023
Prefer not to say,All Schools,std_chlamydia,chlamydia,It can be treated but not cured,15,160,9.4%,4.4%,18.9%,5.0%,9.6%,2023
Prefer not to say,All Schools,std_gono,gonorrhoea,I have heard of it but know nothing about it,65,165,39.4%,28.5%,51.4%,10.9%,12.0%,2023
Prefer not to say,All Schools,std_gono,gonorrhoea,I have never heard of it,60,165,36.4%,25.8%,48.4%,10.5%,12.0%,2023
Prefer not to say,All Schools,std_gono,gonorrhoea,It can be both treated and cured,30,165,18.2%,10.7%,29.1%,7.4%,10.9%,2023
Prefer not to say,All Schools,std_gono,gonorrhoea,It can be treated but not cured,10,165,6.1%,2.4%,14.5%,3.7%,8.5%,2023
Prefer not to say,All Schools,std_hiv,HIV,I have heard of it but know nothing about it,50,165,30.3%,20.6%,42.2%,9.7%,11.9%,2023
Prefer not to say,All Schools,std_hiv,HIV,I have never heard of it,45,165,27.3%,18.0%,39.0%,9.2%,11.7%,2023
Prefer not to say,All Schools,std_hiv,HIV,It can be both treated and cured,15,165,9.1%,4.2%,18.4%,4.8%,9.3%,2023
Prefer not to say,All Schools,std_hiv,HIV,It can be treated but not cured,55,165,33.3%,23.2%,45.3%,10.2%,12.0%,2023
Prefer not to say,All Schools,std_syphilis,syphilis,I have heard of it but know nothing about it,65,165,39.4%,28.5%,51.4%,10.9%,12.0%,2023
Prefer not to say,All Schools,std_syphilis,syphilis,I have never heard of it,70,165,42.4%,31.3%,54.4%,11.2%,12.0%,2023
Prefer not to say,All Schools,std_syphilis,syphilis,It can be both treated and cured,20,165,12.1%,6.3%,22.1%,5.8%,10.0%,2023
Prefer not to say,All Schools,std_syphilis,syphilis,It can be treated but not cured,10,165,6.1%,2.4%,14.5%,3.7%,8.5%,2023
Prefer not to say,All Schools,steroids_exp,muscle-building steroids,No,185,190,97.4%,90.9%,99.3%,6.4%,1.9%,2023
Prefer not to say,All Schools,steroids_exp,muscle-building steroids,Yes,5,190,2.6%,0.7%,9.1%,1.9%,6.4%,2023
Prefer not to say,All Schools,steroids_offered,muscle-building steroids,No,185,190,97.4%,90.9%,99.3%,6.4%,1.9%,2023
Prefer not to say,All Schools,steroids_offered,muscle-building steroids,Yes,5,190,2.6%,0.7%,9.1%,1.9%,6.4%,2023
Prefer not to say,All Schools,survey_year,NA,2023,190,190,100.0%,95.2%,100.0%,4.8%,0.0%,2023
Prefer not to say,All Schools,vape_reduce,they want to reduce or stop vaping,I'd like to reduce the amount I vape but not stop,5,10,50.0%,15.1%,84.9%,34.9%,34.9%,2023
Prefer not to say,All Schools,vape_reduce,they want to reduce or stop vaping,"No, I want to keep vaping",5,10,50.0%,15.1%,84.9%,34.9%,34.9%,2023
Prefer not to say,All Schools,vape_worry,were worried about vaping,Not at all worried,5,10,50.0%,15.1%,84.9%,34.9%,34.9%,2023
Prefer not to say,All Schools,vape_worry,were worried about vaping,Not very worried,0,10,0.0%,0.0%,48.8%,0.0%,48.8%,2023
Prefer not to say,All Schools,vape_worry,were worried about vaping,Prefer not to say,5,10,50.0%,15.1%,84.9%,34.9%,34.9%,2023
Prefer not to say,All Schools,vape_worry,were worried about vaping,Very worried,0,10,0.0%,0.0%,48.8%,0.0%,48.8%,2023
Prefer not to say,All Schools,vaping,the statement that best describes them regarding vaping/e-cigarettes,I have never vaped,155,180,86.1%,76.3%,92.3%,9.8%,6.2%,2023
Prefer not to say,All Schools,vaping,the statement that best describes them regarding vaping/e-cigarettes,I have vaped once or twice,10,180,5.6%,2.2%,13.4%,3.4%,7.8%,2023
Prefer not to say,All Schools,vaping,the statement that best describes them regarding vaping/e-cigarettes,"I used to vape, but I don’t now",5,180,2.8%,0.8%,9.5%,2.0%,6.8%,2023
Prefer not to say,All Schools,vaping,the statement that best describes them regarding vaping/e-cigarettes,I vape occasionally (less than once a week),5,180,2.8%,0.8%,9.5%,2.0%,6.8%,2023
Prefer not to say,All Schools,vaping,the statement that best describes them regarding vaping/e-cigarettes,I vape regularly (once a week or more),5,180,2.8%,0.8%,9.5%,2.0%,6.8%,2023
Prefer not to say,All Schools,views_listened_school,feels that their views are listened to at school,No,55,175,31.4%,21.8%,43.0%,9.6%,11.6%,2023
Prefer not to say,All Schools,views_listened_school,feels that their views are listened to at school,Sometimes,90,175,51.4%,40.0%,62.7%,11.4%,11.3%,2023
Prefer not to say,All Schools,views_listened_school,feels that their views are listened to at school,Yes,30,175,17.1%,10.1%,27.6%,7.0%,10.4%,2023
Prefer not to say,All Schools,violence_involved,have been involved in a violent incident in the past year,No,110,175,62.9%,51.2%,73.2%,11.7%,10.3%,2023
Prefer not to say,All Schools,violence_involved,have been involved in a violent incident in the past year,Prefer not to say,45,175,25.7%,16.9%,37.0%,8.8%,11.3%,2023
Prefer not to say,All Schools,violence_involved,have been involved in a violent incident in the past year,"Yes, I was the victim",10,175,5.7%,2.2%,13.8%,3.5%,8.0%,2023
Prefer not to say,All Schools,violence_involved,have been involved in a violent incident in the past year,"Yes, but I wasn't the victim",10,175,5.7%,2.2%,13.8%,3.5%,8.0%,2023
Prefer not to say,All Schools,violence_weapon_involved,have been involved in a violent incident where a weapon was used or threatened in the past year,No,130,175,74.3%,63.0%,83.1%,11.3%,8.8%,2023
Prefer not to say,All Schools,violence_weapon_involved,have been involved in a violent incident where a weapon was used or threatened in the past year,Prefer not to say,35,175,20.0%,12.3%,30.8%,7.7%,10.8%,2023
Prefer not to say,All Schools,violence_weapon_involved,have been involved in a violent incident where a weapon was used or threatened in the past year,"Yes, I was the victim",5,175,2.9%,0.8%,9.8%,2.1%,6.9%,2023
Prefer not to say,All Schools,violence_weapon_involved,have been involved in a violent incident where a weapon was used or threatened in the past year,"Yes, but I wasn't the victim",5,175,2.9%,0.8%,9.8%,2.1%,6.9%,2023
Prefer not to say,All Schools,worry_bully,bullying,No,135,190,71.1%,60.1%,80.0%,11.0%,9.0%,2023
Prefer not to say,All Schools,worry_bully,bullying,Yes,55,190,28.9%,20.0%,39.9%,9.0%,11.0%,2023
Prefer not to say,All Schools,worry_crime,local crime,No,165,190,86.8%,77.5%,92.7%,9.4%,5.8%,2023
Prefer not to say,All Schools,worry_crime,local crime,Yes,25,190,13.2%,7.3%,22.5%,5.8%,9.4%,2023
Prefer not to say,All Schools,worry_drugsalcohol,drugs/alcohol,No,165,190,86.8%,77.5%,92.7%,9.4%,5.8%,2023
Prefer not to say,All Schools,worry_drugsalcohol,drugs/alcohol,Yes,25,190,13.2%,7.3%,22.5%,5.8%,9.4%,2023
Prefer not to say,All Schools,worry_environment,the environment,No,130,190,68.4%,57.3%,77.7%,11.1%,9.3%,2023
Prefer not to say,All Schools,worry_environment,the environment,Yes,60,190,31.6%,22.3%,42.7%,9.3%,11.1%,2023
Prefer not to say,All Schools,worry_family,family problems,No,140,190,73.7%,62.9%,82.3%,10.8%,8.6%,2023
Prefer not to say,All Schools,worry_family,family problems,Yes,50,190,26.3%,17.7%,37.1%,8.6%,10.8%,2023
Prefer not to say,All Schools,worry_friends,issues with friends,No,120,190,63.2%,52.0%,73.1%,11.2%,9.9%,2023
Prefer not to say,All Schools,worry_friends,issues with friends,Yes,70,190,36.8%,26.9%,48.0%,9.9%,11.2%,2023
Prefer not to say,All Schools,worry_future,future prospects,No,95,190,50.0%,39.1%,60.9%,10.9%,10.9%,2023
Prefer not to say,All Schools,worry_future,future prospects,Yes,95,190,50.0%,39.1%,60.9%,10.9%,10.9%,2023
Prefer not to say,All Schools,worry_gambling,gambling,No,180,190,94.7%,87.3%,97.9%,7.5%,3.2%,2023
Prefer not to say,All Schools,worry_gambling,gambling,Yes,10,190,5.3%,2.1%,12.7%,3.2%,7.5%,2023
Prefer not to say,All Schools,worry_incrime,getting involved in crime,No,160,190,84.2%,74.4%,90.7%,9.8%,6.5%,2023
Prefer not to say,All Schools,worry_incrime,getting involved in crime,Yes,30,190,15.8%,9.3%,25.6%,6.5%,9.8%,2023
Prefer not to say,All Schools,worry_lgbt,sexual orientation/identity,No,135,190,71.1%,60.1%,80.0%,11.0%,9.0%,2023
Prefer not to say,All Schools,worry_lgbt,sexual orientation/identity,Yes,55,190,28.9%,20.0%,39.9%,9.0%,11.0%,2023
Prefer not to say,All Schools,worry_lonely,feeling lonely,No,115,190,60.5%,49.3%,70.7%,11.2%,10.2%,2023
Prefer not to say,All Schools,worry_lonely,feeling lonely,Yes,75,190,39.5%,29.3%,50.7%,10.2%,11.2%,2023
Prefer not to say,All Schools,worry_look,their appearance,No,105,190,55.3%,44.1%,65.9%,11.1%,10.6%,2023
Prefer not to say,All Schools,worry_look,their appearance,Yes,85,190,44.7%,34.1%,55.9%,10.6%,11.1%,2023
Prefer not to say,All Schools,worry_mental,their mental health,No,105,190,55.3%,44.1%,65.9%,11.1%,10.6%,2023
Prefer not to say,All Schools,worry_mental,their mental health,Yes,85,190,44.7%,34.1%,55.9%,10.6%,11.1%,2023
Prefer not to say,All Schools,worry_money,money problems (including family finances),No,155,190,81.6%,71.5%,88.7%,10.1%,7.1%,2023
Prefer not to say,All Schools,worry_money,money problems (including family finances),Yes,35,190,18.4%,11.3%,28.5%,7.1%,10.1%,2023
Prefer not to say,All Schools,worry_phys,their physical health,No,130,185,70.3%,59.1%,79.5%,11.2%,9.2%,2023
Prefer not to say,All Schools,worry_phys,their physical health,Yes,55,185,29.7%,20.5%,40.9%,9.2%,11.2%,2023
Prefer not to say,All Schools,worry_racism,racism,No,150,190,78.9%,68.5%,86.6%,10.4%,7.6%,2023
Prefer not to say,All Schools,worry_racism,racism,Yes,40,190,21.1%,13.4%,31.5%,7.6%,10.4%,2023
Prefer not to say,All Schools,worry_relationships,relationships/sexual health,No,155,190,81.6%,71.5%,88.7%,10.1%,7.1%,2023
Prefer not to say,All Schools,worry_relationships,relationships/sexual health,Yes,35,190,18.4%,11.3%,28.5%,7.1%,10.1%,2023
Prefer not to say,All Schools,worry_school,schoolwork,No,100,190,52.6%,41.6%,63.4%,11.0%,10.8%,2023
Prefer not to say,All Schools,worry_school,schoolwork,Yes,90,190,47.4%,36.6%,58.4%,10.8%,11.0%,2023
Prefer not to say,All Schools,worry_socialmedia,social media,No,155,190,81.6%,71.5%,88.7%,10.1%,7.1%,2023
Prefer not to say,All Schools,worry_socialmedia,social media,Yes,35,190,18.4%,11.3%,28.5%,7.1%,10.1%,2023
Prefer not to say,All Schools,worry_treatboys,how women treat/speak to boys,No,160,190,84.2%,74.4%,90.7%,9.8%,6.5%,2023
Prefer not to say,All Schools,worry_treatboys,how women treat/speak to boys,Yes,30,190,15.8%,9.3%,25.6%,6.5%,9.8%,2023
Prefer not to say,All Schools,worry_treatgirls,how men treat/speak to girls,No,130,190,68.4%,57.3%,77.7%,11.1%,9.3%,2023
Prefer not to say,All Schools,worry_treatgirls,how men treat/speak to girls,Yes,60,190,31.6%,22.3%,42.7%,9.3%,11.1%,2023
Prefer not to say,All Schools,worry_violenceboys,harrassment/violence against boys,No,165,190,86.8%,77.5%,92.7%,9.4%,5.8%,2023
Prefer not to say,All Schools,worry_violenceboys,harrassment/violence against boys,Yes,25,190,13.2%,7.3%,22.5%,5.8%,9.4%,2023
Prefer not to say,All Schools,worry_violencegirls,harrassment/violence against girls,No,140,190,73.7%,62.9%,82.3%,10.8%,8.6%,2023
Prefer not to say,All Schools,worry_violencegirls,harrassment/violence against girls,Yes,50,190,26.3%,17.7%,37.1%,8.6%,10.8%,2023
Prefer not to say,All Schools,xanex_exp,Xanax,No,185,190,97.4%,90.9%,99.3%,6.4%,1.9%,2023
Prefer not to say,All Schools,xanex_exp,Xanax,Yes,5,190,2.6%,0.7%,9.1%,1.9%,6.4%,2023
Prefer not to say,All Schools,xanex_offered,Xanax,No,185,190,97.4%,90.9%,99.3%,6.4%,1.9%,2023
Prefer not to say,All Schools,xanex_offered,Xanax,Yes,5,190,2.6%,0.7%,9.1%,1.9%,6.4%,2023
Transgender,All Schools,age,Age,10,0,115,0.0%,0.0%,7.7%,0.0%,7.7%,2023
Transgender,All Schools,age,Age,11,10,115,8.7%,3.4%,20.3%,5.3%,11.6%,2023
Transgender,All Schools,age,Age,12,15,115,13.0%,6.1%,25.6%,6.9%,12.6%,2023
Transgender,All Schools,age,Age,13,20,115,17.4%,9.1%,30.7%,8.3%,13.3%,2023
Transgender,All Schools,age,Age,14,25,115,21.7%,12.3%,35.5%,9.5%,13.8%,2023
Transgender,All Schools,age,Age,15,15,115,13.0%,6.1%,25.6%,6.9%,12.6%,2023
Transgender,All Schools,age,Age,16,10,115,8.7%,3.4%,20.3%,5.3%,11.6%,2023
Transgender,All Schools,age,Age,17,15,115,13.0%,6.1%,25.6%,6.9%,12.6%,2023
Transgender,All Schools,age,Age,18,5,115,4.3%,1.2%,14.5%,3.1%,10.1%,2023
Transgender,All Schools,age,Age,19,0,115,0.0%,0.0%,7.7%,0.0%,7.7%,2023
Transgender,All Schools,age,Age,20,0,115,0.0%,0.0%,7.7%,0.0%,7.7%,2023
Transgender,All Schools,alcohol_6more,how often they have six or more drinks on one occasion,Daily or almost daily,15,60,25.0%,12.0%,44.8%,13.0%,19.8%,2023
Transgender,All Schools,alcohol_6more,how often they have six or more drinks on one occasion,Less than monthly,15,60,25.0%,12.0%,44.8%,13.0%,19.8%,2023
Transgender,All Schools,alcohol_6more,how often they have six or more drinks on one occasion,Monthly,5,60,8.3%,2.3%,25.8%,6.0%,17.5%,2023
Transgender,All Schools,alcohol_6more,how often they have six or more drinks on one occasion,Never,25,60,41.7%,24.5%,61.1%,17.2%,19.4%,2023
Transgender,All Schools,alcohol_6more,how often they have six or more drinks on one occasion,Weekly,0,60,0.0%,0.0%,13.7%,0.0%,13.7%,2023
Transgender,All Schools,alcohol_ever,how often they had an alcohol-containing drink in the past three months,2-3 times a week,0,120,0.0%,0.0%,7.4%,0.0%,7.4%,2023
Transgender,All Schools,alcohol_ever,how often they had an alcohol-containing drink in the past three months,2-4 times a month,10,120,8.3%,3.3%,19.5%,5.0%,11.2%,2023
Transgender,All Schools,alcohol_ever,how often they had an alcohol-containing drink in the past three months,4 or more times a week,15,120,12.5%,5.9%,24.7%,6.6%,12.2%,2023
Transgender,All Schools,alcohol_ever,how often they had an alcohol-containing drink in the past three months,Monthly or less,25,120,20.8%,11.7%,34.2%,9.1%,13.4%,2023
Transgender,All Schools,alcohol_ever,how often they had an alcohol-containing drink in the past three months,Never,70,120,58.3%,44.3%,71.1%,14.0%,12.8%,2023
Transgender,All Schools,alcohol_reduce,want to reduce or stop drinking,I'd like to reduce the amount I drink but not stop,10,55,18.2%,7.3%,38.5%,10.9%,20.3%,2023
Transgender,All Schools,alcohol_reduce,want to reduce or stop drinking,"No, I want to keep drinking alcohol",35,55,63.6%,43.0%,80.2%,20.6%,16.6%,2023
Transgender,All Schools,alcohol_reduce,want to reduce or stop drinking,"Yes, I'd like to stop drinking alcohol",10,55,18.2%,7.3%,38.5%,10.9%,20.3%,2023
Transgender,All Schools,amphetamine_offered,amphetamines,No,110,125,88.0%,76.2%,94.4%,11.8%,6.4%,2023
Transgender,All Schools,amphetamine_offered,amphetamines,Yes,15,125,12.0%,5.6%,23.8%,6.4%,11.8%,2023
Transgender,All Schools,amphetamines_exp,amphetamines,No,115,125,92.0%,81.2%,96.8%,10.8%,4.8%,2023
Transgender,All Schools,amphetamines_exp,amphetamines,Yes,10,125,8.0%,3.2%,18.8%,4.8%,10.8%,2023
Transgender,All Schools,bullied,have ever been bullied or picked on,No,40,125,32.0%,20.8%,45.8%,11.2%,13.8%,2023
Transgender,All Schools,bullied,have ever been bullied or picked on,Yes,85,125,68.0%,54.2%,79.2%,13.8%,11.2%,2023
Transgender,All Schools,bullied_currently,are currently being bullied or picked on,No,50,85,58.8%,42.3%,73.6%,16.6%,14.8%,2023
Transgender,All Schools,bullied_currently,are currently being bullied or picked on,Prefer not to say,15,85,17.6%,8.4%,33.5%,9.3%,15.8%,2023
Transgender,All Schools,bullied_currently,are currently being bullied or picked on,Yes,20,85,23.5%,12.5%,39.9%,11.1%,16.4%,2023
Transgender,All Schools,bullied_internet,they have been bullied online,No,100,125,80.0%,67.0%,88.7%,13.0%,8.7%,2023
Transgender,All Schools,bullied_internet,they have been bullied online,Yes,25,125,20.0%,11.3%,33.0%,8.7%,13.0%,2023
Transgender,All Schools,bullied_none,have no experiences with bullying,No,100,125,80.0%,67.0%,88.7%,13.0%,8.7%,2023
Transgender,All Schools,bullied_none,have no experiences with bullying,Yes,25,125,20.0%,11.3%,33.0%,8.7%,13.0%,2023
Transgender,All Schools,bullied_others,have ever bullied or picked on someone else,No,95,125,76.0%,62.6%,85.7%,13.4%,9.7%,2023
Transgender,All Schools,bullied_others,have ever bullied or picked on someone else,Yes,30,125,24.0%,14.3%,37.4%,9.7%,13.4%,2023
Transgender,All Schools,bullied_outschool,they have been bullied somewhere other than school,No,95,125,76.0%,62.6%,85.7%,13.4%,9.7%,2023
Transgender,All Schools,bullied_outschool,they have been bullied somewhere other than school,Yes,30,125,24.0%,14.3%,37.4%,9.7%,13.4%,2023
Transgender,All Schools,bullied_prefer_not_say,would prefer not to respond about their experiences with bullying,No,110,120,91.7%,80.5%,96.7%,11.2%,5.0%,2023
Transgender,All Schools,bullied_prefer_not_say,would prefer not to respond about their experiences with bullying,Yes,10,120,8.3%,3.3%,19.5%,5.0%,11.2%,2023
Transgender,All Schools,bullied_school,they have been bullied at school,No,45,125,36.0%,24.2%,49.8%,11.8%,13.8%,2023
Transgender,All Schools,bullied_school,they have been bullied at school,Yes,80,125,64.0%,50.2%,75.8%,13.8%,11.8%,2023
Transgender,All Schools,buyalc_friend,from a friend or relative,No,90,120,75.0%,61.3%,85.1%,13.7%,10.1%,2023
Transgender,All Schools,buyalc_friend,from a friend or relative,Yes,30,120,25.0%,14.9%,38.7%,10.1%,13.7%,2023
Transgender,All Schools,buyalc_home,from home,No,95,125,76.0%,62.6%,85.7%,13.4%,9.7%,2023
Transgender,All Schools,buyalc_home,from home,Yes,30,125,24.0%,14.3%,37.4%,9.7%,13.4%,2023
Transgender,All Schools,buyalc_internet,from the internet,No,110,125,88.0%,76.2%,94.4%,11.8%,6.4%,2023
Transgender,All Schools,buyalc_internet,from the internet,Yes,15,125,12.0%,5.6%,23.8%,6.4%,11.8%,2023
Transgender,All Schools,buyalc_other,from another place,No,110,125,88.0%,76.2%,94.4%,11.8%,6.4%,2023
Transgender,All Schools,buyalc_other,from another place,Yes,15,125,12.0%,5.6%,23.8%,6.4%,11.8%,2023
Transgender,All Schools,buyalc_pubbar,from a pub/bar,No,110,125,88.0%,76.2%,94.4%,11.8%,6.4%,2023
Transgender,All Schools,buyalc_pubbar,from a pub/bar,Yes,15,125,12.0%,5.6%,23.8%,6.4%,11.8%,2023
Transgender,All Schools,buyalc_smallshop,from a small shop/off-licence,No,110,125,88.0%,76.2%,94.4%,11.8%,6.4%,2023
Transgender,All Schools,buyalc_smallshop,from a small shop/off-licence,Yes,15,125,12.0%,5.6%,23.8%,6.4%,11.8%,2023
Transgender,All Schools,buyalc_supermarket,from a supermarket,No,110,125,88.0%,76.2%,94.4%,11.8%,6.4%,2023
Transgender,All Schools,buyalc_supermarket,from a supermarket,Yes,15,125,12.0%,5.6%,23.8%,6.4%,11.8%,2023
Transgender,All Schools,buycig_friend,from a friend or relative,No,125,125,100.0%,92.9%,100.0%,7.1%,0.0%,2023
Transgender,All Schools,buycig_internet,from the internet,No,125,125,100.0%,92.9%,100.0%,7.1%,0.0%,2023
Transgender,All Schools,buycig_other,from another place,No,125,125,100.0%,92.9%,100.0%,7.1%,0.0%,2023
Transgender,All Schools,buycig_pubbar,from a pub/bar,No,125,125,100.0%,92.9%,100.0%,7.1%,0.0%,2023
Transgender,All Schools,buycig_smallshop,from a small shop/off-licence,No,125,125,100.0%,92.9%,100.0%,7.1%,0.0%,2023
Transgender,All Schools,buycig_supermarket,from a supermarket,No,125,125,100.0%,92.9%,100.0%,7.1%,0.0%,2023
Transgender,All Schools,buydrug_bar,pubs/bars/clubs,No,115,120,95.8%,86.1%,98.8%,9.8%,3.0%,2023
Transgender,All Schools,buydrug_bar,pubs/bars/clubs,Yes,5,120,4.2%,1.2%,13.9%,3.0%,9.8%,2023
Transgender,All Schools,buydrug_friend,friend or relative,No,115,125,92.0%,81.2%,96.8%,10.8%,4.8%,2023
Transgender,All Schools,buydrug_friend,friend or relative,Yes,10,125,8.0%,3.2%,18.8%,4.8%,10.8%,2023
Transgender,All Schools,buydrug_internet,the internet,No,115,125,92.0%,81.2%,96.8%,10.8%,4.8%,2023
Transgender,All Schools,buydrug_internet,the internet,Yes,10,125,8.0%,3.2%,18.8%,4.8%,10.8%,2023
Transgender,All Schools,buydrug_other,other sources,No,120,125,96.0%,86.6%,98.9%,9.4%,2.9%,2023
Transgender,All Schools,buydrug_other,other sources,Yes,5,125,4.0%,1.1%,13.4%,2.9%,9.4%,2023
Transgender,All Schools,buydrug_school,school,No,115,125,92.0%,81.2%,96.8%,10.8%,4.8%,2023
Transgender,All Schools,buydrug_school,school,Yes,10,125,8.0%,3.2%,18.8%,4.8%,10.8%,2023
Transgender,All Schools,buydrug_streets,on the street,No,115,125,92.0%,81.2%,96.8%,10.8%,4.8%,2023
Transgender,All Schools,buydrug_streets,on the street,Yes,10,125,8.0%,3.2%,18.8%,4.8%,10.8%,2023
Transgender,All Schools,cannabis_exp,cannabis,No,105,125,84.0%,71.5%,91.6%,12.5%,7.6%,2023
Transgender,All Schools,cannabis_exp,cannabis,Yes,20,125,16.0%,8.4%,28.5%,7.6%,12.5%,2023
Transgender,All Schools,cannabis_offered,cannabis,No,95,120,79.2%,65.8%,88.3%,13.4%,9.1%,2023
Transgender,All Schools,cannabis_offered,cannabis,Yes,25,120,20.8%,11.7%,34.2%,9.1%,13.4%,2023
Transgender,All Schools,caring,"help to look after a family member with a serious, mental or physical, illness or disability",No,90,125,72.0%,58.4%,82.5%,13.6%,10.5%,2023
Transgender,All Schools,caring,"help to look after a family member with a serious, mental or physical, illness or disability",Prefer not to say,20,125,16.0%,8.4%,28.5%,7.6%,12.5%,2023
Transgender,All Schools,caring,"help to look after a family member with a serious, mental or physical, illness or disability",Yes,15,125,12.0%,5.6%,23.8%,6.4%,11.8%,2023
Transgender,All Schools,carry_protection,carry weapons for protection when going out,Always,10,120,8.3%,3.3%,19.5%,5.0%,11.2%,2023
Transgender,All Schools,carry_protection,carry weapons for protection when going out,Never,95,120,79.2%,65.8%,88.3%,13.4%,9.1%,2023
Transgender,All Schools,carry_protection,carry weapons for protection when going out,Prefer not to say,5,120,4.2%,1.2%,13.9%,3.0%,9.8%,2023
Transgender,All Schools,carry_protection,carry weapons for protection when going out,Sometimes,10,120,8.3%,3.3%,19.5%,5.0%,11.2%,2023
Transgender,All Schools,carry_protection,carry weapons for protection when going out,Usually,0,120,0.0%,0.0%,7.4%,0.0%,7.4%,2023
Transgender,All Schools,carry_protection_other,know anyone who carries a weapons for protection when going out,Don't know,30,120,25.0%,14.9%,38.7%,10.1%,13.7%,2023
Transgender,All Schools,carry_protection_other,know anyone who carries a weapons for protection when going out,No,65,120,54.2%,40.3%,67.4%,13.8%,13.2%,2023
Transgender,All Schools,carry_protection_other,know anyone who carries a weapons for protection when going out,Prefer not to say,5,120,4.2%,1.2%,13.9%,3.0%,9.8%,2023
Transgender,All Schools,carry_protection_other,know anyone who carries a weapons for protection when going out,Yes,20,120,16.7%,8.7%,29.5%,8.0%,12.9%,2023
Transgender,All Schools,cla,child looked after (lived with foster carers/care home),No,100,125,80.0%,67.0%,88.7%,13.0%,8.7%,2023
Transgender,All Schools,cla,child looked after (lived with foster carers/care home),Prefer not to say,5,125,4.0%,1.1%,13.4%,2.9%,9.4%,2023
Transgender,All Schools,cla,child looked after (lived with foster carers/care home),Yes,20,125,16.0%,8.4%,28.5%,7.6%,12.5%,2023
Transgender,All Schools,clubs_arts,an arts and crafts group,Currently attending,10,40,25.0%,10.2%,49.4%,14.8%,24.4%,2023
Transgender,All Schools,clubs_arts,an arts and crafts group,Would like to attend,30,40,75.0%,50.6%,89.8%,24.4%,14.8%,2023
Transgender,All Schools,clubs_doe,Duke of Edinburgh,Currently attending,20,35,57.1%,32.6%,78.6%,24.5%,21.4%,2023
Transgender,All Schools,clubs_doe,Duke of Edinburgh,Would like to attend,15,35,42.9%,21.4%,67.4%,21.4%,24.5%,2023
Transgender,All Schools,clubs_music,a music club/group,Currently attending,20,40,50.0%,28.0%,72.0%,22.0%,22.0%,2023
Transgender,All Schools,clubs_music,a music club/group,Would like to attend,20,40,50.0%,28.0%,72.0%,22.0%,22.0%,2023
Transgender,All Schools,clubs_other,other groups,Currently attending,15,30,50.0%,25.4%,74.6%,24.6%,24.6%,2023
Transgender,All Schools,clubs_other,other groups,Would like to attend,15,30,50.0%,25.4%,74.6%,24.6%,24.6%,2023
Transgender,All Schools,clubs_perform,a drama/performing arts/dance group,Currently attending,15,30,50.0%,25.4%,74.6%,24.6%,24.6%,2023
Transgender,All Schools,clubs_perform,a drama/performing arts/dance group,Would like to attend,15,30,50.0%,25.4%,74.6%,24.6%,24.6%,2023
Transgender,All Schools,clubs_religion,a religious group,Currently attending,10,15,66.7%,30.1%,90.3%,36.6%,23.6%,2023
Transgender,All Schools,clubs_religion,a religious group,Would like to attend,5,15,33.3%,9.7%,69.9%,23.6%,36.6%,2023
Transgender,All Schools,clubs_schoolclub,a club/group at school,Currently attending,35,45,77.8%,54.9%,91.0%,22.9%,13.2%,2023
Transgender,All Schools,clubs_schoolclub,a club/group at school,Would like to attend,10,45,22.2%,9.0%,45.1%,13.2%,22.9%,2023
Transgender,All Schools,clubs_sports,a sports club,Currently attending,25,40,62.5%,38.7%,81.5%,23.8%,19.0%,2023
Transgender,All Schools,clubs_sports,a sports club,Would like to attend,15,40,37.5%,18.5%,61.3%,19.0%,23.8%,2023
Transgender,All Schools,clubs_syp,Services for Young People,Currently attending,15,25,60.0%,31.3%,83.1%,28.7%,23.1%,2023
Transgender,All Schools,clubs_syp,Services for Young People,Would like to attend,10,25,40.0%,16.9%,68.7%,23.1%,28.7%,2023
Transgender,All Schools,clubs_uniformed,a uniformed group,Currently attending,15,25,60.0%,31.3%,83.1%,28.7%,23.1%,2023
Transgender,All Schools,clubs_uniformed,a uniformed group,Would like to attend,10,25,40.0%,16.9%,68.7%,23.1%,28.7%,2023
Transgender,All Schools,clubs_volunteering,volunteering/social action group,Currently attending,15,25,60.0%,31.3%,83.1%,28.7%,23.1%,2023
Transgender,All Schools,clubs_volunteering,volunteering/social action group,Would like to attend,10,25,40.0%,16.9%,68.7%,23.1%,28.7%,2023
Transgender,All Schools,cocaine_exp,cocaine,No,115,125,92.0%,81.2%,96.8%,10.8%,4.8%,2023
Transgender,All Schools,cocaine_exp,cocaine,Yes,10,125,8.0%,3.2%,18.8%,4.8%,10.8%,2023
Transgender,All Schools,cocaine_offered,cocaine,No,110,125,88.0%,76.2%,94.4%,11.8%,6.4%,2023
Transgender,All Schools,cocaine_offered,cocaine,Yes,15,125,12.0%,5.6%,23.8%,6.4%,11.8%,2023
Transgender,All Schools,condition_adhd,ADHD,No,95,125,76.0%,62.6%,85.7%,13.4%,9.7%,2023
Transgender,All Schools,condition_adhd,ADHD,Yes,30,125,24.0%,14.3%,37.4%,9.7%,13.4%,2023
Transgender,All Schools,condition_autism,autism,No,80,125,64.0%,50.2%,75.8%,13.8%,11.8%,2023
Transgender,All Schools,condition_autism,autism,Yes,45,125,36.0%,24.2%,49.8%,11.8%,13.8%,2023
Transgender,All Schools,condition_disability,physical disability,No,105,125,84.0%,71.5%,91.6%,12.5%,7.6%,2023
Transgender,All Schools,condition_disability,physical disability,Yes,20,125,16.0%,8.4%,28.5%,7.6%,12.5%,2023
Transgender,All Schools,condition_mental,diagnosed mental health condition,No,80,125,64.0%,50.2%,75.8%,13.8%,11.8%,2023
Transgender,All Schools,condition_mental,diagnosed mental health condition,Yes,45,125,36.0%,24.2%,49.8%,11.8%,13.8%,2023
Transgender,All Schools,condition_physical,physical condition,No,95,125,76.0%,62.6%,85.7%,13.4%,9.7%,2023
Transgender,All Schools,condition_physical,physical condition,Yes,30,125,24.0%,14.3%,37.4%,9.7%,13.4%,2023
Transgender,All Schools,condition_send,special education need(s) or learning difficulty,No,100,125,80.0%,67.0%,88.7%,13.0%,8.7%,2023
Transgender,All Schools,condition_send,special education need(s) or learning difficulty,Yes,25,125,20.0%,11.3%,33.0%,8.7%,13.0%,2023
Transgender,All Schools,condoms_free,they know where they can get condoms for free,No,25,55,45.5%,27.0%,65.3%,18.5%,19.8%,2023
Transgender,All Schools,condoms_free,they know where they can get condoms for free,Not sure,10,55,18.2%,7.3%,38.5%,10.9%,20.3%,2023
Transgender,All Schools,condoms_free,they know where they can get condoms for free,Yes,20,55,36.4%,19.8%,57.0%,16.6%,20.6%,2023
Transgender,All Schools,cope_alcohol,by drinking alcohol,No,110,125,88.0%,76.2%,94.4%,11.8%,6.4%,2023
Transgender,All Schools,cope_alcohol,by drinking alcohol,Yes,15,125,12.0%,5.6%,23.8%,6.4%,11.8%,2023
Transgender,All Schools,cope_counselling,by having counselling,No,105,120,87.5%,75.3%,94.1%,12.2%,6.6%,2023
Transgender,All Schools,cope_counselling,by having counselling,Yes,15,120,12.5%,5.9%,24.7%,6.6%,12.2%,2023
Transgender,All Schools,cope_creative,by doing creative activities,No,85,120,70.8%,56.9%,81.7%,14.0%,10.9%,2023
Transgender,All Schools,cope_creative,by doing creative activities,Yes,35,120,29.2%,18.3%,43.1%,10.9%,14.0%,2023
Transgender,All Schools,cope_drugs,by doing drugs,No,110,120,91.7%,80.5%,96.7%,11.2%,5.0%,2023
Transgender,All Schools,cope_drugs,by doing drugs,Yes,10,120,8.3%,3.3%,19.5%,5.0%,11.2%,2023
Transgender,All Schools,cope_eat,by eating more,No,90,125,72.0%,58.4%,82.5%,13.6%,10.5%,2023
Transgender,All Schools,cope_eat,by eating more,Yes,35,125,28.0%,17.5%,41.6%,10.5%,13.6%,2023
Transgender,All Schools,cope_exercise,by exercising,No,105,125,84.0%,71.5%,91.6%,12.5%,7.6%,2023
Transgender,All Schools,cope_exercise,by exercising,Yes,20,125,16.0%,8.4%,28.5%,7.6%,12.5%,2023
Transgender,All Schools,cope_games,by playing computer games,No,80,125,64.0%,50.2%,75.8%,13.8%,11.8%,2023
Transgender,All Schools,cope_games,by playing computer games,Yes,45,125,36.0%,24.2%,49.8%,11.8%,13.8%,2023
Transgender,All Schools,cope_internet,by looking for help online,No,110,120,91.7%,80.5%,96.7%,11.2%,5.0%,2023
Transgender,All Schools,cope_internet,by looking for help online,Yes,10,120,8.3%,3.3%,19.5%,5.0%,11.2%,2023
Transgender,All Schools,cope_music,by listening to music,No,55,125,44.0%,31.2%,57.7%,12.8%,13.7%,2023
Transgender,All Schools,cope_music,by listening to music,Yes,70,125,56.0%,42.3%,68.8%,13.7%,12.8%,2023
Transgender,All Schools,cope_nothing,by doing nothing,No,100,125,80.0%,67.0%,88.7%,13.0%,8.7%,2023
Transgender,All Schools,cope_nothing,by doing nothing,Yes,25,125,20.0%,11.3%,33.0%,8.7%,13.0%,2023
Transgender,All Schools,cope_other,by other methods,No,115,125,92.0%,81.2%,96.8%,10.8%,4.8%,2023
Transgender,All Schools,cope_other,by other methods,Yes,10,125,8.0%,3.2%,18.8%,4.8%,10.8%,2023
Transgender,All Schools,cope_selfharm,by self-harm,No,85,125,68.0%,54.2%,79.2%,13.8%,11.2%,2023
Transgender,All Schools,cope_selfharm,by self-harm,Yes,40,125,32.0%,20.8%,45.8%,11.2%,13.8%,2023
Transgender,All Schools,cope_smoke,by smoking,No,110,120,91.7%,80.5%,96.7%,11.2%,5.0%,2023
Transgender,All Schools,cope_smoke,by smoking,Yes,10,120,8.3%,3.3%,19.5%,5.0%,11.2%,2023
Transgender,All Schools,cope_talkadult,by talking to an adult that's not their carer,No,115,125,92.0%,81.2%,96.8%,10.8%,4.8%,2023
Transgender,All Schools,cope_talkadult,by talking to an adult that's not their carer,Yes,10,125,8.0%,3.2%,18.8%,4.8%,10.8%,2023
Transgender,All Schools,cope_talkfamily,by talking to family,No,110,120,91.7%,80.5%,96.7%,11.2%,5.0%,2023
Transgender,All Schools,cope_talkfamily,by talking to family,Yes,10,120,8.3%,3.3%,19.5%,5.0%,11.2%,2023
Transgender,All Schools,cope_talkfriend,by talking to a friend,No,95,125,76.0%,62.6%,85.7%,13.4%,9.7%,2023
Transgender,All Schools,cope_talkfriend,by talking to a friend,Yes,30,125,24.0%,14.3%,37.4%,9.7%,13.4%,2023
Transgender,All Schools,cope_think,by thinking of a solution on their own,No,95,120,79.2%,65.8%,88.3%,13.4%,9.1%,2023
Transgender,All Schools,cope_think,by thinking of a solution on their own,Yes,25,120,20.8%,11.7%,34.2%,9.1%,13.4%,2023
Transgender,All Schools,crack_exp,crack,No,115,125,92.0%,81.2%,96.8%,10.8%,4.8%,2023
Transgender,All Schools,crack_exp,crack,Yes,10,125,8.0%,3.2%,18.8%,4.8%,10.8%,2023
Transgender,All Schools,crack_offered,crack,No,110,125,88.0%,76.2%,94.4%,11.8%,6.4%,2023
Transgender,All Schools,crack_offered,crack,Yes,15,125,12.0%,5.6%,23.8%,6.4%,11.8%,2023
Transgender,All Schools,derbisol_exp,derbisol,No,115,125,92.0%,81.2%,96.8%,10.8%,4.8%,2023
Transgender,All Schools,derbisol_exp,derbisol,Yes,10,125,8.0%,3.2%,18.8%,4.8%,10.8%,2023
Transgender,All Schools,derbisol_offered,derbisol,No,110,125,88.0%,76.2%,94.4%,11.8%,6.4%,2023
Transgender,All Schools,derbisol_offered,derbisol,Yes,15,125,12.0%,5.6%,23.8%,6.4%,11.8%,2023
Transgender,All Schools,district_pc,NA,Dacorum,5,65,7.7%,2.1%,24.1%,5.5%,16.4%,2023
Transgender,All Schools,district_pc,NA,East Hertfordshire,5,65,7.7%,2.1%,24.1%,5.5%,16.4%,2023
Transgender,All Schools,district_pc,NA,Hertsmere,5,65,7.7%,2.1%,24.1%,5.5%,16.4%,2023
Transgender,All Schools,district_pc,NA,North Hertfordshire,15,65,23.1%,11.1%,42.0%,12.0%,18.9%,2023
Transgender,All Schools,district_pc,NA,St Albans,15,65,23.1%,11.1%,42.0%,12.0%,18.9%,2023
Transgender,All Schools,district_pc,NA,Stevenage,5,65,7.7%,2.1%,24.1%,5.5%,16.4%,2023
Transgender,All Schools,district_pc,NA,Three Rivers,10,65,15.4%,6.2%,33.5%,9.2%,18.1%,2023
Transgender,All Schools,district_pc,NA,Uttlesford,0,65,0.0%,0.0%,12.8%,0.0%,12.8%,2023
Transgender,All Schools,district_pc,NA,Watford,5,65,7.7%,2.1%,24.1%,5.5%,16.4%,2023
Transgender,All Schools,district_pc,NA,Welwyn Hatfield,0,65,0.0%,0.0%,12.8%,0.0%,12.8%,2023
Transgender,All Schools,district_residence,which district they lived in,Broxbourne,0,125,0.0%,0.0%,7.1%,0.0%,7.1%,2023
Transgender,All Schools,district_residence,which district they lived in,Dacorum,10,125,8.0%,3.2%,18.8%,4.8%,10.8%,2023
Transgender,All Schools,district_residence,which district they lived in,East Hertfordshire,10,125,8.0%,3.2%,18.8%,4.8%,10.8%,2023
Transgender,All Schools,district_residence,which district they lived in,Hertsmere,5,125,4.0%,1.1%,13.4%,2.9%,9.4%,2023
Transgender,All Schools,district_residence,which district they lived in,North Hertfordshire,20,125,16.0%,8.4%,28.5%,7.6%,12.5%,2023
Transgender,All Schools,district_residence,which district they lived in,Outside of Hertfordshire,0,125,0.0%,0.0%,7.1%,0.0%,7.1%,2023
Transgender,All Schools,district_residence,which district they lived in,St Albans,25,125,20.0%,11.3%,33.0%,8.7%,13.0%,2023
Transgender,All Schools,district_residence,which district they lived in,Stevenage,15,125,12.0%,5.6%,23.8%,6.4%,11.8%,2023
Transgender,All Schools,district_residence,which district they lived in,Three Rivers,15,125,12.0%,5.6%,23.8%,6.4%,11.8%,2023
Transgender,All Schools,district_residence,which district they lived in,Watford,10,125,8.0%,3.2%,18.8%,4.8%,10.8%,2023
Transgender,All Schools,district_residence,which district they lived in,Welwyn Hatfield,15,125,12.0%,5.6%,23.8%,6.4%,11.8%,2023
Transgender,All Schools,district_school,NA,Dacorum,10,120,8.3%,3.3%,19.5%,5.0%,11.2%,2023
Transgender,All Schools,district_school,NA,East Hertfordshire,10,120,8.3%,3.3%,19.5%,5.0%,11.2%,2023
Transgender,All Schools,district_school,NA,Hertsmere,5,120,4.2%,1.2%,13.9%,3.0%,9.8%,2023
Transgender,All Schools,district_school,NA,North Hertfordshire,20,120,16.7%,8.7%,29.5%,8.0%,12.9%,2023
Transgender,All Schools,district_school,NA,St Albans,30,120,25.0%,14.9%,38.7%,10.1%,13.7%,2023
Transgender,All Schools,district_school,NA,Stevenage,15,120,12.5%,5.9%,24.7%,6.6%,12.2%,2023
Transgender,All Schools,district_school,NA,Three Rivers,20,120,16.7%,8.7%,29.5%,8.0%,12.9%,2023
Transgender,All Schools,district_school,NA,Welwyn Hatfield,10,120,8.3%,3.3%,19.5%,5.0%,11.2%,2023
Transgender,All Schools,drug_ever,the best statement that describes them regarding recreational drug use,I have never taken drugs,95,120,79.2%,65.8%,88.3%,13.4%,9.1%,2023
Transgender,All Schools,drug_ever,the best statement that describes them regarding recreational drug use,I have taken drugs once or twice,5,120,4.2%,1.2%,13.9%,3.0%,9.8%,2023
Transgender,All Schools,drug_ever,the best statement that describes them regarding recreational drug use,I take drugs occasionally (less than once a week),5,120,4.2%,1.2%,13.9%,3.0%,9.8%,2023
Transgender,All Schools,drug_ever,the best statement that describes them regarding recreational drug use,I take drugs regularly (once a week or more),15,120,12.5%,5.9%,24.7%,6.6%,12.2%,2023
Transgender,All Schools,drug_reduce,if they want to reduce or stop taking drugs,I'd like to reduce the amount I take but not stop,5,25,20.0%,5.7%,50.9%,14.3%,30.9%,2023
Transgender,All Schools,drug_reduce,if they want to reduce or stop taking drugs,"No, I want to keep taking drugs",15,25,60.0%,31.3%,83.1%,28.7%,23.1%,2023
Transgender,All Schools,drug_reduce,if they want to reduce or stop taking drugs,"Yes, I'd like to stop taking drugs",5,25,20.0%,5.7%,50.9%,14.3%,30.9%,2023
Transgender,All Schools,drugs_alcohol,ever taken drugs and drunk alcohol on the same occasion,No,5,20,25.0%,7.2%,59.0%,17.8%,34.0%,2023
Transgender,All Schools,drugs_alcohol,ever taken drugs and drunk alcohol on the same occasion,Not sure,0,20,0.0%,0.0%,32.3%,0.0%,32.3%,2023
Transgender,All Schools,drugs_alcohol,ever taken drugs and drunk alcohol on the same occasion,Yes,15,20,75.0%,41.0%,92.8%,34.0%,17.8%,2023
Transgender,All Schools,drugsupp_doctor,from a health professional,No,95,125,76.0%,62.6%,85.7%,13.4%,9.7%,2023
Transgender,All Schools,drugsupp_doctor,from a health professional,Yes,30,125,24.0%,14.3%,37.4%,9.7%,13.4%,2023
Transgender,All Schools,drugsupp_family,from family,No,75,125,60.0%,46.2%,72.4%,13.8%,12.4%,2023
Transgender,All Schools,drugsupp_family,from family,Yes,50,125,40.0%,27.6%,53.8%,12.4%,13.8%,2023
Transgender,All Schools,drugsupp_friends,from friends,No,80,125,64.0%,50.2%,75.8%,13.8%,11.8%,2023
Transgender,All Schools,drugsupp_friends,from friends,Yes,45,125,36.0%,24.2%,49.8%,11.8%,13.8%,2023
Transgender,All Schools,drugsupp_internet,from the internet,No,80,125,64.0%,50.2%,75.8%,13.8%,11.8%,2023
Transgender,All Schools,drugsupp_internet,from the internet,Yes,45,125,36.0%,24.2%,49.8%,11.8%,13.8%,2023
Transgender,All Schools,drugsupp_other,from other sources,No,115,125,92.0%,81.2%,96.8%,10.8%,4.8%,2023
Transgender,All Schools,drugsupp_other,from other sources,Yes,10,125,8.0%,3.2%,18.8%,4.8%,10.8%,2023
Transgender,All Schools,drugsupp_teacher,from a teacher,No,100,120,83.3%,70.5%,91.3%,12.9%,8.0%,2023
Transgender,All Schools,drugsupp_teacher,from a teacher,Yes,20,120,16.7%,8.7%,29.5%,8.0%,12.9%,2023
Transgender,All Schools,drugsupp_ypservice,from Drug & Alcohol Services for young people,No,95,120,79.2%,65.8%,88.3%,13.4%,9.1%,2023
Transgender,All Schools,drugsupp_ypservice,from Drug & Alcohol Services for young people,Yes,25,120,20.8%,11.7%,34.2%,9.1%,13.4%,2023
Transgender,All Schools,drugsupp_yw,from a Youth Worker,No,105,120,87.5%,75.3%,94.1%,12.2%,6.6%,2023
Transgender,All Schools,drugsupp_yw,from a Youth Worker,Yes,15,120,12.5%,5.9%,24.7%,6.6%,12.2%,2023
Transgender,All Schools,ecstasy_exp,ecstasy,No,115,125,92.0%,81.2%,96.8%,10.8%,4.8%,2023
Transgender,All Schools,ecstasy_exp,ecstasy,Yes,10,125,8.0%,3.2%,18.8%,4.8%,10.8%,2023
Transgender,All Schools,ecstasy_offered,ecstasy,No,110,125,88.0%,76.2%,94.4%,11.8%,6.4%,2023
Transgender,All Schools,ecstasy_offered,ecstasy,Yes,15,125,12.0%,5.6%,23.8%,6.4%,11.8%,2023
Transgender,All Schools,environ_awareness,raise awareness,No,105,125,84.0%,71.5%,91.6%,12.5%,7.6%,2023
Transgender,All Schools,environ_awareness,raise awareness,Yes,20,125,16.0%,8.4%,28.5%,7.6%,12.5%,2023
Transgender,All Schools,environ_barriers_cost,financial cost,No,90,120,75.0%,61.3%,85.1%,13.7%,10.1%,2023
Transgender,All Schools,environ_barriers_cost,financial cost,Yes,30,120,25.0%,14.9%,38.7%,10.1%,13.7%,2023
Transgender,All Schools,environ_barriers_notconsider,sustainability is not a consideration in their household,No,105,125,84.0%,71.5%,91.6%,12.5%,7.6%,2023
Transgender,All Schools,environ_barriers_notconsider,sustainability is not a consideration in their household,Yes,20,125,16.0%,8.4%,28.5%,7.6%,12.5%,2023
Transgender,All Schools,environ_barriers_other,other reasons,No,105,125,84.0%,71.5%,91.6%,12.5%,7.6%,2023
Transgender,All Schools,environ_barriers_other,other reasons,Yes,20,125,16.0%,8.4%,28.5%,7.6%,12.5%,2023
Transgender,All Schools,environ_barriers_time,convenience/time,No,70,125,56.0%,42.3%,68.8%,13.7%,12.8%,2023
Transgender,All Schools,environ_barriers_time,convenience/time,Yes,55,125,44.0%,31.2%,57.7%,12.8%,13.7%,2023
Transgender,All Schools,environ_barriers_unsure,uncertainty on what to do,No,95,125,76.0%,62.6%,85.7%,13.4%,9.7%,2023
Transgender,All Schools,environ_barriers_unsure,uncertainty on what to do,Yes,30,125,24.0%,14.3%,37.4%,9.7%,13.4%,2023
Transgender,All Schools,environ_buy,think about the environment when buying things,No,100,125,80.0%,67.0%,88.7%,13.0%,8.7%,2023
Transgender,All Schools,environ_buy,think about the environment when buying things,Yes,25,125,20.0%,11.3%,33.0%,8.7%,13.0%,2023
Transgender,All Schools,environ_garden,do things in the garden to help wildlife,No,105,125,84.0%,71.5%,91.6%,12.5%,7.6%,2023
Transgender,All Schools,environ_garden,do things in the garden to help wildlife,Yes,20,125,16.0%,8.4%,28.5%,7.6%,12.5%,2023
Transgender,All Schools,environ_leaders,try to change what our leaders are doing,No,100,125,80.0%,67.0%,88.7%,13.0%,8.7%,2023
Transgender,All Schools,environ_leaders,try to change what our leaders are doing,Yes,25,125,20.0%,11.3%,33.0%,8.7%,13.0%,2023
Transgender,All Schools,environ_lights,turn lights off more,No,50,125,40.0%,27.6%,53.8%,12.4%,13.8%,2023
Transgender,All Schools,environ_lights,turn lights off more,Yes,75,125,60.0%,46.2%,72.4%,13.8%,12.4%,2023
Transgender,All Schools,environ_litter,pick up litter,No,85,120,70.8%,56.9%,81.7%,14.0%,10.9%,2023
Transgender,All Schools,environ_litter,pick up litter,Yes,35,120,29.2%,18.3%,43.1%,10.9%,14.0%,2023
Transgender,All Schools,environ_meat,eat less meat,No,100,120,83.3%,70.5%,91.3%,12.9%,8.0%,2023
Transgender,All Schools,environ_meat,eat less meat,Yes,20,120,16.7%,8.7%,29.5%,8.0%,12.9%,2023
Transgender,All Schools,environ_media,read/watch media about the environment,No,100,125,80.0%,67.0%,88.7%,13.0%,8.7%,2023
Transgender,All Schools,environ_media,read/watch media about the environment,Yes,25,125,20.0%,11.3%,33.0%,8.7%,13.0%,2023
Transgender,All Schools,environ_none,don't do anything,No,110,120,91.7%,80.5%,96.7%,11.2%,5.0%,2023
Transgender,All Schools,environ_none,don't do anything,Yes,10,120,8.3%,3.3%,19.5%,5.0%,11.2%,2023
Transgender,All Schools,environ_other,do other things,No,115,125,92.0%,81.2%,96.8%,10.8%,4.8%,2023
Transgender,All Schools,environ_other,do other things,Yes,10,125,8.0%,3.2%,18.8%,4.8%,10.8%,2023
Transgender,All Schools,environ_recycle,recycle their waste,No,55,125,44.0%,31.2%,57.7%,12.8%,13.7%,2023
Transgender,All Schools,environ_recycle,recycle their waste,Yes,70,125,56.0%,42.3%,68.8%,13.7%,12.8%,2023
Transgender,All Schools,environ_talk,talk to friends/family,No,100,125,80.0%,67.0%,88.7%,13.0%,8.7%,2023
Transgender,All Schools,environ_talk,talk to friends/family,Yes,25,125,20.0%,11.3%,33.0%,8.7%,13.0%,2023
Transgender,All Schools,environ_tap,turn the tap off more,No,55,125,44.0%,31.2%,57.7%,12.8%,13.7%,2023
Transgender,All Schools,environ_tap,turn the tap off more,Yes,70,125,56.0%,42.3%,68.8%,13.7%,12.8%,2023
Transgender,All Schools,environ_volunteer,volunteer,No,105,120,87.5%,75.3%,94.1%,12.2%,6.6%,2023
Transgender,All Schools,environ_volunteer,volunteer,Yes,15,120,12.5%,5.9%,24.7%,6.6%,12.2%,2023
Transgender,All Schools,environ_walkcycle,"walk, cycle, or use public transport",No,65,125,52.0%,38.5%,65.2%,13.5%,13.2%,2023
Transgender,All Schools,environ_walkcycle,"walk, cycle, or use public transport",Yes,60,125,48.0%,34.8%,61.5%,13.2%,13.5%,2023
Transgender,All Schools,ethnicity,ethnicity,Any other ethnic group,0,115,0.0%,0.0%,7.7%,0.0%,7.7%,2023
Transgender,All Schools,ethnicity,ethnicity,Asian,25,115,21.7%,12.3%,35.5%,9.5%,13.8%,2023
Transgender,All Schools,ethnicity,ethnicity,Black,5,115,4.3%,1.2%,14.5%,3.1%,10.1%,2023
Transgender,All Schools,ethnicity,ethnicity,Mixed,5,115,4.3%,1.2%,14.5%,3.1%,10.1%,2023
Transgender,All Schools,ethnicity,ethnicity,Prefer not to say,0,115,0.0%,0.0%,7.7%,0.0%,7.7%,2023
Transgender,All Schools,ethnicity,ethnicity,White,80,115,69.6%,55.2%,80.9%,14.3%,11.3%,2023
Transgender,All Schools,findiff_cold,felt cold,No,105,125,84.0%,71.5%,91.6%,12.5%,7.6%,2023
Transgender,All Schools,findiff_cold,felt cold,Yes,20,125,16.0%,8.4%,28.5%,7.6%,12.5%,2023
Transgender,All Schools,findiff_foodbank,went to a food bank,No,110,125,88.0%,76.2%,94.4%,11.8%,6.4%,2023
Transgender,All Schools,findiff_foodbank,went to a food bank,Yes,15,125,12.0%,5.6%,23.8%,6.4%,11.8%,2023
Transgender,All Schools,findiff_hungry,felt hungry,No,105,125,84.0%,71.5%,91.6%,12.5%,7.6%,2023
Transgender,All Schools,findiff_hungry,felt hungry,Yes,20,125,16.0%,8.4%,28.5%,7.6%,12.5%,2023
Transgender,All Schools,findiff_job,lost a job/work,No,110,125,88.0%,76.2%,94.4%,11.8%,6.4%,2023
Transgender,All Schools,findiff_job,lost a job/work,Yes,15,125,12.0%,5.6%,23.8%,6.4%,11.8%,2023
Transgender,All Schools,findiff_misstrip,missed a school trip,No,100,125,80.0%,67.0%,88.7%,13.0%,8.7%,2023
Transgender,All Schools,findiff_misstrip,missed a school trip,Yes,25,125,20.0%,11.3%,33.0%,8.7%,13.0%,2023
Transgender,All Schools,findiff_move,moved to a smaller home,No,110,125,88.0%,76.2%,94.4%,11.8%,6.4%,2023
Transgender,All Schools,findiff_move,moved to a smaller home,Yes,15,125,12.0%,5.6%,23.8%,6.4%,11.8%,2023
Transgender,All Schools,findiff_none,no experiences,No,55,125,44.0%,31.2%,57.7%,12.8%,13.7%,2023
Transgender,All Schools,findiff_none,no experiences,Yes,70,125,56.0%,42.3%,68.8%,13.7%,12.8%,2023
Transgender,All Schools,findiff_pnts,prefer not to say,No,110,125,88.0%,76.2%,94.4%,11.8%,6.4%,2023
Transgender,All Schools,findiff_pnts,prefer not to say,Yes,15,125,12.0%,5.6%,23.8%,6.4%,11.8%,2023
Transgender,All Schools,fsm,free school meals,No,90,120,75.0%,61.3%,85.1%,13.7%,10.1%,2023
Transgender,All Schools,fsm,free school meals,Prefer not to say,5,120,4.2%,1.2%,13.9%,3.0%,9.8%,2023
Transgender,All Schools,fsm,free school meals,Yes,25,120,20.8%,11.7%,34.2%,9.1%,13.4%,2023
Transgender,All Schools,hallucinogen_natural_exp,hallucinogens,No,115,125,92.0%,81.2%,96.8%,10.8%,4.8%,2023
Transgender,All Schools,hallucinogen_natural_exp,hallucinogens,Yes,10,125,8.0%,3.2%,18.8%,4.8%,10.8%,2023
Transgender,All Schools,hallucinogen_offered,hallucinogens,No,110,125,88.0%,76.2%,94.4%,11.8%,6.4%,2023
Transgender,All Schools,hallucinogen_offered,hallucinogens,Yes,15,125,12.0%,5.6%,23.8%,6.4%,11.8%,2023
Transgender,All Schools,heroin_exp,heroin,No,115,125,92.0%,81.2%,96.8%,10.8%,4.8%,2023
Transgender,All Schools,heroin_exp,heroin,Yes,10,125,8.0%,3.2%,18.8%,4.8%,10.8%,2023
Transgender,All Schools,heroin_offered,heroin,No,110,120,91.7%,80.5%,96.7%,11.2%,5.0%,2023
Transgender,All Schools,heroin_offered,heroin,Yes,10,120,8.3%,3.3%,19.5%,5.0%,11.2%,2023
Transgender,All Schools,herts_just_talk,have heard of Herts Just Talk,No,45,120,37.5%,25.2%,51.6%,12.3%,14.1%,2023
Transgender,All Schools,herts_just_talk,have heard of Herts Just Talk,Unsure,15,120,12.5%,5.9%,24.7%,6.6%,12.2%,2023
Transgender,All Schools,herts_just_talk,have heard of Herts Just Talk,Yes,20,120,16.7%,8.7%,29.5%,8.0%,12.9%,2023
Transgender,All Schools,herts_just_talk,have heard of Herts Just Talk,"Yes I’ve heard of it, but I’m not sure what it is",40,120,33.3%,21.7%,47.4%,11.6%,14.1%,2023
Transgender,All Schools,home_shouting,have ever been frightened by any shouting and arguing between adults or older siblings at home in the last month,Most days/Every day,25,120,20.8%,11.7%,34.2%,9.1%,13.4%,2023
Transgender,All Schools,home_shouting,have ever been frightened by any shouting and arguing between adults or older siblings at home in the last month,No,40,120,33.3%,21.7%,47.4%,11.6%,14.1%,2023
Transgender,All Schools,home_shouting,have ever been frightened by any shouting and arguing between adults or older siblings at home in the last month,Once a week,10,120,8.3%,3.3%,19.5%,5.0%,11.2%,2023
Transgender,All Schools,home_shouting,have ever been frightened by any shouting and arguing between adults or older siblings at home in the last month,Once or twice,35,120,29.2%,18.3%,43.1%,10.9%,14.0%,2023
Transgender,All Schools,home_shouting,have ever been frightened by any shouting and arguing between adults or older siblings at home in the last month,Prefer not to say,10,120,8.3%,3.3%,19.5%,5.0%,11.2%,2023
Transgender,All Schools,home_violence,"if there has been any violence (e.g. hitting, punching, slapping) between adults or older siblings at home in the last month",Most days/Every day,10,125,8.0%,3.2%,18.8%,4.8%,10.8%,2023
Transgender,All Schools,home_violence,"if there has been any violence (e.g. hitting, punching, slapping) between adults or older siblings at home in the last month",No,95,125,76.0%,62.6%,85.7%,13.4%,9.7%,2023
Transgender,All Schools,home_violence,"if there has been any violence (e.g. hitting, punching, slapping) between adults or older siblings at home in the last month",Once a week,5,125,4.0%,1.1%,13.4%,2.9%,9.4%,2023
Transgender,All Schools,home_violence,"if there has been any violence (e.g. hitting, punching, slapping) between adults or older siblings at home in the last month",Once or twice,5,125,4.0%,1.1%,13.4%,2.9%,9.4%,2023
Transgender,All Schools,home_violence,"if there has been any violence (e.g. hitting, punching, slapping) between adults or older siblings at home in the last month",Prefer not to say,10,125,8.0%,3.2%,18.8%,4.8%,10.8%,2023
Transgender,All Schools,hopeful_future,feel hopeful about their future,Always,10,120,8.3%,3.3%,19.5%,5.0%,11.2%,2023
Transgender,All Schools,hopeful_future,feel hopeful about their future,Never,30,120,25.0%,14.9%,38.7%,10.1%,13.7%,2023
Transgender,All Schools,hopeful_future,feel hopeful about their future,Often,20,120,16.7%,8.7%,29.5%,8.0%,12.9%,2023
Transgender,All Schools,hopeful_future,feel hopeful about their future,Sometimes,60,120,50.0%,36.4%,63.6%,13.6%,13.6%,2023
Transgender,All Schools,imd_quintile,for their resident postcode,Quintile 1 - Most Deprived,10,130,7.7%,3.0%,18.1%,4.7%,10.4%,2023
Transgender,All Schools,imd_quintile,for their resident postcode,Quintile 2,15,130,11.5%,5.4%,22.9%,6.1%,11.4%,2023
Transgender,All Schools,imd_quintile,for their resident postcode,Quintile 3,10,130,7.7%,3.0%,18.1%,4.7%,10.4%,2023
Transgender,All Schools,imd_quintile,for their resident postcode,Quintile 4,15,130,11.5%,5.4%,22.9%,6.1%,11.4%,2023
Transgender,All Schools,imd_quintile,for their resident postcode,Quintile 5 - Least Deprived,15,130,11.5%,5.4%,22.9%,6.1%,11.4%,2023
Transgender,All Schools,imd_quintile,for their resident postcode,unknown,65,130,50.0%,36.9%,63.1%,13.1%,13.1%,2023
Transgender,All Schools,internet_info_provided,have been provided with online safety info,No,15,115,13.0%,6.1%,25.6%,6.9%,12.6%,2023
Transgender,All Schools,internet_info_provided,have been provided with online safety info,Yes,100,115,87.0%,74.4%,93.9%,12.6%,6.9%,2023
Transgender,All Schools,internet_message,have ever received message on social media that upset them,No,55,115,47.8%,34.2%,61.8%,13.7%,14.0%,2023
Transgender,All Schools,internet_message,have ever received message on social media that upset them,Yes,60,115,52.2%,38.2%,65.8%,14.0%,13.7%,2023
Transgender,All Schools,internet_met,have ever met someone in real life whom they first met online,No,80,115,69.6%,55.2%,80.9%,14.3%,11.3%,2023
Transgender,All Schools,internet_met,have ever met someone in real life whom they first met online,Yes,35,115,30.4%,19.1%,44.8%,11.3%,14.3%,2023
Transgender,All Schools,internet_personalinfo,have ever shared personal information with someone they have not met in real life,No,70,115,60.9%,46.5%,73.6%,14.4%,12.7%,2023
Transgender,All Schools,internet_personalinfo,have ever shared personal information with someone they have not met in real life,Yes,45,115,39.1%,26.4%,53.5%,12.7%,14.4%,2023
Transgender,All Schools,internet_pictures_pressure,have ever felt pressured to send pictures of themselves to someone,No,90,115,78.3%,64.5%,87.7%,13.8%,9.5%,2023
Transgender,All Schools,internet_pictures_pressure,have ever felt pressured to send pictures of themselves to someone,Yes,25,115,21.7%,12.3%,35.5%,9.5%,13.8%,2023
Transgender,All Schools,ketamine_exp,ketamine,No,115,125,92.0%,81.2%,96.8%,10.8%,4.8%,2023
Transgender,All Schools,ketamine_exp,ketamine,Yes,10,125,8.0%,3.2%,18.8%,4.8%,10.8%,2023
Transgender,All Schools,ketamine_offered,ketamine,No,110,125,88.0%,76.2%,94.4%,11.8%,6.4%,2023
Transgender,All Schools,ketamine_offered,ketamine,Yes,15,125,12.0%,5.6%,23.8%,6.4%,11.8%,2023
Transgender,All Schools,life_happyyesterday,how happy they felt yesterday overall on a scale low to high,high,15,125,12.0%,5.6%,23.8%,6.4%,11.8%,2023
Transgender,All Schools,life_happyyesterday,how happy they felt yesterday overall on a scale low to high,low,75,125,60.0%,46.2%,72.4%,13.8%,12.4%,2023
Transgender,All Schools,life_happyyesterday,how happy they felt yesterday overall on a scale low to high,medium,20,125,16.0%,8.4%,28.5%,7.6%,12.5%,2023
Transgender,All Schools,life_happyyesterday,how happy they felt yesterday overall on a scale low to high,very high,15,125,12.0%,5.6%,23.8%,6.4%,11.8%,2023
Transgender,All Schools,life_satisfied,about how satisfied they with their life on a scale of low to high,high,15,125,12.0%,5.6%,23.8%,6.4%,11.8%,2023
Transgender,All Schools,life_satisfied,about how satisfied they with their life on a scale of low to high,low,80,125,64.0%,50.2%,75.8%,13.8%,11.8%,2023
Transgender,All Schools,life_satisfied,about how satisfied they with their life on a scale of low to high,medium,20,125,16.0%,8.4%,28.5%,7.6%,12.5%,2023
Transgender,All Schools,life_satisfied,about how satisfied they with their life on a scale of low to high,very high,10,125,8.0%,3.2%,18.8%,4.8%,10.8%,2023
Transgender,All Schools,life_worthwhile,the extent to which they feel the things they do in their life are worthwhile on a scale of low to high,high,10,125,8.0%,3.2%,18.8%,4.8%,10.8%,2023
Transgender,All Schools,life_worthwhile,the extent to which they feel the things they do in their life are worthwhile on a scale of low to high,low,85,125,68.0%,54.2%,79.2%,13.8%,11.2%,2023
Transgender,All Schools,life_worthwhile,the extent to which they feel the things they do in their life are worthwhile on a scale of low to high,medium,20,125,16.0%,8.4%,28.5%,7.6%,12.5%,2023
Transgender,All Schools,life_worthwhile,the extent to which they feel the things they do in their life are worthwhile on a scale of low to high,very high,10,125,8.0%,3.2%,18.8%,4.8%,10.8%,2023
Transgender,All Schools,mental_accessed,have ever accessed mental health services before,No,45,120,37.5%,25.2%,51.6%,12.3%,14.1%,2023
Transgender,All Schools,mental_accessed,have ever accessed mental health services before,Not sure,15,120,12.5%,5.9%,24.7%,6.6%,12.2%,2023
Transgender,All Schools,mental_accessed,have ever accessed mental health services before,Prefer not to say,10,120,8.3%,3.3%,19.5%,5.0%,11.2%,2023
Transgender,All Schools,mental_accessed,have ever accessed mental health services before,Yes,50,120,41.7%,28.9%,55.7%,12.8%,14.0%,2023
Transgender,All Schools,mental_accessed_helpful,how helpful they found the mental health support,A little,20,50,40.0%,21.9%,61.3%,18.1%,21.3%,2023
Transgender,All Schools,mental_accessed_helpful,how helpful they found the mental health support,Neither helpful nor unhelpful,10,50,20.0%,8.1%,41.5%,11.9%,21.5%,2023
Transgender,All Schools,mental_accessed_helpful,how helpful they found the mental health support,Not helpful,5,50,10.0%,2.8%,30.0%,7.2%,20.0%,2023
Transgender,All Schools,mental_accessed_helpful,how helpful they found the mental health support,Not very helpful,10,50,20.0%,8.1%,41.5%,11.9%,21.5%,2023
Transgender,All Schools,mental_accessed_helpful,how helpful they found the mental health support,Very,5,50,10.0%,2.8%,30.0%,7.2%,20.0%,2023
Transgender,All Schools,mental_charity,charities,No,120,125,96.0%,86.6%,98.9%,9.4%,2.9%,2023
Transgender,All Schools,mental_charity,charities,Yes,5,125,4.0%,1.1%,13.4%,2.9%,9.4%,2023
Transgender,All Schools,mental_clinic,a mental health clinic,No,105,125,84.0%,71.5%,91.6%,12.5%,7.6%,2023
Transgender,All Schools,mental_clinic,a mental health clinic,Yes,20,125,16.0%,8.4%,28.5%,7.6%,12.5%,2023
Transgender,All Schools,mental_doctor,a doctor,No,110,125,88.0%,76.2%,94.4%,11.8%,6.4%,2023
Transgender,All Schools,mental_doctor,a doctor,Yes,15,125,12.0%,5.6%,23.8%,6.4%,11.8%,2023
Transgender,All Schools,mental_howaccess,"know how to access services if they are worried about, or are looking for more information about their mental health",No,25,115,21.7%,12.3%,35.5%,9.5%,13.8%,2023
Transgender,All Schools,mental_howaccess,"know how to access services if they are worried about, or are looking for more information about their mental health",Not sure,20,115,17.4%,9.1%,30.7%,8.3%,13.3%,2023
Transgender,All Schools,mental_howaccess,"know how to access services if they are worried about, or are looking for more information about their mental health",Yes,70,115,60.9%,46.5%,73.6%,14.4%,12.7%,2023
Transgender,All Schools,mental_none,other,No,90,125,72.0%,58.4%,82.5%,13.6%,10.5%,2023
Transgender,All Schools,mental_none,other,Yes,35,125,28.0%,17.5%,41.6%,10.5%,13.6%,2023
Transgender,All Schools,mental_nurse,a school nurse,No,120,125,96.0%,86.6%,98.9%,9.4%,2.9%,2023
Transgender,All Schools,mental_nurse,a school nurse,Yes,5,125,4.0%,1.1%,13.4%,2.9%,9.4%,2023
Transgender,All Schools,mental_other,some other service,No,100,125,80.0%,67.0%,88.7%,13.0%,8.7%,2023
Transgender,All Schools,mental_other,some other service,Yes,25,125,20.0%,11.3%,33.0%,8.7%,13.0%,2023
Transgender,All Schools,mental_parents,parents/carers,No,85,120,70.8%,56.9%,81.7%,14.0%,10.9%,2023
Transgender,All Schools,mental_parents,parents/carers,Yes,35,120,29.2%,18.3%,43.1%,10.9%,14.0%,2023
Transgender,All Schools,mental_school,the school,No,105,125,84.0%,71.5%,91.6%,12.5%,7.6%,2023
Transgender,All Schools,mental_school,the school,Yes,20,125,16.0%,8.4%,28.5%,7.6%,12.5%,2023
Transgender,All Schools,mental_talk,"agree with the statement ""It's okay for me to talk about my mental health.""",No,45,120,37.5%,25.2%,51.6%,12.3%,14.1%,2023
Transgender,All Schools,mental_talk,"agree with the statement ""It's okay for me to talk about my mental health.""",Not sure,25,120,20.8%,11.7%,34.2%,9.1%,13.4%,2023
Transgender,All Schools,mental_talk,"agree with the statement ""It's okay for me to talk about my mental health.""",Yes,50,120,41.7%,28.9%,55.7%,12.8%,14.0%,2023
Transgender,All Schools,mental_type_121,1-2-1s (in person),No,65,125,52.0%,38.5%,65.2%,13.5%,13.2%,2023
Transgender,All Schools,mental_type_121,1-2-1s (in person),Yes,60,125,48.0%,34.8%,61.5%,13.2%,13.5%,2023
Transgender,All Schools,mental_type_group,groupwork,No,90,120,75.0%,61.3%,85.1%,13.7%,10.1%,2023
Transgender,All Schools,mental_type_group,groupwork,Yes,30,120,25.0%,14.9%,38.7%,10.1%,13.7%,2023
Transgender,All Schools,mental_type_online,online support,No,85,125,68.0%,54.2%,79.2%,13.8%,11.2%,2023
Transgender,All Schools,mental_type_online,online support,Yes,40,125,32.0%,20.8%,45.8%,11.2%,13.8%,2023
Transgender,All Schools,mental_type_other,other types of support,No,95,125,76.0%,62.6%,85.7%,13.4%,9.7%,2023
Transgender,All Schools,mental_type_other,other types of support,Yes,30,125,24.0%,14.3%,37.4%,9.7%,13.4%,2023
Transgender,All Schools,mental_type_phone,phone counselling,No,115,125,92.0%,81.2%,96.8%,10.8%,4.8%,2023
Transgender,All Schools,mental_type_phone,phone counselling,Yes,10,125,8.0%,3.2%,18.8%,4.8%,10.8%,2023
Transgender,All Schools,mental_youthservice,the Youth Service,No,100,125,80.0%,67.0%,88.7%,13.0%,8.7%,2023
Transgender,All Schools,mental_youthservice,the Youth Service,Yes,25,125,20.0%,11.3%,33.0%,8.7%,13.0%,2023
Transgender,All Schools,nitrous_oxide_exp,nitrous oxide,No,115,125,92.0%,81.2%,96.8%,10.8%,4.8%,2023
Transgender,All Schools,nitrous_oxide_exp,nitrous oxide,Yes,10,125,8.0%,3.2%,18.8%,4.8%,10.8%,2023
Transgender,All Schools,nitrous_oxide_offered,nitrous oxide,No,110,125,88.0%,76.2%,94.4%,11.8%,6.4%,2023
Transgender,All Schools,nitrous_oxide_offered,nitrous oxide,Yes,15,125,12.0%,5.6%,23.8%,6.4%,11.8%,2023
Transgender,All Schools,nps_exp,novel psychoactive substances,No,115,125,92.0%,81.2%,96.8%,10.8%,4.8%,2023
Transgender,All Schools,nps_exp,novel psychoactive substances,Yes,10,125,8.0%,3.2%,18.8%,4.8%,10.8%,2023
Transgender,All Schools,nps_offered,novel psychoactive substances,No,110,125,88.0%,76.2%,94.4%,11.8%,6.4%,2023
Transgender,All Schools,nps_offered,novel psychoactive substances,Yes,15,125,12.0%,5.6%,23.8%,6.4%,11.8%,2023
Transgender,All Schools,pa_30,how many days in the past week had they done a total of 30 minutes or more of physical activity,1 to 3,50,125,40.0%,27.6%,53.8%,12.4%,13.8%,2023
Transgender,All Schools,pa_30,how many days in the past week had they done a total of 30 minutes or more of physical activity,4 to 5,15,125,12.0%,5.6%,23.8%,6.4%,11.8%,2023
Transgender,All Schools,pa_30,how many days in the past week had they done a total of 30 minutes or more of physical activity,6 to 7,5,125,4.0%,1.1%,13.4%,2.9%,9.4%,2023
Transgender,All Schools,pa_30,how many days in the past week had they done a total of 30 minutes or more of physical activity,none,55,125,44.0%,31.2%,57.7%,12.8%,13.7%,2023
Transgender,All Schools,pa_60,how many days in the past week had they done a total of 60 minutes or more of physical activity,1 to 3,35,120,29.2%,18.3%,43.1%,10.9%,14.0%,2023
Transgender,All Schools,pa_60,how many days in the past week had they done a total of 60 minutes or more of physical activity,4 to 5,15,120,12.5%,5.9%,24.7%,6.6%,12.2%,2023
Transgender,All Schools,pa_60,how many days in the past week had they done a total of 60 minutes or more of physical activity,6 to 7,10,120,8.3%,3.3%,19.5%,5.0%,11.2%,2023
Transgender,All Schools,pa_60,how many days in the past week had they done a total of 60 minutes or more of physical activity,none,60,120,50.0%,36.4%,63.6%,13.6%,13.6%,2023
Transgender,All Schools,pa_barriers_bikecost,the cost of bikes,No,105,125,84.0%,71.5%,91.6%,12.5%,7.6%,2023
Transgender,All Schools,pa_barriers_bikecost,the cost of bikes,Yes,20,125,16.0%,8.4%,28.5%,7.6%,12.5%,2023
Transgender,All Schools,pa_barriers_distance,distance,No,95,125,76.0%,62.6%,85.7%,13.4%,9.7%,2023
Transgender,All Schools,pa_barriers_distance,distance,Yes,30,125,24.0%,14.3%,37.4%,9.7%,13.4%,2023
Transgender,All Schools,pa_barriers_fearlost,the fear of getting lost,No,100,125,80.0%,67.0%,88.7%,13.0%,8.7%,2023
Transgender,All Schools,pa_barriers_fearlost,the fear of getting lost,Yes,25,125,20.0%,11.3%,33.0%,8.7%,13.0%,2023
Transgender,All Schools,pa_barriers_fitness,lack of fitness,No,95,120,79.2%,65.8%,88.3%,13.4%,9.1%,2023
Transgender,All Schools,pa_barriers_fitness,lack of fitness,Yes,25,120,20.8%,11.7%,34.2%,9.1%,13.4%,2023
Transgender,All Schools,pa_barriers_other,other reasons,No,110,125,88.0%,76.2%,94.4%,11.8%,6.4%,2023
Transgender,All Schools,pa_barriers_other,other reasons,Yes,15,125,12.0%,5.6%,23.8%,6.4%,11.8%,2023
Transgender,All Schools,pa_barriers_pollution,air pollution,No,110,125,88.0%,76.2%,94.4%,11.8%,6.4%,2023
Transgender,All Schools,pa_barriers_pollution,air pollution,Yes,15,125,12.0%,5.6%,23.8%,6.4%,11.8%,2023
Transgender,All Schools,pa_barriers_roadsafety,road safety,No,105,125,84.0%,71.5%,91.6%,12.5%,7.6%,2023
Transgender,All Schools,pa_barriers_roadsafety,road safety,Yes,20,125,16.0%,8.4%,28.5%,7.6%,12.5%,2023
Transgender,All Schools,pa_barriers_safety,personal safety,No,95,125,76.0%,62.6%,85.7%,13.4%,9.7%,2023
Transgender,All Schools,pa_barriers_safety,personal safety,Yes,30,125,24.0%,14.3%,37.4%,9.7%,13.4%,2023
Transgender,All Schools,pa_barriers_time,lack of time,No,70,125,56.0%,42.3%,68.8%,13.7%,12.8%,2023
Transgender,All Schools,pa_barriers_time,lack of time,Yes,55,125,44.0%,31.2%,57.7%,12.8%,13.7%,2023
Transgender,All Schools,pa_barriers_want,personal preference,No,70,120,58.3%,44.3%,71.1%,14.0%,12.8%,2023
Transgender,All Schools,pa_barriers_want,personal preference,Yes,50,120,41.7%,28.9%,55.7%,12.8%,14.0%,2023
Transgender,All Schools,pa_barriers_weather,the weather,No,80,120,66.7%,52.6%,78.3%,14.1%,11.6%,2023
Transgender,All Schools,pa_barriers_weather,the weather,Yes,40,120,33.3%,21.7%,47.4%,11.6%,14.1%,2023
Transgender,All Schools,pa_fri,Friday,0-29 minutes,45,110,40.9%,27.7%,55.6%,13.2%,14.6%,2023
Transgender,All Schools,pa_fri,Friday,30-59 minutes,30,110,27.3%,16.4%,41.8%,10.9%,14.5%,2023
Transgender,All Schools,pa_fri,Friday,60 or more minutes,35,110,31.8%,20.0%,46.5%,11.8%,14.7%,2023
Transgender,All Schools,pa_mon,Monday,0-29 minutes,50,110,45.5%,31.7%,59.9%,13.7%,14.4%,2023
Transgender,All Schools,pa_mon,Monday,30-59 minutes,30,110,27.3%,16.4%,41.8%,10.9%,14.5%,2023
Transgender,All Schools,pa_mon,Monday,60 or more minutes,30,110,27.3%,16.4%,41.8%,10.9%,14.5%,2023
Transgender,All Schools,pa_sat,Saturday,0-29 minutes,50,105,47.6%,33.4%,62.2%,14.2%,14.6%,2023
Transgender,All Schools,pa_sat,Saturday,30-59 minutes,30,105,28.6%,17.2%,43.5%,11.4%,15.0%,2023
Transgender,All Schools,pa_sat,Saturday,60 or more minutes,25,105,23.8%,13.5%,38.5%,10.3%,14.7%,2023
Transgender,All Schools,pa_sun,Sunday,0-29 minutes,55,105,52.4%,37.8%,66.6%,14.6%,14.2%,2023
Transgender,All Schools,pa_sun,Sunday,30-59 minutes,20,105,19.0%,10.0%,33.3%,9.0%,14.2%,2023
Transgender,All Schools,pa_sun,Sunday,60 or more minutes,30,105,28.6%,17.2%,43.5%,11.4%,15.0%,2023
Transgender,All Schools,pa_thurs,Thursday,0-29 minutes,55,115,47.8%,34.2%,61.8%,13.7%,14.0%,2023
Transgender,All Schools,pa_thurs,Thursday,30-59 minutes,30,115,26.1%,15.6%,40.2%,10.5%,14.1%,2023
Transgender,All Schools,pa_thurs,Thursday,60 or more minutes,30,115,26.1%,15.6%,40.2%,10.5%,14.1%,2023
Transgender,All Schools,pa_tues,Tuesday,0-29 minutes,45,105,42.9%,29.2%,57.8%,13.7%,14.9%,2023
Transgender,All Schools,pa_tues,Tuesday,30-59 minutes,30,105,28.6%,17.2%,43.5%,11.4%,15.0%,2023
Transgender,All Schools,pa_tues,Tuesday,60 or more minutes,30,105,28.6%,17.2%,43.5%,11.4%,15.0%,2023
Transgender,All Schools,pa_wed,Wednesday,0-29 minutes,50,115,43.5%,30.2%,57.7%,13.2%,14.2%,2023
Transgender,All Schools,pa_wed,Wednesday,30-59 minutes,30,115,26.1%,15.6%,40.2%,10.5%,14.1%,2023
Transgender,All Schools,pa_wed,Wednesday,60 or more minutes,35,115,30.4%,19.1%,44.8%,11.3%,14.3%,2023
Transgender,All Schools,paid_work,how much paid work they did last week,0-10 hours,10,120,8.3%,3.3%,19.5%,5.0%,11.2%,2023
Transgender,All Schools,paid_work,how much paid work they did last week,11-20 hours,5,120,4.2%,1.2%,13.9%,3.0%,9.8%,2023
Transgender,All Schools,paid_work,how much paid work they did last week,21-30 hours,0,120,0.0%,0.0%,7.4%,0.0%,7.4%,2023
Transgender,All Schools,paid_work,how much paid work they did last week,31+ hours,10,120,8.3%,3.3%,19.5%,5.0%,11.2%,2023
Transgender,All Schools,paid_work,how much paid work they did last week,I didn't do any paid work,90,120,75.0%,61.3%,85.1%,13.7%,10.1%,2023
Transgender,All Schools,paid_work,how much paid work they did last week,Prefer not to say,5,120,4.2%,1.2%,13.9%,3.0%,9.8%,2023
Transgender,All Schools,poppers_exp,poppers,No,115,125,92.0%,81.2%,96.8%,10.8%,4.8%,2023
Transgender,All Schools,poppers_exp,poppers,Yes,10,125,8.0%,3.2%,18.8%,4.8%,10.8%,2023
Transgender,All Schools,poppers_offered,poppers,No,110,120,91.7%,80.5%,96.7%,11.2%,5.0%,2023
Transgender,All Schools,poppers_offered,poppers,Yes,10,120,8.3%,3.3%,19.5%,5.0%,11.2%,2023
Transgender,All Schools,prospects_education,plan to continue in education,Maybe,20,105,19.0%,10.0%,33.3%,9.0%,14.2%,2023
Transgender,All Schools,prospects_education,plan to continue in education,No,10,105,9.5%,3.8%,22.0%,5.7%,12.5%,2023
Transgender,All Schools,prospects_education,plan to continue in education,Yes,75,105,71.4%,56.5%,82.8%,15.0%,11.4%,2023
Transgender,All Schools,prospects_family,plan to start a family,Maybe,30,100,30.0%,18.1%,45.4%,11.9%,15.4%,2023
Transgender,All Schools,prospects_family,plan to start a family,No,60,100,60.0%,44.6%,73.6%,15.4%,13.6%,2023
Transgender,All Schools,prospects_family,plan to start a family,Yes,10,100,10.0%,4.0%,23.0%,6.0%,13.0%,2023
Transgender,All Schools,prospects_info_apprenticeships,apprenticeships,No,95,120,79.2%,65.8%,88.3%,13.4%,9.1%,2023
Transgender,All Schools,prospects_info_apprenticeships,apprenticeships,Yes,25,120,20.8%,11.7%,34.2%,9.1%,13.4%,2023
Transgender,All Schools,prospects_info_college,college/6th form,No,85,125,68.0%,54.2%,79.2%,13.8%,11.2%,2023
Transgender,All Schools,prospects_info_college,college/6th form,Yes,40,125,32.0%,20.8%,45.8%,11.2%,13.8%,2023
Transgender,All Schools,prospects_info_gap,gap years,No,85,125,68.0%,54.2%,79.2%,13.8%,11.2%,2023
Transgender,All Schools,prospects_info_gap,gap years,Yes,40,125,32.0%,20.8%,45.8%,11.2%,13.8%,2023
Transgender,All Schools,prospects_info_jobs,jobs,No,70,125,56.0%,42.3%,68.8%,13.7%,12.8%,2023
Transgender,All Schools,prospects_info_jobs,jobs,Yes,55,125,44.0%,31.2%,57.7%,12.8%,13.7%,2023
Transgender,All Schools,prospects_info_other,other options,No,105,125,84.0%,71.5%,91.6%,12.5%,7.6%,2023
Transgender,All Schools,prospects_info_other,other options,Yes,20,125,16.0%,8.4%,28.5%,7.6%,12.5%,2023
Transgender,All Schools,prospects_info_trainee,traineeships,No,105,120,87.5%,75.3%,94.1%,12.2%,6.6%,2023
Transgender,All Schools,prospects_info_trainee,traineeships,Yes,15,120,12.5%,5.9%,24.7%,6.6%,12.2%,2023
Transgender,All Schools,prospects_info_uni,university,No,65,125,52.0%,38.5%,65.2%,13.5%,13.2%,2023
Transgender,All Schools,prospects_info_uni,university,Yes,60,125,48.0%,34.8%,61.5%,13.2%,13.5%,2023
Transgender,All Schools,prospects_job,plan to get a job,Maybe,40,110,36.4%,23.8%,51.1%,12.6%,14.7%,2023
Transgender,All Schools,prospects_job,plan to get a job,No,15,110,13.6%,6.4%,26.7%,7.2%,13.0%,2023
Transgender,All Schools,prospects_job,plan to get a job,Yes,55,110,50.0%,35.9%,64.1%,14.1%,14.1%,2023
Transgender,All Schools,prospects_notsure,aren't sure what they want to do,Maybe,25,95,26.3%,15.0%,42.0%,11.3%,15.6%,2023
Transgender,All Schools,prospects_notsure,aren't sure what they want to do,No,35,95,36.8%,23.4%,52.7%,13.4%,15.8%,2023
Transgender,All Schools,prospects_notsure,aren't sure what they want to do,Yes,35,95,36.8%,23.4%,52.7%,13.4%,15.8%,2023
Transgender,All Schools,prospects_other,have other plans,Maybe,25,90,27.8%,15.9%,43.9%,11.9%,16.2%,2023
Transgender,All Schools,prospects_other,have other plans,No,35,90,38.9%,24.8%,55.1%,14.1%,16.2%,2023
Transgender,All Schools,prospects_other,have other plans,Yes,30,90,33.3%,20.2%,49.6%,13.1%,16.3%,2023
Transgender,All Schools,prospects_support_friends,friends,No,80,120,66.7%,52.6%,78.3%,14.1%,11.6%,2023
Transgender,All Schools,prospects_support_friends,friends,Yes,40,120,33.3%,21.7%,47.4%,11.6%,14.1%,2023
Transgender,All Schools,prospects_support_idk,don't know where to get support,No,100,125,80.0%,67.0%,88.7%,13.0%,8.7%,2023
Transgender,All Schools,prospects_support_idk,don't know where to get support,Yes,25,125,20.0%,11.3%,33.0%,8.7%,13.0%,2023
Transgender,All Schools,prospects_support_jobcentre,Job Centre Plus,No,115,120,95.8%,86.1%,98.8%,9.8%,3.0%,2023
Transgender,All Schools,prospects_support_jobcentre,Job Centre Plus,Yes,5,120,4.2%,1.2%,13.9%,3.0%,9.8%,2023
Transgender,All Schools,prospects_support_online,online,No,85,125,68.0%,54.2%,79.2%,13.8%,11.2%,2023
Transgender,All Schools,prospects_support_online,online,Yes,40,125,32.0%,20.8%,45.8%,11.2%,13.8%,2023
Transgender,All Schools,prospects_support_other,other sources,No,115,125,92.0%,81.2%,96.8%,10.8%,4.8%,2023
Transgender,All Schools,prospects_support_other,other sources,Yes,10,125,8.0%,3.2%,18.8%,4.8%,10.8%,2023
Transgender,All Schools,prospects_support_parents,parent/carer,No,65,125,52.0%,38.5%,65.2%,13.5%,13.2%,2023
Transgender,All Schools,prospects_support_parents,parent/carer,Yes,60,125,48.0%,34.8%,61.5%,13.2%,13.5%,2023
Transgender,All Schools,prospects_support_school,school/teacher,No,85,120,70.8%,56.9%,81.7%,14.0%,10.9%,2023
Transgender,All Schools,prospects_support_school,school/teacher,Yes,35,120,29.2%,18.3%,43.1%,10.9%,14.0%,2023
Transgender,All Schools,prospects_support_syp,Services for Young People,No,110,125,88.0%,76.2%,94.4%,11.8%,6.4%,2023
Transgender,All Schools,prospects_support_syp,Services for Young People,Yes,15,125,12.0%,5.6%,23.8%,6.4%,11.8%,2023
Transgender,All Schools,prospects_training,plan to training for a skilled job,Maybe,35,90,38.9%,24.8%,55.1%,14.1%,16.2%,2023
Transgender,All Schools,prospects_training,plan to training for a skilled job,No,30,90,33.3%,20.2%,49.6%,13.1%,16.3%,2023
Transgender,All Schools,prospects_training,plan to training for a skilled job,Yes,25,90,27.8%,15.9%,43.9%,11.9%,16.2%,2023
Transgender,All Schools,religion,religion,Any other religion,10,125,8.0%,3.2%,18.8%,4.8%,10.8%,2023
Transgender,All Schools,religion,religion,Buddhist,0,125,0.0%,0.0%,7.1%,0.0%,7.1%,2023
Transgender,All Schools,religion,religion,Christian,10,125,8.0%,3.2%,18.8%,4.8%,10.8%,2023
Transgender,All Schools,religion,religion,Hindu,5,125,4.0%,1.1%,13.4%,2.9%,9.4%,2023
Transgender,All Schools,religion,religion,Jewish,10,125,8.0%,3.2%,18.8%,4.8%,10.8%,2023
Transgender,All Schools,religion,religion,Muslim,5,125,4.0%,1.1%,13.4%,2.9%,9.4%,2023
Transgender,All Schools,religion,religion,No religion,70,125,56.0%,42.3%,68.8%,13.7%,12.8%,2023
Transgender,All Schools,religion,religion,Prefer not to say,10,125,8.0%,3.2%,18.8%,4.8%,10.8%,2023
Transgender,All Schools,religion,religion,Sikh,5,125,4.0%,1.1%,13.4%,2.9%,9.4%,2023
Transgender,All Schools,safety_dark,going out after dark,Neither safe or unsafe,35,120,29.2%,18.3%,43.1%,10.9%,14.0%,2023
Transgender,All Schools,safety_dark,going out after dark,Safe,20,120,16.7%,8.7%,29.5%,8.0%,12.9%,2023
Transgender,All Schools,safety_dark,going out after dark,Unsafe,65,120,54.2%,40.3%,67.4%,13.8%,13.2%,2023
Transgender,All Schools,safety_day,going out during the day,Neither safe or unsafe,45,120,37.5%,25.2%,51.6%,12.3%,14.1%,2023
Transgender,All Schools,safety_day,going out during the day,Safe,55,120,45.8%,32.6%,59.7%,13.2%,13.8%,2023
Transgender,All Schools,safety_day,going out during the day,Unsafe,20,120,16.7%,8.7%,29.5%,8.0%,12.9%,2023
Transgender,All Schools,safety_journey,going to and from school,Neither safe or unsafe,45,120,37.5%,25.2%,51.6%,12.3%,14.1%,2023
Transgender,All Schools,safety_journey,going to and from school,Safe,55,120,45.8%,32.6%,59.7%,13.2%,13.8%,2023
Transgender,All Schools,safety_journey,going to and from school,Unsafe,20,120,16.7%,8.7%,29.5%,8.0%,12.9%,2023
Transgender,All Schools,safety_school,at school,Neither safe or unsafe,55,120,45.8%,32.6%,59.7%,13.2%,13.8%,2023
Transgender,All Schools,safety_school,at school,Safe,40,120,33.3%,21.7%,47.4%,11.6%,14.1%,2023
Transgender,All Schools,safety_school,at school,Unsafe,25,120,20.8%,11.7%,34.2%,9.1%,13.4%,2023
Transgender,All Schools,school_supported,felt supported by their school and that they were offered help when having difficulties,No,40,75,53.3%,36.2%,69.7%,17.1%,16.4%,2023
Transgender,All Schools,school_supported,felt supported by their school and that they were offered help when having difficulties,Not sure,20,75,26.7%,14.2%,44.4%,12.5%,17.7%,2023
Transgender,All Schools,school_supported,felt supported by their school and that they were offered help when having difficulties,Prefer not to say,0,75,0.0%,0.0%,11.3%,0.0%,11.3%,2023
Transgender,All Schools,school_supported,felt supported by their school and that they were offered help when having difficulties,Yes,15,75,20.0%,9.5%,37.3%,10.5%,17.3%,2023
Transgender,All Schools,schoolsupp_academic,they find their school is supportive of their learning and education,No,20,125,16.0%,8.4%,28.5%,7.6%,12.5%,2023
Transgender,All Schools,schoolsupp_academic,they find their school is supportive of their learning and education,Not sure,5,125,4.0%,1.1%,13.4%,2.9%,9.4%,2023
Transgender,All Schools,schoolsupp_academic,they find their school is supportive of their learning and education,Somewhat,40,125,32.0%,20.8%,45.8%,11.2%,13.8%,2023
Transgender,All Schools,schoolsupp_academic,they find their school is supportive of their learning and education,Yes,60,125,48.0%,34.8%,61.5%,13.2%,13.5%,2023
Transgender,All Schools,schoolsupp_wellbeing,they find their school is supportive of their emotional health and wellbeing,No,40,115,34.8%,22.7%,49.2%,12.1%,14.4%,2023
Transgender,All Schools,schoolsupp_wellbeing,they find their school is supportive of their emotional health and wellbeing,Not sure,5,115,4.3%,1.2%,14.5%,3.1%,10.1%,2023
Transgender,All Schools,schoolsupp_wellbeing,they find their school is supportive of their emotional health and wellbeing,Somewhat,50,115,43.5%,30.2%,57.7%,13.2%,14.2%,2023
Transgender,All Schools,schoolsupp_wellbeing,they find their school is supportive of their emotional health and wellbeing,Yes,20,115,17.4%,9.1%,30.7%,8.3%,13.3%,2023
Transgender,All Schools,schyear,school year,Not at school/other,5,135,3.7%,1.0%,12.5%,2.7%,8.8%,2023
Transgender,All Schools,schyear,school year,Year 10,20,135,14.8%,7.7%,26.6%,7.1%,11.7%,2023
Transgender,All Schools,schyear,school year,Year 11,15,135,11.1%,5.2%,22.2%,5.9%,11.0%,2023
Transgender,All Schools,schyear,school year,Year 12,15,135,11.1%,5.2%,22.2%,5.9%,11.0%,2023
Transgender,All Schools,schyear,school year,Year 13,15,135,11.1%,5.2%,22.2%,5.9%,11.0%,2023
Transgender,All Schools,schyear,school year,Year 7,20,135,14.8%,7.7%,26.6%,7.1%,11.7%,2023
Transgender,All Schools,schyear,school year,Year 8,20,135,14.8%,7.7%,26.6%,7.1%,11.7%,2023
Transgender,All Schools,schyear,school year,Year 9,25,135,18.5%,10.4%,30.8%,8.1%,12.3%,2023
Transgender,All Schools,selfharm_ever,ever self-harmed,No,25,115,21.7%,12.3%,35.5%,9.5%,13.8%,2023
Transgender,All Schools,selfharm_ever,ever self-harmed,Prefer not to say,30,115,26.1%,15.6%,40.2%,10.5%,14.1%,2023
Transgender,All Schools,selfharm_ever,ever self-harmed,Yes,60,115,52.2%,38.2%,65.8%,14.0%,13.7%,2023
Transgender,All Schools,sexuality,sexual orientation,Bisexual,35,125,28.0%,17.5%,41.6%,10.5%,13.6%,2023
Transgender,All Schools,sexuality,sexual orientation,Heterosexual/Straight,20,125,16.0%,8.4%,28.5%,7.6%,12.5%,2023
Transgender,All Schools,sexuality,sexual orientation,Homosexual/Gay Male,25,125,20.0%,11.3%,33.0%,8.7%,13.0%,2023
Transgender,All Schools,sexuality,sexual orientation,Homosexual/Lesbian,10,125,8.0%,3.2%,18.8%,4.8%,10.8%,2023
Transgender,All Schools,sexuality,sexual orientation,Other,15,125,12.0%,5.6%,23.8%,6.4%,11.8%,2023
Transgender,All Schools,sexuality,sexual orientation,Prefer not to say,5,125,4.0%,1.1%,13.4%,2.9%,9.4%,2023
Transgender,All Schools,sexuality,sexual orientation,Questioning,10,125,8.0%,3.2%,18.8%,4.8%,10.8%,2023
Transgender,All Schools,sexuality,sexual orientation,Unsure,5,125,4.0%,1.1%,13.4%,2.9%,9.4%,2023
Transgender,All Schools,sh_16,Most 16 year olds have not had sex,Agree,20,55,36.4%,19.8%,57.0%,16.6%,20.6%,2023
Transgender,All Schools,sh_16,Most 16 year olds have not had sex,Disagree,20,55,36.4%,19.8%,57.0%,16.6%,20.6%,2023
Transgender,All Schools,sh_16,Most 16 year olds have not had sex,Not sure,15,55,27.3%,13.2%,48.1%,14.1%,20.8%,2023
Transgender,All Schools,sh_access,they know how to access sexual health services?,No,50,115,43.5%,30.2%,57.7%,13.2%,14.2%,2023
Transgender,All Schools,sh_access,they know how to access sexual health services?,Not sure,25,115,21.7%,12.3%,35.5%,9.5%,13.8%,2023
Transgender,All Schools,sh_access,they know how to access sexual health services?,Yes,40,115,34.8%,22.7%,49.2%,12.1%,14.4%,2023
Transgender,All Schools,sh_condoms,Using condoms is necessary to prevent sexually transmitted infections and unplanned pregnancies,Agree,50,60,83.3%,64.2%,93.3%,19.1%,10.0%,2023
Transgender,All Schools,sh_condoms,Using condoms is necessary to prevent sexually transmitted infections and unplanned pregnancies,Disagree,5,60,8.3%,2.3%,25.8%,6.0%,17.5%,2023
Transgender,All Schools,sh_condoms,Using condoms is necessary to prevent sexually transmitted infections and unplanned pregnancies,Not sure,5,60,8.3%,2.3%,25.8%,6.0%,17.5%,2023
Transgender,All Schools,sh_condomsti,"If you have sex without a condom, you should get an STI test.",Agree,45,55,81.8%,61.5%,92.7%,20.3%,10.9%,2023
Transgender,All Schools,sh_condomsti,"If you have sex without a condom, you should get an STI test.",Disagree,5,55,9.1%,2.5%,27.7%,6.6%,18.7%,2023
Transgender,All Schools,sh_condomsti,"If you have sex without a condom, you should get an STI test.",Not sure,5,55,9.1%,2.5%,27.7%,6.6%,18.7%,2023
Transgender,All Schools,sh_pregnancy,Getting pregnant or getting someone else pregnant now would negatively affect my future plans,Agree,45,55,81.8%,61.5%,92.7%,20.3%,10.9%,2023
Transgender,All Schools,sh_pregnancy,Getting pregnant or getting someone else pregnant now would negatively affect my future plans,Disagree,5,55,9.1%,2.5%,27.7%,6.6%,18.7%,2023
Transgender,All Schools,sh_pregnancy,Getting pregnant or getting someone else pregnant now would negatively affect my future plans,Not sure,5,55,9.1%,2.5%,27.7%,6.6%,18.7%,2023
Transgender,All Schools,sh_pressure,There is pressure on young people to have sex,Agree,25,55,45.5%,27.0%,65.3%,18.5%,19.8%,2023
Transgender,All Schools,sh_pressure,There is pressure on young people to have sex,Disagree,15,55,27.3%,13.2%,48.1%,14.1%,20.8%,2023
Transgender,All Schools,sh_pressure,There is pressure on young people to have sex,Not sure,15,55,27.3%,13.2%,48.1%,14.1%,20.8%,2023
Transgender,All Schools,sh_schooled,I think the quality of the relationships and sex education I receive at school is good.,Agree,20,55,36.4%,19.8%,57.0%,16.6%,20.6%,2023
Transgender,All Schools,sh_schooled,I think the quality of the relationships and sex education I receive at school is good.,Disagree,15,55,27.3%,13.2%,48.1%,14.1%,20.8%,2023
Transgender,All Schools,sh_schooled,I think the quality of the relationships and sex education I receive at school is good.,Not sure,20,55,36.4%,19.8%,57.0%,16.6%,20.6%,2023
Transgender,All Schools,sh_serious,Being in a serious/long-term relationship before having sex is important,Agree,20,55,36.4%,19.8%,57.0%,16.6%,20.6%,2023
Transgender,All Schools,sh_serious,Being in a serious/long-term relationship before having sex is important,Disagree,15,55,27.3%,13.2%,48.1%,14.1%,20.8%,2023
Transgender,All Schools,sh_serious,Being in a serious/long-term relationship before having sex is important,Not sure,20,55,36.4%,19.8%,57.0%,16.6%,20.6%,2023
Transgender,All Schools,sh_support,their preferable source of support to get contraception or a test for Sexually Transmitted Infection (STI),Doctor,25,110,22.7%,12.9%,36.9%,9.9%,14.2%,2023
Transgender,All Schools,sh_support,their preferable source of support to get contraception or a test for Sexually Transmitted Infection (STI),Helpline,0,110,0.0%,0.0%,8.0%,0.0%,8.0%,2023
Transgender,All Schools,sh_support,their preferable source of support to get contraception or a test for Sexually Transmitted Infection (STI),Online (e.g. Sexwise website),15,110,13.6%,6.4%,26.7%,7.2%,13.0%,2023
Transgender,All Schools,sh_support,their preferable source of support to get contraception or a test for Sexually Transmitted Infection (STI),Other,5,110,4.5%,1.3%,15.1%,3.3%,10.5%,2023
Transgender,All Schools,sh_support,their preferable source of support to get contraception or a test for Sexually Transmitted Infection (STI),Pharmacy,15,110,13.6%,6.4%,26.7%,7.2%,13.0%,2023
Transgender,All Schools,sh_support,their preferable source of support to get contraception or a test for Sexually Transmitted Infection (STI),Prefer not to say,20,110,18.2%,9.5%,31.9%,8.7%,13.7%,2023
Transgender,All Schools,sh_support,their preferable source of support to get contraception or a test for Sexually Transmitted Infection (STI),School/College,5,110,4.5%,1.3%,15.1%,3.3%,10.5%,2023
Transgender,All Schools,sh_support,their preferable source of support to get contraception or a test for Sexually Transmitted Infection (STI),Sexual health clinic,20,110,18.2%,9.5%,31.9%,8.7%,13.7%,2023
Transgender,All Schools,sh_support,their preferable source of support to get contraception or a test for Sexually Transmitted Infection (STI),Youth Worker/Service,5,110,4.5%,1.3%,15.1%,3.3%,10.5%,2023
Transgender,All Schools,sh_wait,It is fine to wait to have sex,Agree,50,55,90.9%,72.3%,97.5%,18.7%,6.6%,2023
Transgender,All Schools,sh_wait,It is fine to wait to have sex,Disagree,5,55,9.1%,2.5%,27.7%,6.6%,18.7%,2023
Transgender,All Schools,sh_wait,It is fine to wait to have sex,Not sure,0,55,0.0%,0.0%,14.8%,0.0%,14.8%,2023
Transgender,All Schools,shinfo_clinic,sexual health clinics,No,120,125,96.0%,86.6%,98.9%,9.4%,2.9%,2023
Transgender,All Schools,shinfo_clinic,sexual health clinics,Yes,5,125,4.0%,1.1%,13.4%,2.9%,9.4%,2023
Transgender,All Schools,shinfo_doctor,health professionals,No,120,125,96.0%,86.6%,98.9%,9.4%,2.9%,2023
Transgender,All Schools,shinfo_doctor,health professionals,Yes,5,125,4.0%,1.1%,13.4%,2.9%,9.4%,2023
Transgender,All Schools,shinfo_friends,friends,No,95,125,76.0%,62.6%,85.7%,13.4%,9.7%,2023
Transgender,All Schools,shinfo_friends,friends,Yes,30,125,24.0%,14.3%,37.4%,9.7%,13.4%,2023
Transgender,All Schools,shinfo_healthsite,healthcare websites,No,100,125,80.0%,67.0%,88.7%,13.0%,8.7%,2023
Transgender,All Schools,shinfo_healthsite,healthcare websites,Yes,25,125,20.0%,11.3%,33.0%,8.7%,13.0%,2023
Transgender,All Schools,shinfo_helpline,telephone helplines,No,120,120,100.0%,92.6%,100.0%,7.4%,0.0%,2023
Transgender,All Schools,shinfo_helpline,telephone helplines,Yes,0,120,0.0%,0.0%,7.4%,0.0%,7.4%,2023
Transgender,All Schools,shinfo_media,media,No,95,120,79.2%,65.8%,88.3%,13.4%,9.1%,2023
Transgender,All Schools,shinfo_media,media,Yes,25,120,20.8%,11.7%,34.2%,9.1%,13.4%,2023
Transgender,All Schools,shinfo_other,other,No,115,120,95.8%,86.1%,98.8%,9.8%,3.0%,2023
Transgender,All Schools,shinfo_other,other,Yes,5,120,4.2%,1.2%,13.9%,3.0%,9.8%,2023
Transgender,All Schools,shinfo_parents,parents,No,95,120,79.2%,65.8%,88.3%,13.4%,9.1%,2023
Transgender,All Schools,shinfo_parents,parents,Yes,25,120,20.8%,11.7%,34.2%,9.1%,13.4%,2023
Transgender,All Schools,shinfo_porn,pornography,No,105,125,84.0%,71.5%,91.6%,12.5%,7.6%,2023
Transgender,All Schools,shinfo_porn,pornography,Yes,20,125,16.0%,8.4%,28.5%,7.6%,12.5%,2023
Transgender,All Schools,shinfo_poster,"posters, leaflets, reference books",No,110,125,88.0%,76.2%,94.4%,11.8%,6.4%,2023
Transgender,All Schools,shinfo_poster,"posters, leaflets, reference books",Yes,15,125,12.0%,5.6%,23.8%,6.4%,11.8%,2023
Transgender,All Schools,shinfo_relations,siblings or relatives,No,110,120,91.7%,80.5%,96.7%,11.2%,5.0%,2023
Transgender,All Schools,shinfo_relations,siblings or relatives,Yes,10,120,8.3%,3.3%,19.5%,5.0%,11.2%,2023
Transgender,All Schools,shinfo_school,school,No,75,120,62.5%,48.4%,74.8%,14.1%,12.3%,2023
Transgender,All Schools,shinfo_school,school,Yes,45,120,37.5%,25.2%,51.6%,12.3%,14.1%,2023
Transgender,All Schools,shinfo_yw,Youth Workers,No,120,125,96.0%,86.6%,98.9%,9.4%,2.9%,2023
Transgender,All Schools,shinfo_yw,Youth Workers,Yes,5,125,4.0%,1.1%,13.4%,2.9%,9.4%,2023
Transgender,All Schools,skipschool_appointments,medical/dental appointments,No,70,125,56.0%,42.3%,68.8%,13.7%,12.8%,2023
Transgender,All Schools,skipschool_appointments,medical/dental appointments,Yes,55,125,44.0%,31.2%,57.7%,12.8%,13.7%,2023
Transgender,All Schools,skipschool_care,caring for family,No,115,125,92.0%,81.2%,96.8%,10.8%,4.8%,2023
Transgender,All Schools,skipschool_care,caring for family,Yes,10,125,8.0%,3.2%,18.8%,4.8%,10.8%,2023
Transgender,All Schools,skipschool_illness,illness/injury unrelated to COVID-19,No,55,125,44.0%,31.2%,57.7%,12.8%,13.7%,2023
Transgender,All Schools,skipschool_illness,illness/injury unrelated to COVID-19,Yes,70,125,56.0%,42.3%,68.8%,13.7%,12.8%,2023
Transgender,All Schools,skipschool_mentalhealth,mental health reasons,No,75,120,62.5%,48.4%,74.8%,14.1%,12.3%,2023
Transgender,All Schools,skipschool_mentalhealth,mental health reasons,Yes,45,120,37.5%,25.2%,51.6%,12.3%,14.1%,2023
Transgender,All Schools,skipschool_na,other reasons,No,110,125,88.0%,76.2%,94.4%,11.8%,6.4%,2023
Transgender,All Schools,skipschool_na,other reasons,Yes,15,125,12.0%,5.6%,23.8%,6.4%,11.8%,2023
Transgender,All Schools,skipschool_trips,holiday,No,110,125,88.0%,76.2%,94.4%,11.8%,6.4%,2023
Transgender,All Schools,skipschool_trips,holiday,Yes,15,125,12.0%,5.6%,23.8%,6.4%,11.8%,2023
Transgender,All Schools,skipschool_worriesbully,bullying,No,105,125,84.0%,71.5%,91.6%,12.5%,7.6%,2023
Transgender,All Schools,skipschool_worriesbully,bullying,Yes,20,125,16.0%,8.4%,28.5%,7.6%,12.5%,2023
Transgender,All Schools,skipschool_worriesschool,worries about schoolwork,No,100,125,80.0%,67.0%,88.7%,13.0%,8.7%,2023
Transgender,All Schools,skipschool_worriesschool,worries about schoolwork,Yes,25,125,20.0%,11.3%,33.0%,8.7%,13.0%,2023
Transgender,All Schools,sleep_falling,had problems falling asleep,No,125,125,100.0%,92.9%,100.0%,7.1%,0.0%,2023
Transgender,All Schools,sleep_none,had no problems with sleep,No,125,125,100.0%,92.9%,100.0%,7.1%,0.0%,2023
Transgender,All Schools,sleep_wakingearly,had problems waking up early,No,125,125,100.0%,92.9%,100.0%,7.1%,0.0%,2023
Transgender,All Schools,sleep_wakingnight,had problems waking up at night,No,125,125,100.0%,92.9%,100.0%,7.1%,0.0%,2023
Transgender,All Schools,solvents_exp,solvents as drugs,No,115,125,92.0%,81.2%,96.8%,10.8%,4.8%,2023
Transgender,All Schools,solvents_exp,solvents as drugs,Yes,10,125,8.0%,3.2%,18.8%,4.8%,10.8%,2023
Transgender,All Schools,solvents_offered,solvents as drugs,No,110,125,88.0%,76.2%,94.4%,11.8%,6.4%,2023
Transgender,All Schools,solvents_offered,solvents as drugs,Yes,15,125,12.0%,5.6%,23.8%,6.4%,11.8%,2023
Transgender,All Schools,std_chlamydia,chlamydia,I have heard of it but know nothing about it,50,115,43.5%,30.2%,57.7%,13.2%,14.2%,2023
Transgender,All Schools,std_chlamydia,chlamydia,I have never heard of it,20,115,17.4%,9.1%,30.7%,8.3%,13.3%,2023
Transgender,All Schools,std_chlamydia,chlamydia,It can be both treated and cured,30,115,26.1%,15.6%,40.2%,10.5%,14.1%,2023
Transgender,All Schools,std_chlamydia,chlamydia,It can be treated but not cured,15,115,13.0%,6.1%,25.6%,6.9%,12.6%,2023
Transgender,All Schools,std_gono,gonorrhoea,I have heard of it but know nothing about it,50,110,45.5%,31.7%,59.9%,13.7%,14.4%,2023
Transgender,All Schools,std_gono,gonorrhoea,I have never heard of it,15,110,13.6%,6.4%,26.7%,7.2%,13.0%,2023
Transgender,All Schools,std_gono,gonorrhoea,It can be both treated and cured,35,110,31.8%,20.0%,46.5%,11.8%,14.7%,2023
Transgender,All Schools,std_gono,gonorrhoea,It can be treated but not cured,10,110,9.1%,3.6%,21.1%,5.5%,12.0%,2023
Transgender,All Schools,std_hiv,HIV,I have heard of it but know nothing about it,40,110,36.4%,23.8%,51.1%,12.6%,14.7%,2023
Transgender,All Schools,std_hiv,HIV,I have never heard of it,10,110,9.1%,3.6%,21.1%,5.5%,12.0%,2023
Transgender,All Schools,std_hiv,HIV,It can be both treated and cured,5,110,4.5%,1.3%,15.1%,3.3%,10.5%,2023
Transgender,All Schools,std_hiv,HIV,It can be treated but not cured,55,110,50.0%,35.9%,64.1%,14.1%,14.1%,2023
Transgender,All Schools,std_syphilis,syphilis,I have heard of it but know nothing about it,55,110,50.0%,35.9%,64.1%,14.1%,14.1%,2023
Transgender,All Schools,std_syphilis,syphilis,I have never heard of it,20,110,18.2%,9.5%,31.9%,8.7%,13.7%,2023
Transgender,All Schools,std_syphilis,syphilis,It can be both treated and cured,25,110,22.7%,12.9%,36.9%,9.9%,14.2%,2023
Transgender,All Schools,std_syphilis,syphilis,It can be treated but not cured,10,110,9.1%,3.6%,21.1%,5.5%,12.0%,2023
Transgender,All Schools,steroids_exp,muscle-building steroids,No,115,125,92.0%,81.2%,96.8%,10.8%,4.8%,2023
Transgender,All Schools,steroids_exp,muscle-building steroids,Yes,10,125,8.0%,3.2%,18.8%,4.8%,10.8%,2023
Transgender,All Schools,steroids_offered,muscle-building steroids,No,110,125,88.0%,76.2%,94.4%,11.8%,6.4%,2023
Transgender,All Schools,steroids_offered,muscle-building steroids,Yes,15,125,12.0%,5.6%,23.8%,6.4%,11.8%,2023
Transgender,All Schools,survey_year,NA,2023,125,125,100.0%,92.9%,100.0%,7.1%,0.0%,2023
Transgender,All Schools,vape_reduce,they want to reduce or stop vaping,I'd like to reduce the amount I vape but not stop,5,20,25.0%,7.2%,59.0%,17.8%,34.0%,2023
Transgender,All Schools,vape_reduce,they want to reduce or stop vaping,"No, I want to keep vaping",15,20,75.0%,41.0%,92.8%,34.0%,17.8%,2023
Transgender,All Schools,vape_reduce,they want to reduce or stop vaping,"Yes, I'd like to stop vaping",0,20,0.0%,0.0%,32.3%,0.0%,32.3%,2023
Transgender,All Schools,vape_worry,were worried about vaping,A bit worried,0,20,0.0%,0.0%,32.3%,0.0%,32.3%,2023
Transgender,All Schools,vape_worry,were worried about vaping,Not at all worried,10,20,50.0%,21.6%,78.4%,28.4%,28.4%,2023
Transgender,All Schools,vape_worry,were worried about vaping,Not very worried,5,20,25.0%,7.2%,59.0%,17.8%,34.0%,2023
Transgender,All Schools,vape_worry,were worried about vaping,Prefer not to say,5,20,25.0%,7.2%,59.0%,17.8%,34.0%,2023
Transgender,All Schools,vape_worry,were worried about vaping,Very worried,0,20,0.0%,0.0%,32.3%,0.0%,32.3%,2023
Transgender,All Schools,vaping,the statement that best describes them regarding vaping/e-cigarettes,I have never vaped,80,120,66.7%,52.6%,78.3%,14.1%,11.6%,2023
Transgender,All Schools,vaping,the statement that best describes them regarding vaping/e-cigarettes,I have vaped once or twice,15,120,12.5%,5.9%,24.7%,6.6%,12.2%,2023
Transgender,All Schools,vaping,the statement that best describes them regarding vaping/e-cigarettes,"I used to vape, but I don’t now",5,120,4.2%,1.2%,13.9%,3.0%,9.8%,2023
Transgender,All Schools,vaping,the statement that best describes them regarding vaping/e-cigarettes,I vape occasionally (less than once a week),0,120,0.0%,0.0%,7.4%,0.0%,7.4%,2023
Transgender,All Schools,vaping,the statement that best describes them regarding vaping/e-cigarettes,I vape regularly (once a week or more),20,120,16.7%,8.7%,29.5%,8.0%,12.9%,2023
Transgender,All Schools,views_listened_school,feels that their views are listened to at school,No,45,120,37.5%,25.2%,51.6%,12.3%,14.1%,2023
Transgender,All Schools,views_listened_school,feels that their views are listened to at school,Sometimes,50,120,41.7%,28.9%,55.7%,12.8%,14.0%,2023
Transgender,All Schools,views_listened_school,feels that their views are listened to at school,Yes,25,120,20.8%,11.7%,34.2%,9.1%,13.4%,2023
Transgender,All Schools,violence_involved,have been involved in a violent incident in the past year,No,85,120,70.8%,56.9%,81.7%,14.0%,10.9%,2023
Transgender,All Schools,violence_involved,have been involved in a violent incident in the past year,Prefer not to say,10,120,8.3%,3.3%,19.5%,5.0%,11.2%,2023
Transgender,All Schools,violence_involved,have been involved in a violent incident in the past year,"Yes, I was the victim",20,120,16.7%,8.7%,29.5%,8.0%,12.9%,2023
Transgender,All Schools,violence_involved,have been involved in a violent incident in the past year,"Yes, but I wasn't the victim",5,120,4.2%,1.2%,13.9%,3.0%,9.8%,2023
Transgender,All Schools,violence_weapon_involved,have been involved in a violent incident where a weapon was used or threatened in the past year,No,95,120,79.2%,65.8%,88.3%,13.4%,9.1%,2023
Transgender,All Schools,violence_weapon_involved,have been involved in a violent incident where a weapon was used or threatened in the past year,Prefer not to say,5,120,4.2%,1.2%,13.9%,3.0%,9.8%,2023
Transgender,All Schools,violence_weapon_involved,have been involved in a violent incident where a weapon was used or threatened in the past year,"Yes, I was the victim",10,120,8.3%,3.3%,19.5%,5.0%,11.2%,2023
Transgender,All Schools,violence_weapon_involved,have been involved in a violent incident where a weapon was used or threatened in the past year,"Yes, but I wasn't the victim",10,120,8.3%,3.3%,19.5%,5.0%,11.2%,2023
Transgender,All Schools,worry_bully,bullying,No,80,125,64.0%,50.2%,75.8%,13.8%,11.8%,2023
Transgender,All Schools,worry_bully,bullying,Yes,45,125,36.0%,24.2%,49.8%,11.8%,13.8%,2023
Transgender,All Schools,worry_crime,local crime,No,100,125,80.0%,67.0%,88.7%,13.0%,8.7%,2023
Transgender,All Schools,worry_crime,local crime,Yes,25,125,20.0%,11.3%,33.0%,8.7%,13.0%,2023
Transgender,All Schools,worry_drugsalcohol,drugs/alcohol,No,105,125,84.0%,71.5%,91.6%,12.5%,7.6%,2023
Transgender,All Schools,worry_drugsalcohol,drugs/alcohol,Yes,20,125,16.0%,8.4%,28.5%,7.6%,12.5%,2023
Transgender,All Schools,worry_environment,the environment,No,85,120,70.8%,56.9%,81.7%,14.0%,10.9%,2023
Transgender,All Schools,worry_environment,the environment,Yes,35,120,29.2%,18.3%,43.1%,10.9%,14.0%,2023
Transgender,All Schools,worry_family,family problems,No,75,125,60.0%,46.2%,72.4%,13.8%,12.4%,2023
Transgender,All Schools,worry_family,family problems,Yes,50,125,40.0%,27.6%,53.8%,12.4%,13.8%,2023
Transgender,All Schools,worry_friends,issues with friends,No,75,125,60.0%,46.2%,72.4%,13.8%,12.4%,2023
Transgender,All Schools,worry_friends,issues with friends,Yes,50,125,40.0%,27.6%,53.8%,12.4%,13.8%,2023
Transgender,All Schools,worry_future,future prospects,No,45,125,36.0%,24.2%,49.8%,11.8%,13.8%,2023
Transgender,All Schools,worry_future,future prospects,Yes,80,125,64.0%,50.2%,75.8%,13.8%,11.8%,2023
Transgender,All Schools,worry_gambling,gambling,No,115,125,92.0%,81.2%,96.8%,10.8%,4.8%,2023
Transgender,All Schools,worry_gambling,gambling,Yes,10,125,8.0%,3.2%,18.8%,4.8%,10.8%,2023
Transgender,All Schools,worry_incrime,getting involved in crime,No,105,120,87.5%,75.3%,94.1%,12.2%,6.6%,2023
Transgender,All Schools,worry_incrime,getting involved in crime,Yes,15,120,12.5%,5.9%,24.7%,6.6%,12.2%,2023
Transgender,All Schools,worry_lgbt,sexual orientation/identity,No,45,125,36.0%,24.2%,49.8%,11.8%,13.8%,2023
Transgender,All Schools,worry_lgbt,sexual orientation/identity,Yes,80,125,64.0%,50.2%,75.8%,13.8%,11.8%,2023
Transgender,All Schools,worry_lonely,feeling lonely,No,60,125,48.0%,34.8%,61.5%,13.2%,13.5%,2023
Transgender,All Schools,worry_lonely,feeling lonely,Yes,65,125,52.0%,38.5%,65.2%,13.5%,13.2%,2023
Transgender,All Schools,worry_look,their appearance,No,40,125,32.0%,20.8%,45.8%,11.2%,13.8%,2023
Transgender,All Schools,worry_look,their appearance,Yes,85,125,68.0%,54.2%,79.2%,13.8%,11.2%,2023
Transgender,All Schools,worry_mental,their mental health,No,40,125,32.0%,20.8%,45.8%,11.2%,13.8%,2023
Transgender,All Schools,worry_mental,their mental health,Yes,85,125,68.0%,54.2%,79.2%,13.8%,11.2%,2023
Transgender,All Schools,worry_money,money problems (including family finances),No,80,120,66.7%,52.6%,78.3%,14.1%,11.6%,2023
Transgender,All Schools,worry_money,money problems (including family finances),Yes,40,120,33.3%,21.7%,47.4%,11.6%,14.1%,2023
Transgender,All Schools,worry_phys,their physical health,No,75,125,60.0%,46.2%,72.4%,13.8%,12.4%,2023
Transgender,All Schools,worry_phys,their physical health,Yes,50,125,40.0%,27.6%,53.8%,12.4%,13.8%,2023
Transgender,All Schools,worry_racism,racism,No,95,125,76.0%,62.6%,85.7%,13.4%,9.7%,2023
Transgender,All Schools,worry_racism,racism,Yes,30,125,24.0%,14.3%,37.4%,9.7%,13.4%,2023
Transgender,All Schools,worry_relationships,relationships/sexual health,No,85,120,70.8%,56.9%,81.7%,14.0%,10.9%,2023
Transgender,All Schools,worry_relationships,relationships/sexual health,Yes,35,120,29.2%,18.3%,43.1%,10.9%,14.0%,2023
Transgender,All Schools,worry_school,schoolwork,No,55,125,44.0%,31.2%,57.7%,12.8%,13.7%,2023
Transgender,All Schools,worry_school,schoolwork,Yes,70,125,56.0%,42.3%,68.8%,13.7%,12.8%,2023
Transgender,All Schools,worry_socialmedia,social media,No,90,125,72.0%,58.4%,82.5%,13.6%,10.5%,2023
Transgender,All Schools,worry_socialmedia,social media,Yes,35,125,28.0%,17.5%,41.6%,10.5%,13.6%,2023
Transgender,All Schools,worry_treatboys,how women treat/speak to boys,No,105,125,84.0%,71.5%,91.6%,12.5%,7.6%,2023
Transgender,All Schools,worry_treatboys,how women treat/speak to boys,Yes,20,125,16.0%,8.4%,28.5%,7.6%,12.5%,2023
Transgender,All Schools,worry_treatgirls,how men treat/speak to girls,No,70,125,56.0%,42.3%,68.8%,13.7%,12.8%,2023
Transgender,All Schools,worry_treatgirls,how men treat/speak to girls,Yes,55,125,44.0%,31.2%,57.7%,12.8%,13.7%,2023
Transgender,All Schools,worry_violenceboys,harrassment/violence against boys,No,100,125,80.0%,67.0%,88.7%,13.0%,8.7%,2023
Transgender,All Schools,worry_violenceboys,harrassment/violence against boys,Yes,25,125,20.0%,11.3%,33.0%,8.7%,13.0%,2023
Transgender,All Schools,worry_violencegirls,harrassment/violence against girls,No,75,125,60.0%,46.2%,72.4%,13.8%,12.4%,2023
Transgender,All Schools,worry_violencegirls,harrassment/violence against girls,Yes,50,125,40.0%,27.6%,53.8%,12.4%,13.8%,2023
Transgender,All Schools,xanex_exp,Xanax,No,115,125,92.0%,81.2%,96.8%,10.8%,4.8%,2023
Transgender,All Schools,xanex_exp,Xanax,Yes,10,125,8.0%,3.2%,18.8%,4.8%,10.8%,2023
Transgender,All Schools,xanex_offered,Xanax,No,110,125,88.0%,76.2%,94.4%,11.8%,6.4%,2023
Transgender,All Schools,xanex_offered,Xanax,Yes,15,125,12.0%,5.6%,23.8%,6.4%,11.8%,2023
Unsure,All Schools,age,Age,10,0,100,0.0%,0.0%,8.7%,0.0%,8.7%,2023
Unsure,All Schools,age,Age,11,10,100,10.0%,4.0%,23.0%,6.0%,13.0%,2023
Unsure,All Schools,age,Age,12,15,100,15.0%,7.1%,29.0%,7.9%,14.0%,2023
Unsure,All Schools,age,Age,13,20,100,20.0%,10.5%,34.7%,9.5%,14.7%,2023
Unsure,All Schools,age,Age,14,15,100,15.0%,7.1%,29.0%,7.9%,14.0%,2023
Unsure,All Schools,age,Age,15,10,100,10.0%,4.0%,23.0%,6.0%,13.0%,2023
Unsure,All Schools,age,Age,16,15,100,15.0%,7.1%,29.0%,7.9%,14.0%,2023
Unsure,All Schools,age,Age,17,15,100,15.0%,7.1%,29.0%,7.9%,14.0%,2023
Unsure,All Schools,age,Age,18,0,100,0.0%,0.0%,8.7%,0.0%,8.7%,2023
Unsure,All Schools,age,Age,20,0,100,0.0%,0.0%,8.7%,0.0%,8.7%,2023
Unsure,All Schools,alcohol_6more,how often they have six or more drinks on one occasion,Daily or almost daily,10,40,25.0%,10.2%,49.4%,14.8%,24.4%,2023
Unsure,All Schools,alcohol_6more,how often they have six or more drinks on one occasion,Less than monthly,10,40,25.0%,10.2%,49.4%,14.8%,24.4%,2023
Unsure,All Schools,alcohol_6more,how often they have six or more drinks on one occasion,Monthly,0,40,0.0%,0.0%,19.3%,0.0%,19.3%,2023
Unsure,All Schools,alcohol_6more,how often they have six or more drinks on one occasion,Never,20,40,50.0%,28.0%,72.0%,22.0%,22.0%,2023
Unsure,All Schools,alcohol_6more,how often they have six or more drinks on one occasion,Weekly,0,40,0.0%,0.0%,19.3%,0.0%,19.3%,2023
Unsure,All Schools,alcohol_ever,how often they had an alcohol-containing drink in the past three months,2-3 times a week,0,110,0.0%,0.0%,8.0%,0.0%,8.0%,2023
Unsure,All Schools,alcohol_ever,how often they had an alcohol-containing drink in the past three months,2-4 times a month,5,110,4.5%,1.3%,15.1%,3.3%,10.5%,2023
Unsure,All Schools,alcohol_ever,how often they had an alcohol-containing drink in the past three months,4 or more times a week,10,110,9.1%,3.6%,21.1%,5.5%,12.0%,2023
Unsure,All Schools,alcohol_ever,how often they had an alcohol-containing drink in the past three months,Monthly or less,25,110,22.7%,12.9%,36.9%,9.9%,14.2%,2023
Unsure,All Schools,alcohol_ever,how often they had an alcohol-containing drink in the past three months,Never,70,110,63.6%,48.9%,76.2%,14.7%,12.6%,2023
Unsure,All Schools,alcohol_reduce,want to reduce or stop drinking,I'd like to reduce the amount I drink but not stop,5,35,14.3%,4.0%,39.9%,10.3%,25.6%,2023
Unsure,All Schools,alcohol_reduce,want to reduce or stop drinking,"No, I want to keep drinking alcohol",25,35,71.4%,45.4%,88.2%,26.0%,16.8%,2023
Unsure,All Schools,alcohol_reduce,want to reduce or stop drinking,"Yes, I'd like to stop drinking alcohol",5,35,14.3%,4.0%,39.9%,10.3%,25.6%,2023
Unsure,All Schools,amphetamine_offered,amphetamines,No,100,105,95.2%,84.3%,98.7%,11.0%,3.4%,2023
Unsure,All Schools,amphetamine_offered,amphetamines,Yes,5,105,4.8%,1.3%,15.7%,3.4%,11.0%,2023
Unsure,All Schools,amphetamines_exp,amphetamines,No,105,110,95.5%,84.9%,98.7%,10.5%,3.3%,2023
Unsure,All Schools,amphetamines_exp,amphetamines,Yes,5,110,4.5%,1.3%,15.1%,3.3%,10.5%,2023
Unsure,All Schools,bullied,have ever been bullied or picked on,No,45,105,42.9%,29.2%,57.8%,13.7%,14.9%,2023
Unsure,All Schools,bullied,have ever been bullied or picked on,Yes,60,105,57.1%,42.2%,70.8%,14.9%,13.7%,2023
Unsure,All Schools,bullied_currently,are currently being bullied or picked on,No,35,60,58.3%,38.9%,75.5%,19.4%,17.2%,2023
Unsure,All Schools,bullied_currently,are currently being bullied or picked on,Prefer not to say,10,60,16.7%,6.7%,35.8%,10.0%,19.1%,2023
Unsure,All Schools,bullied_currently,are currently being bullied or picked on,Yes,15,60,25.0%,12.0%,44.8%,13.0%,19.8%,2023
Unsure,All Schools,bullied_internet,they have been bullied online,No,95,110,86.4%,73.3%,93.6%,13.0%,7.2%,2023
Unsure,All Schools,bullied_internet,they have been bullied online,Yes,15,110,13.6%,6.4%,26.7%,7.2%,13.0%,2023
Unsure,All Schools,bullied_none,have no experiences with bullying,No,85,110,77.3%,63.1%,87.1%,14.2%,9.9%,2023
Unsure,All Schools,bullied_none,have no experiences with bullying,Yes,25,110,22.7%,12.9%,36.9%,9.9%,14.2%,2023
Unsure,All Schools,bullied_others,have ever bullied or picked on someone else,No,85,110,77.3%,63.1%,87.1%,14.2%,9.9%,2023
Unsure,All Schools,bullied_others,have ever bullied or picked on someone else,Yes,25,110,22.7%,12.9%,36.9%,9.9%,14.2%,2023
Unsure,All Schools,bullied_outschool,they have been bullied somewhere other than school,No,90,110,81.8%,68.1%,90.5%,13.7%,8.7%,2023
Unsure,All Schools,bullied_outschool,they have been bullied somewhere other than school,Yes,20,110,18.2%,9.5%,31.9%,8.7%,13.7%,2023
Unsure,All Schools,bullied_prefer_not_say,would prefer not to respond about their experiences with bullying,No,90,105,85.7%,72.2%,93.3%,13.5%,7.6%,2023
Unsure,All Schools,bullied_prefer_not_say,would prefer not to respond about their experiences with bullying,Yes,15,105,14.3%,6.7%,27.8%,7.6%,13.5%,2023
Unsure,All Schools,bullied_school,they have been bullied at school,No,50,105,47.6%,33.4%,62.2%,14.2%,14.6%,2023
Unsure,All Schools,bullied_school,they have been bullied at school,Yes,55,105,52.4%,37.8%,66.6%,14.6%,14.2%,2023
Unsure,All Schools,buyalc_friend,from a friend or relative,No,85,105,81.0%,66.7%,90.0%,14.2%,9.0%,2023
Unsure,All Schools,buyalc_friend,from a friend or relative,Yes,20,105,19.0%,10.0%,33.3%,9.0%,14.2%,2023
Unsure,All Schools,buyalc_home,from home,No,90,105,85.7%,72.2%,93.3%,13.5%,7.6%,2023
Unsure,All Schools,buyalc_home,from home,Yes,15,105,14.3%,6.7%,27.8%,7.6%,13.5%,2023
Unsure,All Schools,buyalc_internet,from the internet,No,100,105,95.2%,84.3%,98.7%,11.0%,3.4%,2023
Unsure,All Schools,buyalc_internet,from the internet,Yes,5,105,4.8%,1.3%,15.7%,3.4%,11.0%,2023
Unsure,All Schools,buyalc_other,from another place,No,100,105,95.2%,84.3%,98.7%,11.0%,3.4%,2023
Unsure,All Schools,buyalc_other,from another place,Yes,5,105,4.8%,1.3%,15.7%,3.4%,11.0%,2023
Unsure,All Schools,buyalc_pubbar,from a pub/bar,No,100,110,90.9%,78.9%,96.4%,12.0%,5.5%,2023
Unsure,All Schools,buyalc_pubbar,from a pub/bar,Yes,10,110,9.1%,3.6%,21.1%,5.5%,12.0%,2023
Unsure,All Schools,buyalc_smallshop,from a small shop/off-licence,No,100,110,90.9%,78.9%,96.4%,12.0%,5.5%,2023
Unsure,All Schools,buyalc_smallshop,from a small shop/off-licence,Yes,10,110,9.1%,3.6%,21.1%,5.5%,12.0%,2023
Unsure,All Schools,buyalc_supermarket,from a supermarket,No,105,110,95.5%,84.9%,98.7%,10.5%,3.3%,2023
Unsure,All Schools,buyalc_supermarket,from a supermarket,Yes,5,110,4.5%,1.3%,15.1%,3.3%,10.5%,2023
Unsure,All Schools,buycig_friend,from a friend or relative,No,105,105,100.0%,91.7%,100.0%,8.3%,0.0%,2023
Unsure,All Schools,buycig_internet,from the internet,No,105,105,100.0%,91.7%,100.0%,8.3%,0.0%,2023
Unsure,All Schools,buycig_other,from another place,No,105,105,100.0%,91.7%,100.0%,8.3%,0.0%,2023
Unsure,All Schools,buycig_pubbar,from a pub/bar,No,105,105,100.0%,91.7%,100.0%,8.3%,0.0%,2023
Unsure,All Schools,buycig_smallshop,from a small shop/off-licence,No,105,105,100.0%,91.7%,100.0%,8.3%,0.0%,2023
Unsure,All Schools,buycig_supermarket,from a supermarket,No,105,105,100.0%,91.7%,100.0%,8.3%,0.0%,2023
Unsure,All Schools,buydrug_bar,pubs/bars/clubs,No,105,105,100.0%,91.7%,100.0%,8.3%,0.0%,2023
Unsure,All Schools,buydrug_friend,friend or relative,No,105,110,95.5%,84.9%,98.7%,10.5%,3.3%,2023
Unsure,All Schools,buydrug_friend,friend or relative,Yes,5,110,4.5%,1.3%,15.1%,3.3%,10.5%,2023
Unsure,All Schools,buydrug_internet,the internet,No,105,105,100.0%,91.7%,100.0%,8.3%,0.0%,2023
Unsure,All Schools,buydrug_internet,the internet,Yes,0,105,0.0%,0.0%,8.3%,0.0%,8.3%,2023
Unsure,All Schools,buydrug_other,other sources,No,105,105,100.0%,91.7%,100.0%,8.3%,0.0%,2023
Unsure,All Schools,buydrug_other,other sources,Yes,0,105,0.0%,0.0%,8.3%,0.0%,8.3%,2023
Unsure,All Schools,buydrug_school,school,No,105,105,100.0%,91.7%,100.0%,8.3%,0.0%,2023
Unsure,All Schools,buydrug_school,school,Yes,0,105,0.0%,0.0%,8.3%,0.0%,8.3%,2023
Unsure,All Schools,buydrug_streets,on the street,No,100,105,95.2%,84.3%,98.7%,11.0%,3.4%,2023
Unsure,All Schools,buydrug_streets,on the street,Yes,5,105,4.8%,1.3%,15.7%,3.4%,11.0%,2023
Unsure,All Schools,cannabis_exp,cannabis,No,100,105,95.2%,84.3%,98.7%,11.0%,3.4%,2023
Unsure,All Schools,cannabis_exp,cannabis,Yes,5,105,4.8%,1.3%,15.7%,3.4%,11.0%,2023
Unsure,All Schools,cannabis_offered,cannabis,No,90,110,81.8%,68.1%,90.5%,13.7%,8.7%,2023
Unsure,All Schools,cannabis_offered,cannabis,Yes,20,110,18.2%,9.5%,31.9%,8.7%,13.7%,2023
Unsure,All Schools,caring,"help to look after a family member with a serious, mental or physical, illness or disability",No,70,100,70.0%,54.6%,81.9%,15.4%,11.9%,2023
Unsure,All Schools,caring,"help to look after a family member with a serious, mental or physical, illness or disability",Prefer not to say,15,100,15.0%,7.1%,29.0%,7.9%,14.0%,2023
Unsure,All Schools,caring,"help to look after a family member with a serious, mental or physical, illness or disability",Yes,15,100,15.0%,7.1%,29.0%,7.9%,14.0%,2023
Unsure,All Schools,carry_protection,carry weapons for protection when going out,Always,10,110,9.1%,3.6%,21.1%,5.5%,12.0%,2023
Unsure,All Schools,carry_protection,carry weapons for protection when going out,Never,75,110,68.2%,53.5%,80.0%,14.7%,11.8%,2023
Unsure,All Schools,carry_protection,carry weapons for protection when going out,Prefer not to say,5,110,4.5%,1.3%,15.1%,3.3%,10.5%,2023
Unsure,All Schools,carry_protection,carry weapons for protection when going out,Sometimes,15,110,13.6%,6.4%,26.7%,7.2%,13.0%,2023
Unsure,All Schools,carry_protection,carry weapons for protection when going out,Usually,5,110,4.5%,1.3%,15.1%,3.3%,10.5%,2023
Unsure,All Schools,carry_protection_other,know anyone who carries a weapons for protection when going out,Don't know,30,105,28.6%,17.2%,43.5%,11.4%,15.0%,2023
Unsure,All Schools,carry_protection_other,know anyone who carries a weapons for protection when going out,No,45,105,42.9%,29.2%,57.8%,13.7%,14.9%,2023
Unsure,All Schools,carry_protection_other,know anyone who carries a weapons for protection when going out,Prefer not to say,5,105,4.8%,1.3%,15.7%,3.4%,11.0%,2023
Unsure,All Schools,carry_protection_other,know anyone who carries a weapons for protection when going out,Yes,25,105,23.8%,13.5%,38.5%,10.3%,14.7%,2023
Unsure,All Schools,cla,child looked after (lived with foster carers/care home),No,80,100,80.0%,65.3%,89.5%,14.7%,9.5%,2023
Unsure,All Schools,cla,child looked after (lived with foster carers/care home),Prefer not to say,10,100,10.0%,4.0%,23.0%,6.0%,13.0%,2023
Unsure,All Schools,cla,child looked after (lived with foster carers/care home),Yes,10,100,10.0%,4.0%,23.0%,6.0%,13.0%,2023
Unsure,All Schools,clubs_arts,an arts and crafts group,Currently attending,15,45,33.3%,16.3%,56.2%,17.0%,22.9%,2023
Unsure,All Schools,clubs_arts,an arts and crafts group,Would like to attend,30,45,66.7%,43.8%,83.7%,22.9%,17.0%,2023
Unsure,All Schools,clubs_doe,Duke of Edinburgh,Currently attending,20,35,57.1%,32.6%,78.6%,24.5%,21.4%,2023
Unsure,All Schools,clubs_doe,Duke of Edinburgh,Would like to attend,15,35,42.9%,21.4%,67.4%,21.4%,24.5%,2023
Unsure,All Schools,clubs_music,a music club/group,Currently attending,30,45,66.7%,43.8%,83.7%,22.9%,17.0%,2023
Unsure,All Schools,clubs_music,a music club/group,Would like to attend,15,45,33.3%,16.3%,56.2%,17.0%,22.9%,2023
Unsure,All Schools,clubs_other,other groups,Currently attending,15,20,75.0%,41.0%,92.8%,34.0%,17.8%,2023
Unsure,All Schools,clubs_other,other groups,Would like to attend,5,20,25.0%,7.2%,59.0%,17.8%,34.0%,2023
Unsure,All Schools,clubs_perform,a drama/performing arts/dance group,Currently attending,25,40,62.5%,38.7%,81.5%,23.8%,19.0%,2023
Unsure,All Schools,clubs_perform,a drama/performing arts/dance group,Would like to attend,15,40,37.5%,18.5%,61.3%,19.0%,23.8%,2023
Unsure,All Schools,clubs_religion,a religious group,Currently attending,10,15,66.7%,30.1%,90.3%,36.6%,23.6%,2023
Unsure,All Schools,clubs_religion,a religious group,Would like to attend,5,15,33.3%,9.7%,69.9%,23.6%,36.6%,2023
Unsure,All Schools,clubs_schoolclub,a club/group at school,Currently attending,40,50,80.0%,58.5%,91.9%,21.5%,11.9%,2023
Unsure,All Schools,clubs_schoolclub,a club/group at school,Would like to attend,10,50,20.0%,8.1%,41.5%,11.9%,21.5%,2023
Unsure,All Schools,clubs_sports,a sports club,Currently attending,30,45,66.7%,43.8%,83.7%,22.9%,17.0%,2023
Unsure,All Schools,clubs_sports,a sports club,Would like to attend,15,45,33.3%,16.3%,56.2%,17.0%,22.9%,2023
Unsure,All Schools,clubs_syp,Services for Young People,Currently attending,10,25,40.0%,16.9%,68.7%,23.1%,28.7%,2023
Unsure,All Schools,clubs_syp,Services for Young People,Would like to attend,15,25,60.0%,31.3%,83.1%,28.7%,23.1%,2023
Unsure,All Schools,clubs_uniformed,a uniformed group,Currently attending,20,25,80.0%,49.1%,94.3%,30.9%,14.3%,2023
Unsure,All Schools,clubs_uniformed,a uniformed group,Would like to attend,5,25,20.0%,5.7%,50.9%,14.3%,30.9%,2023
Unsure,All Schools,clubs_volunteering,volunteering/social action group,Currently attending,20,35,57.1%,32.6%,78.6%,24.5%,21.4%,2023
Unsure,All Schools,clubs_volunteering,volunteering/social action group,Would like to attend,15,35,42.9%,21.4%,67.4%,21.4%,24.5%,2023
Unsure,All Schools,cocaine_exp,cocaine,No,105,110,95.5%,84.9%,98.7%,10.5%,3.3%,2023
Unsure,All Schools,cocaine_exp,cocaine,Yes,5,110,4.5%,1.3%,15.1%,3.3%,10.5%,2023
Unsure,All Schools,cocaine_offered,cocaine,No,95,105,90.5%,78.0%,96.2%,12.5%,5.7%,2023
Unsure,All Schools,cocaine_offered,cocaine,Yes,10,105,9.5%,3.8%,22.0%,5.7%,12.5%,2023
Unsure,All Schools,condition_adhd,ADHD,No,85,105,81.0%,66.7%,90.0%,14.2%,9.0%,2023
Unsure,All Schools,condition_adhd,ADHD,Yes,20,105,19.0%,10.0%,33.3%,9.0%,14.2%,2023
Unsure,All Schools,condition_autism,autism,No,80,105,76.2%,61.5%,86.5%,14.7%,10.3%,2023
Unsure,All Schools,condition_autism,autism,Yes,25,105,23.8%,13.5%,38.5%,10.3%,14.7%,2023
Unsure,All Schools,condition_disability,physical disability,No,100,105,95.2%,84.3%,98.7%,11.0%,3.4%,2023
Unsure,All Schools,condition_disability,physical disability,Yes,5,105,4.8%,1.3%,15.7%,3.4%,11.0%,2023
Unsure,All Schools,condition_mental,diagnosed mental health condition,No,85,110,77.3%,63.1%,87.1%,14.2%,9.9%,2023
Unsure,All Schools,condition_mental,diagnosed mental health condition,Yes,25,110,22.7%,12.9%,36.9%,9.9%,14.2%,2023
Unsure,All Schools,condition_physical,physical condition,No,90,110,81.8%,68.1%,90.5%,13.7%,8.7%,2023
Unsure,All Schools,condition_physical,physical condition,Yes,20,110,18.2%,9.5%,31.9%,8.7%,13.7%,2023
Unsure,All Schools,condition_send,special education need(s) or learning difficulty,No,90,105,85.7%,72.2%,93.3%,13.5%,7.6%,2023
Unsure,All Schools,condition_send,special education need(s) or learning difficulty,Yes,15,105,14.3%,6.7%,27.8%,7.6%,13.5%,2023
Unsure,All Schools,condoms_free,they know where they can get condoms for free,No,25,55,45.5%,27.0%,65.3%,18.5%,19.8%,2023
Unsure,All Schools,condoms_free,they know where they can get condoms for free,Not sure,10,55,18.2%,7.3%,38.5%,10.9%,20.3%,2023
Unsure,All Schools,condoms_free,they know where they can get condoms for free,Yes,20,55,36.4%,19.8%,57.0%,16.6%,20.6%,2023
Unsure,All Schools,cope_alcohol,by drinking alcohol,No,95,105,90.5%,78.0%,96.2%,12.5%,5.7%,2023
Unsure,All Schools,cope_alcohol,by drinking alcohol,Yes,10,105,9.5%,3.8%,22.0%,5.7%,12.5%,2023
Unsure,All Schools,cope_counselling,by having counselling,No,95,105,90.5%,78.0%,96.2%,12.5%,5.7%,2023
Unsure,All Schools,cope_counselling,by having counselling,Yes,10,105,9.5%,3.8%,22.0%,5.7%,12.5%,2023
Unsure,All Schools,cope_creative,by doing creative activities,No,70,110,63.6%,48.9%,76.2%,14.7%,12.6%,2023
Unsure,All Schools,cope_creative,by doing creative activities,Yes,40,110,36.4%,23.8%,51.1%,12.6%,14.7%,2023
Unsure,All Schools,cope_drugs,by doing drugs,No,95,105,90.5%,78.0%,96.2%,12.5%,5.7%,2023
Unsure,All Schools,cope_drugs,by doing drugs,Yes,10,105,9.5%,3.8%,22.0%,5.7%,12.5%,2023
Unsure,All Schools,cope_eat,by eating more,No,90,110,81.8%,68.1%,90.5%,13.7%,8.7%,2023
Unsure,All Schools,cope_eat,by eating more,Yes,20,110,18.2%,9.5%,31.9%,8.7%,13.7%,2023
Unsure,All Schools,cope_exercise,by exercising,No,90,105,85.7%,72.2%,93.3%,13.5%,7.6%,2023
Unsure,All Schools,cope_exercise,by exercising,Yes,15,105,14.3%,6.7%,27.8%,7.6%,13.5%,2023
Unsure,All Schools,cope_games,by playing computer games,No,75,105,71.4%,56.5%,82.8%,15.0%,11.4%,2023
Unsure,All Schools,cope_games,by playing computer games,Yes,30,105,28.6%,17.2%,43.5%,11.4%,15.0%,2023
Unsure,All Schools,cope_internet,by looking for help online,No,95,105,90.5%,78.0%,96.2%,12.5%,5.7%,2023
Unsure,All Schools,cope_internet,by looking for help online,Yes,10,105,9.5%,3.8%,22.0%,5.7%,12.5%,2023
Unsure,All Schools,cope_music,by listening to music,No,50,105,47.6%,33.4%,62.2%,14.2%,14.6%,2023
Unsure,All Schools,cope_music,by listening to music,Yes,55,105,52.4%,37.8%,66.6%,14.6%,14.2%,2023
Unsure,All Schools,cope_nothing,by doing nothing,No,70,105,66.7%,51.6%,79.0%,15.1%,12.3%,2023
Unsure,All Schools,cope_nothing,by doing nothing,Yes,35,105,33.3%,21.0%,48.4%,12.3%,15.1%,2023
Unsure,All Schools,cope_other,by other methods,No,100,110,90.9%,78.9%,96.4%,12.0%,5.5%,2023
Unsure,All Schools,cope_other,by other methods,Yes,10,110,9.1%,3.6%,21.1%,5.5%,12.0%,2023
Unsure,All Schools,cope_selfharm,by self-harm,No,80,110,72.7%,58.2%,83.6%,14.5%,10.9%,2023
Unsure,All Schools,cope_selfharm,by self-harm,Yes,30,110,27.3%,16.4%,41.8%,10.9%,14.5%,2023
Unsure,All Schools,cope_smoke,by smoking,No,95,105,90.5%,78.0%,96.2%,12.5%,5.7%,2023
Unsure,All Schools,cope_smoke,by smoking,Yes,10,105,9.5%,3.8%,22.0%,5.7%,12.5%,2023
Unsure,All Schools,cope_talkadult,by talking to an adult that's not their carer,No,95,105,90.5%,78.0%,96.2%,12.5%,5.7%,2023
Unsure,All Schools,cope_talkadult,by talking to an adult that's not their carer,Yes,10,105,9.5%,3.8%,22.0%,5.7%,12.5%,2023
Unsure,All Schools,cope_talkfamily,by talking to family,No,90,110,81.8%,68.1%,90.5%,13.7%,8.7%,2023
Unsure,All Schools,cope_talkfamily,by talking to family,Yes,20,110,18.2%,9.5%,31.9%,8.7%,13.7%,2023
Unsure,All Schools,cope_talkfriend,by talking to a friend,No,80,110,72.7%,58.2%,83.6%,14.5%,10.9%,2023
Unsure,All Schools,cope_talkfriend,by talking to a friend,Yes,30,110,27.3%,16.4%,41.8%,10.9%,14.5%,2023
Unsure,All Schools,cope_think,by thinking of a solution on their own,No,80,110,72.7%,58.2%,83.6%,14.5%,10.9%,2023
Unsure,All Schools,cope_think,by thinking of a solution on their own,Yes,30,110,27.3%,16.4%,41.8%,10.9%,14.5%,2023
Unsure,All Schools,crack_exp,crack,No,105,110,95.5%,84.9%,98.7%,10.5%,3.3%,2023
Unsure,All Schools,crack_exp,crack,Yes,5,110,4.5%,1.3%,15.1%,3.3%,10.5%,2023
Unsure,All Schools,crack_offered,crack,No,100,105,95.2%,84.3%,98.7%,11.0%,3.4%,2023
Unsure,All Schools,crack_offered,crack,Yes,5,105,4.8%,1.3%,15.7%,3.4%,11.0%,2023
Unsure,All Schools,derbisol_exp,derbisol,No,105,105,100.0%,91.7%,100.0%,8.3%,0.0%,2023
Unsure,All Schools,derbisol_exp,derbisol,Yes,0,105,0.0%,0.0%,8.3%,0.0%,8.3%,2023
Unsure,All Schools,derbisol_offered,derbisol,No,105,110,95.5%,84.9%,98.7%,10.5%,3.3%,2023
Unsure,All Schools,derbisol_offered,derbisol,Yes,5,110,4.5%,1.3%,15.1%,3.3%,10.5%,2023
Unsure,All Schools,district_pc,NA,Dacorum,15,55,27.3%,13.2%,48.1%,14.1%,20.8%,2023
Unsure,All Schools,district_pc,NA,East Hertfordshire,5,55,9.1%,2.5%,27.7%,6.6%,18.7%,2023
Unsure,All Schools,district_pc,NA,Hertsmere,5,55,9.1%,2.5%,27.7%,6.6%,18.7%,2023
Unsure,All Schools,district_pc,NA,North Hertfordshire,5,55,9.1%,2.5%,27.7%,6.6%,18.7%,2023
Unsure,All Schools,district_pc,NA,St Albans,10,55,18.2%,7.3%,38.5%,10.9%,20.3%,2023
Unsure,All Schools,district_pc,NA,Stevenage,5,55,9.1%,2.5%,27.7%,6.6%,18.7%,2023
Unsure,All Schools,district_pc,NA,Three Rivers,5,55,9.1%,2.5%,27.7%,6.6%,18.7%,2023
Unsure,All Schools,district_pc,NA,Uttlesford,0,55,0.0%,0.0%,14.8%,0.0%,14.8%,2023
Unsure,All Schools,district_pc,NA,Watford,5,55,9.1%,2.5%,27.7%,6.6%,18.7%,2023
Unsure,All Schools,district_pc,NA,Welwyn Hatfield,0,55,0.0%,0.0%,14.8%,0.0%,14.8%,2023
Unsure,All Schools,district_residence,which district they lived in,Broxbourne,5,105,4.8%,1.3%,15.7%,3.4%,11.0%,2023
Unsure,All Schools,district_residence,which district they lived in,Dacorum,20,105,19.0%,10.0%,33.3%,9.0%,14.2%,2023
Unsure,All Schools,district_residence,which district they lived in,East Hertfordshire,10,105,9.5%,3.8%,22.0%,5.7%,12.5%,2023
Unsure,All Schools,district_residence,which district they lived in,Hertsmere,5,105,4.8%,1.3%,15.7%,3.4%,11.0%,2023
Unsure,All Schools,district_residence,which district they lived in,North Hertfordshire,15,105,14.3%,6.7%,27.8%,7.6%,13.5%,2023
Unsure,All Schools,district_residence,which district they lived in,Outside of Hertfordshire,5,105,4.8%,1.3%,15.7%,3.4%,11.0%,2023
Unsure,All Schools,district_residence,which district they lived in,St Albans,15,105,14.3%,6.7%,27.8%,7.6%,13.5%,2023
Unsure,All Schools,district_residence,which district they lived in,Stevenage,15,105,14.3%,6.7%,27.8%,7.6%,13.5%,2023
Unsure,All Schools,district_residence,which district they lived in,Three Rivers,5,105,4.8%,1.3%,15.7%,3.4%,11.0%,2023
Unsure,All Schools,district_residence,which district they lived in,Watford,5,105,4.8%,1.3%,15.7%,3.4%,11.0%,2023
Unsure,All Schools,district_residence,which district they lived in,Welwyn Hatfield,5,105,4.8%,1.3%,15.7%,3.4%,11.0%,2023
Unsure,All Schools,district_school,NA,Dacorum,20,105,19.0%,10.0%,33.3%,9.0%,14.2%,2023
Unsure,All Schools,district_school,NA,East Hertfordshire,10,105,9.5%,3.8%,22.0%,5.7%,12.5%,2023
Unsure,All Schools,district_school,NA,Hertsmere,5,105,4.8%,1.3%,15.7%,3.4%,11.0%,2023
Unsure,All Schools,district_school,NA,North Hertfordshire,15,105,14.3%,6.7%,27.8%,7.6%,13.5%,2023
Unsure,All Schools,district_school,NA,St Albans,20,105,19.0%,10.0%,33.3%,9.0%,14.2%,2023
Unsure,All Schools,district_school,NA,Stevenage,10,105,9.5%,3.8%,22.0%,5.7%,12.5%,2023
Unsure,All Schools,district_school,NA,Three Rivers,20,105,19.0%,10.0%,33.3%,9.0%,14.2%,2023
Unsure,All Schools,district_school,NA,Welwyn Hatfield,5,105,4.8%,1.3%,15.7%,3.4%,11.0%,2023
Unsure,All Schools,drug_ever,the best statement that describes them regarding recreational drug use,I have never taken drugs,90,105,85.7%,72.2%,93.3%,13.5%,7.6%,2023
Unsure,All Schools,drug_ever,the best statement that describes them regarding recreational drug use,I have taken drugs once or twice,5,105,4.8%,1.3%,15.7%,3.4%,11.0%,2023
Unsure,All Schools,drug_ever,the best statement that describes them regarding recreational drug use,I take drugs occasionally (less than once a week),5,105,4.8%,1.3%,15.7%,3.4%,11.0%,2023
Unsure,All Schools,drug_ever,the best statement that describes them regarding recreational drug use,I take drugs regularly (once a week or more),5,105,4.8%,1.3%,15.7%,3.4%,11.0%,2023
Unsure,All Schools,drug_ever,the best statement that describes them regarding recreational drug use,"I used to take drugs, but I don’t now",0,105,0.0%,0.0%,8.3%,0.0%,8.3%,2023
Unsure,All Schools,drug_reduce,if they want to reduce or stop taking drugs,"No, I want to keep taking drugs",5,10,50.0%,15.1%,84.9%,34.9%,34.9%,2023
Unsure,All Schools,drug_reduce,if they want to reduce or stop taking drugs,"Yes, I'd like to stop taking drugs",5,10,50.0%,15.1%,84.9%,34.9%,34.9%,2023
Unsure,All Schools,drugs_alcohol,ever taken drugs and drunk alcohol on the same occasion,No,5,15,33.3%,9.7%,69.9%,23.6%,36.6%,2023
Unsure,All Schools,drugs_alcohol,ever taken drugs and drunk alcohol on the same occasion,Not sure,0,15,0.0%,0.0%,38.9%,0.0%,38.9%,2023
Unsure,All Schools,drugs_alcohol,ever taken drugs and drunk alcohol on the same occasion,Yes,10,15,66.7%,30.1%,90.3%,36.6%,23.6%,2023
Unsure,All Schools,drugsupp_doctor,from a health professional,No,80,105,76.2%,61.5%,86.5%,14.7%,10.3%,2023
Unsure,All Schools,drugsupp_doctor,from a health professional,Yes,25,105,23.8%,13.5%,38.5%,10.3%,14.7%,2023
Unsure,All Schools,drugsupp_family,from family,No,60,110,54.5%,40.1%,68.3%,14.4%,13.7%,2023
Unsure,All Schools,drugsupp_family,from family,Yes,50,110,45.5%,31.7%,59.9%,13.7%,14.4%,2023
Unsure,All Schools,drugsupp_friends,from friends,No,75,110,68.2%,53.5%,80.0%,14.7%,11.8%,2023
Unsure,All Schools,drugsupp_friends,from friends,Yes,35,110,31.8%,20.0%,46.5%,11.8%,14.7%,2023
Unsure,All Schools,drugsupp_internet,from the internet,No,75,110,68.2%,53.5%,80.0%,14.7%,11.8%,2023
Unsure,All Schools,drugsupp_internet,from the internet,Yes,35,110,31.8%,20.0%,46.5%,11.8%,14.7%,2023
Unsure,All Schools,drugsupp_other,from other sources,No,95,105,90.5%,78.0%,96.2%,12.5%,5.7%,2023
Unsure,All Schools,drugsupp_other,from other sources,Yes,10,105,9.5%,3.8%,22.0%,5.7%,12.5%,2023
Unsure,All Schools,drugsupp_teacher,from a teacher,No,90,110,81.8%,68.1%,90.5%,13.7%,8.7%,2023
Unsure,All Schools,drugsupp_teacher,from a teacher,Yes,20,110,18.2%,9.5%,31.9%,8.7%,13.7%,2023
Unsure,All Schools,drugsupp_ypservice,from Drug & Alcohol Services for young people,No,85,105,81.0%,66.7%,90.0%,14.2%,9.0%,2023
Unsure,All Schools,drugsupp_ypservice,from Drug & Alcohol Services for young people,Yes,20,105,19.0%,10.0%,33.3%,9.0%,14.2%,2023
Unsure,All Schools,drugsupp_yw,from a Youth Worker,No,95,110,86.4%,73.3%,93.6%,13.0%,7.2%,2023
Unsure,All Schools,drugsupp_yw,from a Youth Worker,Yes,15,110,13.6%,6.4%,26.7%,7.2%,13.0%,2023
Unsure,All Schools,ecstasy_exp,ecstasy,No,105,110,95.5%,84.9%,98.7%,10.5%,3.3%,2023
Unsure,All Schools,ecstasy_exp,ecstasy,Yes,5,110,4.5%,1.3%,15.1%,3.3%,10.5%,2023
Unsure,All Schools,ecstasy_offered,ecstasy,No,100,110,90.9%,78.9%,96.4%,12.0%,5.5%,2023
Unsure,All Schools,ecstasy_offered,ecstasy,Yes,10,110,9.1%,3.6%,21.1%,5.5%,12.0%,2023
Unsure,All Schools,environ_awareness,raise awareness,No,100,105,95.2%,84.3%,98.7%,11.0%,3.4%,2023
Unsure,All Schools,environ_awareness,raise awareness,Yes,5,105,4.8%,1.3%,15.7%,3.4%,11.0%,2023
Unsure,All Schools,environ_barriers_cost,financial cost,No,70,105,66.7%,51.6%,79.0%,15.1%,12.3%,2023
Unsure,All Schools,environ_barriers_cost,financial cost,Yes,35,105,33.3%,21.0%,48.4%,12.3%,15.1%,2023
Unsure,All Schools,environ_barriers_notconsider,sustainability is not a consideration in their household,No,95,105,90.5%,78.0%,96.2%,12.5%,5.7%,2023
Unsure,All Schools,environ_barriers_notconsider,sustainability is not a consideration in their household,Yes,10,105,9.5%,3.8%,22.0%,5.7%,12.5%,2023
Unsure,All Schools,environ_barriers_other,other reasons,No,90,105,85.7%,72.2%,93.3%,13.5%,7.6%,2023
Unsure,All Schools,environ_barriers_other,other reasons,Yes,15,105,14.3%,6.7%,27.8%,7.6%,13.5%,2023
Unsure,All Schools,environ_barriers_time,convenience/time,No,65,110,59.1%,44.4%,72.3%,14.6%,13.2%,2023
Unsure,All Schools,environ_barriers_time,convenience/time,Yes,45,110,40.9%,27.7%,55.6%,13.2%,14.6%,2023
Unsure,All Schools,environ_barriers_unsure,uncertainty on what to do,No,75,105,71.4%,56.5%,82.8%,15.0%,11.4%,2023
Unsure,All Schools,environ_barriers_unsure,uncertainty on what to do,Yes,30,105,28.6%,17.2%,43.5%,11.4%,15.0%,2023
Unsure,All Schools,environ_buy,think about the environment when buying things,No,80,105,76.2%,61.5%,86.5%,14.7%,10.3%,2023
Unsure,All Schools,environ_buy,think about the environment when buying things,Yes,25,105,23.8%,13.5%,38.5%,10.3%,14.7%,2023
Unsure,All Schools,environ_garden,do things in the garden to help wildlife,No,80,105,76.2%,61.5%,86.5%,14.7%,10.3%,2023
Unsure,All Schools,environ_garden,do things in the garden to help wildlife,Yes,25,105,23.8%,13.5%,38.5%,10.3%,14.7%,2023
Unsure,All Schools,environ_leaders,try to change what our leaders are doing,No,95,105,90.5%,78.0%,96.2%,12.5%,5.7%,2023
Unsure,All Schools,environ_leaders,try to change what our leaders are doing,Yes,10,105,9.5%,3.8%,22.0%,5.7%,12.5%,2023
Unsure,All Schools,environ_lights,turn lights off more,No,40,105,38.1%,25.0%,53.1%,13.1%,15.0%,2023
Unsure,All Schools,environ_lights,turn lights off more,Yes,65,105,61.9%,46.9%,75.0%,15.0%,13.1%,2023
Unsure,All Schools,environ_litter,pick up litter,No,75,105,71.4%,56.5%,82.8%,15.0%,11.4%,2023
Unsure,All Schools,environ_litter,pick up litter,Yes,30,105,28.6%,17.2%,43.5%,11.4%,15.0%,2023
Unsure,All Schools,environ_meat,eat less meat,No,80,105,76.2%,61.5%,86.5%,14.7%,10.3%,2023
Unsure,All Schools,environ_meat,eat less meat,Yes,25,105,23.8%,13.5%,38.5%,10.3%,14.7%,2023
Unsure,All Schools,environ_media,read/watch media about the environment,No,70,105,66.7%,51.6%,79.0%,15.1%,12.3%,2023
Unsure,All Schools,environ_media,read/watch media about the environment,Yes,35,105,33.3%,21.0%,48.4%,12.3%,15.1%,2023
Unsure,All Schools,environ_none,don't do anything,No,100,110,90.9%,78.9%,96.4%,12.0%,5.5%,2023
Unsure,All Schools,environ_none,don't do anything,Yes,10,110,9.1%,3.6%,21.1%,5.5%,12.0%,2023
Unsure,All Schools,environ_other,do other things,No,95,110,86.4%,73.3%,93.6%,13.0%,7.2%,2023
Unsure,All Schools,environ_other,do other things,Yes,15,110,13.6%,6.4%,26.7%,7.2%,13.0%,2023
Unsure,All Schools,environ_recycle,recycle their waste,No,50,105,47.6%,33.4%,62.2%,14.2%,14.6%,2023
Unsure,All Schools,environ_recycle,recycle their waste,Yes,55,105,52.4%,37.8%,66.6%,14.6%,14.2%,2023
Unsure,All Schools,environ_talk,talk to friends/family,No,85,110,77.3%,63.1%,87.1%,14.2%,9.9%,2023
Unsure,All Schools,environ_talk,talk to friends/family,Yes,25,110,22.7%,12.9%,36.9%,9.9%,14.2%,2023
Unsure,All Schools,environ_tap,turn the tap off more,No,45,110,40.9%,27.7%,55.6%,13.2%,14.6%,2023
Unsure,All Schools,environ_tap,turn the tap off more,Yes,65,110,59.1%,44.4%,72.3%,14.6%,13.2%,2023
Unsure,All Schools,environ_volunteer,volunteer,No,100,110,90.9%,78.9%,96.4%,12.0%,5.5%,2023
Unsure,All Schools,environ_volunteer,volunteer,Yes,10,110,9.1%,3.6%,21.1%,5.5%,12.0%,2023
Unsure,All Schools,environ_walkcycle,"walk, cycle, or use public transport",No,60,110,54.5%,40.1%,68.3%,14.4%,13.7%,2023
Unsure,All Schools,environ_walkcycle,"walk, cycle, or use public transport",Yes,50,110,45.5%,31.7%,59.9%,13.7%,14.4%,2023
Unsure,All Schools,ethnicity,ethnicity,Asian,15,100,15.0%,7.1%,29.0%,7.9%,14.0%,2023
Unsure,All Schools,ethnicity,ethnicity,Black,10,100,10.0%,4.0%,23.0%,6.0%,13.0%,2023
Unsure,All Schools,ethnicity,ethnicity,Mixed,0,100,0.0%,0.0%,8.7%,0.0%,8.7%,2023
Unsure,All Schools,ethnicity,ethnicity,Prefer not to say,0,100,0.0%,0.0%,8.7%,0.0%,8.7%,2023
Unsure,All Schools,ethnicity,ethnicity,White,75,100,75.0%,59.9%,85.8%,15.1%,10.8%,2023
Unsure,All Schools,findiff_cold,felt cold,No,90,110,81.8%,68.1%,90.5%,13.7%,8.7%,2023
Unsure,All Schools,findiff_cold,felt cold,Yes,20,110,18.2%,9.5%,31.9%,8.7%,13.7%,2023
Unsure,All Schools,findiff_foodbank,went to a food bank,No,100,110,90.9%,78.9%,96.4%,12.0%,5.5%,2023
Unsure,All Schools,findiff_foodbank,went to a food bank,Yes,10,110,9.1%,3.6%,21.1%,5.5%,12.0%,2023
Unsure,All Schools,findiff_hungry,felt hungry,No,95,105,90.5%,78.0%,96.2%,12.5%,5.7%,2023
Unsure,All Schools,findiff_hungry,felt hungry,Yes,10,105,9.5%,3.8%,22.0%,5.7%,12.5%,2023
Unsure,All Schools,findiff_job,lost a job/work,No,95,105,90.5%,78.0%,96.2%,12.5%,5.7%,2023
Unsure,All Schools,findiff_job,lost a job/work,Yes,10,105,9.5%,3.8%,22.0%,5.7%,12.5%,2023
Unsure,All Schools,findiff_misstrip,missed a school trip,No,85,105,81.0%,66.7%,90.0%,14.2%,9.0%,2023
Unsure,All Schools,findiff_misstrip,missed a school trip,Yes,20,105,19.0%,10.0%,33.3%,9.0%,14.2%,2023
Unsure,All Schools,findiff_move,moved to a smaller home,No,100,110,90.9%,78.9%,96.4%,12.0%,5.5%,2023
Unsure,All Schools,findiff_move,moved to a smaller home,Yes,10,110,9.1%,3.6%,21.1%,5.5%,12.0%,2023
Unsure,All Schools,findiff_none,no experiences,No,55,110,50.0%,35.9%,64.1%,14.1%,14.1%,2023
Unsure,All Schools,findiff_none,no experiences,Yes,55,110,50.0%,35.9%,64.1%,14.1%,14.1%,2023
Unsure,All Schools,findiff_pnts,prefer not to say,No,95,110,86.4%,73.3%,93.6%,13.0%,7.2%,2023
Unsure,All Schools,findiff_pnts,prefer not to say,Yes,15,110,13.6%,6.4%,26.7%,7.2%,13.0%,2023
Unsure,All Schools,fsm,free school meals,No,80,105,76.2%,61.5%,86.5%,14.7%,10.3%,2023
Unsure,All Schools,fsm,free school meals,Prefer not to say,5,105,4.8%,1.3%,15.7%,3.4%,11.0%,2023
Unsure,All Schools,fsm,free school meals,Yes,20,105,19.0%,10.0%,33.3%,9.0%,14.2%,2023
Unsure,All Schools,hallucinogen_natural_exp,hallucinogens,No,105,110,95.5%,84.9%,98.7%,10.5%,3.3%,2023
Unsure,All Schools,hallucinogen_natural_exp,hallucinogens,Yes,5,110,4.5%,1.3%,15.1%,3.3%,10.5%,2023
Unsure,All Schools,hallucinogen_offered,hallucinogens,No,100,110,90.9%,78.9%,96.4%,12.0%,5.5%,2023
Unsure,All Schools,hallucinogen_offered,hallucinogens,Yes,10,110,9.1%,3.6%,21.1%,5.5%,12.0%,2023
Unsure,All Schools,heroin_exp,heroin,No,105,105,100.0%,91.7%,100.0%,8.3%,0.0%,2023
Unsure,All Schools,heroin_exp,heroin,Yes,0,105,0.0%,0.0%,8.3%,0.0%,8.3%,2023
Unsure,All Schools,heroin_offered,heroin,No,100,110,90.9%,78.9%,96.4%,12.0%,5.5%,2023
Unsure,All Schools,heroin_offered,heroin,Yes,10,110,9.1%,3.6%,21.1%,5.5%,12.0%,2023
Unsure,All Schools,herts_just_talk,have heard of Herts Just Talk,No,45,110,40.9%,27.7%,55.6%,13.2%,14.6%,2023
Unsure,All Schools,herts_just_talk,have heard of Herts Just Talk,Unsure,15,110,13.6%,6.4%,26.7%,7.2%,13.0%,2023
Unsure,All Schools,herts_just_talk,have heard of Herts Just Talk,Yes,25,110,22.7%,12.9%,36.9%,9.9%,14.2%,2023
Unsure,All Schools,herts_just_talk,have heard of Herts Just Talk,"Yes I’ve heard of it, but I’m not sure what it is",25,110,22.7%,12.9%,36.9%,9.9%,14.2%,2023
Unsure,All Schools,home_shouting,have ever been frightened by any shouting and arguing between adults or older siblings at home in the last month,Most days/Every day,10,100,10.0%,4.0%,23.0%,6.0%,13.0%,2023
Unsure,All Schools,home_shouting,have ever been frightened by any shouting and arguing between adults or older siblings at home in the last month,No,40,100,40.0%,26.4%,55.4%,13.6%,15.4%,2023
Unsure,All Schools,home_shouting,have ever been frightened by any shouting and arguing between adults or older siblings at home in the last month,Once a week,5,100,5.0%,1.4%,16.5%,3.6%,11.5%,2023
Unsure,All Schools,home_shouting,have ever been frightened by any shouting and arguing between adults or older siblings at home in the last month,Once or twice,35,100,35.0%,22.2%,50.5%,12.8%,15.5%,2023
Unsure,All Schools,home_shouting,have ever been frightened by any shouting and arguing between adults or older siblings at home in the last month,Prefer not to say,10,100,10.0%,4.0%,23.0%,6.0%,13.0%,2023
Unsure,All Schools,home_violence,"if there has been any violence (e.g. hitting, punching, slapping) between adults or older siblings at home in the last month",Most days/Every day,10,105,9.5%,3.8%,22.0%,5.7%,12.5%,2023
Unsure,All Schools,home_violence,"if there has been any violence (e.g. hitting, punching, slapping) between adults or older siblings at home in the last month",No,85,105,81.0%,66.7%,90.0%,14.2%,9.0%,2023
Unsure,All Schools,home_violence,"if there has been any violence (e.g. hitting, punching, slapping) between adults or older siblings at home in the last month",Once or twice,0,105,0.0%,0.0%,8.3%,0.0%,8.3%,2023
Unsure,All Schools,home_violence,"if there has been any violence (e.g. hitting, punching, slapping) between adults or older siblings at home in the last month",Prefer not to say,10,105,9.5%,3.8%,22.0%,5.7%,12.5%,2023
Unsure,All Schools,hopeful_future,feel hopeful about their future,Always,5,100,5.0%,1.4%,16.5%,3.6%,11.5%,2023
Unsure,All Schools,hopeful_future,feel hopeful about their future,Never,25,100,25.0%,14.2%,40.1%,10.8%,15.1%,2023
Unsure,All Schools,hopeful_future,feel hopeful about their future,Often,15,100,15.0%,7.1%,29.0%,7.9%,14.0%,2023
Unsure,All Schools,hopeful_future,feel hopeful about their future,Sometimes,55,100,55.0%,39.9%,69.3%,15.1%,14.3%,2023
Unsure,All Schools,imd_quintile,for their resident postcode,Quintile 1 - Most Deprived,10,105,9.5%,3.8%,22.0%,5.7%,12.5%,2023
Unsure,All Schools,imd_quintile,for their resident postcode,Quintile 2,10,105,9.5%,3.8%,22.0%,5.7%,12.5%,2023
Unsure,All Schools,imd_quintile,for their resident postcode,Quintile 3,5,105,4.8%,1.3%,15.7%,3.4%,11.0%,2023
Unsure,All Schools,imd_quintile,for their resident postcode,Quintile 4,10,105,9.5%,3.8%,22.0%,5.7%,12.5%,2023
Unsure,All Schools,imd_quintile,for their resident postcode,Quintile 5 - Least Deprived,15,105,14.3%,6.7%,27.8%,7.6%,13.5%,2023
Unsure,All Schools,imd_quintile,for their resident postcode,unknown,55,105,52.4%,37.8%,66.6%,14.6%,14.2%,2023
Unsure,All Schools,internet_info_provided,have been provided with online safety info,No,25,105,23.8%,13.5%,38.5%,10.3%,14.7%,2023
Unsure,All Schools,internet_info_provided,have been provided with online safety info,Yes,80,105,76.2%,61.5%,86.5%,14.7%,10.3%,2023
Unsure,All Schools,internet_message,have ever received message on social media that upset them,No,55,105,52.4%,37.8%,66.6%,14.6%,14.2%,2023
Unsure,All Schools,internet_message,have ever received message on social media that upset them,Yes,50,105,47.6%,33.4%,62.2%,14.2%,14.6%,2023
Unsure,All Schools,internet_met,have ever met someone in real life whom they first met online,No,70,105,66.7%,51.6%,79.0%,15.1%,12.3%,2023
Unsure,All Schools,internet_met,have ever met someone in real life whom they first met online,Yes,35,105,33.3%,21.0%,48.4%,12.3%,15.1%,2023
Unsure,All Schools,internet_personalinfo,have ever shared personal information with someone they have not met in real life,No,65,100,65.0%,49.5%,77.8%,15.5%,12.8%,2023
Unsure,All Schools,internet_personalinfo,have ever shared personal information with someone they have not met in real life,Yes,35,100,35.0%,22.2%,50.5%,12.8%,15.5%,2023
Unsure,All Schools,internet_pictures_pressure,have ever felt pressured to send pictures of themselves to someone,No,75,105,71.4%,56.5%,82.8%,15.0%,11.4%,2023
Unsure,All Schools,internet_pictures_pressure,have ever felt pressured to send pictures of themselves to someone,Yes,30,105,28.6%,17.2%,43.5%,11.4%,15.0%,2023
Unsure,All Schools,ketamine_exp,ketamine,No,105,110,95.5%,84.9%,98.7%,10.5%,3.3%,2023
Unsure,All Schools,ketamine_exp,ketamine,Yes,5,110,4.5%,1.3%,15.1%,3.3%,10.5%,2023
Unsure,All Schools,ketamine_offered,ketamine,No,95,105,90.5%,78.0%,96.2%,12.5%,5.7%,2023
Unsure,All Schools,ketamine_offered,ketamine,Yes,10,105,9.5%,3.8%,22.0%,5.7%,12.5%,2023
Unsure,All Schools,life_happyyesterday,how happy they felt yesterday overall on a scale low to high,high,15,105,14.3%,6.7%,27.8%,7.6%,13.5%,2023
Unsure,All Schools,life_happyyesterday,how happy they felt yesterday overall on a scale low to high,low,55,105,52.4%,37.8%,66.6%,14.6%,14.2%,2023
Unsure,All Schools,life_happyyesterday,how happy they felt yesterday overall on a scale low to high,medium,20,105,19.0%,10.0%,33.3%,9.0%,14.2%,2023
Unsure,All Schools,life_happyyesterday,how happy they felt yesterday overall on a scale low to high,very high,15,105,14.3%,6.7%,27.8%,7.6%,13.5%,2023
Unsure,All Schools,life_satisfied,about how satisfied they with their life on a scale of low to high,high,20,105,19.0%,10.0%,33.3%,9.0%,14.2%,2023
Unsure,All Schools,life_satisfied,about how satisfied they with their life on a scale of low to high,low,50,105,47.6%,33.4%,62.2%,14.2%,14.6%,2023
Unsure,All Schools,life_satisfied,about how satisfied they with their life on a scale of low to high,medium,25,105,23.8%,13.5%,38.5%,10.3%,14.7%,2023
Unsure,All Schools,life_satisfied,about how satisfied they with their life on a scale of low to high,very high,10,105,9.5%,3.8%,22.0%,5.7%,12.5%,2023
Unsure,All Schools,life_worthwhile,the extent to which they feel the things they do in their life are worthwhile on a scale of low to high,high,15,105,14.3%,6.7%,27.8%,7.6%,13.5%,2023
Unsure,All Schools,life_worthwhile,the extent to which they feel the things they do in their life are worthwhile on a scale of low to high,low,55,105,52.4%,37.8%,66.6%,14.6%,14.2%,2023
Unsure,All Schools,life_worthwhile,the extent to which they feel the things they do in their life are worthwhile on a scale of low to high,medium,25,105,23.8%,13.5%,38.5%,10.3%,14.7%,2023
Unsure,All Schools,life_worthwhile,the extent to which they feel the things they do in their life are worthwhile on a scale of low to high,very high,10,105,9.5%,3.8%,22.0%,5.7%,12.5%,2023
Unsure,All Schools,mental_accessed,have ever accessed mental health services before,No,50,100,50.0%,35.2%,64.8%,14.8%,14.8%,2023
Unsure,All Schools,mental_accessed,have ever accessed mental health services before,Not sure,10,100,10.0%,4.0%,23.0%,6.0%,13.0%,2023
Unsure,All Schools,mental_accessed,have ever accessed mental health services before,Prefer not to say,10,100,10.0%,4.0%,23.0%,6.0%,13.0%,2023
Unsure,All Schools,mental_accessed,have ever accessed mental health services before,Yes,30,100,30.0%,18.1%,45.4%,11.9%,15.4%,2023
Unsure,All Schools,mental_accessed_helpful,how helpful they found the mental health support,A little,10,30,33.3%,13.8%,60.9%,19.5%,27.5%,2023
Unsure,All Schools,mental_accessed_helpful,how helpful they found the mental health support,Neither helpful nor unhelpful,5,30,16.7%,4.7%,44.7%,12.0%,28.1%,2023
Unsure,All Schools,mental_accessed_helpful,how helpful they found the mental health support,Not helpful,5,30,16.7%,4.7%,44.7%,12.0%,28.1%,2023
Unsure,All Schools,mental_accessed_helpful,how helpful they found the mental health support,Not very helpful,5,30,16.7%,4.7%,44.7%,12.0%,28.1%,2023
Unsure,All Schools,mental_accessed_helpful,how helpful they found the mental health support,Very,5,30,16.7%,4.7%,44.7%,12.0%,28.1%,2023
Unsure,All Schools,mental_charity,charities,No,100,105,95.2%,84.3%,98.7%,11.0%,3.4%,2023
Unsure,All Schools,mental_charity,charities,Yes,5,105,4.8%,1.3%,15.7%,3.4%,11.0%,2023
Unsure,All Schools,mental_clinic,a mental health clinic,No,90,110,81.8%,68.1%,90.5%,13.7%,8.7%,2023
Unsure,All Schools,mental_clinic,a mental health clinic,Yes,20,110,18.2%,9.5%,31.9%,8.7%,13.7%,2023
Unsure,All Schools,mental_doctor,a doctor,No,95,105,90.5%,78.0%,96.2%,12.5%,5.7%,2023
Unsure,All Schools,mental_doctor,a doctor,Yes,10,105,9.5%,3.8%,22.0%,5.7%,12.5%,2023
Unsure,All Schools,mental_howaccess,"know how to access services if they are worried about, or are looking for more information about their mental health",No,25,105,23.8%,13.5%,38.5%,10.3%,14.7%,2023
Unsure,All Schools,mental_howaccess,"know how to access services if they are worried about, or are looking for more information about their mental health",Not sure,20,105,19.0%,10.0%,33.3%,9.0%,14.2%,2023
Unsure,All Schools,mental_howaccess,"know how to access services if they are worried about, or are looking for more information about their mental health",Yes,60,105,57.1%,42.2%,70.8%,14.9%,13.7%,2023
Unsure,All Schools,mental_none,other,No,80,110,72.7%,58.2%,83.6%,14.5%,10.9%,2023
Unsure,All Schools,mental_none,other,Yes,30,110,27.3%,16.4%,41.8%,10.9%,14.5%,2023
Unsure,All Schools,mental_nurse,a school nurse,No,105,105,100.0%,91.7%,100.0%,8.3%,0.0%,2023
Unsure,All Schools,mental_nurse,a school nurse,Yes,0,105,0.0%,0.0%,8.3%,0.0%,8.3%,2023
Unsure,All Schools,mental_other,some other service,No,90,105,85.7%,72.2%,93.3%,13.5%,7.6%,2023
Unsure,All Schools,mental_other,some other service,Yes,15,105,14.3%,6.7%,27.8%,7.6%,13.5%,2023
Unsure,All Schools,mental_parents,parents/carers,No,70,110,63.6%,48.9%,76.2%,14.7%,12.6%,2023
Unsure,All Schools,mental_parents,parents/carers,Yes,40,110,36.4%,23.8%,51.1%,12.6%,14.7%,2023
Unsure,All Schools,mental_school,the school,No,80,105,76.2%,61.5%,86.5%,14.7%,10.3%,2023
Unsure,All Schools,mental_school,the school,Yes,25,105,23.8%,13.5%,38.5%,10.3%,14.7%,2023
Unsure,All Schools,mental_talk,"agree with the statement ""It's okay for me to talk about my mental health.""",No,20,100,20.0%,10.5%,34.7%,9.5%,14.7%,2023
Unsure,All Schools,mental_talk,"agree with the statement ""It's okay for me to talk about my mental health.""",Not sure,20,100,20.0%,10.5%,34.7%,9.5%,14.7%,2023
Unsure,All Schools,mental_talk,"agree with the statement ""It's okay for me to talk about my mental health.""",Yes,60,100,60.0%,44.6%,73.6%,15.4%,13.6%,2023
Unsure,All Schools,mental_type_121,1-2-1s (in person),No,65,110,59.1%,44.4%,72.3%,14.6%,13.2%,2023
Unsure,All Schools,mental_type_121,1-2-1s (in person),Yes,45,110,40.9%,27.7%,55.6%,13.2%,14.6%,2023
Unsure,All Schools,mental_type_group,groupwork,No,85,105,81.0%,66.7%,90.0%,14.2%,9.0%,2023
Unsure,All Schools,mental_type_group,groupwork,Yes,20,105,19.0%,10.0%,33.3%,9.0%,14.2%,2023
Unsure,All Schools,mental_type_online,online support,No,80,105,76.2%,61.5%,86.5%,14.7%,10.3%,2023
Unsure,All Schools,mental_type_online,online support,Yes,25,105,23.8%,13.5%,38.5%,10.3%,14.7%,2023
Unsure,All Schools,mental_type_other,other types of support,No,85,105,81.0%,66.7%,90.0%,14.2%,9.0%,2023
Unsure,All Schools,mental_type_other,other types of support,Yes,20,105,19.0%,10.0%,33.3%,9.0%,14.2%,2023
Unsure,All Schools,mental_type_phone,phone counselling,No,95,110,86.4%,73.3%,93.6%,13.0%,7.2%,2023
Unsure,All Schools,mental_type_phone,phone counselling,Yes,15,110,13.6%,6.4%,26.7%,7.2%,13.0%,2023
Unsure,All Schools,mental_youthservice,the Youth Service,No,95,110,86.4%,73.3%,93.6%,13.0%,7.2%,2023
Unsure,All Schools,mental_youthservice,the Youth Service,Yes,15,110,13.6%,6.4%,26.7%,7.2%,13.0%,2023
Unsure,All Schools,nitrous_oxide_exp,nitrous oxide,No,105,110,95.5%,84.9%,98.7%,10.5%,3.3%,2023
Unsure,All Schools,nitrous_oxide_exp,nitrous oxide,Yes,5,110,4.5%,1.3%,15.1%,3.3%,10.5%,2023
Unsure,All Schools,nitrous_oxide_offered,nitrous oxide,No,100,105,95.2%,84.3%,98.7%,11.0%,3.4%,2023
Unsure,All Schools,nitrous_oxide_offered,nitrous oxide,Yes,5,105,4.8%,1.3%,15.7%,3.4%,11.0%,2023
Unsure,All Schools,nps_exp,novel psychoactive substances,No,105,110,95.5%,84.9%,98.7%,10.5%,3.3%,2023
Unsure,All Schools,nps_exp,novel psychoactive substances,Yes,5,110,4.5%,1.3%,15.1%,3.3%,10.5%,2023
Unsure,All Schools,nps_offered,novel psychoactive substances,No,105,110,95.5%,84.9%,98.7%,10.5%,3.3%,2023
Unsure,All Schools,nps_offered,novel psychoactive substances,Yes,5,110,4.5%,1.3%,15.1%,3.3%,10.5%,2023
Unsure,All Schools,pa_30,how many days in the past week had they done a total of 30 minutes or more of physical activity,1 to 3,45,110,40.9%,27.7%,55.6%,13.2%,14.6%,2023
Unsure,All Schools,pa_30,how many days in the past week had they done a total of 30 minutes or more of physical activity,4 to 5,15,110,13.6%,6.4%,26.7%,7.2%,13.0%,2023
Unsure,All Schools,pa_30,how many days in the past week had they done a total of 30 minutes or more of physical activity,6 to 7,5,110,4.5%,1.3%,15.1%,3.3%,10.5%,2023
Unsure,All Schools,pa_30,how many days in the past week had they done a total of 30 minutes or more of physical activity,none,45,110,40.9%,27.7%,55.6%,13.2%,14.6%,2023
Unsure,All Schools,pa_60,how many days in the past week had they done a total of 60 minutes or more of physical activity,1 to 3,40,110,36.4%,23.8%,51.1%,12.6%,14.7%,2023
Unsure,All Schools,pa_60,how many days in the past week had they done a total of 60 minutes or more of physical activity,4 to 5,10,110,9.1%,3.6%,21.1%,5.5%,12.0%,2023
Unsure,All Schools,pa_60,how many days in the past week had they done a total of 60 minutes or more of physical activity,6 to 7,20,110,18.2%,9.5%,31.9%,8.7%,13.7%,2023
Unsure,All Schools,pa_60,how many days in the past week had they done a total of 60 minutes or more of physical activity,none,40,110,36.4%,23.8%,51.1%,12.6%,14.7%,2023
Unsure,All Schools,pa_barriers_bikecost,the cost of bikes,No,95,105,90.5%,78.0%,96.2%,12.5%,5.7%,2023
Unsure,All Schools,pa_barriers_bikecost,the cost of bikes,Yes,10,105,9.5%,3.8%,22.0%,5.7%,12.5%,2023
Unsure,All Schools,pa_barriers_distance,distance,No,85,105,81.0%,66.7%,90.0%,14.2%,9.0%,2023
Unsure,All Schools,pa_barriers_distance,distance,Yes,20,105,19.0%,10.0%,33.3%,9.0%,14.2%,2023
Unsure,All Schools,pa_barriers_fearlost,the fear of getting lost,No,80,105,76.2%,61.5%,86.5%,14.7%,10.3%,2023
Unsure,All Schools,pa_barriers_fearlost,the fear of getting lost,Yes,25,105,23.8%,13.5%,38.5%,10.3%,14.7%,2023
Unsure,All Schools,pa_barriers_fitness,lack of fitness,No,85,105,81.0%,66.7%,90.0%,14.2%,9.0%,2023
Unsure,All Schools,pa_barriers_fitness,lack of fitness,Yes,20,105,19.0%,10.0%,33.3%,9.0%,14.2%,2023
Unsure,All Schools,pa_barriers_other,other reasons,No,85,105,81.0%,66.7%,90.0%,14.2%,9.0%,2023
Unsure,All Schools,pa_barriers_other,other reasons,Yes,20,105,19.0%,10.0%,33.3%,9.0%,14.2%,2023
Unsure,All Schools,pa_barriers_pollution,air pollution,No,95,105,90.5%,78.0%,96.2%,12.5%,5.7%,2023
Unsure,All Schools,pa_barriers_pollution,air pollution,Yes,10,105,9.5%,3.8%,22.0%,5.7%,12.5%,2023
Unsure,All Schools,pa_barriers_roadsafety,road safety,No,85,105,81.0%,66.7%,90.0%,14.2%,9.0%,2023
Unsure,All Schools,pa_barriers_roadsafety,road safety,Yes,20,105,19.0%,10.0%,33.3%,9.0%,14.2%,2023
Unsure,All Schools,pa_barriers_safety,personal safety,No,80,105,76.2%,61.5%,86.5%,14.7%,10.3%,2023
Unsure,All Schools,pa_barriers_safety,personal safety,Yes,25,105,23.8%,13.5%,38.5%,10.3%,14.7%,2023
Unsure,All Schools,pa_barriers_time,lack of time,No,55,105,52.4%,37.8%,66.6%,14.6%,14.2%,2023
Unsure,All Schools,pa_barriers_time,lack of time,Yes,50,105,47.6%,33.4%,62.2%,14.2%,14.6%,2023
Unsure,All Schools,pa_barriers_want,personal preference,No,60,105,57.1%,42.2%,70.8%,14.9%,13.7%,2023
Unsure,All Schools,pa_barriers_want,personal preference,Yes,45,105,42.9%,29.2%,57.8%,13.7%,14.9%,2023
Unsure,All Schools,pa_barriers_weather,the weather,No,70,110,63.6%,48.9%,76.2%,14.7%,12.6%,2023
Unsure,All Schools,pa_barriers_weather,the weather,Yes,40,110,36.4%,23.8%,51.1%,12.6%,14.7%,2023
Unsure,All Schools,pa_fri,Friday,0-29 minutes,35,95,36.8%,23.4%,52.7%,13.4%,15.8%,2023
Unsure,All Schools,pa_fri,Friday,30-59 minutes,30,95,31.6%,19.1%,47.4%,12.5%,15.8%,2023
Unsure,All Schools,pa_fri,Friday,60 or more minutes,30,95,31.6%,19.1%,47.4%,12.5%,15.8%,2023
Unsure,All Schools,pa_mon,Monday,0-29 minutes,35,95,36.8%,23.4%,52.7%,13.4%,15.8%,2023
Unsure,All Schools,pa_mon,Monday,30-59 minutes,25,95,26.3%,15.0%,42.0%,11.3%,15.6%,2023
Unsure,All Schools,pa_mon,Monday,60 or more minutes,35,95,36.8%,23.4%,52.7%,13.4%,15.8%,2023
Unsure,All Schools,pa_sat,Saturday,0-29 minutes,40,95,42.1%,27.9%,57.8%,14.2%,15.7%,2023
Unsure,All Schools,pa_sat,Saturday,30-59 minutes,20,95,21.1%,11.1%,36.3%,10.0%,15.2%,2023
Unsure,All Schools,pa_sat,Saturday,60 or more minutes,35,95,36.8%,23.4%,52.7%,13.4%,15.8%,2023
Unsure,All Schools,pa_sun,Sunday,0-29 minutes,45,90,50.0%,34.5%,65.5%,15.5%,15.5%,2023
Unsure,All Schools,pa_sun,Sunday,30-59 minutes,15,90,16.7%,7.9%,31.8%,8.8%,15.2%,2023
Unsure,All Schools,pa_sun,Sunday,60 or more minutes,30,90,33.3%,20.2%,49.6%,13.1%,16.3%,2023
Unsure,All Schools,pa_thurs,Thursday,0-29 minutes,30,95,31.6%,19.1%,47.4%,12.5%,15.8%,2023
Unsure,All Schools,pa_thurs,Thursday,30-59 minutes,35,95,36.8%,23.4%,52.7%,13.4%,15.8%,2023
Unsure,All Schools,pa_thurs,Thursday,60 or more minutes,30,95,31.6%,19.1%,47.4%,12.5%,15.8%,2023
Unsure,All Schools,pa_tues,Tuesday,0-29 minutes,35,100,35.0%,22.2%,50.5%,12.8%,15.5%,2023
Unsure,All Schools,pa_tues,Tuesday,30-59 minutes,30,100,30.0%,18.1%,45.4%,11.9%,15.4%,2023
Unsure,All Schools,pa_tues,Tuesday,60 or more minutes,35,100,35.0%,22.2%,50.5%,12.8%,15.5%,2023
Unsure,All Schools,pa_wed,Wednesday,0-29 minutes,30,100,30.0%,18.1%,45.4%,11.9%,15.4%,2023
Unsure,All Schools,pa_wed,Wednesday,30-59 minutes,35,100,35.0%,22.2%,50.5%,12.8%,15.5%,2023
Unsure,All Schools,pa_wed,Wednesday,60 or more minutes,35,100,35.0%,22.2%,50.5%,12.8%,15.5%,2023
Unsure,All Schools,paid_work,how much paid work they did last week,0-10 hours,5,95,5.3%,1.5%,17.2%,3.8%,12.0%,2023
Unsure,All Schools,paid_work,how much paid work they did last week,11-20 hours,0,95,0.0%,0.0%,9.1%,0.0%,9.1%,2023
Unsure,All Schools,paid_work,how much paid work they did last week,31+ hours,5,95,5.3%,1.5%,17.2%,3.8%,12.0%,2023
Unsure,All Schools,paid_work,how much paid work they did last week,I didn't do any paid work,80,95,84.2%,69.6%,92.5%,14.6%,8.3%,2023
Unsure,All Schools,paid_work,how much paid work they did last week,Prefer not to say,5,95,5.3%,1.5%,17.2%,3.8%,12.0%,2023
Unsure,All Schools,poppers_exp,poppers,No,105,110,95.5%,84.9%,98.7%,10.5%,3.3%,2023
Unsure,All Schools,poppers_exp,poppers,Yes,5,110,4.5%,1.3%,15.1%,3.3%,10.5%,2023
Unsure,All Schools,poppers_offered,poppers,No,100,105,95.2%,84.3%,98.7%,11.0%,3.4%,2023
Unsure,All Schools,poppers_offered,poppers,Yes,5,105,4.8%,1.3%,15.7%,3.4%,11.0%,2023
Unsure,All Schools,prospects_education,plan to continue in education,Maybe,20,90,22.2%,11.7%,38.0%,10.5%,15.8%,2023
Unsure,All Schools,prospects_education,plan to continue in education,No,10,90,11.1%,4.4%,25.3%,6.7%,14.2%,2023
Unsure,All Schools,prospects_education,plan to continue in education,Yes,60,90,66.7%,50.4%,79.8%,16.3%,13.1%,2023
Unsure,All Schools,prospects_family,plan to start a family,Maybe,25,95,26.3%,15.0%,42.0%,11.3%,15.6%,2023
Unsure,All Schools,prospects_family,plan to start a family,No,50,95,52.6%,37.3%,67.5%,15.3%,14.9%,2023
Unsure,All Schools,prospects_family,plan to start a family,Yes,20,95,21.1%,11.1%,36.3%,10.0%,15.2%,2023
Unsure,All Schools,prospects_info_apprenticeships,apprenticeships,No,75,110,68.2%,53.5%,80.0%,14.7%,11.8%,2023
Unsure,All Schools,prospects_info_apprenticeships,apprenticeships,Yes,35,110,31.8%,20.0%,46.5%,11.8%,14.7%,2023
Unsure,All Schools,prospects_info_college,college/6th form,No,65,105,61.9%,46.9%,75.0%,15.0%,13.1%,2023
Unsure,All Schools,prospects_info_college,college/6th form,Yes,40,105,38.1%,25.0%,53.1%,13.1%,15.0%,2023
Unsure,All Schools,prospects_info_gap,gap years,No,65,110,59.1%,44.4%,72.3%,14.6%,13.2%,2023
Unsure,All Schools,prospects_info_gap,gap years,Yes,45,110,40.9%,27.7%,55.6%,13.2%,14.6%,2023
Unsure,All Schools,prospects_info_jobs,jobs,No,70,110,63.6%,48.9%,76.2%,14.7%,12.6%,2023
Unsure,All Schools,prospects_info_jobs,jobs,Yes,40,110,36.4%,23.8%,51.1%,12.6%,14.7%,2023
Unsure,All Schools,prospects_info_other,other options,No,85,105,81.0%,66.7%,90.0%,14.2%,9.0%,2023
Unsure,All Schools,prospects_info_other,other options,Yes,20,105,19.0%,10.0%,33.3%,9.0%,14.2%,2023
Unsure,All Schools,prospects_info_trainee,traineeships,No,85,110,77.3%,63.1%,87.1%,14.2%,9.9%,2023
Unsure,All Schools,prospects_info_trainee,traineeships,Yes,25,110,22.7%,12.9%,36.9%,9.9%,14.2%,2023
Unsure,All Schools,prospects_info_uni,university,No,55,105,52.4%,37.8%,66.6%,14.6%,14.2%,2023
Unsure,All Schools,prospects_info_uni,university,Yes,50,105,47.6%,33.4%,62.2%,14.2%,14.6%,2023
Unsure,All Schools,prospects_job,plan to get a job,Maybe,30,90,33.3%,20.2%,49.6%,13.1%,16.3%,2023
Unsure,All Schools,prospects_job,plan to get a job,No,10,90,11.1%,4.4%,25.3%,6.7%,14.2%,2023
Unsure,All Schools,prospects_job,plan to get a job,Yes,50,90,55.6%,39.6%,70.4%,15.9%,14.9%,2023
Unsure,All Schools,prospects_notsure,aren't sure what they want to do,Maybe,20,85,23.5%,12.5%,39.9%,11.1%,16.4%,2023
Unsure,All Schools,prospects_notsure,aren't sure what they want to do,No,25,85,29.4%,16.9%,46.1%,12.5%,16.7%,2023
Unsure,All Schools,prospects_notsure,aren't sure what they want to do,Yes,40,85,47.1%,31.5%,63.2%,15.6%,16.2%,2023
Unsure,All Schools,prospects_other,have other plans,Maybe,35,85,41.2%,26.4%,57.7%,14.8%,16.6%,2023
Unsure,All Schools,prospects_other,have other plans,No,30,85,35.3%,21.5%,52.0%,13.8%,16.7%,2023
Unsure,All Schools,prospects_other,have other plans,Yes,20,85,23.5%,12.5%,39.9%,11.1%,16.4%,2023
Unsure,All Schools,prospects_support_friends,friends,No,75,110,68.2%,53.5%,80.0%,14.7%,11.8%,2023
Unsure,All Schools,prospects_support_friends,friends,Yes,35,110,31.8%,20.0%,46.5%,11.8%,14.7%,2023
Unsure,All Schools,prospects_support_idk,don't know where to get support,No,85,105,81.0%,66.7%,90.0%,14.2%,9.0%,2023
Unsure,All Schools,prospects_support_idk,don't know where to get support,Yes,20,105,19.0%,10.0%,33.3%,9.0%,14.2%,2023
Unsure,All Schools,prospects_support_jobcentre,Job Centre Plus,No,100,110,90.9%,78.9%,96.4%,12.0%,5.5%,2023
Unsure,All Schools,prospects_support_jobcentre,Job Centre Plus,Yes,10,110,9.1%,3.6%,21.1%,5.5%,12.0%,2023
Unsure,All Schools,prospects_support_online,online,No,80,105,76.2%,61.5%,86.5%,14.7%,10.3%,2023
Unsure,All Schools,prospects_support_online,online,Yes,25,105,23.8%,13.5%,38.5%,10.3%,14.7%,2023
Unsure,All Schools,prospects_support_other,other sources,No,95,110,86.4%,73.3%,93.6%,13.0%,7.2%,2023
Unsure,All Schools,prospects_support_other,other sources,Yes,15,110,13.6%,6.4%,26.7%,7.2%,13.0%,2023
Unsure,All Schools,prospects_support_parents,parent/carer,No,50,105,47.6%,33.4%,62.2%,14.2%,14.6%,2023
Unsure,All Schools,prospects_support_parents,parent/carer,Yes,55,105,52.4%,37.8%,66.6%,14.6%,14.2%,2023
Unsure,All Schools,prospects_support_school,school/teacher,No,65,105,61.9%,46.9%,75.0%,15.0%,13.1%,2023
Unsure,All Schools,prospects_support_school,school/teacher,Yes,40,105,38.1%,25.0%,53.1%,13.1%,15.0%,2023
Unsure,All Schools,prospects_support_syp,Services for Young People,No,95,110,86.4%,73.3%,93.6%,13.0%,7.2%,2023
Unsure,All Schools,prospects_support_syp,Services for Young People,Yes,15,110,13.6%,6.4%,26.7%,7.2%,13.0%,2023
Unsure,All Schools,prospects_training,plan to training for a skilled job,Maybe,40,90,44.4%,29.6%,60.4%,14.9%,15.9%,2023
Unsure,All Schools,prospects_training,plan to training for a skilled job,No,25,90,27.8%,15.9%,43.9%,11.9%,16.2%,2023
Unsure,All Schools,prospects_training,plan to training for a skilled job,Yes,25,90,27.8%,15.9%,43.9%,11.9%,16.2%,2023
Unsure,All Schools,religion,religion,Any other religion,5,105,4.8%,1.3%,15.7%,3.4%,11.0%,2023
Unsure,All Schools,religion,religion,Buddhist,5,105,4.8%,1.3%,15.7%,3.4%,11.0%,2023
Unsure,All Schools,religion,religion,Christian,10,105,9.5%,3.8%,22.0%,5.7%,12.5%,2023
Unsure,All Schools,religion,religion,Hindu,0,105,0.0%,0.0%,8.3%,0.0%,8.3%,2023
Unsure,All Schools,religion,religion,Muslim,0,105,0.0%,0.0%,8.3%,0.0%,8.3%,2023
Unsure,All Schools,religion,religion,No religion,75,105,71.4%,56.5%,82.8%,15.0%,11.4%,2023
Unsure,All Schools,religion,religion,Prefer not to say,5,105,4.8%,1.3%,15.7%,3.4%,11.0%,2023
Unsure,All Schools,religion,religion,Sikh,5,105,4.8%,1.3%,15.7%,3.4%,11.0%,2023
Unsure,All Schools,safety_dark,going out after dark,Neither safe or unsafe,30,100,30.0%,18.1%,45.4%,11.9%,15.4%,2023
Unsure,All Schools,safety_dark,going out after dark,Safe,20,100,20.0%,10.5%,34.7%,9.5%,14.7%,2023
Unsure,All Schools,safety_dark,going out after dark,Unsafe,50,100,50.0%,35.2%,64.8%,14.8%,14.8%,2023
Unsure,All Schools,safety_day,going out during the day,Neither safe or unsafe,40,105,38.1%,25.0%,53.1%,13.1%,15.0%,2023
Unsure,All Schools,safety_day,going out during the day,Safe,50,105,47.6%,33.4%,62.2%,14.2%,14.6%,2023
Unsure,All Schools,safety_day,going out during the day,Unsafe,15,105,14.3%,6.7%,27.8%,7.6%,13.5%,2023
Unsure,All Schools,safety_journey,going to and from school,Neither safe or unsafe,45,105,42.9%,29.2%,57.8%,13.7%,14.9%,2023
Unsure,All Schools,safety_journey,going to and from school,Safe,45,105,42.9%,29.2%,57.8%,13.7%,14.9%,2023
Unsure,All Schools,safety_journey,going to and from school,Unsafe,15,105,14.3%,6.7%,27.8%,7.6%,13.5%,2023
Unsure,All Schools,safety_school,at school,Neither safe or unsafe,40,105,38.1%,25.0%,53.1%,13.1%,15.0%,2023
Unsure,All Schools,safety_school,at school,Safe,45,105,42.9%,29.2%,57.8%,13.7%,14.9%,2023
Unsure,All Schools,safety_school,at school,Unsafe,20,105,19.0%,10.0%,33.3%,9.0%,14.2%,2023
Unsure,All Schools,school_supported,felt supported by their school and that they were offered help when having difficulties,No,25,65,38.5%,22.5%,57.4%,16.0%,19.0%,2023
Unsure,All Schools,school_supported,felt supported by their school and that they were offered help when having difficulties,Not sure,20,65,30.8%,16.5%,49.9%,14.2%,19.2%,2023
Unsure,All Schools,school_supported,felt supported by their school and that they were offered help when having difficulties,Prefer not to say,5,65,7.7%,2.1%,24.1%,5.5%,16.4%,2023
Unsure,All Schools,school_supported,felt supported by their school and that they were offered help when having difficulties,Yes,15,65,23.1%,11.1%,42.0%,12.0%,18.9%,2023
Unsure,All Schools,schoolsupp_academic,they find their school is supportive of their learning and education,No,15,100,15.0%,7.1%,29.0%,7.9%,14.0%,2023
Unsure,All Schools,schoolsupp_academic,they find their school is supportive of their learning and education,Not sure,5,100,5.0%,1.4%,16.5%,3.6%,11.5%,2023
Unsure,All Schools,schoolsupp_academic,they find their school is supportive of their learning and education,Somewhat,40,100,40.0%,26.4%,55.4%,13.6%,15.4%,2023
Unsure,All Schools,schoolsupp_academic,they find their school is supportive of their learning and education,Yes,40,100,40.0%,26.4%,55.4%,13.6%,15.4%,2023
Unsure,All Schools,schoolsupp_wellbeing,they find their school is supportive of their emotional health and wellbeing,No,40,100,40.0%,26.4%,55.4%,13.6%,15.4%,2023
Unsure,All Schools,schoolsupp_wellbeing,they find their school is supportive of their emotional health and wellbeing,Not sure,10,100,10.0%,4.0%,23.0%,6.0%,13.0%,2023
Unsure,All Schools,schoolsupp_wellbeing,they find their school is supportive of their emotional health and wellbeing,Somewhat,30,100,30.0%,18.1%,45.4%,11.9%,15.4%,2023
Unsure,All Schools,schoolsupp_wellbeing,they find their school is supportive of their emotional health and wellbeing,Yes,20,100,20.0%,10.5%,34.7%,9.5%,14.7%,2023
Unsure,All Schools,schyear,school year,Not at school/other,0,105,0.0%,0.0%,8.3%,0.0%,8.3%,2023
Unsure,All Schools,schyear,school year,Year 10,15,105,14.3%,6.7%,27.8%,7.6%,13.5%,2023
Unsure,All Schools,schyear,school year,Year 11,15,105,14.3%,6.7%,27.8%,7.6%,13.5%,2023
Unsure,All Schools,schyear,school year,Year 12,10,105,9.5%,3.8%,22.0%,5.7%,12.5%,2023
Unsure,All Schools,schyear,school year,Year 13,10,105,9.5%,3.8%,22.0%,5.7%,12.5%,2023
Unsure,All Schools,schyear,school year,Year 7,20,105,19.0%,10.0%,33.3%,9.0%,14.2%,2023
Unsure,All Schools,schyear,school year,Year 8,20,105,19.0%,10.0%,33.3%,9.0%,14.2%,2023
Unsure,All Schools,schyear,school year,Year 9,15,105,14.3%,6.7%,27.8%,7.6%,13.5%,2023
Unsure,All Schools,selfharm_ever,ever self-harmed,No,35,100,35.0%,22.2%,50.5%,12.8%,15.5%,2023
Unsure,All Schools,selfharm_ever,ever self-harmed,Prefer not to say,20,100,20.0%,10.5%,34.7%,9.5%,14.7%,2023
Unsure,All Schools,selfharm_ever,ever self-harmed,Yes,45,100,45.0%,30.7%,60.1%,14.3%,15.1%,2023
Unsure,All Schools,sexuality,sexual orientation,Bisexual,25,110,22.7%,12.9%,36.9%,9.9%,14.2%,2023
Unsure,All Schools,sexuality,sexual orientation,Heterosexual/Straight,15,110,13.6%,6.4%,26.7%,7.2%,13.0%,2023
Unsure,All Schools,sexuality,sexual orientation,Homosexual/Gay Male,5,110,4.5%,1.3%,15.1%,3.3%,10.5%,2023
Unsure,All Schools,sexuality,sexual orientation,Homosexual/Lesbian,15,110,13.6%,6.4%,26.7%,7.2%,13.0%,2023
Unsure,All Schools,sexuality,sexual orientation,Other,10,110,9.1%,3.6%,21.1%,5.5%,12.0%,2023
Unsure,All Schools,sexuality,sexual orientation,Prefer not to say,5,110,4.5%,1.3%,15.1%,3.3%,10.5%,2023
Unsure,All Schools,sexuality,sexual orientation,Questioning,15,110,13.6%,6.4%,26.7%,7.2%,13.0%,2023
Unsure,All Schools,sexuality,sexual orientation,Unsure,20,110,18.2%,9.5%,31.9%,8.7%,13.7%,2023
Unsure,All Schools,sh_16,Most 16 year olds have not had sex,Agree,15,50,30.0%,14.6%,51.8%,15.4%,21.8%,2023
Unsure,All Schools,sh_16,Most 16 year olds have not had sex,Disagree,15,50,30.0%,14.6%,51.8%,15.4%,21.8%,2023
Unsure,All Schools,sh_16,Most 16 year olds have not had sex,Not sure,20,50,40.0%,21.9%,61.3%,18.1%,21.3%,2023
Unsure,All Schools,sh_access,they know how to access sexual health services?,No,40,100,40.0%,26.4%,55.4%,13.6%,15.4%,2023
Unsure,All Schools,sh_access,they know how to access sexual health services?,Not sure,25,100,25.0%,14.2%,40.1%,10.8%,15.1%,2023
Unsure,All Schools,sh_access,they know how to access sexual health services?,Yes,35,100,35.0%,22.2%,50.5%,12.8%,15.5%,2023
Unsure,All Schools,sh_condoms,Using condoms is necessary to prevent sexually transmitted infections and unplanned pregnancies,Agree,40,55,72.7%,51.9%,86.8%,20.8%,14.1%,2023
Unsure,All Schools,sh_condoms,Using condoms is necessary to prevent sexually transmitted infections and unplanned pregnancies,Disagree,10,55,18.2%,7.3%,38.5%,10.9%,20.3%,2023
Unsure,All Schools,sh_condoms,Using condoms is necessary to prevent sexually transmitted infections and unplanned pregnancies,Not sure,5,55,9.1%,2.5%,27.7%,6.6%,18.7%,2023
Unsure,All Schools,sh_condomsti,"If you have sex without a condom, you should get an STI test.",Agree,25,50,50.0%,30.0%,70.0%,20.0%,20.0%,2023
Unsure,All Schools,sh_condomsti,"If you have sex without a condom, you should get an STI test.",Disagree,10,50,20.0%,8.1%,41.5%,11.9%,21.5%,2023
Unsure,All Schools,sh_condomsti,"If you have sex without a condom, you should get an STI test.",Not sure,15,50,30.0%,14.6%,51.8%,15.4%,21.8%,2023
Unsure,All Schools,sh_pregnancy,Getting pregnant or getting someone else pregnant now would negatively affect my future plans,Agree,40,55,72.7%,51.9%,86.8%,20.8%,14.1%,2023
Unsure,All Schools,sh_pregnancy,Getting pregnant or getting someone else pregnant now would negatively affect my future plans,Disagree,10,55,18.2%,7.3%,38.5%,10.9%,20.3%,2023
Unsure,All Schools,sh_pregnancy,Getting pregnant or getting someone else pregnant now would negatively affect my future plans,Not sure,5,55,9.1%,2.5%,27.7%,6.6%,18.7%,2023
Unsure,All Schools,sh_pressure,There is pressure on young people to have sex,Agree,20,55,36.4%,19.8%,57.0%,16.6%,20.6%,2023
Unsure,All Schools,sh_pressure,There is pressure on young people to have sex,Disagree,20,55,36.4%,19.8%,57.0%,16.6%,20.6%,2023
Unsure,All Schools,sh_pressure,There is pressure on young people to have sex,Not sure,15,55,27.3%,13.2%,48.1%,14.1%,20.8%,2023
Unsure,All Schools,sh_schooled,I think the quality of the relationships and sex education I receive at school is good.,Agree,20,55,36.4%,19.8%,57.0%,16.6%,20.6%,2023
Unsure,All Schools,sh_schooled,I think the quality of the relationships and sex education I receive at school is good.,Disagree,20,55,36.4%,19.8%,57.0%,16.6%,20.6%,2023
Unsure,All Schools,sh_schooled,I think the quality of the relationships and sex education I receive at school is good.,Not sure,15,55,27.3%,13.2%,48.1%,14.1%,20.8%,2023
Unsure,All Schools,sh_serious,Being in a serious/long-term relationship before having sex is important,Agree,15,50,30.0%,14.6%,51.8%,15.4%,21.8%,2023
Unsure,All Schools,sh_serious,Being in a serious/long-term relationship before having sex is important,Disagree,15,50,30.0%,14.6%,51.8%,15.4%,21.8%,2023
Unsure,All Schools,sh_serious,Being in a serious/long-term relationship before having sex is important,Not sure,20,50,40.0%,21.9%,61.3%,18.1%,21.3%,2023
Unsure,All Schools,sh_support,their preferable source of support to get contraception or a test for Sexually Transmitted Infection (STI),Doctor,20,105,19.0%,10.0%,33.3%,9.0%,14.2%,2023
Unsure,All Schools,sh_support,their preferable source of support to get contraception or a test for Sexually Transmitted Infection (STI),Online (e.g. Sexwise website),15,105,14.3%,6.7%,27.8%,7.6%,13.5%,2023
Unsure,All Schools,sh_support,their preferable source of support to get contraception or a test for Sexually Transmitted Infection (STI),Other,10,105,9.5%,3.8%,22.0%,5.7%,12.5%,2023
Unsure,All Schools,sh_support,their preferable source of support to get contraception or a test for Sexually Transmitted Infection (STI),Pharmacy,20,105,19.0%,10.0%,33.3%,9.0%,14.2%,2023
Unsure,All Schools,sh_support,their preferable source of support to get contraception or a test for Sexually Transmitted Infection (STI),Prefer not to say,20,105,19.0%,10.0%,33.3%,9.0%,14.2%,2023
Unsure,All Schools,sh_support,their preferable source of support to get contraception or a test for Sexually Transmitted Infection (STI),School/College,5,105,4.8%,1.3%,15.7%,3.4%,11.0%,2023
Unsure,All Schools,sh_support,their preferable source of support to get contraception or a test for Sexually Transmitted Infection (STI),Sexual health clinic,10,105,9.5%,3.8%,22.0%,5.7%,12.5%,2023
Unsure,All Schools,sh_support,their preferable source of support to get contraception or a test for Sexually Transmitted Infection (STI),Youth Worker/Service,5,105,4.8%,1.3%,15.7%,3.4%,11.0%,2023
Unsure,All Schools,sh_wait,It is fine to wait to have sex,Agree,45,55,81.8%,61.5%,92.7%,20.3%,10.9%,2023
Unsure,All Schools,sh_wait,It is fine to wait to have sex,Disagree,5,55,9.1%,2.5%,27.7%,6.6%,18.7%,2023
Unsure,All Schools,sh_wait,It is fine to wait to have sex,Not sure,5,55,9.1%,2.5%,27.7%,6.6%,18.7%,2023
Unsure,All Schools,shinfo_clinic,sexual health clinics,No,105,110,95.5%,84.9%,98.7%,10.5%,3.3%,2023
Unsure,All Schools,shinfo_clinic,sexual health clinics,Yes,5,110,4.5%,1.3%,15.1%,3.3%,10.5%,2023
Unsure,All Schools,shinfo_doctor,health professionals,No,100,105,95.2%,84.3%,98.7%,11.0%,3.4%,2023
Unsure,All Schools,shinfo_doctor,health professionals,Yes,5,105,4.8%,1.3%,15.7%,3.4%,11.0%,2023
Unsure,All Schools,shinfo_friends,friends,No,80,105,76.2%,61.5%,86.5%,14.7%,10.3%,2023
Unsure,All Schools,shinfo_friends,friends,Yes,25,105,23.8%,13.5%,38.5%,10.3%,14.7%,2023
Unsure,All Schools,shinfo_healthsite,healthcare websites,No,85,105,81.0%,66.7%,90.0%,14.2%,9.0%,2023
Unsure,All Schools,shinfo_healthsite,healthcare websites,Yes,20,105,19.0%,10.0%,33.3%,9.0%,14.2%,2023
Unsure,All Schools,shinfo_helpline,telephone helplines,No,105,105,100.0%,91.7%,100.0%,8.3%,0.0%,2023
Unsure,All Schools,shinfo_media,media,No,80,105,76.2%,61.5%,86.5%,14.7%,10.3%,2023
Unsure,All Schools,shinfo_media,media,Yes,25,105,23.8%,13.5%,38.5%,10.3%,14.7%,2023
Unsure,All Schools,shinfo_other,other,No,100,105,95.2%,84.3%,98.7%,11.0%,3.4%,2023
Unsure,All Schools,shinfo_other,other,Yes,5,105,4.8%,1.3%,15.7%,3.4%,11.0%,2023
Unsure,All Schools,shinfo_parents,parents,No,75,110,68.2%,53.5%,80.0%,14.7%,11.8%,2023
Unsure,All Schools,shinfo_parents,parents,Yes,35,110,31.8%,20.0%,46.5%,11.8%,14.7%,2023
Unsure,All Schools,shinfo_porn,pornography,No,85,105,81.0%,66.7%,90.0%,14.2%,9.0%,2023
Unsure,All Schools,shinfo_porn,pornography,Yes,20,105,19.0%,10.0%,33.3%,9.0%,14.2%,2023
Unsure,All Schools,shinfo_poster,"posters, leaflets, reference books",No,95,105,90.5%,78.0%,96.2%,12.5%,5.7%,2023
Unsure,All Schools,shinfo_poster,"posters, leaflets, reference books",Yes,10,105,9.5%,3.8%,22.0%,5.7%,12.5%,2023
Unsure,All Schools,shinfo_relations,siblings or relatives,No,95,105,90.5%,78.0%,96.2%,12.5%,5.7%,2023
Unsure,All Schools,shinfo_relations,siblings or relatives,Yes,10,105,9.5%,3.8%,22.0%,5.7%,12.5%,2023
Unsure,All Schools,shinfo_school,school,No,55,110,50.0%,35.9%,64.1%,14.1%,14.1%,2023
Unsure,All Schools,shinfo_school,school,Yes,55,110,50.0%,35.9%,64.1%,14.1%,14.1%,2023
Unsure,All Schools,shinfo_yw,Youth Workers,No,105,105,100.0%,91.7%,100.0%,8.3%,0.0%,2023
Unsure,All Schools,skipschool_appointments,medical/dental appointments,No,60,105,57.1%,42.2%,70.8%,14.9%,13.7%,2023
Unsure,All Schools,skipschool_appointments,medical/dental appointments,Yes,45,105,42.9%,29.2%,57.8%,13.7%,14.9%,2023
Unsure,All Schools,skipschool_care,caring for family,No,100,105,95.2%,84.3%,98.7%,11.0%,3.4%,2023
Unsure,All Schools,skipschool_care,caring for family,Yes,5,105,4.8%,1.3%,15.7%,3.4%,11.0%,2023
Unsure,All Schools,skipschool_illness,illness/injury unrelated to COVID-19,No,45,105,42.9%,29.2%,57.8%,13.7%,14.9%,2023
Unsure,All Schools,skipschool_illness,illness/injury unrelated to COVID-19,Yes,60,105,57.1%,42.2%,70.8%,14.9%,13.7%,2023
Unsure,All Schools,skipschool_mentalhealth,mental health reasons,No,80,105,76.2%,61.5%,86.5%,14.7%,10.3%,2023
Unsure,All Schools,skipschool_mentalhealth,mental health reasons,Yes,25,105,23.8%,13.5%,38.5%,10.3%,14.7%,2023
Unsure,All Schools,skipschool_na,other reasons,No,95,110,86.4%,73.3%,93.6%,13.0%,7.2%,2023
Unsure,All Schools,skipschool_na,other reasons,Yes,15,110,13.6%,6.4%,26.7%,7.2%,13.0%,2023
Unsure,All Schools,skipschool_trips,holiday,No,90,105,85.7%,72.2%,93.3%,13.5%,7.6%,2023
Unsure,All Schools,skipschool_trips,holiday,Yes,15,105,14.3%,6.7%,27.8%,7.6%,13.5%,2023
Unsure,All Schools,skipschool_worriesbully,bullying,No,95,110,86.4%,73.3%,93.6%,13.0%,7.2%,2023
Unsure,All Schools,skipschool_worriesbully,bullying,Yes,15,110,13.6%,6.4%,26.7%,7.2%,13.0%,2023
Unsure,All Schools,skipschool_worriesschool,worries about schoolwork,No,90,105,85.7%,72.2%,93.3%,13.5%,7.6%,2023
Unsure,All Schools,skipschool_worriesschool,worries about schoolwork,Yes,15,105,14.3%,6.7%,27.8%,7.6%,13.5%,2023
Unsure,All Schools,sleep_falling,had problems falling asleep,No,105,105,100.0%,91.7%,100.0%,8.3%,0.0%,2023
Unsure,All Schools,sleep_none,had no problems with sleep,No,105,105,100.0%,91.7%,100.0%,8.3%,0.0%,2023
Unsure,All Schools,sleep_wakingearly,had problems waking up early,No,105,105,100.0%,91.7%,100.0%,8.3%,0.0%,2023
Unsure,All Schools,sleep_wakingnight,had problems waking up at night,No,105,105,100.0%,91.7%,100.0%,8.3%,0.0%,2023
Unsure,All Schools,solvents_exp,solvents as drugs,No,105,110,95.5%,84.9%,98.7%,10.5%,3.3%,2023
Unsure,All Schools,solvents_exp,solvents as drugs,Yes,5,110,4.5%,1.3%,15.1%,3.3%,10.5%,2023
Unsure,All Schools,solvents_offered,solvents as drugs,No,100,105,95.2%,84.3%,98.7%,11.0%,3.4%,2023
Unsure,All Schools,solvents_offered,solvents as drugs,Yes,5,105,4.8%,1.3%,15.7%,3.4%,11.0%,2023
Unsure,All Schools,std_chlamydia,chlamydia,I have heard of it but know nothing about it,45,100,45.0%,30.7%,60.1%,14.3%,15.1%,2023
Unsure,All Schools,std_chlamydia,chlamydia,I have never heard of it,25,100,25.0%,14.2%,40.1%,10.8%,15.1%,2023
Unsure,All Schools,std_chlamydia,chlamydia,It can be both treated and cured,20,100,20.0%,10.5%,34.7%,9.5%,14.7%,2023
Unsure,All Schools,std_chlamydia,chlamydia,It can be treated but not cured,10,100,10.0%,4.0%,23.0%,6.0%,13.0%,2023
Unsure,All Schools,std_gono,gonorrhoea,I have heard of it but know nothing about it,45,100,45.0%,30.7%,60.1%,14.3%,15.1%,2023
Unsure,All Schools,std_gono,gonorrhoea,I have never heard of it,25,100,25.0%,14.2%,40.1%,10.8%,15.1%,2023
Unsure,All Schools,std_gono,gonorrhoea,It can be both treated and cured,25,100,25.0%,14.2%,40.1%,10.8%,15.1%,2023
Unsure,All Schools,std_gono,gonorrhoea,It can be treated but not cured,5,100,5.0%,1.4%,16.5%,3.6%,11.5%,2023
Unsure,All Schools,std_hiv,HIV,I have heard of it but know nothing about it,40,105,38.1%,25.0%,53.1%,13.1%,15.0%,2023
Unsure,All Schools,std_hiv,HIV,I have never heard of it,15,105,14.3%,6.7%,27.8%,7.6%,13.5%,2023
Unsure,All Schools,std_hiv,HIV,It can be both treated and cured,10,105,9.5%,3.8%,22.0%,5.7%,12.5%,2023
Unsure,All Schools,std_hiv,HIV,It can be treated but not cured,40,105,38.1%,25.0%,53.1%,13.1%,15.0%,2023
Unsure,All Schools,std_syphilis,syphilis,I have heard of it but know nothing about it,40,100,40.0%,26.4%,55.4%,13.6%,15.4%,2023
Unsure,All Schools,std_syphilis,syphilis,I have never heard of it,35,100,35.0%,22.2%,50.5%,12.8%,15.5%,2023
Unsure,All Schools,std_syphilis,syphilis,It can be both treated and cured,20,100,20.0%,10.5%,34.7%,9.5%,14.7%,2023
Unsure,All Schools,std_syphilis,syphilis,It can be treated but not cured,5,100,5.0%,1.4%,16.5%,3.6%,11.5%,2023
Unsure,All Schools,steroids_exp,muscle-building steroids,No,105,105,100.0%,91.7%,100.0%,8.3%,0.0%,2023
Unsure,All Schools,steroids_exp,muscle-building steroids,Yes,0,105,0.0%,0.0%,8.3%,0.0%,8.3%,2023
Unsure,All Schools,steroids_offered,muscle-building steroids,No,100,105,95.2%,84.3%,98.7%,11.0%,3.4%,2023
Unsure,All Schools,steroids_offered,muscle-building steroids,Yes,5,105,4.8%,1.3%,15.7%,3.4%,11.0%,2023
Unsure,All Schools,survey_year,NA,2023,105,105,100.0%,91.7%,100.0%,8.3%,0.0%,2023
Unsure,All Schools,vape_reduce,they want to reduce or stop vaping,I'd like to reduce the amount I vape but not stop,0,10,0.0%,0.0%,48.8%,0.0%,48.8%,2023
Unsure,All Schools,vape_reduce,they want to reduce or stop vaping,"No, I want to keep vaping",10,10,100.0%,51.2%,100.0%,48.8%,0.0%,2023
Unsure,All Schools,vape_reduce,they want to reduce or stop vaping,"Yes, I'd like to stop vaping",0,10,0.0%,0.0%,48.8%,0.0%,48.8%,2023
Unsure,All Schools,vape_worry,were worried about vaping,Not at all worried,10,15,66.7%,30.1%,90.3%,36.6%,23.6%,2023
Unsure,All Schools,vape_worry,were worried about vaping,Not very worried,5,15,33.3%,9.7%,69.9%,23.6%,36.6%,2023
Unsure,All Schools,vape_worry,were worried about vaping,Prefer not to say,0,15,0.0%,0.0%,38.9%,0.0%,38.9%,2023
Unsure,All Schools,vaping,the statement that best describes them regarding vaping/e-cigarettes,I have never vaped,80,110,72.7%,58.2%,83.6%,14.5%,10.9%,2023
Unsure,All Schools,vaping,the statement that best describes them regarding vaping/e-cigarettes,I have vaped once or twice,10,110,9.1%,3.6%,21.1%,5.5%,12.0%,2023
Unsure,All Schools,vaping,the statement that best describes them regarding vaping/e-cigarettes,"I used to vape, but I don’t now",5,110,4.5%,1.3%,15.1%,3.3%,10.5%,2023
Unsure,All Schools,vaping,the statement that best describes them regarding vaping/e-cigarettes,I vape occasionally (less than once a week),5,110,4.5%,1.3%,15.1%,3.3%,10.5%,2023
Unsure,All Schools,vaping,the statement that best describes them regarding vaping/e-cigarettes,I vape regularly (once a week or more),10,110,9.1%,3.6%,21.1%,5.5%,12.0%,2023
Unsure,All Schools,views_listened_school,feels that their views are listened to at school,No,45,110,40.9%,27.7%,55.6%,13.2%,14.6%,2023
Unsure,All Schools,views_listened_school,feels that their views are listened to at school,Sometimes,55,110,50.0%,35.9%,64.1%,14.1%,14.1%,2023
Unsure,All Schools,views_listened_school,feels that their views are listened to at school,Yes,10,110,9.1%,3.6%,21.1%,5.5%,12.0%,2023
Unsure,All Schools,violence_involved,have been involved in a violent incident in the past year,No,70,110,63.6%,48.9%,76.2%,14.7%,12.6%,2023
Unsure,All Schools,violence_involved,have been involved in a violent incident in the past year,Prefer not to say,10,110,9.1%,3.6%,21.1%,5.5%,12.0%,2023
Unsure,All Schools,violence_involved,have been involved in a violent incident in the past year,"Yes, I was the victim",15,110,13.6%,6.4%,26.7%,7.2%,13.0%,2023
Unsure,All Schools,violence_involved,have been involved in a violent incident in the past year,"Yes, but I wasn't the victim",15,110,13.6%,6.4%,26.7%,7.2%,13.0%,2023
Unsure,All Schools,violence_weapon_involved,have been involved in a violent incident where a weapon was used or threatened in the past year,No,80,105,76.2%,61.5%,86.5%,14.7%,10.3%,2023
Unsure,All Schools,violence_weapon_involved,have been involved in a violent incident where a weapon was used or threatened in the past year,Prefer not to say,10,105,9.5%,3.8%,22.0%,5.7%,12.5%,2023
Unsure,All Schools,violence_weapon_involved,have been involved in a violent incident where a weapon was used or threatened in the past year,"Yes, I was the victim",10,105,9.5%,3.8%,22.0%,5.7%,12.5%,2023
Unsure,All Schools,violence_weapon_involved,have been involved in a violent incident where a weapon was used or threatened in the past year,"Yes, but I wasn't the victim",5,105,4.8%,1.3%,15.7%,3.4%,11.0%,2023
Unsure,All Schools,worry_bully,bullying,No,75,105,71.4%,56.5%,82.8%,15.0%,11.4%,2023
Unsure,All Schools,worry_bully,bullying,Yes,30,105,28.6%,17.2%,43.5%,11.4%,15.0%,2023
Unsure,All Schools,worry_crime,local crime,No,85,105,81.0%,66.7%,90.0%,14.2%,9.0%,2023
Unsure,All Schools,worry_crime,local crime,Yes,20,105,19.0%,10.0%,33.3%,9.0%,14.2%,2023
Unsure,All Schools,worry_drugsalcohol,drugs/alcohol,No,90,110,81.8%,68.1%,90.5%,13.7%,8.7%,2023
Unsure,All Schools,worry_drugsalcohol,drugs/alcohol,Yes,20,110,18.2%,9.5%,31.9%,8.7%,13.7%,2023
Unsure,All Schools,worry_environment,the environment,No,75,105,71.4%,56.5%,82.8%,15.0%,11.4%,2023
Unsure,All Schools,worry_environment,the environment,Yes,30,105,28.6%,17.2%,43.5%,11.4%,15.0%,2023
Unsure,All Schools,worry_family,family problems,No,75,110,68.2%,53.5%,80.0%,14.7%,11.8%,2023
Unsure,All Schools,worry_family,family problems,Yes,35,110,31.8%,20.0%,46.5%,11.8%,14.7%,2023
Unsure,All Schools,worry_friends,issues with friends,No,65,110,59.1%,44.4%,72.3%,14.6%,13.2%,2023
Unsure,All Schools,worry_friends,issues with friends,Yes,45,110,40.9%,27.7%,55.6%,13.2%,14.6%,2023
Unsure,All Schools,worry_future,future prospects,No,45,110,40.9%,27.7%,55.6%,13.2%,14.6%,2023
Unsure,All Schools,worry_future,future prospects,Yes,65,110,59.1%,44.4%,72.3%,14.6%,13.2%,2023
Unsure,All Schools,worry_gambling,gambling,No,95,105,90.5%,78.0%,96.2%,12.5%,5.7%,2023
Unsure,All Schools,worry_gambling,gambling,Yes,10,105,9.5%,3.8%,22.0%,5.7%,12.5%,2023
Unsure,All Schools,worry_incrime,getting involved in crime,No,90,105,85.7%,72.2%,93.3%,13.5%,7.6%,2023
Unsure,All Schools,worry_incrime,getting involved in crime,Yes,15,105,14.3%,6.7%,27.8%,7.6%,13.5%,2023
Unsure,All Schools,worry_lgbt,sexual orientation/identity,No,45,105,42.9%,29.2%,57.8%,13.7%,14.9%,2023
Unsure,All Schools,worry_lgbt,sexual orientation/identity,Yes,60,105,57.1%,42.2%,70.8%,14.9%,13.7%,2023
Unsure,All Schools,worry_lonely,feeling lonely,No,50,105,47.6%,33.4%,62.2%,14.2%,14.6%,2023
Unsure,All Schools,worry_lonely,feeling lonely,Yes,55,105,52.4%,37.8%,66.6%,14.6%,14.2%,2023
Unsure,All Schools,worry_look,their appearance,No,45,110,40.9%,27.7%,55.6%,13.2%,14.6%,2023
Unsure,All Schools,worry_look,their appearance,Yes,65,110,59.1%,44.4%,72.3%,14.6%,13.2%,2023
Unsure,All Schools,worry_mental,their mental health,No,45,105,42.9%,29.2%,57.8%,13.7%,14.9%,2023
Unsure,All Schools,worry_mental,their mental health,Yes,60,105,57.1%,42.2%,70.8%,14.9%,13.7%,2023
Unsure,All Schools,worry_money,money problems (including family finances),No,70,105,66.7%,51.6%,79.0%,15.1%,12.3%,2023
Unsure,All Schools,worry_money,money problems (including family finances),Yes,35,105,33.3%,21.0%,48.4%,12.3%,15.1%,2023
Unsure,All Schools,worry_phys,their physical health,No,70,110,63.6%,48.9%,76.2%,14.7%,12.6%,2023
Unsure,All Schools,worry_phys,their physical health,Yes,40,110,36.4%,23.8%,51.1%,12.6%,14.7%,2023
Unsure,All Schools,worry_racism,racism,No,80,105,76.2%,61.5%,86.5%,14.7%,10.3%,2023
Unsure,All Schools,worry_racism,racism,Yes,25,105,23.8%,13.5%,38.5%,10.3%,14.7%,2023
Unsure,All Schools,worry_relationships,relationships/sexual health,No,75,110,68.2%,53.5%,80.0%,14.7%,11.8%,2023
Unsure,All Schools,worry_relationships,relationships/sexual health,Yes,35,110,31.8%,20.0%,46.5%,11.8%,14.7%,2023
Unsure,All Schools,worry_school,schoolwork,No,45,105,42.9%,29.2%,57.8%,13.7%,14.9%,2023
Unsure,All Schools,worry_school,schoolwork,Yes,60,105,57.1%,42.2%,70.8%,14.9%,13.7%,2023
Unsure,All Schools,worry_socialmedia,social media,No,85,110,77.3%,63.1%,87.1%,14.2%,9.9%,2023
Unsure,All Schools,worry_socialmedia,social media,Yes,25,110,22.7%,12.9%,36.9%,9.9%,14.2%,2023
Unsure,All Schools,worry_treatboys,how women treat/speak to boys,No,85,105,81.0%,66.7%,90.0%,14.2%,9.0%,2023
Unsure,All Schools,worry_treatboys,how women treat/speak to boys,Yes,20,105,19.0%,10.0%,33.3%,9.0%,14.2%,2023
Unsure,All Schools,worry_treatgirls,how men treat/speak to girls,No,65,110,59.1%,44.4%,72.3%,14.6%,13.2%,2023
Unsure,All Schools,worry_treatgirls,how men treat/speak to girls,Yes,45,110,40.9%,27.7%,55.6%,13.2%,14.6%,2023
Unsure,All Schools,worry_violenceboys,harrassment/violence against boys,No,90,105,85.7%,72.2%,93.3%,13.5%,7.6%,2023
Unsure,All Schools,worry_violenceboys,harrassment/violence against boys,Yes,15,105,14.3%,6.7%,27.8%,7.6%,13.5%,2023
Unsure,All Schools,worry_violencegirls,harrassment/violence against girls,No,70,105,66.7%,51.6%,79.0%,15.1%,12.3%,2023
Unsure,All Schools,worry_violencegirls,harrassment/violence against girls,Yes,35,105,33.3%,21.0%,48.4%,12.3%,15.1%,2023
Unsure,All Schools,xanex_exp,Xanax,No,105,105,100.0%,91.7%,100.0%,8.3%,0.0%,2023
Unsure,All Schools,xanex_exp,Xanax,Yes,0,105,0.0%,0.0%,8.3%,0.0%,8.3%,2023
Unsure,All Schools,xanex_offered,Xanax,No,100,105,95.2%,84.3%,98.7%,11.0%,3.4%,2023
Unsure,All Schools,xanex_offered,Xanax,Yes,5,105,4.8%,1.3%,15.7%,3.4%,11.0%,2023
