year,breakdown,school,question,question_text,response,count,denominator,value,lowercl,uppercl,lowereb,uppereb
2022,All Responses,All Schools,District,District,Broxbourne,255,11160,2.3%,1.9%,2.8%,0.4%,0.5%
2022,All Responses,All Schools,District,District,Dacorum,860,11160,7.7%,7.0%,8.5%,0.7%,0.8%
2022,All Responses,All Schools,District,District,East Hertfordshire,650,11160,5.8%,5.2%,6.5%,0.6%,0.7%
2022,All Responses,All Schools,District,District,Hertsmere,825,11160,7.4%,6.7%,8.2%,0.7%,0.8%
2022,All Responses,All Schools,District,District,North Hertfordshire,850,11160,7.6%,6.9%,8.4%,0.7%,0.8%
2022,All Responses,All Schools,District,District,Outside of Hertfordshire,565,11160,5.1%,4.5%,5.7%,0.6%,0.7%
2022,All Responses,All Schools,District,District,Prefer not to say / Unknown,685,11160,6.1%,5.5%,6.9%,0.7%,0.7%
2022,All Responses,All Schools,District,District,St Albans,2875,11160,25.8%,24.5%,27.1%,1.3%,1.3%
2022,All Responses,All Schools,District,District,Stevenage,270,11160,2.4%,2.0%,2.9%,0.4%,0.5%
2022,All Responses,All Schools,District,District,Three Rivers,1155,11160,10.3%,9.5%,11.3%,0.9%,0.9%
2022,All Responses,All Schools,District,District,Watford,1130,11160,10.1%,9.3%,11.0%,0.8%,0.9%
2022,All Responses,All Schools,District,District,Welwyn Hatfield,1040,11160,9.3%,8.5%,10.2%,0.8%,0.9%
2022,All Responses,All Schools,District_school,NA,Broxbourne,300,11125,2.7%,2.3%,3.2%,0.4%,0.5%
2022,All Responses,All Schools,District_school,NA,Dacorum,730,11125,6.6%,5.9%,7.3%,0.7%,0.8%
2022,All Responses,All Schools,District_school,NA,East Hertfordshire,785,11125,7.1%,6.3%,7.8%,0.7%,0.8%
2022,All Responses,All Schools,District_school,NA,Hertsmere,995,11125,8.9%,8.1%,9.8%,0.8%,0.9%
2022,All Responses,All Schools,District_school,NA,North Hertfordshire,785,11125,7.1%,6.3%,7.8%,0.7%,0.8%
2022,All Responses,All Schools,District_school,NA,Outside of Hertfordshire,15,11125,0.1%,0.1%,0.3%,0.1%,0.2%
2022,All Responses,All Schools,District_school,NA,St Albans,3090,11125,27.8%,26.5%,29.1%,1.3%,1.3%
2022,All Responses,All Schools,District_school,NA,Stevenage,210,11125,1.9%,1.5%,2.3%,0.4%,0.4%
2022,All Responses,All Schools,District_school,NA,Three Rivers,2950,11125,26.5%,25.2%,27.8%,1.3%,1.3%
2022,All Responses,All Schools,District_school,NA,Watford,220,11125,2.0%,1.6%,2.4%,0.4%,0.5%
2022,All Responses,All Schools,District_school,NA,Welwyn Hatfield,1045,11125,9.4%,8.6%,10.3%,0.8%,0.9%
2022,All Responses,All Schools,Q8978241.18,NA,No,11150,11150,100.0%,99.9%,100.0%,0.1%,0.0%
2022,All Responses,All Schools,age,Age,10,5,11155,0.0%,0.0%,0.2%,0.0%,0.1%
2022,All Responses,All Schools,age,Age,11,1515,11155,13.6%,12.6%,14.6%,1.0%,1.0%
2022,All Responses,All Schools,age,Age,12,2350,11155,21.1%,19.9%,22.3%,1.2%,1.2%
2022,All Responses,All Schools,age,Age,13,2010,11155,18.0%,16.9%,19.2%,1.1%,1.2%
2022,All Responses,All Schools,age,Age,14,1875,11155,16.8%,15.7%,17.9%,1.1%,1.1%
2022,All Responses,All Schools,age,Age,15,1285,11155,11.5%,10.6%,12.5%,0.9%,1.0%
2022,All Responses,All Schools,age,Age,16,995,11155,8.9%,8.1%,9.8%,0.8%,0.9%
2022,All Responses,All Schools,age,Age,17,895,11155,8.0%,7.3%,8.9%,0.8%,0.8%
2022,All Responses,All Schools,age,Age,18,220,11155,2.0%,1.6%,2.4%,0.4%,0.4%
2022,All Responses,All Schools,age,Age,19,5,11155,0.0%,0.0%,0.2%,0.0%,0.1%
2022,All Responses,All Schools,alcohol_6more,how often they have six or more drinks on one occasion,Daily or almost daily,60,2995,2.0%,1.4%,3.0%,0.7%,1.0%
2022,All Responses,All Schools,alcohol_6more,how often they have six or more drinks on one occasion,Less than monthly,850,2995,28.4%,25.9%,31.0%,2.5%,2.6%
2022,All Responses,All Schools,alcohol_6more,how often they have six or more drinks on one occasion,Monthly,405,2995,13.5%,11.7%,15.6%,1.8%,2.0%
2022,All Responses,All Schools,alcohol_6more,how often they have six or more drinks on one occasion,Never,1565,2995,52.3%,49.4%,55.1%,2.8%,2.8%
2022,All Responses,All Schools,alcohol_6more,how often they have six or more drinks on one occasion,Weekly,115,2995,3.8%,2.9%,5.1%,0.9%,1.2%
2022,All Responses,All Schools,alcohol_ever,how often they had an alcohol-containing drink in the past three months,2-3 times a week,235,11060,2.1%,1.7%,2.6%,0.4%,0.5%
2022,All Responses,All Schools,alcohol_ever,how often they had an alcohol-containing drink in the past three months,2-4 times a month,1115,11060,10.1%,9.2%,11.0%,0.9%,0.9%
2022,All Responses,All Schools,alcohol_ever,how often they had an alcohol-containing drink in the past three months,4 or more times a week,110,11060,1.0%,0.7%,1.3%,0.3%,0.3%
2022,All Responses,All Schools,alcohol_ever,how often they had an alcohol-containing drink in the past three months,Monthly or less,1565,11060,14.2%,13.2%,15.2%,1.0%,1.1%
2022,All Responses,All Schools,alcohol_ever,how often they had an alcohol-containing drink in the past three months,Never,8035,11060,72.6%,71.3%,73.9%,1.3%,1.3%
2022,All Responses,All Schools,alcohol_reduce,want to reduce or stop drinking,I'd like to reduce the amount I drink but not stop,615,2780,22.1%,19.8%,24.6%,2.3%,2.5%
2022,All Responses,All Schools,alcohol_reduce,want to reduce or stop drinking,"No, I want to keep drinking alcohol",1800,2780,64.7%,61.9%,67.5%,2.8%,2.7%
2022,All Responses,All Schools,alcohol_reduce,want to reduce or stop drinking,"Yes, I'd like to stop drinking alcohol",365,2780,13.1%,11.3%,15.2%,1.9%,2.1%
2022,All Responses,All Schools,amphetamine_offered,amphetamines,No,11150,11150,100.0%,99.9%,100.0%,0.1%,0.0%
2022,All Responses,All Schools,amphetamines_exp,amphetamines,No,810,870,93.1%,90.0%,95.3%,3.1%,2.2%
2022,All Responses,All Schools,amphetamines_exp,amphetamines,Yes,60,870,6.9%,4.7%,10.0%,2.2%,3.1%
2022,All Responses,All Schools,approached_anonymous_report,reported the crime anonymously,No,11150,11150,100.0%,99.9%,100.0%,0.1%,0.0%
2022,All Responses,All Schools,approached_argue,argued or fought back,No,11150,11150,100.0%,99.9%,100.0%,0.1%,0.0%
2022,All Responses,All Schools,approached_other,other,No,11150,11150,100.0%,99.9%,100.0%,0.1%,0.0%
2022,All Responses,All Schools,approached_toldadult,told an adult,No,11150,11150,100.0%,99.9%,100.0%,0.1%,0.0%
2022,All Responses,All Schools,approached_toldfriend,told a friend,No,11150,11150,100.0%,99.9%,100.0%,0.1%,0.0%
2022,All Responses,All Schools,approached_toldpolice,told the police,No,11150,11150,100.0%,99.9%,100.0%,0.1%,0.0%
2022,All Responses,All Schools,approached_toldself,kept it to themselves,No,11150,11150,100.0%,99.9%,100.0%,0.1%,0.0%
2022,All Responses,All Schools,approached_walkaway,walked away,No,11150,11150,100.0%,99.9%,100.0%,0.1%,0.0%
2022,All Responses,All Schools,brushteeth,how many times they brushed their teeth yesterday,0,240,11080,2.2%,1.8%,2.6%,0.4%,0.5%
2022,All Responses,All Schools,brushteeth,how many times they brushed their teeth yesterday,1,1940,11080,17.5%,16.4%,18.7%,1.1%,1.1%
2022,All Responses,All Schools,brushteeth,how many times they brushed their teeth yesterday,2 or more,8900,11080,80.3%,79.1%,81.5%,1.2%,1.1%
2022,All Responses,All Schools,bullied,have ever been bullied or picked on,No,6585,11150,59.1%,57.6%,60.5%,1.4%,1.4%
2022,All Responses,All Schools,bullied,have ever been bullied or picked on,Yes,4565,11150,40.9%,39.5%,42.4%,1.4%,1.4%
2022,All Responses,All Schools,bullied_currently,are currently being bullied or picked on,No,3395,4545,74.7%,72.7%,76.6%,2.0%,1.9%
2022,All Responses,All Schools,bullied_currently,are currently being bullied or picked on,Prefer not to say,555,4545,12.2%,10.8%,13.8%,1.4%,1.6%
2022,All Responses,All Schools,bullied_currently,are currently being bullied or picked on,Yes,595,4545,13.1%,11.6%,14.7%,1.5%,1.6%
2022,All Responses,All Schools,bullied_internet,they have been bullied online,No,3790,4565,83.0%,81.2%,84.7%,1.8%,1.6%
2022,All Responses,All Schools,bullied_internet,they have been bullied online,Yes,775,4565,17.0%,15.3%,18.8%,1.6%,1.8%
2022,All Responses,All Schools,bullied_none,have no experiences with bullying,No,5960,11150,53.5%,52.0%,54.9%,1.5%,1.5%
2022,All Responses,All Schools,bullied_none,have no experiences with bullying,Yes,5190,11150,46.5%,45.1%,48.0%,1.5%,1.5%
2022,All Responses,All Schools,bullied_others,have ever bullied or picked on someone else,No,10230,11150,91.7%,90.9%,92.5%,0.8%,0.8%
2022,All Responses,All Schools,bullied_others,have ever bullied or picked on someone else,Yes,920,11150,8.3%,7.5%,9.1%,0.8%,0.8%
2022,All Responses,All Schools,bullied_outschool,they have been bullied somewhere other than school,No,3735,4565,81.8%,80.0%,83.5%,1.8%,1.7%
2022,All Responses,All Schools,bullied_outschool,they have been bullied somewhere other than school,Yes,830,4565,18.2%,16.5%,20.0%,1.7%,1.8%
2022,All Responses,All Schools,bullied_prefer_not_say,would prefer not to respond about their experiences with bullying,No,10185,11150,91.3%,90.5%,92.1%,0.9%,0.8%
2022,All Responses,All Schools,bullied_prefer_not_say,would prefer not to respond about their experiences with bullying,Yes,965,11150,8.7%,7.9%,9.5%,0.8%,0.9%
2022,All Responses,All Schools,bullied_school,they have been bullied at school,No,395,4565,8.7%,7.5%,10.0%,1.2%,1.4%
2022,All Responses,All Schools,bullied_school,they have been bullied at school,Yes,4170,4565,91.3%,90.0%,92.5%,1.4%,1.2%
2022,All Responses,All Schools,buyalc_friend,from a friend or relative,No,1715,3115,55.1%,52.3%,57.8%,2.8%,2.7%
2022,All Responses,All Schools,buyalc_friend,from a friend or relative,Yes,1400,3115,44.9%,42.2%,47.7%,2.7%,2.8%
2022,All Responses,All Schools,buyalc_home,from home,No,1635,3120,52.4%,49.6%,55.2%,2.8%,2.8%
2022,All Responses,All Schools,buyalc_home,from home,Yes,1485,3120,47.6%,44.8%,50.4%,2.8%,2.8%
2022,All Responses,All Schools,buyalc_internet,from the internet,No,3055,3115,98.1%,97.2%,98.7%,0.9%,0.6%
2022,All Responses,All Schools,buyalc_internet,from the internet,Yes,60,3115,1.9%,1.3%,2.8%,0.6%,0.9%
2022,All Responses,All Schools,buyalc_pubbar,from a pub/bar,No,2775,3115,89.1%,87.2%,90.7%,1.8%,1.6%
2022,All Responses,All Schools,buyalc_pubbar,from a pub/bar,Yes,340,3115,10.9%,9.3%,12.8%,1.6%,1.8%
2022,All Responses,All Schools,buyalc_smallshop,from a small shop/off-licence,No,2630,3115,84.4%,82.3%,86.3%,2.1%,1.9%
2022,All Responses,All Schools,buyalc_smallshop,from a small shop/off-licence,Yes,485,3115,15.6%,13.7%,17.7%,1.9%,2.1%
2022,All Responses,All Schools,buyalc_supermarket,from a supermarket,No,2775,3115,89.1%,87.2%,90.7%,1.8%,1.6%
2022,All Responses,All Schools,buyalc_supermarket,from a supermarket,Yes,340,3115,10.9%,9.3%,12.8%,1.6%,1.8%
2022,All Responses,All Schools,buycig_friend,from a friend or relative,No,350,490,71.4%,64.8%,77.3%,6.7%,5.8%
2022,All Responses,All Schools,buycig_friend,from a friend or relative,Yes,140,490,28.6%,22.7%,35.2%,5.8%,6.7%
2022,All Responses,All Schools,buycig_internet,from the internet,No,455,490,92.9%,88.4%,95.7%,4.5%,2.8%
2022,All Responses,All Schools,buycig_internet,from the internet,Yes,35,490,7.1%,4.3%,11.6%,2.8%,4.5%
2022,All Responses,All Schools,buycig_pubbar,from a pub/bar,No,450,490,91.8%,87.2%,94.9%,4.7%,3.1%
2022,All Responses,All Schools,buycig_pubbar,from a pub/bar,Yes,40,490,8.2%,5.1%,12.8%,3.1%,4.7%
2022,All Responses,All Schools,buycig_smallshop,from a small shop/off-licence,No,335,490,68.4%,61.6%,74.5%,6.8%,6.1%
2022,All Responses,All Schools,buycig_smallshop,from a small shop/off-licence,Yes,155,490,31.6%,25.5%,38.4%,6.1%,6.8%
2022,All Responses,All Schools,buycig_supermarker,from a supermarket,No,440,490,89.8%,84.8%,93.3%,5.0%,3.5%
2022,All Responses,All Schools,buycig_supermarker,from a supermarket,Yes,50,490,10.2%,6.7%,15.2%,3.5%,5.0%
2022,All Responses,All Schools,buydrug_bar,pubs/bars/clubs,No,845,875,96.6%,94.1%,98.0%,2.5%,1.5%
2022,All Responses,All Schools,buydrug_bar,pubs/bars/clubs,Yes,30,875,3.4%,2.0%,5.9%,1.5%,2.5%
2022,All Responses,All Schools,buydrug_friend,friend or relative,No,525,870,60.3%,55.1%,65.3%,5.2%,5.0%
2022,All Responses,All Schools,buydrug_friend,friend or relative,Yes,345,870,39.7%,34.7%,44.9%,5.0%,5.2%
2022,All Responses,All Schools,buydrug_internet,the internet,No,840,875,96.0%,93.4%,97.6%,2.6%,1.6%
2022,All Responses,All Schools,buydrug_internet,the internet,Yes,35,875,4.0%,2.4%,6.6%,1.6%,2.6%
2022,All Responses,All Schools,buydrug_other,other sources,No,740,875,84.6%,80.4%,88.0%,4.1%,3.4%
2022,All Responses,All Schools,buydrug_other,other sources,Yes,135,875,15.4%,12.0%,19.6%,3.4%,4.1%
2022,All Responses,All Schools,buydrug_school,school,No,840,870,96.6%,94.1%,98.0%,2.5%,1.5%
2022,All Responses,All Schools,buydrug_school,school,Yes,30,870,3.4%,2.0%,5.9%,1.5%,2.5%
2022,All Responses,All Schools,buydrug_streets,on the street,No,745,875,85.1%,81.0%,88.5%,4.1%,3.3%
2022,All Responses,All Schools,buydrug_streets,on the street,Yes,130,875,14.9%,11.5%,19.0%,3.3%,4.1%
2022,All Responses,All Schools,cannabis_exp,cannabis,No,405,870,46.6%,41.4%,51.8%,5.2%,5.2%
2022,All Responses,All Schools,cannabis_exp,cannabis,Yes,465,870,53.4%,48.2%,58.6%,5.2%,5.2%
2022,All Responses,All Schools,cannabis_offered,cannabis,No,11150,11150,100.0%,99.9%,100.0%,0.1%,0.0%
2022,All Responses,All Schools,caring,"help to look after a family member with a serious, mental or physical, illness or disability",No,9215,11000,83.8%,82.7%,84.8%,1.1%,1.1%
2022,All Responses,All Schools,caring,"help to look after a family member with a serious, mental or physical, illness or disability",Prefer not to say,695,11000,6.3%,5.6%,7.1%,0.7%,0.8%
2022,All Responses,All Schools,caring,"help to look after a family member with a serious, mental or physical, illness or disability",Yes,1090,11000,9.9%,9.1%,10.8%,0.8%,0.9%
2022,All Responses,All Schools,carry_protection,carry weapons for protection when going out,Always,105,10905,1.0%,0.7%,1.3%,0.2%,0.3%
2022,All Responses,All Schools,carry_protection,carry weapons for protection when going out,Never,10180,10905,93.4%,92.6%,94.1%,0.8%,0.7%
2022,All Responses,All Schools,carry_protection,carry weapons for protection when going out,Prefer not to say,245,10905,2.2%,1.8%,2.7%,0.4%,0.5%
2022,All Responses,All Schools,carry_protection,carry weapons for protection when going out,Sometimes,310,10905,2.8%,2.4%,3.4%,0.5%,0.5%
2022,All Responses,All Schools,carry_protection,carry weapons for protection when going out,Usually,65,10905,0.6%,0.4%,0.9%,0.2%,0.3%
2022,All Responses,All Schools,carry_protection_other,know anyone who carries a weapons for protection when going out,Don't know,2025,10780,18.8%,17.7%,20.0%,1.1%,1.2%
2022,All Responses,All Schools,carry_protection_other,know anyone who carries a weapons for protection when going out,No,7540,10780,69.9%,68.6%,71.3%,1.4%,1.3%
2022,All Responses,All Schools,carry_protection_other,know anyone who carries a weapons for protection when going out,Prefer not to say,345,10780,3.2%,2.7%,3.8%,0.5%,0.6%
2022,All Responses,All Schools,carry_protection_other,know anyone who carries a weapons for protection when going out,Yes,870,10780,8.1%,7.3%,8.9%,0.8%,0.8%
2022,All Responses,All Schools,cla,child looked after (lived with foster carers/care home),No,10520,10995,95.7%,95.0%,96.2%,0.6%,0.6%
2022,All Responses,All Schools,cla,child looked after (lived with foster carers/care home),Prefer not to say,220,10995,2.0%,1.6%,2.5%,0.4%,0.5%
2022,All Responses,All Schools,cla,child looked after (lived with foster carers/care home),Yes,255,10995,2.3%,1.9%,2.8%,0.4%,0.5%
2022,All Responses,All Schools,clubs_arts,an arts and crafts group,Currently attending,690,9265,7.4%,6.6%,8.3%,0.8%,0.9%
2022,All Responses,All Schools,clubs_arts,an arts and crafts group,Don't want to attend,6865,9265,74.1%,72.7%,75.5%,1.4%,1.4%
2022,All Responses,All Schools,clubs_arts,an arts and crafts group,Would like to attend,1710,9265,18.5%,17.2%,19.7%,1.2%,1.3%
2022,All Responses,All Schools,clubs_doe,Duke of Edinburgh,Currently attending,1775,9350,19.0%,17.8%,20.3%,1.2%,1.3%
2022,All Responses,All Schools,clubs_doe,Duke of Edinburgh,Don't want to attend,5435,9350,58.1%,56.5%,59.7%,1.6%,1.6%
2022,All Responses,All Schools,clubs_doe,Duke of Edinburgh,Would like to attend,2140,9350,22.9%,21.6%,24.3%,1.3%,1.4%
2022,All Responses,All Schools,clubs_music,a music club/group,Currently attending,1910,9420,20.3%,19.0%,21.6%,1.2%,1.3%
2022,All Responses,All Schools,clubs_music,a music club/group,Don't want to attend,6255,9420,66.4%,64.9%,67.9%,1.5%,1.5%
2022,All Responses,All Schools,clubs_music,a music club/group,Would like to attend,1255,9420,13.3%,12.3%,14.4%,1.0%,1.1%
2022,All Responses,All Schools,clubs_other,other group,Currently attending,1515,7615,19.9%,18.5%,21.3%,1.4%,1.5%
2022,All Responses,All Schools,clubs_other,other group,Don't want to attend,5190,7615,68.2%,66.5%,69.8%,1.7%,1.6%
2022,All Responses,All Schools,clubs_other,other group,Would like to attend,910,7615,12.0%,10.8%,13.1%,1.1%,1.2%
2022,All Responses,All Schools,clubs_perform,a drama/performing arts/dance group,Currently attending,1770,9410,18.8%,17.6%,20.1%,1.2%,1.3%
2022,All Responses,All Schools,clubs_perform,a drama/performing arts/dance group,Don't want to attend,6340,9410,67.4%,65.9%,68.9%,1.5%,1.5%
2022,All Responses,All Schools,clubs_perform,a drama/performing arts/dance group,Would like to attend,1300,9410,13.8%,12.8%,15.0%,1.1%,1.1%
2022,All Responses,All Schools,clubs_religion,a religious group,Currently attending,680,9070,7.5%,6.7%,8.4%,0.8%,0.9%
2022,All Responses,All Schools,clubs_religion,a religious group,Don't want to attend,7995,9070,88.1%,87.1%,89.2%,1.1%,1.0%
2022,All Responses,All Schools,clubs_religion,a religious group,Would like to attend,395,9070,4.4%,3.7%,5.1%,0.6%,0.7%
2022,All Responses,All Schools,clubs_schoolclub,a club/group at school,Currently attending,4040,9575,42.2%,40.6%,43.8%,1.6%,1.6%
2022,All Responses,All Schools,clubs_schoolclub,a club/group at school,Don't want to attend,4590,9575,47.9%,46.4%,49.5%,1.6%,1.6%
2022,All Responses,All Schools,clubs_schoolclub,a club/group at school,Would like to attend,945,9575,9.9%,9.0%,10.9%,0.9%,1.0%
2022,All Responses,All Schools,clubs_sports,a sports group,Currently attending,5595,10065,55.6%,54.1%,57.1%,1.5%,1.5%
2022,All Responses,All Schools,clubs_sports,a sports group,Don't want to attend,2795,10065,27.8%,26.4%,29.2%,1.4%,1.4%
2022,All Responses,All Schools,clubs_sports,a sports group,Would like to attend,1675,10065,16.6%,15.5%,17.8%,1.1%,1.2%
2022,All Responses,All Schools,clubs_syp,Services for Young People,Currently attending,250,9040,2.8%,2.3%,3.4%,0.5%,0.6%
2022,All Responses,All Schools,clubs_syp,Services for Young People,Don't want to attend,8015,9040,88.7%,87.6%,89.7%,1.1%,1.0%
2022,All Responses,All Schools,clubs_syp,Services for Young People,Would like to attend,775,9040,8.6%,7.7%,9.5%,0.9%,1.0%
2022,All Responses,All Schools,clubs_uniformed,uniformed group,Currently attending,1375,9270,14.8%,13.7%,16.0%,1.1%,1.2%
2022,All Responses,All Schools,clubs_uniformed,uniformed group,Don't want to attend,7220,9270,77.9%,76.5%,79.2%,1.4%,1.3%
2022,All Responses,All Schools,clubs_uniformed,uniformed group,Would like to attend,675,9270,7.3%,6.5%,8.2%,0.8%,0.9%
2022,All Responses,All Schools,clubs_volunteering,volunteering/social action group,Currently attending,1255,9195,13.6%,12.6%,14.8%,1.1%,1.1%
2022,All Responses,All Schools,clubs_volunteering,volunteering/social action group,Don't want to attend,6270,9195,68.2%,66.7%,69.7%,1.5%,1.5%
2022,All Responses,All Schools,clubs_volunteering,volunteering/social action group,Would like to attend,1670,9195,18.2%,17.0%,19.4%,1.2%,1.3%
2022,All Responses,All Schools,cocaine_exp,cocaine,No,790,875,90.3%,86.7%,93.0%,3.5%,2.7%
2022,All Responses,All Schools,cocaine_exp,cocaine,Yes,85,875,9.7%,7.0%,13.3%,2.7%,3.5%
2022,All Responses,All Schools,cocaine_offered,cocaine,No,11150,11150,100.0%,99.9%,100.0%,0.1%,0.0%
2022,All Responses,All Schools,condition_adhd,ADHD,No,10420,11155,93.4%,92.6%,94.1%,0.8%,0.7%
2022,All Responses,All Schools,condition_adhd,ADHD,Yes,735,11155,6.6%,5.9%,7.4%,0.7%,0.8%
2022,All Responses,All Schools,condition_autism,autism,No,10635,11150,95.4%,94.7%,96.0%,0.7%,0.6%
2022,All Responses,All Schools,condition_autism,autism,Yes,515,11150,4.6%,4.0%,5.3%,0.6%,0.7%
2022,All Responses,All Schools,condition_disability,physical disability,No,10950,11150,98.2%,97.8%,98.6%,0.4%,0.3%
2022,All Responses,All Schools,condition_disability,physical disability,Yes,200,11150,1.8%,1.4%,2.2%,0.3%,0.4%
2022,All Responses,All Schools,condition_mental,diagnosed mental health condition,No,10040,11155,90.0%,89.1%,90.8%,0.9%,0.8%
2022,All Responses,All Schools,condition_mental,diagnosed mental health condition,Yes,1115,11155,10.0%,9.2%,10.9%,0.8%,0.9%
2022,All Responses,All Schools,condition_physical,physical condition,No,10040,11155,90.0%,89.1%,90.8%,0.9%,0.8%
2022,All Responses,All Schools,condition_physical,physical condition,Yes,1115,11155,10.0%,9.2%,10.9%,0.8%,0.9%
2022,All Responses,All Schools,condition_send,special education need(s) or learning difficulty,No,10535,11150,94.5%,93.8%,95.1%,0.7%,0.6%
2022,All Responses,All Schools,condition_send,special education need(s) or learning difficulty,Yes,615,11150,5.5%,4.9%,6.2%,0.6%,0.7%
2022,All Responses,All Schools,condoms_free,they know where they can get condoms for free,No,2075,4600,45.1%,42.9%,47.4%,2.3%,2.3%
2022,All Responses,All Schools,condoms_free,they know where they can get condoms for free,Not sure,755,4600,16.4%,14.8%,18.2%,1.6%,1.8%
2022,All Responses,All Schools,condoms_free,they know where they can get condoms for free,Yes,1770,4600,38.5%,36.3%,40.7%,2.2%,2.2%
2022,All Responses,All Schools,cope_alcohol,by drinking alcohol,No,10810,11150,97.0%,96.4%,97.4%,0.5%,0.5%
2022,All Responses,All Schools,cope_alcohol,by drinking alcohol,Yes,340,11150,3.0%,2.6%,3.6%,0.5%,0.5%
2022,All Responses,All Schools,cope_counselling,by having counselling,No,10675,11155,95.7%,95.1%,96.3%,0.6%,0.6%
2022,All Responses,All Schools,cope_counselling,by having counselling,Yes,480,11155,4.3%,3.7%,4.9%,0.6%,0.6%
2022,All Responses,All Schools,cope_creative,by doing creative activities,No,8495,11150,76.2%,74.9%,77.4%,1.3%,1.2%
2022,All Responses,All Schools,cope_creative,by doing creative activities,Yes,2655,11150,23.8%,22.6%,25.1%,1.2%,1.3%
2022,All Responses,All Schools,cope_drugs,by doing drugs,No,10955,11150,98.3%,97.8%,98.6%,0.4%,0.3%
2022,All Responses,All Schools,cope_drugs,by doing drugs,Yes,195,11150,1.7%,1.4%,2.2%,0.3%,0.4%
2022,All Responses,All Schools,cope_eat,by eating more,No,9510,11150,85.3%,84.2%,86.3%,1.1%,1.0%
2022,All Responses,All Schools,cope_eat,by eating more,Yes,1640,11150,14.7%,13.7%,15.8%,1.0%,1.1%
2022,All Responses,All Schools,cope_exercise,by exercising,No,7465,11155,66.9%,65.5%,68.3%,1.4%,1.4%
2022,All Responses,All Schools,cope_exercise,by exercising,Yes,3690,11155,33.1%,31.7%,34.5%,1.4%,1.4%
2022,All Responses,All Schools,cope_games,by playing computer games,No,8140,11150,73.0%,71.7%,74.3%,1.3%,1.3%
2022,All Responses,All Schools,cope_games,by playing computer games,Yes,3010,11150,27.0%,25.7%,28.3%,1.3%,1.3%
2022,All Responses,All Schools,cope_internet,by looking for help online,No,10205,11155,91.5%,90.6%,92.3%,0.9%,0.8%
2022,All Responses,All Schools,cope_internet,by looking for help online,Yes,950,11155,8.5%,7.7%,9.4%,0.8%,0.9%
2022,All Responses,All Schools,cope_music,by listening to music,No,4925,11150,44.2%,42.7%,45.6%,1.4%,1.5%
2022,All Responses,All Schools,cope_music,by listening to music,Yes,6225,11150,55.8%,54.4%,57.3%,1.5%,1.4%
2022,All Responses,All Schools,cope_nothing,by doing nothing,No,8500,11150,76.2%,75.0%,77.5%,1.3%,1.2%
2022,All Responses,All Schools,cope_nothing,by doing nothing,Yes,2650,11150,23.8%,22.5%,25.0%,1.2%,1.3%
2022,All Responses,All Schools,cope_other,by other methods,No,10240,11150,91.8%,91.0%,92.6%,0.8%,0.8%
2022,All Responses,All Schools,cope_other,by other methods,Yes,910,11150,8.2%,7.4%,9.0%,0.8%,0.8%
2022,All Responses,All Schools,cope_selfharm,by self-harm,No,10250,11150,91.9%,91.1%,92.7%,0.8%,0.8%
2022,All Responses,All Schools,cope_selfharm,by self-harm,Yes,900,11150,8.1%,7.3%,8.9%,0.8%,0.8%
2022,All Responses,All Schools,cope_smoke,by smoking,No,10955,11150,98.3%,97.8%,98.6%,0.4%,0.3%
2022,All Responses,All Schools,cope_smoke,by smoking,Yes,195,11150,1.7%,1.4%,2.2%,0.3%,0.4%
2022,All Responses,All Schools,cope_talkadult,by talking to an adult that's not their carer,No,9940,11150,89.1%,88.2%,90.0%,0.9%,0.9%
2022,All Responses,All Schools,cope_talkadult,by talking to an adult that's not their carer,Yes,1210,11150,10.9%,10.0%,11.8%,0.9%,0.9%
2022,All Responses,All Schools,cope_talkfamily,by talking to family,No,6910,11150,62.0%,60.5%,63.4%,1.4%,1.4%
2022,All Responses,All Schools,cope_talkfamily,by talking to family,Yes,4240,11150,38.0%,36.6%,39.5%,1.4%,1.4%
2022,All Responses,All Schools,cope_talkfriend,by talking to a friend,No,6305,11150,56.5%,55.1%,58.0%,1.5%,1.4%
2022,All Responses,All Schools,cope_talkfriend,by talking to a friend,Yes,4845,11150,43.5%,42.0%,44.9%,1.4%,1.5%
2022,All Responses,All Schools,cope_think,by thinking of a solution on their own,No,7910,11150,70.9%,69.6%,72.3%,1.3%,1.3%
2022,All Responses,All Schools,cope_think,by thinking of a solution on their own,Yes,3240,11150,29.1%,27.7%,30.4%,1.3%,1.3%
2022,All Responses,All Schools,crack_exp,crack,No,815,875,93.1%,90.0%,95.3%,3.1%,2.2%
2022,All Responses,All Schools,crack_exp,crack,Yes,60,875,6.9%,4.7%,10.0%,2.2%,3.1%
2022,All Responses,All Schools,crack_offered,crack,No,11150,11150,100.0%,99.9%,100.0%,0.1%,0.0%
2022,All Responses,All Schools,dentist,check-up at the dentist within the last year,No,1530,11065,13.8%,12.8%,14.9%,1.0%,1.0%
2022,All Responses,All Schools,dentist,check-up at the dentist within the last year,Yes,9535,11065,86.2%,85.1%,87.2%,1.0%,1.0%
2022,All Responses,All Schools,diet_breakfast,breakfast,2-3 days a week,1305,11020,11.8%,10.9%,12.8%,0.9%,1.0%
2022,All Responses,All Schools,diet_breakfast,breakfast,On most days,7155,11020,64.9%,63.5%,66.3%,1.4%,1.4%
2022,All Responses,All Schools,diet_breakfast,breakfast,Once a week or less,815,11020,7.4%,6.7%,8.2%,0.7%,0.8%
2022,All Responses,All Schools,diet_breakfast,breakfast,Rarely or never,1745,11020,15.8%,14.8%,16.9%,1.0%,1.1%
2022,All Responses,All Schools,diet_energydrinks,energy drinks,2-3 days a week,610,11010,5.5%,4.9%,6.3%,0.6%,0.7%
2022,All Responses,All Schools,diet_energydrinks,energy drinks,On most days,350,11010,3.2%,2.7%,3.7%,0.5%,0.6%
2022,All Responses,All Schools,diet_energydrinks,energy drinks,Once a week or less,1910,11010,17.3%,16.3%,18.5%,1.1%,1.1%
2022,All Responses,All Schools,diet_energydrinks,energy drinks,Rarely or never,8140,11010,73.9%,72.6%,75.2%,1.3%,1.3%
2022,All Responses,All Schools,diet_fastfood,fast food and takeaway,2-3 days a week,515,10765,4.8%,4.2%,5.5%,0.6%,0.7%
2022,All Responses,All Schools,diet_fastfood,fast food and takeaway,On most days,150,10765,1.4%,1.1%,1.8%,0.3%,0.4%
2022,All Responses,All Schools,diet_fastfood,fast food and takeaway,Once a week or less,5960,10765,55.4%,53.9%,56.8%,1.5%,1.5%
2022,All Responses,All Schools,diet_fastfood,fast food and takeaway,Rarely or never,4140,10765,38.5%,37.0%,39.9%,1.4%,1.5%
2022,All Responses,All Schools,diet_fizzydrinks,fizzy drinks,2-3 days a week,1950,10950,17.8%,16.7%,19.0%,1.1%,1.2%
2022,All Responses,All Schools,diet_fizzydrinks,fizzy drinks,On most days,810,10950,7.4%,6.7%,8.2%,0.7%,0.8%
2022,All Responses,All Schools,diet_fizzydrinks,fizzy drinks,Once a week or less,4295,10950,39.2%,37.8%,40.7%,1.4%,1.5%
2022,All Responses,All Schools,diet_fizzydrinks,fizzy drinks,Rarely or never,3895,10950,35.6%,34.2%,37.0%,1.4%,1.4%
2022,All Responses,All Schools,diet_sweets,sweets or chocolate,2-3 days a week,4315,10925,39.5%,38.1%,41.0%,1.4%,1.5%
2022,All Responses,All Schools,diet_sweets,sweets or chocolate,On most days,2930,10925,26.8%,25.5%,28.1%,1.3%,1.3%
2022,All Responses,All Schools,diet_sweets,sweets or chocolate,Once a week or less,3000,10925,27.5%,26.2%,28.8%,1.3%,1.3%
2022,All Responses,All Schools,diet_sweets,sweets or chocolate,Rarely or never,680,10925,6.2%,5.5%,7.0%,0.7%,0.8%
2022,All Responses,All Schools,diet_water,water,2-3 days a week,665,10760,6.2%,5.5%,6.9%,0.7%,0.8%
2022,All Responses,All Schools,diet_water,water,On most days,9585,10760,89.1%,88.1%,90.0%,1.0%,0.9%
2022,All Responses,All Schools,diet_water,water,Once a week or less,235,10760,2.2%,1.8%,2.7%,0.4%,0.5%
2022,All Responses,All Schools,diet_water,water,Rarely or never,275,10760,2.6%,2.1%,3.1%,0.4%,0.5%
2022,All Responses,All Schools,drug_ever,the best statement that describes them regarding recreational drug use,I have never taken drugs,10280,11045,93.1%,92.3%,93.8%,0.8%,0.7%
2022,All Responses,All Schools,drug_ever,the best statement that describes them regarding recreational drug use,I have taken drugs once or twice,440,11045,4.0%,3.4%,4.6%,0.5%,0.6%
2022,All Responses,All Schools,drug_ever,the best statement that describes them regarding recreational drug use,I take drugs occasionally (less than once a week),145,11045,1.3%,1.0%,1.7%,0.3%,0.4%
2022,All Responses,All Schools,drug_ever,the best statement that describes them regarding recreational drug use,I take drugs regularly (once a week or more),110,11045,1.0%,0.7%,1.3%,0.3%,0.3%
2022,All Responses,All Schools,drug_ever,the best statement that describes them regarding recreational drug use,"I used to take drugs, but I don’t now",70,11045,0.6%,0.4%,0.9%,0.2%,0.3%
2022,All Responses,All Schools,drug_reduce,if they want to reduce or stop taking drugs,I'd like to reduce the amount I take but not stop,135,615,22.0%,17.2%,27.5%,4.7%,5.6%
2022,All Responses,All Schools,drug_reduce,if they want to reduce or stop taking drugs,"No, I want to keep taking drugs",270,615,43.9%,37.9%,50.1%,6.0%,6.2%
2022,All Responses,All Schools,drug_reduce,if they want to reduce or stop taking drugs,"Yes, I'd like to stop taking drugs",210,615,34.1%,28.5%,40.3%,5.6%,6.1%
2022,All Responses,All Schools,drugs_alcohol,ever taken drugs and drunk alcohol on the same occasion,No,250,680,36.8%,31.3%,42.6%,5.5%,5.9%
2022,All Responses,All Schools,drugs_alcohol,ever taken drugs and drunk alcohol on the same occasion,Not sure,50,680,7.4%,4.8%,11.1%,2.5%,3.7%
2022,All Responses,All Schools,drugs_alcohol,ever taken drugs and drunk alcohol on the same occasion,Yes,380,680,55.9%,50.0%,61.6%,5.9%,5.8%
2022,All Responses,All Schools,drugsupp_doctor,from a doctor,No,7390,11150,66.3%,64.9%,67.6%,1.4%,1.4%
2022,All Responses,All Schools,drugsupp_doctor,from a doctor,Yes,3760,11150,33.7%,32.4%,35.1%,1.4%,1.4%
2022,All Responses,All Schools,drugsupp_family,from family,No,3460,11150,31.0%,29.7%,32.4%,1.3%,1.4%
2022,All Responses,All Schools,drugsupp_family,from family,Yes,7690,11150,69.0%,67.6%,70.3%,1.4%,1.3%
2022,All Responses,All Schools,drugsupp_friends,from friends,No,6920,11150,62.1%,60.6%,63.5%,1.4%,1.4%
2022,All Responses,All Schools,drugsupp_friends,from friends,Yes,4230,11150,37.9%,36.5%,39.4%,1.4%,1.4%
2022,All Responses,All Schools,drugsupp_internet,from the internet,No,8275,11150,74.2%,72.9%,75.5%,1.3%,1.3%
2022,All Responses,All Schools,drugsupp_internet,from the internet,Yes,2875,11150,25.8%,24.5%,27.1%,1.3%,1.3%
2022,All Responses,All Schools,drugsupp_other,from other sources,No,10345,11150,92.8%,92.0%,93.5%,0.8%,0.7%
2022,All Responses,All Schools,drugsupp_other,from other sources,Yes,805,11150,7.2%,6.5%,8.0%,0.7%,0.8%
2022,All Responses,All Schools,drugsupp_teacher,from a teacher,No,8505,11150,76.3%,75.0%,77.5%,1.3%,1.2%
2022,All Responses,All Schools,drugsupp_teacher,from a teacher,Yes,2645,11150,23.7%,22.5%,25.0%,1.2%,1.3%
2022,All Responses,All Schools,drugsupp_ypservice,from Drug & Alcohol Services for young people,No,8745,11150,78.4%,77.2%,79.6%,1.2%,1.2%
2022,All Responses,All Schools,drugsupp_ypservice,from Drug & Alcohol Services for young people,Yes,2405,11150,21.6%,20.4%,22.8%,1.2%,1.2%
2022,All Responses,All Schools,drugsupp_yw,from a Youth Worker,No,10365,11150,93.0%,92.2%,93.7%,0.8%,0.7%
2022,All Responses,All Schools,drugsupp_yw,from a Youth Worker,Yes,785,11150,7.0%,6.3%,7.8%,0.7%,0.8%
2022,All Responses,All Schools,ecstasy_exp,ecstasy,No,795,870,91.4%,88.0%,93.9%,3.4%,2.5%
2022,All Responses,All Schools,ecstasy_exp,ecstasy,Yes,75,870,8.6%,6.1%,12.0%,2.5%,3.4%
2022,All Responses,All Schools,ecstasy_offered,ecstasy,No,11150,11150,100.0%,99.9%,100.0%,0.1%,0.0%
2022,All Responses,All Schools,ethnicity,ethnicity,Any other ethnic group,190,10840,1.8%,1.4%,2.2%,0.3%,0.4%
2022,All Responses,All Schools,ethnicity,ethnicity,Asian,1780,10840,16.4%,15.4%,17.5%,1.1%,1.1%
2022,All Responses,All Schools,ethnicity,ethnicity,Black,695,10840,6.4%,5.7%,7.2%,0.7%,0.8%
2022,All Responses,All Schools,ethnicity,ethnicity,Mixed,235,10840,2.2%,1.8%,2.6%,0.4%,0.5%
2022,All Responses,All Schools,ethnicity,ethnicity,Prefer not to say,130,10840,1.2%,0.9%,1.6%,0.3%,0.4%
2022,All Responses,All Schools,ethnicity,ethnicity,White,7810,10840,72.0%,70.7%,73.4%,1.4%,1.3%
2022,All Responses,All Schools,hallucinogen_natural_exp,hallucinogens,No,785,870,90.2%,86.7%,92.9%,3.6%,2.7%
2022,All Responses,All Schools,hallucinogen_natural_exp,hallucinogens,Yes,85,870,9.8%,7.1%,13.3%,2.7%,3.6%
2022,All Responses,All Schools,hallucinogen_offered,hallucinogens,No,11150,11150,100.0%,99.9%,100.0%,0.1%,0.0%
2022,All Responses,All Schools,heroin_exp,heroin,No,815,870,93.7%,90.6%,95.8%,3.1%,2.1%
2022,All Responses,All Schools,heroin_exp,heroin,Yes,55,870,6.3%,4.2%,9.4%,2.1%,3.1%
2022,All Responses,All Schools,heroin_offered,heroin,No,11150,11150,100.0%,99.9%,100.0%,0.1%,0.0%
2022,All Responses,All Schools,herts_just_talk,have heard of Herts Just Talk,No,3890,10940,35.6%,34.2%,37.0%,1.4%,1.4%
2022,All Responses,All Schools,herts_just_talk,have heard of Herts Just Talk,Unsure,1735,10940,15.9%,14.8%,17.0%,1.0%,1.1%
2022,All Responses,All Schools,herts_just_talk,have heard of Herts Just Talk,Yes,2445,10940,22.3%,21.1%,23.6%,1.2%,1.3%
2022,All Responses,All Schools,herts_just_talk,have heard of Herts Just Talk,"Yes I’ve heard of it, but I’m not sure what it is",2870,10940,26.2%,25.0%,27.6%,1.3%,1.3%
2022,All Responses,All Schools,home_shouting,have ever been frightened by any shouting and arguing between adults or older siblings at home in the last month,Most days/Every day,545,10860,5.0%,4.4%,5.7%,0.6%,0.7%
2022,All Responses,All Schools,home_shouting,have ever been frightened by any shouting and arguing between adults or older siblings at home in the last month,No,7075,10860,65.1%,63.7%,66.5%,1.4%,1.4%
2022,All Responses,All Schools,home_shouting,have ever been frightened by any shouting and arguing between adults or older siblings at home in the last month,Once a week,505,10860,4.7%,4.1%,5.3%,0.6%,0.7%
2022,All Responses,All Schools,home_shouting,have ever been frightened by any shouting and arguing between adults or older siblings at home in the last month,Once or twice,1965,10860,18.1%,17.0%,19.3%,1.1%,1.2%
2022,All Responses,All Schools,home_shouting,have ever been frightened by any shouting and arguing between adults or older siblings at home in the last month,Prefer not to say,770,10860,7.1%,6.4%,7.9%,0.7%,0.8%
2022,All Responses,All Schools,home_violence,"if there has been any violence (e.g. hitting, punching, slapping) between adults or older siblings at home in the last month",Most days/Every day,135,10880,1.2%,1.0%,1.6%,0.3%,0.4%
2022,All Responses,All Schools,home_violence,"if there has been any violence (e.g. hitting, punching, slapping) between adults or older siblings at home in the last month",No,9730,10880,89.4%,88.5%,90.3%,0.9%,0.9%
2022,All Responses,All Schools,home_violence,"if there has been any violence (e.g. hitting, punching, slapping) between adults or older siblings at home in the last month",Once a week,105,10880,1.0%,0.7%,1.3%,0.2%,0.3%
2022,All Responses,All Schools,home_violence,"if there has been any violence (e.g. hitting, punching, slapping) between adults or older siblings at home in the last month",Once or twice,370,10880,3.4%,2.9%,4.0%,0.5%,0.6%
2022,All Responses,All Schools,home_violence,"if there has been any violence (e.g. hitting, punching, slapping) between adults or older siblings at home in the last month",Prefer not to say,540,10880,5.0%,4.4%,5.6%,0.6%,0.7%
2022,All Responses,All Schools,hopeful_future,feel hopeful about their future,Always,1925,10930,17.6%,16.5%,18.8%,1.1%,1.2%
2022,All Responses,All Schools,hopeful_future,feel hopeful about their future,Never,725,10930,6.6%,5.9%,7.4%,0.7%,0.8%
2022,All Responses,All Schools,hopeful_future,feel hopeful about their future,Often,3705,10930,33.9%,32.5%,35.3%,1.4%,1.4%
2022,All Responses,All Schools,hopeful_future,feel hopeful about their future,Sometimes,4575,10930,41.9%,40.4%,43.3%,1.5%,1.5%
2022,All Responses,All Schools,imd_quintile,for their resident postcode,Quintile 1 - Most Deprived,920,11150,8.3%,7.5%,9.1%,0.8%,0.8%
2022,All Responses,All Schools,imd_quintile,for their resident postcode,Quintile 2,1285,11150,11.5%,10.6%,12.5%,0.9%,1.0%
2022,All Responses,All Schools,imd_quintile,for their resident postcode,Quintile 3,1555,11150,13.9%,13.0%,15.0%,1.0%,1.0%
2022,All Responses,All Schools,imd_quintile,for their resident postcode,Quintile 4,1630,11150,14.6%,13.6%,15.7%,1.0%,1.1%
2022,All Responses,All Schools,imd_quintile,for their resident postcode,Quintile 5 - Least Deprived,2195,11150,19.7%,18.5%,20.9%,1.1%,1.2%
2022,All Responses,All Schools,imd_quintile,for their resident postcode,unknown,3565,11150,32.0%,30.6%,33.4%,1.3%,1.4%
2022,All Responses,All Schools,internet_info_provided,have been provided with online safety info,No,2440,10645,22.9%,21.7%,24.2%,1.2%,1.3%
2022,All Responses,All Schools,internet_info_provided,have been provided with online safety info,Yes,8205,10645,77.1%,75.8%,78.3%,1.3%,1.2%
2022,All Responses,All Schools,internet_met,have ever met someone in real life whom they first met online,No,8590,10800,79.5%,78.3%,80.7%,1.2%,1.2%
2022,All Responses,All Schools,internet_met,have ever met someone in real life whom they first met online,Yes,2210,10800,20.5%,19.3%,21.7%,1.2%,1.2%
2022,All Responses,All Schools,internet_personalinfo,have ever shared personal information with someone they have not met in real life,No,9030,10785,83.7%,82.6%,84.8%,1.1%,1.1%
2022,All Responses,All Schools,internet_personalinfo,have ever shared personal information with someone they have not met in real life,Yes,1755,10785,16.3%,15.2%,17.4%,1.1%,1.1%
2022,All Responses,All Schools,internet_pictures_pressure,have ever felt pressured to send pictures of themselves to someone,No,9590,10760,89.1%,88.2%,90.0%,1.0%,0.9%
2022,All Responses,All Schools,internet_pictures_pressure,have ever felt pressured to send pictures of themselves to someone,Yes,1170,10760,10.9%,10.0%,11.8%,0.9%,1.0%
2022,All Responses,All Schools,internet_pictures_upset,have ever seen a picture or post that scared them,No,7040,10800,65.2%,63.8%,66.6%,1.4%,1.4%
2022,All Responses,All Schools,internet_pictures_upset,have ever seen a picture or post that scared them,Yes,3760,10800,34.8%,33.4%,36.2%,1.4%,1.4%
2022,All Responses,All Schools,ketamine_exp,ketamine,No,770,870,88.5%,84.7%,91.4%,3.8%,2.9%
2022,All Responses,All Schools,ketamine_exp,ketamine,Yes,100,870,11.5%,8.6%,15.3%,2.9%,3.8%
2022,All Responses,All Schools,ketamine_offered,ketamine,No,11150,11150,100.0%,99.9%,100.0%,0.1%,0.0%
2022,All Responses,All Schools,khat_exp,khat,No,820,870,94.3%,91.3%,96.2%,3.0%,2.0%
2022,All Responses,All Schools,khat_exp,khat,Yes,50,870,5.7%,3.8%,8.7%,2.0%,3.0%
2022,All Responses,All Schools,khat_offered,khat,No,11150,11150,100.0%,99.9%,100.0%,0.1%,0.0%
2022,All Responses,All Schools,life_happyyesterday,how happy they felt yesterday overall on a scale low to high,high,3075,11155,27.6%,26.3%,28.9%,1.3%,1.3%
2022,All Responses,All Schools,life_happyyesterday,how happy they felt yesterday overall on a scale low to high,low,2910,11155,26.1%,24.8%,27.4%,1.3%,1.3%
2022,All Responses,All Schools,life_happyyesterday,how happy they felt yesterday overall on a scale low to high,medium,2430,11155,21.8%,20.6%,23.0%,1.2%,1.2%
2022,All Responses,All Schools,life_happyyesterday,how happy they felt yesterday overall on a scale low to high,very high,2740,11155,24.6%,23.3%,25.8%,1.2%,1.3%
2022,All Responses,All Schools,life_satisfied,about how satisfied they with their life on a scale of low to high,high,3910,11150,35.1%,33.7%,36.5%,1.4%,1.4%
2022,All Responses,All Schools,life_satisfied,about how satisfied they with their life on a scale of low to high,low,2140,11150,19.2%,18.1%,20.4%,1.1%,1.2%
2022,All Responses,All Schools,life_satisfied,about how satisfied they with their life on a scale of low to high,medium,2540,11150,22.8%,21.6%,24.0%,1.2%,1.3%
2022,All Responses,All Schools,life_satisfied,about how satisfied they with their life on a scale of low to high,very high,2560,11150,23.0%,21.8%,24.2%,1.2%,1.3%
2022,All Responses,All Schools,life_worthwhile,the extent to which they feel the things they do in their life are worthwhile on a scale of low to high,high,3330,11150,29.9%,28.5%,31.2%,1.3%,1.4%
2022,All Responses,All Schools,life_worthwhile,the extent to which they feel the things they do in their life are worthwhile on a scale of low to high,low,2370,11150,21.3%,20.1%,22.5%,1.2%,1.2%
2022,All Responses,All Schools,life_worthwhile,the extent to which they feel the things they do in their life are worthwhile on a scale of low to high,medium,2645,11150,23.7%,22.5%,25.0%,1.2%,1.3%
2022,All Responses,All Schools,life_worthwhile,the extent to which they feel the things they do in their life are worthwhile on a scale of low to high,very high,2805,11150,25.2%,23.9%,26.4%,1.2%,1.3%
2022,All Responses,All Schools,mental_121,1-2-1 sessions,No,11150,11150,100.0%,99.9%,100.0%,0.1%,0.0%
2022,All Responses,All Schools,mental_accessed,have ever accessed mental health services before,No,7840,10805,72.6%,71.2%,73.9%,1.3%,1.3%
2022,All Responses,All Schools,mental_accessed,have ever accessed mental health services before,Not sure,945,10805,8.7%,7.9%,9.6%,0.8%,0.9%
2022,All Responses,All Schools,mental_accessed,have ever accessed mental health services before,Prefer not to say,380,10805,3.5%,3.0%,4.1%,0.5%,0.6%
2022,All Responses,All Schools,mental_accessed,have ever accessed mental health services before,Yes,1640,10805,15.2%,14.1%,16.3%,1.0%,1.1%
2022,All Responses,All Schools,mental_accessed_helpful,how helpful they found the mental health support,A little,650,1635,39.8%,36.1%,43.5%,3.7%,3.8%
2022,All Responses,All Schools,mental_accessed_helpful,how helpful they found the mental health support,Neither helpful nor unhelpful,200,1635,12.2%,9.9%,15.0%,2.3%,2.7%
2022,All Responses,All Schools,mental_accessed_helpful,how helpful they found the mental health support,Not helpful,205,1635,12.5%,10.2%,15.3%,2.3%,2.8%
2022,All Responses,All Schools,mental_accessed_helpful,how helpful they found the mental health support,Not very helpful,255,1635,15.6%,13.0%,18.6%,2.6%,3.0%
2022,All Responses,All Schools,mental_accessed_helpful,how helpful they found the mental health support,Very,325,1635,19.9%,17.0%,23.1%,2.9%,3.2%
2022,All Responses,All Schools,mental_activesupport,activity-based support (e.g. drama therapy),No,11150,11150,100.0%,99.9%,100.0%,0.1%,0.0%
2022,All Responses,All Schools,mental_charity,charities,No,11005,11150,98.7%,98.3%,99.0%,0.4%,0.3%
2022,All Responses,All Schools,mental_charity,charities,Yes,145,11150,1.3%,1.0%,1.7%,0.3%,0.4%
2022,All Responses,All Schools,mental_clinic,a mental health clinic,No,9095,11150,81.6%,80.4%,82.7%,1.2%,1.1%
2022,All Responses,All Schools,mental_clinic,a mental health clinic,Yes,2055,11150,18.4%,17.3%,19.6%,1.1%,1.2%
2022,All Responses,All Schools,mental_doctor,a doctor,No,9350,11150,83.9%,82.8%,84.9%,1.1%,1.0%
2022,All Responses,All Schools,mental_doctor,a doctor,Yes,1800,11150,16.1%,15.1%,17.2%,1.0%,1.1%
2022,All Responses,All Schools,mental_groupwork,Group work,No,11150,11150,100.0%,99.9%,100.0%,0.1%,0.0%
2022,All Responses,All Schools,mental_howaccess,"know how to access services if they are worried about, or are looking for more information about their mental health",No,1740,10910,15.9%,14.9%,17.1%,1.1%,1.1%
2022,All Responses,All Schools,mental_howaccess,"know how to access services if they are worried about, or are looking for more information about their mental health",Not sure,2265,10910,20.8%,19.6%,22.0%,1.2%,1.2%
2022,All Responses,All Schools,mental_howaccess,"know how to access services if they are worried about, or are looking for more information about their mental health",Yes,6905,10910,63.3%,61.9%,64.7%,1.4%,1.4%
2022,All Responses,All Schools,mental_internet,online,No,11150,11150,100.0%,99.9%,100.0%,0.1%,0.0%
2022,All Responses,All Schools,mental_none,other,No,8840,11155,79.2%,78.0%,80.4%,1.2%,1.2%
2022,All Responses,All Schools,mental_none,other,Yes,2315,11155,20.8%,19.6%,22.0%,1.2%,1.2%
2022,All Responses,All Schools,mental_nurse,a school nurse,No,10785,11155,96.7%,96.1%,97.2%,0.6%,0.5%
2022,All Responses,All Schools,mental_nurse,a school nurse,Yes,370,11155,3.3%,2.8%,3.9%,0.5%,0.6%
2022,All Responses,All Schools,mental_parents,parents/carers,No,4060,11150,36.4%,35.0%,37.8%,1.4%,1.4%
2022,All Responses,All Schools,mental_parents,parents/carers,Yes,7090,11150,63.6%,62.2%,65.0%,1.4%,1.4%
2022,All Responses,All Schools,mental_school,the school,No,7810,11150,70.0%,68.7%,71.4%,1.4%,1.3%
2022,All Responses,All Schools,mental_school,the school,Yes,3340,11150,30.0%,28.6%,31.3%,1.3%,1.4%
2022,All Responses,All Schools,mental_talk,"agree with the statement ""It's okay for me to talk about my mental health.""",No,1245,10890,11.4%,10.5%,12.4%,0.9%,1.0%
2022,All Responses,All Schools,mental_talk,"agree with the statement ""It's okay for me to talk about my mental health.""",Not sure,1950,10890,17.9%,16.8%,19.1%,1.1%,1.2%
2022,All Responses,All Schools,mental_talk,"agree with the statement ""It's okay for me to talk about my mental health.""",Yes,7695,10890,70.7%,69.3%,72.0%,1.4%,1.3%
2022,All Responses,All Schools,mental_type_121,1-2-1s (in person),No,5725,11150,51.3%,49.9%,52.8%,1.5%,1.5%
2022,All Responses,All Schools,mental_type_121,1-2-1s (in person),Yes,5425,11150,48.7%,47.2%,50.1%,1.5%,1.5%
2022,All Responses,All Schools,mental_type_group,groupwork,No,8625,11155,77.3%,76.1%,78.5%,1.2%,1.2%
2022,All Responses,All Schools,mental_type_group,groupwork,Yes,2530,11155,22.7%,21.5%,23.9%,1.2%,1.2%
2022,All Responses,All Schools,mental_type_online,online support,No,8685,11150,77.9%,76.7%,79.1%,1.2%,1.2%
2022,All Responses,All Schools,mental_type_online,online support,Yes,2465,11150,22.1%,20.9%,23.3%,1.2%,1.2%
2022,All Responses,All Schools,mental_type_other,other types of support,No,8165,11150,73.2%,71.9%,74.5%,1.3%,1.3%
2022,All Responses,All Schools,mental_type_other,other types of support,Yes,2985,11150,26.8%,25.5%,28.1%,1.3%,1.3%
2022,All Responses,All Schools,mental_type_phone,phone counselling,No,10035,11150,90.0%,89.1%,90.8%,0.9%,0.8%
2022,All Responses,All Schools,mental_type_phone,phone counselling,Yes,1115,11150,10.0%,9.2%,10.9%,0.8%,0.9%
2022,All Responses,All Schools,mental_youthservice,the Youth Service,No,10210,11150,91.6%,90.7%,92.3%,0.8%,0.8%
2022,All Responses,All Schools,mental_youthservice,the Youth Service,Yes,940,11150,8.4%,7.7%,9.3%,0.8%,0.8%
2022,All Responses,All Schools,mephedrone_exp,mephedrone,No,825,875,94.3%,91.3%,96.3%,2.9%,2.0%
2022,All Responses,All Schools,mephedrone_exp,mephedrone,Yes,50,875,5.7%,3.7%,8.7%,2.0%,2.9%
2022,All Responses,All Schools,mephedrone_offered,mephedrone,No,11150,11150,100.0%,99.9%,100.0%,0.1%,0.0%
2022,All Responses,All Schools,nitrous_oxide_exp,nitrous oxide,No,775,875,88.6%,84.8%,91.5%,3.7%,2.9%
2022,All Responses,All Schools,nitrous_oxide_exp,nitrous oxide,Yes,100,875,11.4%,8.5%,15.2%,2.9%,3.7%
2022,All Responses,All Schools,nitrous_oxide_offered,nitrous oxide,No,11150,11150,100.0%,99.9%,100.0%,0.1%,0.0%
2022,All Responses,All Schools,nps_exp,novel psychoactive substances,No,820,870,94.3%,91.3%,96.2%,3.0%,2.0%
2022,All Responses,All Schools,nps_exp,novel psychoactive substances,Yes,50,870,5.7%,3.8%,8.7%,2.0%,3.0%
2022,All Responses,All Schools,nps_offered,novel psychoactive substances,No,11150,11150,100.0%,99.9%,100.0%,0.1%,0.0%
2022,All Responses,All Schools,pa_30,how many days in the past week had they done 30-59 minutes of physical activity,1 to 3,5355,11150,48.0%,46.6%,49.5%,1.5%,1.5%
2022,All Responses,All Schools,pa_30,how many days in the past week had they done 30-59 minutes of physical activity,4 to 5,1805,11150,16.2%,15.1%,17.3%,1.0%,1.1%
2022,All Responses,All Schools,pa_30,how many days in the past week had they done 30-59 minutes of physical activity,6 to 7,670,11150,6.0%,5.4%,6.7%,0.7%,0.7%
2022,All Responses,All Schools,pa_30,how many days in the past week had they done 30-59 minutes of physical activity,none,3320,11150,29.8%,28.5%,31.1%,1.3%,1.4%
2022,All Responses,All Schools,pa_60,how many days in the past week had they done a total of 60 minutes or more of physical activity,1 to 3,4690,11150,42.1%,40.6%,43.5%,1.4%,1.5%
2022,All Responses,All Schools,pa_60,how many days in the past week had they done a total of 60 minutes or more of physical activity,4 to 5,2020,11150,18.1%,17.0%,19.3%,1.1%,1.2%
2022,All Responses,All Schools,pa_60,how many days in the past week had they done a total of 60 minutes or more of physical activity,6 to 7,1375,11150,12.3%,11.4%,13.3%,0.9%,1.0%
2022,All Responses,All Schools,pa_60,how many days in the past week had they done a total of 60 minutes or more of physical activity,none,3065,11150,27.5%,26.2%,28.8%,1.3%,1.3%
2022,All Responses,All Schools,pa_fri,Friday,0-29 minutes,3460,10585,32.7%,31.3%,34.1%,1.4%,1.4%
2022,All Responses,All Schools,pa_fri,Friday,30-59 minutes,3630,10585,34.3%,32.9%,35.7%,1.4%,1.4%
2022,All Responses,All Schools,pa_fri,Friday,60 or more minutes,3495,10585,33.0%,31.6%,34.4%,1.4%,1.4%
2022,All Responses,All Schools,pa_mon,Monday,0-29 minutes,3545,10825,32.7%,31.4%,34.2%,1.4%,1.4%
2022,All Responses,All Schools,pa_mon,Monday,30-59 minutes,3485,10825,32.2%,30.8%,33.6%,1.4%,1.4%
2022,All Responses,All Schools,pa_mon,Monday,60 or more minutes,3795,10825,35.1%,33.7%,36.5%,1.4%,1.4%
2022,All Responses,All Schools,pa_sat,Saturday,0-29 minutes,3630,10580,34.3%,32.9%,35.7%,1.4%,1.4%
2022,All Responses,All Schools,pa_sat,Saturday,30-59 minutes,2880,10580,27.2%,25.9%,28.6%,1.3%,1.4%
2022,All Responses,All Schools,pa_sat,Saturday,60 or more minutes,4070,10580,38.5%,37.0%,39.9%,1.5%,1.5%
2022,All Responses,All Schools,pa_sun,Sunday,0-29 minutes,4090,10535,38.8%,37.4%,40.3%,1.5%,1.5%
2022,All Responses,All Schools,pa_sun,Sunday,30-59 minutes,2505,10535,23.8%,22.5%,25.1%,1.3%,1.3%
2022,All Responses,All Schools,pa_sun,Sunday,60 or more minutes,3940,10535,37.4%,36.0%,38.9%,1.4%,1.5%
2022,All Responses,All Schools,pa_thurs,Thursday,0-29 minutes,3135,10680,29.4%,28.0%,30.7%,1.3%,1.4%
2022,All Responses,All Schools,pa_thurs,Thursday,30-59 minutes,3480,10680,32.6%,31.2%,34.0%,1.4%,1.4%
2022,All Responses,All Schools,pa_thurs,Thursday,60 or more minutes,4065,10680,38.1%,36.6%,39.5%,1.4%,1.5%
2022,All Responses,All Schools,pa_tues,Tuesday,0-29 minutes,3330,10740,31.0%,29.6%,32.4%,1.4%,1.4%
2022,All Responses,All Schools,pa_tues,Tuesday,30-59 minutes,3580,10740,33.3%,31.9%,34.8%,1.4%,1.4%
2022,All Responses,All Schools,pa_tues,Tuesday,60 or more minutes,3830,10740,35.7%,34.2%,37.1%,1.4%,1.4%
2022,All Responses,All Schools,pa_wed,Wednesday,0-29 minutes,3165,10735,29.5%,28.1%,30.9%,1.3%,1.4%
2022,All Responses,All Schools,pa_wed,Wednesday,30-59 minutes,3460,10735,32.2%,30.9%,33.6%,1.4%,1.4%
2022,All Responses,All Schools,pa_wed,Wednesday,60 or more minutes,4110,10735,38.3%,36.8%,39.7%,1.4%,1.5%
2022,All Responses,All Schools,poppers_exp,poppers,No,810,870,93.1%,90.0%,95.3%,3.1%,2.2%
2022,All Responses,All Schools,poppers_exp,poppers,Yes,60,870,6.9%,4.7%,10.0%,2.2%,3.1%
2022,All Responses,All Schools,poppers_offered,poppers,No,11150,11150,100.0%,99.9%,100.0%,0.1%,0.0%
2022,All Responses,All Schools,portions,portions of fruits or vegetables,0,970,11155,8.7%,7.9%,9.6%,0.8%,0.9%
2022,All Responses,All Schools,portions,portions of fruits or vegetables,1,1365,11155,12.2%,11.3%,13.2%,0.9%,1.0%
2022,All Responses,All Schools,portions,portions of fruits or vegetables,2,2380,11155,21.3%,20.2%,22.6%,1.2%,1.2%
2022,All Responses,All Schools,portions,portions of fruits or vegetables,3,3040,11155,27.3%,26.0%,28.6%,1.3%,1.3%
2022,All Responses,All Schools,portions,portions of fruits or vegetables,4,1915,11155,17.2%,16.1%,18.3%,1.1%,1.1%
2022,All Responses,All Schools,portions,portions of fruits or vegetables,5,1485,11155,13.3%,12.3%,14.3%,1.0%,1.0%
2022,All Responses,All Schools,prospects_education,plan to continue in education,Maybe,2555,10090,25.3%,24.0%,26.7%,1.3%,1.4%
2022,All Responses,All Schools,prospects_education,plan to continue in education,No,655,10090,6.5%,5.8%,7.3%,0.7%,0.8%
2022,All Responses,All Schools,prospects_education,plan to continue in education,Yes,6880,10090,68.2%,66.7%,69.6%,1.4%,1.4%
2022,All Responses,All Schools,prospects_family,plan to start a family,Maybe,2830,9390,30.1%,28.7%,31.6%,1.4%,1.5%
2022,All Responses,All Schools,prospects_family,plan to start a family,No,4465,9390,47.6%,46.0%,49.1%,1.6%,1.6%
2022,All Responses,All Schools,prospects_family,plan to start a family,Yes,2095,9390,22.3%,21.0%,23.7%,1.3%,1.4%
2022,All Responses,All Schools,prospects_info_apprenticeships,apprenticeships,No,7710,11150,69.1%,67.8%,70.5%,1.4%,1.3%
2022,All Responses,All Schools,prospects_info_apprenticeships,apprenticeships,Yes,3440,11150,30.9%,29.5%,32.2%,1.3%,1.4%
2022,All Responses,All Schools,prospects_info_college,college/6th form,No,6640,11150,59.6%,58.1%,61.0%,1.4%,1.4%
2022,All Responses,All Schools,prospects_info_college,college/6th form,Yes,4510,11150,40.4%,39.0%,41.9%,1.4%,1.4%
2022,All Responses,All Schools,prospects_info_gap,gap years,No,7875,11150,70.6%,69.3%,71.9%,1.4%,1.3%
2022,All Responses,All Schools,prospects_info_gap,gap years,Yes,3275,11150,29.4%,28.1%,30.7%,1.3%,1.4%
2022,All Responses,All Schools,prospects_info_jobs,jobs,No,5570,11150,50.0%,48.5%,51.4%,1.5%,1.5%
2022,All Responses,All Schools,prospects_info_jobs,jobs,Yes,5580,11150,50.0%,48.6%,51.5%,1.5%,1.5%
2022,All Responses,All Schools,prospects_info_other,other options,No,9390,11155,84.2%,83.1%,85.2%,1.1%,1.0%
2022,All Responses,All Schools,prospects_info_other,other options,Yes,1765,11155,15.8%,14.8%,16.9%,1.0%,1.1%
2022,All Responses,All Schools,prospects_info_trainee,traineeships,No,9465,11150,84.9%,83.8%,85.9%,1.1%,1.0%
2022,All Responses,All Schools,prospects_info_trainee,traineeships,Yes,1685,11150,15.1%,14.1%,16.2%,1.0%,1.1%
2022,All Responses,All Schools,prospects_info_uni,university,No,4635,11155,41.6%,40.1%,43.0%,1.4%,1.4%
2022,All Responses,All Schools,prospects_info_uni,university,Yes,6520,11155,58.4%,57.0%,59.9%,1.4%,1.4%
2022,All Responses,All Schools,prospects_job,plan to get a job,Maybe,2920,9845,29.7%,28.3%,31.1%,1.4%,1.4%
2022,All Responses,All Schools,prospects_job,plan to get a job,No,820,9845,8.3%,7.5%,9.2%,0.8%,0.9%
2022,All Responses,All Schools,prospects_job,plan to get a job,Yes,6105,9845,62.0%,60.5%,63.5%,1.5%,1.5%
2022,All Responses,All Schools,prospects_notsure,aren't sure what they want to do,Maybe,2490,9110,27.3%,25.9%,28.8%,1.4%,1.5%
2022,All Responses,All Schools,prospects_notsure,aren't sure what they want to do,No,3830,9110,42.0%,40.5%,43.6%,1.6%,1.6%
2022,All Responses,All Schools,prospects_notsure,aren't sure what they want to do,Yes,2790,9110,30.6%,29.2%,32.1%,1.5%,1.5%
2022,All Responses,All Schools,prospects_other,have other plans,Maybe,3255,8885,36.6%,35.1%,38.2%,1.6%,1.6%
2022,All Responses,All Schools,prospects_other,have other plans,No,3845,8885,43.3%,41.7%,44.9%,1.6%,1.6%
2022,All Responses,All Schools,prospects_other,have other plans,Yes,1785,8885,20.1%,18.8%,21.4%,1.3%,1.3%
2022,All Responses,All Schools,prospects_support_friends,friends,No,6575,11150,59.0%,57.5%,60.4%,1.4%,1.4%
2022,All Responses,All Schools,prospects_support_friends,friends,Yes,4575,11150,41.0%,39.6%,42.5%,1.4%,1.4%
2022,All Responses,All Schools,prospects_support_idk,don't know where to get support,No,10005,11155,89.7%,88.8%,90.5%,0.9%,0.9%
2022,All Responses,All Schools,prospects_support_idk,don't know where to get support,Yes,1150,11155,10.3%,9.5%,11.2%,0.9%,0.9%
2022,All Responses,All Schools,prospects_support_jobcentre,Job Centre Plus,No,10485,11150,94.0%,93.3%,94.7%,0.7%,0.7%
2022,All Responses,All Schools,prospects_support_jobcentre,Job Centre Plus,Yes,665,11150,6.0%,5.3%,6.7%,0.7%,0.7%
2022,All Responses,All Schools,prospects_support_online,online,No,8605,11150,77.2%,75.9%,78.4%,1.3%,1.2%
2022,All Responses,All Schools,prospects_support_online,online,Yes,2545,11150,22.8%,21.6%,24.1%,1.2%,1.3%
2022,All Responses,All Schools,prospects_support_parents,parent/carer,No,2800,11150,25.1%,23.9%,26.4%,1.2%,1.3%
2022,All Responses,All Schools,prospects_support_parents,parent/carer,Yes,8350,11150,74.9%,73.6%,76.1%,1.3%,1.2%
2022,All Responses,All Schools,prospects_support_school,school/teacher,No,6285,11150,56.4%,54.9%,57.8%,1.5%,1.4%
2022,All Responses,All Schools,prospects_support_school,school/teacher,Yes,4865,11150,43.6%,42.2%,45.1%,1.4%,1.5%
2022,All Responses,All Schools,prospects_support_syp,Services for Young People,No,10195,11150,91.4%,90.6%,92.2%,0.9%,0.8%
2022,All Responses,All Schools,prospects_support_syp,Services for Young People,Yes,955,11150,8.6%,7.8%,9.4%,0.8%,0.9%
2022,All Responses,All Schools,prospects_training,plan to training for a skilled job,Maybe,4115,9510,43.3%,41.7%,44.8%,1.6%,1.6%
2022,All Responses,All Schools,prospects_training,plan to training for a skilled job,No,2205,9510,23.2%,21.9%,24.5%,1.3%,1.4%
2022,All Responses,All Schools,prospects_training,plan to training for a skilled job,Yes,3190,9510,33.5%,32.1%,35.1%,1.5%,1.5%
2022,All Responses,All Schools,religion,religion,Any other religion,145,11090,1.3%,1.0%,1.7%,0.3%,0.4%
2022,All Responses,All Schools,religion,religion,Buddhist,80,11090,0.7%,0.5%,1.0%,0.2%,0.3%
2022,All Responses,All Schools,religion,religion,Christian,2585,11090,23.3%,22.1%,24.6%,1.2%,1.3%
2022,All Responses,All Schools,religion,religion,Hindu,550,11090,5.0%,4.4%,5.6%,0.6%,0.7%
2022,All Responses,All Schools,religion,religion,Jewish,710,11090,6.4%,5.7%,7.2%,0.7%,0.8%
2022,All Responses,All Schools,religion,religion,Muslim,670,11090,6.0%,5.4%,6.8%,0.7%,0.7%
2022,All Responses,All Schools,religion,religion,No religion,5990,11090,54.0%,52.5%,55.5%,1.5%,1.5%
2022,All Responses,All Schools,religion,religion,Prefer not to say,290,11090,2.6%,2.2%,3.1%,0.4%,0.5%
2022,All Responses,All Schools,religion,religion,Sikh,70,11090,0.6%,0.4%,0.9%,0.2%,0.3%
2022,All Responses,All Schools,safety_dark,going out after dark,Neither safe or unsafe,4290,10935,39.2%,37.8%,40.7%,1.4%,1.5%
2022,All Responses,All Schools,safety_dark,going out after dark,Safe,2150,10935,19.7%,18.5%,20.9%,1.1%,1.2%
2022,All Responses,All Schools,safety_dark,going out after dark,Unsafe,4495,10935,41.1%,39.7%,42.6%,1.4%,1.5%
2022,All Responses,All Schools,safety_day,going out during the day,Neither safe or unsafe,3120,10930,28.5%,27.2%,29.9%,1.3%,1.4%
2022,All Responses,All Schools,safety_day,going out during the day,Safe,7415,10930,67.8%,66.4%,69.2%,1.4%,1.4%
2022,All Responses,All Schools,safety_day,going out during the day,Unsafe,395,10930,3.6%,3.1%,4.2%,0.5%,0.6%
2022,All Responses,All Schools,safety_journey,going to and from school,Neither safe or unsafe,2900,10930,26.5%,25.2%,27.9%,1.3%,1.3%
2022,All Responses,All Schools,safety_journey,going to and from school,Safe,7525,10930,68.8%,67.5%,70.2%,1.4%,1.4%
2022,All Responses,All Schools,safety_journey,going to and from school,Unsafe,505,10930,4.6%,4.0%,5.3%,0.6%,0.7%
2022,All Responses,All Schools,safety_school,at school,Neither safe or unsafe,2490,10920,22.8%,21.6%,24.1%,1.2%,1.3%
2022,All Responses,All Schools,safety_school,at school,Safe,7925,10920,72.6%,71.2%,73.9%,1.3%,1.3%
2022,All Responses,All Schools,safety_school,at school,Unsafe,505,10920,4.6%,4.0%,5.3%,0.6%,0.7%
2022,All Responses,All Schools,school_supported,felt supported by their school and that they were offered help when having difficulties,No,670,2970,22.6%,20.3%,25.0%,2.3%,2.5%
2022,All Responses,All Schools,school_supported,felt supported by their school and that they were offered help when having difficulties,Not sure,910,2970,30.6%,28.1%,33.3%,2.5%,2.7%
2022,All Responses,All Schools,school_supported,felt supported by their school and that they were offered help when having difficulties,Prefer not to say,115,2970,3.9%,2.9%,5.1%,1.0%,1.3%
2022,All Responses,All Schools,school_supported,felt supported by their school and that they were offered help when having difficulties,Yes,1275,2970,42.9%,40.1%,45.8%,2.8%,2.8%
2022,All Responses,All Schools,schoolsupp_academic,they find their school is supportive of their learning and education,No,555,10855,5.1%,4.5%,5.8%,0.6%,0.7%
2022,All Responses,All Schools,schoolsupp_academic,they find their school is supportive of their learning and education,Not sure,215,10855,2.0%,1.6%,2.4%,0.4%,0.5%
2022,All Responses,All Schools,schoolsupp_academic,they find their school is supportive of their learning and education,Somewhat,3025,10855,27.9%,26.6%,29.2%,1.3%,1.3%
2022,All Responses,All Schools,schoolsupp_academic,they find their school is supportive of their learning and education,Yes,7060,10855,65.0%,63.6%,66.4%,1.4%,1.4%
2022,All Responses,All Schools,schoolsupp_wellbeing,they find their school is supportive of their emotional health and wellbeing,No,2205,10820,20.4%,19.2%,21.6%,1.2%,1.2%
2022,All Responses,All Schools,schoolsupp_wellbeing,they find their school is supportive of their emotional health and wellbeing,Not sure,870,10820,8.0%,7.3%,8.9%,0.8%,0.8%
2022,All Responses,All Schools,schoolsupp_wellbeing,they find their school is supportive of their emotional health and wellbeing,Somewhat,4145,10820,38.3%,36.9%,39.8%,1.4%,1.5%
2022,All Responses,All Schools,schoolsupp_wellbeing,they find their school is supportive of their emotional health and wellbeing,Yes,3600,10820,33.3%,31.9%,34.7%,1.4%,1.4%
2022,All Responses,All Schools,selfharm_ever,ever self-harmed,No,7490,10825,69.2%,67.8%,70.5%,1.4%,1.4%
2022,All Responses,All Schools,selfharm_ever,ever self-harmed,Prefer not to say,1530,10825,14.1%,13.1%,15.2%,1.0%,1.1%
2022,All Responses,All Schools,selfharm_ever,ever self-harmed,Yes,1805,10825,16.7%,15.6%,17.8%,1.1%,1.1%
2022,All Responses,All Schools,sex,Biological sex,Female,5850,11155,52.4%,51.0%,53.9%,1.5%,1.5%
2022,All Responses,All Schools,sex,Biological sex,Male,4745,11155,42.5%,41.1%,44.0%,1.4%,1.5%
2022,All Responses,All Schools,sex,Biological sex,Non-Binary,155,11155,1.4%,1.1%,1.8%,0.3%,0.4%
2022,All Responses,All Schools,sex,Biological sex,Other,95,11155,0.9%,0.6%,1.2%,0.2%,0.3%
2022,All Responses,All Schools,sex,Biological sex,Prefer not to say,190,11155,1.7%,1.4%,2.1%,0.3%,0.4%
2022,All Responses,All Schools,sex,Biological sex,Transgender,120,11155,1.1%,0.8%,1.4%,0.3%,0.3%
2022,All Responses,All Schools,sexuality,sexual orientation,"Gay, lesbian or bisexual",1035,11040,9.4%,8.6%,10.3%,0.8%,0.9%
2022,All Responses,All Schools,sexuality,sexual orientation,Heterosexual/Straight,8445,11040,76.5%,75.2%,77.7%,1.3%,1.2%
2022,All Responses,All Schools,sexuality,sexual orientation,Other,235,11040,2.1%,1.7%,2.6%,0.4%,0.5%
2022,All Responses,All Schools,sexuality,sexual orientation,Prefer not to say,660,11040,6.0%,5.3%,6.7%,0.7%,0.7%
2022,All Responses,All Schools,sexuality,sexual orientation,Undecided/Questioning,665,11040,6.0%,5.4%,6.8%,0.7%,0.7%
2022,All Responses,All Schools,sh_16,Most 16 year olds have not had sex,Agree,1450,4635,31.3%,29.2%,33.4%,2.1%,2.1%
2022,All Responses,All Schools,sh_16,Most 16 year olds have not had sex,Disagree,1215,4635,26.2%,24.3%,28.3%,1.9%,2.0%
2022,All Responses,All Schools,sh_16,Most 16 year olds have not had sex,Not sure,1970,4635,42.5%,40.3%,44.8%,2.2%,2.3%
2022,All Responses,All Schools,sh_access,they know how to access sexual health services?,No,3630,10685,34.0%,32.6%,35.4%,1.4%,1.4%
2022,All Responses,All Schools,sh_access,they know how to access sexual health services?,Not sure,3305,10685,30.9%,29.6%,32.3%,1.4%,1.4%
2022,All Responses,All Schools,sh_access,they know how to access sexual health services?,Yes,3750,10685,35.1%,33.7%,36.5%,1.4%,1.4%
2022,All Responses,All Schools,sh_condoms,Using condoms is necessary to prevent sexually transmitted infections and unplanned pregnancies,Agree,4135,4625,89.4%,87.9%,90.7%,1.5%,1.3%
2022,All Responses,All Schools,sh_condoms,Using condoms is necessary to prevent sexually transmitted infections and unplanned pregnancies,Disagree,180,4625,3.9%,3.1%,4.9%,0.8%,1.0%
2022,All Responses,All Schools,sh_condoms,Using condoms is necessary to prevent sexually transmitted infections and unplanned pregnancies,Not sure,310,4625,6.7%,5.7%,7.9%,1.0%,1.2%
2022,All Responses,All Schools,sh_condomsti,"If you have sex without a condom, you should get an STI test.",Agree,2910,4625,62.9%,60.7%,65.1%,2.2%,2.2%
2022,All Responses,All Schools,sh_condomsti,"If you have sex without a condom, you should get an STI test.",Disagree,535,4625,11.6%,10.2%,13.1%,1.4%,1.5%
2022,All Responses,All Schools,sh_condomsti,"If you have sex without a condom, you should get an STI test.",Not sure,1180,4625,25.5%,23.6%,27.5%,1.9%,2.0%
2022,All Responses,All Schools,sh_pregnancy,Getting pregnant or getting someone else pregnant now would negatively affect my future plans,Agree,3545,4625,76.6%,74.7%,78.5%,2.0%,1.9%
2022,All Responses,All Schools,sh_pregnancy,Getting pregnant or getting someone else pregnant now would negatively affect my future plans,Disagree,300,4625,6.5%,5.5%,7.7%,1.0%,1.2%
2022,All Responses,All Schools,sh_pregnancy,Getting pregnant or getting someone else pregnant now would negatively affect my future plans,Not sure,780,4625,16.9%,15.2%,18.6%,1.6%,1.8%
2022,All Responses,All Schools,sh_pressure,There is pressure on young people to have sex,Agree,2080,4620,45.0%,42.8%,47.3%,2.2%,2.3%
2022,All Responses,All Schools,sh_pressure,There is pressure on young people to have sex,Disagree,1120,4620,24.2%,22.3%,26.2%,1.9%,2.0%
2022,All Responses,All Schools,sh_pressure,There is pressure on young people to have sex,Not sure,1420,4620,30.7%,28.7%,32.9%,2.1%,2.1%
2022,All Responses,All Schools,sh_schooled,I think the quality of the relationships and sex education I receive at school is good.,Agree,1730,4620,37.4%,35.3%,39.7%,2.2%,2.2%
2022,All Responses,All Schools,sh_schooled,I think the quality of the relationships and sex education I receive at school is good.,Disagree,1215,4620,26.3%,24.3%,28.3%,2.0%,2.0%
2022,All Responses,All Schools,sh_schooled,I think the quality of the relationships and sex education I receive at school is good.,Not sure,1675,4620,36.3%,34.1%,38.5%,2.2%,2.2%
2022,All Responses,All Schools,sh_serious,Being in a serious/long-term relationship before having sex is important,Agree,2070,4620,44.8%,42.6%,47.1%,2.2%,2.3%
2022,All Responses,All Schools,sh_serious,Being in a serious/long-term relationship before having sex is important,Disagree,1115,4620,24.1%,22.2%,26.1%,1.9%,2.0%
2022,All Responses,All Schools,sh_serious,Being in a serious/long-term relationship before having sex is important,Not sure,1435,4620,31.1%,29.0%,33.2%,2.1%,2.1%
2022,All Responses,All Schools,sh_support,their preferable source of support to get contraception or a test for Sexually Transmitted Infection (STI),Doctor,3955,10140,39.0%,37.5%,40.5%,1.5%,1.5%
2022,All Responses,All Schools,sh_support,their preferable source of support to get contraception or a test for Sexually Transmitted Infection (STI),Helpline,155,10140,1.5%,1.2%,2.0%,0.3%,0.4%
2022,All Responses,All Schools,sh_support,their preferable source of support to get contraception or a test for Sexually Transmitted Infection (STI),Online (e.g. Sexwise website),655,10140,6.5%,5.7%,7.3%,0.7%,0.8%
2022,All Responses,All Schools,sh_support,their preferable source of support to get contraception or a test for Sexually Transmitted Infection (STI),Other,950,10140,9.4%,8.5%,10.3%,0.9%,0.9%
2022,All Responses,All Schools,sh_support,their preferable source of support to get contraception or a test for Sexually Transmitted Infection (STI),Pharmacy,1935,10140,19.1%,17.9%,20.3%,1.2%,1.2%
2022,All Responses,All Schools,sh_support,their preferable source of support to get contraception or a test for Sexually Transmitted Infection (STI),School/College,310,10140,3.1%,2.6%,3.6%,0.5%,0.6%
2022,All Responses,All Schools,sh_support,their preferable source of support to get contraception or a test for Sexually Transmitted Infection (STI),Sexual health clinic,2065,10140,20.4%,19.2%,21.6%,1.2%,1.3%
2022,All Responses,All Schools,sh_support,their preferable source of support to get contraception or a test for Sexually Transmitted Infection (STI),Youth Worker / Service,115,10140,1.1%,0.9%,1.5%,0.3%,0.4%
2022,All Responses,All Schools,sh_wait,It is fine to wait to have sex,Agree,4260,4620,92.2%,90.9%,93.3%,1.3%,1.1%
2022,All Responses,All Schools,sh_wait,It is fine to wait to have sex,Disagree,85,4620,1.8%,1.3%,2.6%,0.5%,0.7%
2022,All Responses,All Schools,sh_wait,It is fine to wait to have sex,Not sure,275,4620,6.0%,5.0%,7.1%,1.0%,1.2%
2022,All Responses,All Schools,shinfo_clinic,sexual health clinics,No,10920,11150,97.9%,97.5%,98.3%,0.5%,0.4%
2022,All Responses,All Schools,shinfo_clinic,sexual health clinics,Yes,230,11150,2.1%,1.7%,2.5%,0.4%,0.5%
2022,All Responses,All Schools,shinfo_doctor,health professionals,No,10625,11150,95.3%,94.6%,95.9%,0.7%,0.6%
2022,All Responses,All Schools,shinfo_doctor,health professionals,Yes,525,11150,4.7%,4.1%,5.4%,0.6%,0.7%
2022,All Responses,All Schools,shinfo_friends,friends,No,7155,11155,64.1%,62.7%,65.5%,1.4%,1.4%
2022,All Responses,All Schools,shinfo_friends,friends,Yes,4000,11155,35.9%,34.5%,37.3%,1.4%,1.4%
2022,All Responses,All Schools,shinfo_healthsite,healthcare websites,No,9960,11150,89.3%,88.4%,90.2%,0.9%,0.9%
2022,All Responses,All Schools,shinfo_healthsite,healthcare websites,Yes,1190,11150,10.7%,9.8%,11.6%,0.9%,0.9%
2022,All Responses,All Schools,shinfo_helpline,telephone helplines,No,11110,11150,99.6%,99.4%,99.8%,0.2%,0.1%
2022,All Responses,All Schools,shinfo_helpline,telephone helplines,Yes,40,11150,0.4%,0.2%,0.6%,0.1%,0.2%
2022,All Responses,All Schools,shinfo_media,media,No,8975,11150,80.5%,79.3%,81.6%,1.2%,1.1%
2022,All Responses,All Schools,shinfo_media,media,Yes,2175,11150,19.5%,18.4%,20.7%,1.1%,1.2%
2022,All Responses,All Schools,shinfo_other,other,No,10290,11150,92.3%,91.5%,93.0%,0.8%,0.7%
2022,All Responses,All Schools,shinfo_other,other,Yes,860,11150,7.7%,7.0%,8.5%,0.7%,0.8%
2022,All Responses,All Schools,shinfo_parents,parents,No,7140,11150,64.0%,62.6%,65.4%,1.4%,1.4%
2022,All Responses,All Schools,shinfo_parents,parents,Yes,4010,11150,36.0%,34.6%,37.4%,1.4%,1.4%
2022,All Responses,All Schools,shinfo_porn,pornography,No,10600,11150,95.1%,94.4%,95.7%,0.7%,0.6%
2022,All Responses,All Schools,shinfo_porn,pornography,Yes,550,11150,4.9%,4.3%,5.6%,0.6%,0.7%
2022,All Responses,All Schools,shinfo_poster,"posters, leaflets, reference books",No,10790,11150,96.8%,96.2%,97.2%,0.6%,0.5%
2022,All Responses,All Schools,shinfo_poster,"posters, leaflets, reference books",Yes,360,11150,3.2%,2.8%,3.8%,0.5%,0.6%
2022,All Responses,All Schools,shinfo_relations,siblings or relatives,No,9960,11150,89.3%,88.4%,90.2%,0.9%,0.9%
2022,All Responses,All Schools,shinfo_relations,siblings or relatives,Yes,1190,11150,10.7%,9.8%,11.6%,0.9%,0.9%
2022,All Responses,All Schools,shinfo_school,school,No,5360,11150,48.1%,46.6%,49.5%,1.5%,1.5%
2022,All Responses,All Schools,shinfo_school,school,Yes,5790,11150,51.9%,50.5%,53.4%,1.5%,1.5%
2022,All Responses,All Schools,shinfo_yw,Youth Workers,No,11035,11155,98.9%,98.6%,99.2%,0.3%,0.3%
2022,All Responses,All Schools,shinfo_yw,Youth Workers,Yes,120,11155,1.1%,0.8%,1.4%,0.3%,0.3%
2022,All Responses,All Schools,skipschool_COVID-19,COVID-19,No,11150,11150,100.0%,99.9%,100.0%,0.1%,0.0%
2022,All Responses,All Schools,skipschool_appointments,medical/dental appointments,No,6660,11150,59.7%,58.3%,61.2%,1.4%,1.4%
2022,All Responses,All Schools,skipschool_appointments,medical/dental appointments,Yes,4490,11150,40.3%,38.8%,41.7%,1.4%,1.4%
2022,All Responses,All Schools,skipschool_care,caring for family,No,10655,11155,95.5%,94.9%,96.1%,0.6%,0.6%
2022,All Responses,All Schools,skipschool_care,caring for family,Yes,500,11155,4.5%,3.9%,5.1%,0.6%,0.6%
2022,All Responses,All Schools,skipschool_illness,illness/injury unrelated to COVID-19,No,4125,11150,37.0%,35.6%,38.4%,1.4%,1.4%
2022,All Responses,All Schools,skipschool_illness,illness/injury unrelated to COVID-19,Yes,7025,11150,63.0%,61.6%,64.4%,1.4%,1.4%
2022,All Responses,All Schools,skipschool_mentalhealth,mental health reasons,No,9495,11150,85.2%,84.1%,86.2%,1.1%,1.0%
2022,All Responses,All Schools,skipschool_mentalhealth,mental health reasons,Yes,1655,11150,14.8%,13.8%,15.9%,1.0%,1.1%
2022,All Responses,All Schools,skipschool_trips,holiday,No,9710,11150,87.1%,86.1%,88.0%,1.0%,0.9%
2022,All Responses,All Schools,skipschool_trips,holiday,Yes,1440,11150,12.9%,12.0%,13.9%,0.9%,1.0%
2022,All Responses,All Schools,skipschool_worriesbully,bullying,No,10715,11150,96.1%,95.5%,96.6%,0.6%,0.5%
2022,All Responses,All Schools,skipschool_worriesbully,bullying,Yes,435,11150,3.9%,3.4%,4.5%,0.5%,0.6%
2022,All Responses,All Schools,skipschool_worriesschool,worries about schoolwork,No,10110,11155,90.6%,89.7%,91.5%,0.9%,0.8%
2022,All Responses,All Schools,skipschool_worriesschool,worries about schoolwork,Yes,1045,11155,9.4%,8.5%,10.3%,0.8%,0.9%
2022,All Responses,All Schools,smoke_ever,the statement that best describes them regarding smoking,I have never smoked,9950,11060,90.0%,89.0%,90.8%,0.9%,0.8%
2022,All Responses,All Schools,smoke_ever,the statement that best describes them regarding smoking,I have tried smoking once or twice,710,11060,6.4%,5.7%,7.2%,0.7%,0.8%
2022,All Responses,All Schools,smoke_ever,the statement that best describes them regarding smoking,I smoke occasionally (less than 1 cigarette a week),155,11060,1.4%,1.1%,1.8%,0.3%,0.4%
2022,All Responses,All Schools,smoke_ever,the statement that best describes them regarding smoking,I smoke regularly (once a week or more),150,11060,1.4%,1.1%,1.7%,0.3%,0.4%
2022,All Responses,All Schools,smoke_ever,the statement that best describes them regarding smoking,"I used to smoke, but I don’t now",95,11060,0.9%,0.6%,1.2%,0.2%,0.3%
2022,All Responses,All Schools,smoke_reduce,if they want to reduce or stop smoking,I'd like to reduce the amount I smoke but not stop,90,295,30.5%,22.9%,39.3%,7.6%,8.8%
2022,All Responses,All Schools,smoke_reduce,if they want to reduce or stop smoking,"No, I want to keep smoking",150,295,50.8%,42.0%,59.7%,8.9%,8.8%
2022,All Responses,All Schools,smoke_reduce,if they want to reduce or stop smoking,"Yes, I'd like to stop smoking",55,295,18.6%,12.7%,26.6%,6.0%,7.9%
2022,All Responses,All Schools,smoke_secondhand,people smoke around them,Always,410,11080,3.7%,3.2%,4.3%,0.5%,0.6%
2022,All Responses,All Schools,smoke_secondhand,people smoke around them,Never,6245,11080,56.4%,54.9%,57.8%,1.5%,1.4%
2022,All Responses,All Schools,smoke_secondhand,people smoke around them,Often,875,11080,7.9%,7.1%,8.7%,0.8%,0.8%
2022,All Responses,All Schools,smoke_secondhand,people smoke around them,Sometimes,3550,11080,32.0%,30.7%,33.4%,1.4%,1.4%
2022,All Responses,All Schools,solvents_exp,solvents as drugs,No,810,875,92.6%,89.3%,94.9%,3.2%,2.3%
2022,All Responses,All Schools,solvents_exp,solvents as drugs,Yes,65,875,7.4%,5.1%,10.7%,2.3%,3.2%
2022,All Responses,All Schools,solvents_offered,solvents as drugs,No,11150,11150,100.0%,99.9%,100.0%,0.1%,0.0%
2022,All Responses,All Schools,std_chlamydia,chlamydia,I have heard of it but know nothing about it,4640,10730,43.2%,41.8%,44.7%,1.5%,1.5%
2022,All Responses,All Schools,std_chlamydia,chlamydia,I have never heard of it,3535,10730,32.9%,31.6%,34.4%,1.4%,1.4%
2022,All Responses,All Schools,std_chlamydia,chlamydia,It can be both treated and cured,1950,10730,18.2%,17.1%,19.4%,1.1%,1.2%
2022,All Responses,All Schools,std_chlamydia,chlamydia,It can be treated but not cured,605,10730,5.6%,5.0%,6.4%,0.6%,0.7%
2022,All Responses,All Schools,std_gono,gonorrhoea,I have heard of it but know nothing about it,4435,10755,41.2%,39.8%,42.7%,1.5%,1.5%
2022,All Responses,All Schools,std_gono,gonorrhoea,I have never heard of it,3765,10755,35.0%,33.6%,36.4%,1.4%,1.4%
2022,All Responses,All Schools,std_gono,gonorrhoea,It can be both treated and cured,2020,10755,18.8%,17.6%,20.0%,1.1%,1.2%
2022,All Responses,All Schools,std_gono,gonorrhoea,It can be treated but not cured,535,10755,5.0%,4.4%,5.7%,0.6%,0.7%
2022,All Responses,All Schools,std_hiv,HIV,I have heard of it but know nothing about it,4265,10740,39.7%,38.3%,41.2%,1.4%,1.5%
2022,All Responses,All Schools,std_hiv,HIV,I have never heard of it,2295,10740,21.4%,20.2%,22.6%,1.2%,1.2%
2022,All Responses,All Schools,std_hiv,HIV,It can be both treated and cured,560,10740,5.2%,4.6%,5.9%,0.6%,0.7%
2022,All Responses,All Schools,std_hiv,HIV,It can be treated but not cured,3620,10740,33.7%,32.3%,35.1%,1.4%,1.4%
2022,All Responses,All Schools,std_syphilis,syphilis,I have heard of it but know nothing about it,4360,10695,40.8%,39.3%,42.2%,1.5%,1.5%
2022,All Responses,All Schools,std_syphilis,syphilis,I have never heard of it,4530,10695,42.4%,40.9%,43.8%,1.5%,1.5%
2022,All Responses,All Schools,std_syphilis,syphilis,It can be both treated and cured,1235,10695,11.5%,10.6%,12.5%,0.9%,1.0%
2022,All Responses,All Schools,std_syphilis,syphilis,It can be treated but not cured,570,10695,5.3%,4.7%,6.0%,0.6%,0.7%
2022,All Responses,All Schools,steroids_exp,muscle-building steroids,No,820,875,93.7%,90.7%,95.8%,3.0%,2.1%
2022,All Responses,All Schools,steroids_exp,muscle-building steroids,Yes,55,875,6.3%,4.2%,9.3%,2.1%,3.0%
2022,All Responses,All Schools,steroids_offered,muscle-building steroids,No,11150,11150,100.0%,99.9%,100.0%,0.1%,0.0%
2022,All Responses,All Schools,sus_barriers_finance,financial cost,No,7260,11150,65.1%,63.7%,66.5%,1.4%,1.4%
2022,All Responses,All Schools,sus_barriers_finance,financial cost,Yes,3890,11150,34.9%,33.5%,36.3%,1.4%,1.4%
2022,All Responses,All Schools,sus_barriers_no_consider,sustainability is not a consideration in their household,No,10595,11150,95.0%,94.3%,95.6%,0.7%,0.6%
2022,All Responses,All Schools,sus_barriers_no_consider,sustainability is not a consideration in their household,Yes,555,11150,5.0%,4.4%,5.7%,0.6%,0.7%
2022,All Responses,All Schools,sus_barriers_other,other barriers,No,9135,11150,81.9%,80.8%,83.0%,1.2%,1.1%
2022,All Responses,All Schools,sus_barriers_other,other barriers,Yes,2015,11150,18.1%,17.0%,19.2%,1.1%,1.2%
2022,All Responses,All Schools,sus_barriers_time,convenience/time,No,6575,11155,58.9%,57.5%,60.4%,1.4%,1.4%
2022,All Responses,All Schools,sus_barriers_time,convenience/time,Yes,4580,11155,41.1%,39.6%,42.5%,1.4%,1.4%
2022,All Responses,All Schools,sus_barriers_unsure,uncertainty on what to do,No,9000,11150,80.7%,79.5%,81.8%,1.2%,1.1%
2022,All Responses,All Schools,sus_barriers_unsure,uncertainty on what to do,Yes,2150,11150,19.3%,18.2%,20.5%,1.1%,1.2%
2022,All Responses,All Schools,sustain_electric_car,drive an electric car,No,9595,11150,86.1%,85.0%,87.0%,1.0%,1.0%
2022,All Responses,All Schools,sustain_electric_car,drive an electric car,Yes,1555,11150,13.9%,13.0%,15.0%,1.0%,1.0%
2022,All Responses,All Schools,sustain_leftoverfood,use up leftover food,No,4235,11150,38.0%,36.6%,39.4%,1.4%,1.4%
2022,All Responses,All Schools,sustain_leftoverfood,use up leftover food,Yes,6915,11150,62.0%,60.6%,63.4%,1.4%,1.4%
2022,All Responses,All Schools,sustain_localfood,use locally grown food,No,8560,11150,76.8%,75.5%,78.0%,1.3%,1.2%
2022,All Responses,All Schools,sustain_localfood,use locally grown food,Yes,2590,11150,23.2%,22.0%,24.5%,1.2%,1.3%
2022,All Responses,All Schools,sustain_nthg,don't do anything,No,10715,11150,96.1%,95.5%,96.6%,0.6%,0.5%
2022,All Responses,All Schools,sustain_nthg,don't do anything,Yes,435,11150,3.9%,3.4%,4.5%,0.5%,0.6%
2022,All Responses,All Schools,sustain_other,do other actions,No,10065,11155,90.2%,89.3%,91.1%,0.9%,0.8%
2022,All Responses,All Schools,sustain_other,do other actions,Yes,1090,11155,9.8%,8.9%,10.7%,0.8%,0.9%
2022,All Responses,All Schools,sustain_recycle,recycling,No,3760,11150,33.7%,32.4%,35.1%,1.4%,1.4%
2022,All Responses,All Schools,sustain_recycle,recycling,Yes,7390,11150,66.3%,64.9%,67.6%,1.4%,1.4%
2022,All Responses,All Schools,sustain_save_energy,have energy-saving measures,No,4205,11150,37.7%,36.3%,39.1%,1.4%,1.4%
2022,All Responses,All Schools,sustain_save_energy,have energy-saving measures,Yes,6945,11150,62.3%,60.9%,63.7%,1.4%,1.4%
2022,All Responses,All Schools,sustain_save_water,have water-saving measures,No,7370,11150,66.1%,64.7%,67.5%,1.4%,1.4%
2022,All Responses,All Schools,sustain_save_water,have water-saving measures,Yes,3780,11150,33.9%,32.5%,35.3%,1.4%,1.4%
2022,All Responses,All Schools,sustain_single_plastic,reduce single-use plastic waste,No,5215,11150,46.8%,45.3%,48.2%,1.5%,1.5%
2022,All Responses,All Schools,sustain_single_plastic,reduce single-use plastic waste,Yes,5935,11150,53.2%,51.8%,54.7%,1.5%,1.5%
2022,All Responses,All Schools,sustain_solar,installed solar panels,No,10315,11150,92.5%,91.7%,93.2%,0.8%,0.7%
2022,All Responses,All Schools,sustain_solar,installed solar panels,Yes,835,11150,7.5%,6.8%,8.3%,0.7%,0.8%
2022,All Responses,All Schools,sustain_sus_products,use sustainably-sourced products,No,8730,11150,78.3%,77.1%,79.5%,1.2%,1.2%
2022,All Responses,All Schools,sustain_sus_products,use sustainably-sourced products,Yes,2420,11150,21.7%,20.5%,22.9%,1.2%,1.2%
2022,All Responses,All Schools,sustain_transport,"walk, cycle or take public transport",No,4970,11150,44.6%,43.1%,46.0%,1.4%,1.5%
2022,All Responses,All Schools,sustain_transport,"walk, cycle or take public transport",Yes,6180,11150,55.4%,54.0%,56.9%,1.5%,1.4%
2022,All Responses,All Schools,vaping,the statement that best describes them regarding vaping/e-cigarettes,I have never vaped,9080,11070,82.0%,80.9%,83.1%,1.2%,1.1%
2022,All Responses,All Schools,vaping,the statement that best describes them regarding vaping/e-cigarettes,I have vaped once or twice,1145,11070,10.3%,9.5%,11.3%,0.9%,0.9%
2022,All Responses,All Schools,vaping,the statement that best describes them regarding vaping/e-cigarettes,"I used to vape, but I don’t now",220,11070,2.0%,1.6%,2.4%,0.4%,0.5%
2022,All Responses,All Schools,vaping,the statement that best describes them regarding vaping/e-cigarettes,I vape occasionally (less than once a week),285,11070,2.6%,2.1%,3.1%,0.4%,0.5%
2022,All Responses,All Schools,vaping,the statement that best describes them regarding vaping/e-cigarettes,I vape regularly (once a week or more),340,11070,3.1%,2.6%,3.6%,0.5%,0.5%
2022,All Responses,All Schools,vaping_reducesmoke,have used vaping/ e-cigarettes to reduce smoking,No,295,395,74.7%,67.4%,80.8%,7.3%,6.1%
2022,All Responses,All Schools,vaping_reducesmoke,have used vaping/ e-cigarettes to reduce smoking,Yes,100,395,25.3%,19.2%,32.6%,6.1%,7.3%
2022,All Responses,All Schools,views_listened_school,feels that their views are listened to at school,No,2700,10850,24.9%,23.6%,26.2%,1.3%,1.3%
2022,All Responses,All Schools,views_listened_school,feels that their views are listened to at school,Sometimes,5515,10850,50.8%,49.3%,52.3%,1.5%,1.5%
2022,All Responses,All Schools,views_listened_school,feels that their views are listened to at school,Yes,2635,10850,24.3%,23.0%,25.6%,1.2%,1.3%
2022,All Responses,All Schools,violence_involved,have been involved in a violent incident in the past year,No,9270,10875,85.2%,84.2%,86.3%,1.1%,1.0%
2022,All Responses,All Schools,violence_involved,have been involved in a violent incident in the past year,Prefer not to say,595,10875,5.5%,4.8%,6.2%,0.6%,0.7%
2022,All Responses,All Schools,violence_involved,have been involved in a violent incident in the past year,"Yes, I was the victim",460,10875,4.2%,3.7%,4.9%,0.6%,0.6%
2022,All Responses,All Schools,violence_involved,have been involved in a violent incident in the past year,"Yes, but I wasn't the victim",550,10875,5.1%,4.4%,5.7%,0.6%,0.7%
2022,All Responses,All Schools,violence_weapon_involved,have been involved in a violent incident where a weapon was used or threatened in the past year,No,10055,10840,92.8%,92.0%,93.5%,0.8%,0.7%
2022,All Responses,All Schools,violence_weapon_involved,have been involved in a violent incident where a weapon was used or threatened in the past year,Prefer not to say,330,10840,3.0%,2.6%,3.6%,0.5%,0.6%
2022,All Responses,All Schools,violence_weapon_involved,have been involved in a violent incident where a weapon was used or threatened in the past year,"Yes, I was the victim",205,10840,1.9%,1.5%,2.3%,0.4%,0.4%
2022,All Responses,All Schools,violence_weapon_involved,have been involved in a violent incident where a weapon was used or threatened in the past year,"Yes, but I wasn't the victim",250,10840,2.3%,1.9%,2.8%,0.4%,0.5%
2022,All Responses,All Schools,weight,how they would describe their current weight,Don't know/ Prefer not to say,2535,11070,22.9%,21.7%,24.2%,1.2%,1.3%
2022,All Responses,All Schools,weight,how they would describe their current weight,Just Right,6435,11070,58.1%,56.7%,59.6%,1.5%,1.4%
2022,All Responses,All Schools,weight,how they would describe their current weight,Overweight,1095,11070,9.9%,9.0%,10.8%,0.8%,0.9%
2022,All Responses,All Schools,weight,how they would describe their current weight,Underweight,1005,11070,9.1%,8.3%,10.0%,0.8%,0.9%
2022,All Responses,All Schools,worry_bully,bullying,No,8940,11150,80.2%,79.0%,81.3%,1.2%,1.1%
2022,All Responses,All Schools,worry_bully,bullying,Yes,2210,11150,19.8%,18.7%,21.0%,1.1%,1.2%
2022,All Responses,All Schools,worry_crime,crime,No,9200,11150,82.5%,81.4%,83.6%,1.1%,1.1%
2022,All Responses,All Schools,worry_crime,crime,Yes,1950,11150,17.5%,16.4%,18.6%,1.1%,1.1%
2022,All Responses,All Schools,worry_drugsalcohol,drugs/alcohol,No,10295,11150,92.3%,91.5%,93.1%,0.8%,0.7%
2022,All Responses,All Schools,worry_drugsalcohol,drugs/alcohol,Yes,855,11150,7.7%,6.9%,8.5%,0.7%,0.8%
2022,All Responses,All Schools,worry_environment,the environment,No,8575,11155,76.9%,75.6%,78.1%,1.3%,1.2%
2022,All Responses,All Schools,worry_environment,the environment,Yes,2580,11155,23.1%,21.9%,24.4%,1.2%,1.3%
2022,All Responses,All Schools,worry_family,family problems,No,8360,11150,75.0%,73.7%,76.2%,1.3%,1.2%
2022,All Responses,All Schools,worry_family,family problems,Yes,2790,11150,25.0%,23.8%,26.3%,1.2%,1.3%
2022,All Responses,All Schools,worry_friends,issues with friends,No,7125,11155,63.9%,62.5%,65.3%,1.4%,1.4%
2022,All Responses,All Schools,worry_friends,issues with friends,Yes,4030,11155,36.1%,34.7%,37.5%,1.4%,1.4%
2022,All Responses,All Schools,worry_future,future prospects,No,5830,11155,52.3%,50.8%,53.7%,1.5%,1.5%
2022,All Responses,All Schools,worry_future,future prospects,Yes,5325,11155,47.7%,46.3%,49.2%,1.5%,1.5%
2022,All Responses,All Schools,worry_gambling,gambling,No,10785,11150,96.7%,96.2%,97.2%,0.6%,0.5%
2022,All Responses,All Schools,worry_gambling,gambling,Yes,365,11150,3.3%,2.8%,3.8%,0.5%,0.6%
2022,All Responses,All Schools,worry_incrime,getting involved in crime,No,10140,11150,90.9%,90.1%,91.7%,0.9%,0.8%
2022,All Responses,All Schools,worry_incrime,getting involved in crime,Yes,1010,11150,9.1%,8.3%,9.9%,0.8%,0.9%
2022,All Responses,All Schools,worry_lgbt,sexual orientation/identity,No,9775,11150,87.7%,86.7%,88.6%,1.0%,0.9%
2022,All Responses,All Schools,worry_lgbt,sexual orientation/identity,Yes,1375,11150,12.3%,11.4%,13.3%,0.9%,1.0%
2022,All Responses,All Schools,worry_lonely,feeling lonely,No,6970,11150,62.5%,61.1%,63.9%,1.4%,1.4%
2022,All Responses,All Schools,worry_lonely,feeling lonely,Yes,4180,11150,37.5%,36.1%,38.9%,1.4%,1.4%
2022,All Responses,All Schools,worry_look,their appearance,No,5700,11155,51.1%,49.6%,52.6%,1.5%,1.5%
2022,All Responses,All Schools,worry_look,their appearance,Yes,5455,11155,48.9%,47.4%,50.4%,1.5%,1.5%
2022,All Responses,All Schools,worry_mental,their mental health,No,6655,11150,59.7%,58.2%,61.1%,1.4%,1.4%
2022,All Responses,All Schools,worry_mental,their mental health,Yes,4495,11150,40.3%,38.9%,41.8%,1.4%,1.4%
2022,All Responses,All Schools,worry_money,money problems (including family finances),No,8420,11150,75.5%,74.2%,76.8%,1.3%,1.2%
2022,All Responses,All Schools,worry_money,money problems (including family finances),Yes,2730,11150,24.5%,23.2%,25.8%,1.2%,1.3%
2022,All Responses,All Schools,worry_phys,their physical health,No,7765,11150,69.6%,68.3%,71.0%,1.4%,1.3%
2022,All Responses,All Schools,worry_phys,their physical health,Yes,3385,11150,30.4%,29.0%,31.7%,1.3%,1.4%
2022,All Responses,All Schools,worry_racism,racism,No,9195,11155,82.4%,81.3%,83.5%,1.1%,1.1%
2022,All Responses,All Schools,worry_racism,racism,Yes,1960,11155,17.6%,16.5%,18.7%,1.1%,1.1%
2022,All Responses,All Schools,worry_relationships,relationships/sexual health,No,9270,11150,83.1%,82.0%,84.2%,1.1%,1.1%
2022,All Responses,All Schools,worry_relationships,relationships/sexual health,Yes,1880,11150,16.9%,15.8%,18.0%,1.1%,1.1%
2022,All Responses,All Schools,worry_school,schoolwork,No,4865,11150,43.6%,42.2%,45.1%,1.4%,1.5%
2022,All Responses,All Schools,worry_school,schoolwork,Yes,6285,11150,56.4%,54.9%,57.8%,1.5%,1.4%
2022,All Responses,All Schools,worry_siblings,problems with siblings,No,11150,11150,100.0%,99.9%,100.0%,0.1%,0.0%
2022,All Responses,All Schools,worry_socialmedia,social media,No,9035,11150,81.0%,79.9%,82.2%,1.2%,1.1%
2022,All Responses,All Schools,worry_socialmedia,social media,Yes,2115,11150,19.0%,17.8%,20.1%,1.1%,1.2%
2022,All Responses,All Schools,worry_treatgirls,how men treat/speak to girls,No,7915,11150,71.0%,69.6%,72.3%,1.3%,1.3%
2022,All Responses,All Schools,worry_treatgirls,how men treat/speak to girls,Yes,3235,11150,29.0%,27.7%,30.4%,1.3%,1.3%
2022,All Responses,All Schools,worry_violenceboys,harrassment/violence against boys,No,9860,11150,88.4%,87.5%,89.3%,1.0%,0.9%
2022,All Responses,All Schools,worry_violenceboys,harrassment/violence against boys,Yes,1290,11150,11.6%,10.7%,12.5%,0.9%,1.0%
2022,All Responses,All Schools,worry_violencegirls,harrassment/violence against girls,No,8290,11150,74.3%,73.1%,75.6%,1.3%,1.3%
2022,All Responses,All Schools,worry_violencegirls,harrassment/violence against girls,Yes,2860,11150,25.7%,24.4%,26.9%,1.3%,1.3%
2022,All Responses,All Schools,xanex_exp,Xanax,No,810,870,93.1%,90.0%,95.3%,3.1%,2.2%
2022,All Responses,All Schools,xanex_exp,Xanax,Yes,60,870,6.9%,4.7%,10.0%,2.2%,3.1%
2022,All Responses,All Schools,xanex_offered,Xanax,No,11150,11150,100.0%,99.9%,100.0%,0.1%,0.0%
2022,Female,All Schools,District,District,Broxbourne,145,5845,2.5%,1.9%,3.2%,0.6%,0.7%
2022,Female,All Schools,District,District,Dacorum,460,5845,7.9%,6.8%,9.0%,1.0%,1.2%
2022,Female,All Schools,District,District,East Hertfordshire,275,5845,4.7%,3.9%,5.6%,0.8%,0.9%
2022,Female,All Schools,District,District,Hertsmere,415,5845,7.1%,6.1%,8.2%,1.0%,1.1%
2022,Female,All Schools,District,District,North Hertfordshire,430,5845,7.4%,6.4%,8.5%,1.0%,1.1%
2022,Female,All Schools,District,District,Outside of Hertfordshire,285,5845,4.9%,4.1%,5.8%,0.8%,0.9%
2022,Female,All Schools,District,District,Prefer not to say / Unknown,310,5845,5.3%,4.5%,6.3%,0.8%,1.0%
2022,Female,All Schools,District,District,St Albans,1565,5845,26.8%,25.0%,28.6%,1.8%,1.8%
2022,Female,All Schools,District,District,Stevenage,145,5845,2.5%,1.9%,3.2%,0.6%,0.7%
2022,Female,All Schools,District,District,Three Rivers,600,5845,10.3%,9.1%,11.6%,1.2%,1.3%
2022,Female,All Schools,District,District,Watford,575,5845,9.8%,8.7%,11.1%,1.1%,1.3%
2022,Female,All Schools,District,District,Welwyn Hatfield,640,5845,10.9%,9.8%,12.3%,1.2%,1.3%
2022,Female,All Schools,District_school,NA,Broxbourne,180,5830,3.1%,2.5%,3.9%,0.6%,0.8%
2022,Female,All Schools,District_school,NA,Dacorum,390,5830,6.7%,5.7%,7.8%,0.9%,1.1%
2022,Female,All Schools,District_school,NA,East Hertfordshire,270,5830,4.6%,3.9%,5.6%,0.8%,0.9%
2022,Female,All Schools,District_school,NA,Hertsmere,480,5830,8.2%,7.2%,9.4%,1.0%,1.2%
2022,Female,All Schools,District_school,NA,North Hertfordshire,390,5830,6.7%,5.7%,7.8%,0.9%,1.1%
2022,Female,All Schools,District_school,NA,Outside of Hertfordshire,0,5830,0.0%,0.0%,0.2%,0.0%,0.2%
2022,Female,All Schools,District_school,NA,St Albans,1690,5830,29.0%,27.2%,30.9%,1.8%,1.9%
2022,Female,All Schools,District_school,NA,Stevenage,135,5830,2.3%,1.8%,3.0%,0.5%,0.7%
2022,Female,All Schools,District_school,NA,Three Rivers,1415,5830,24.3%,22.6%,26.0%,1.7%,1.8%
2022,Female,All Schools,District_school,NA,Watford,180,5830,3.1%,2.5%,3.9%,0.6%,0.8%
2022,Female,All Schools,District_school,NA,Welwyn Hatfield,700,5830,12.0%,10.8%,13.4%,1.3%,1.4%
2022,Female,All Schools,Q8978241.18,NA,No,5850,5850,100.0%,99.8%,100.0%,0.2%,-0.0%
2022,Female,All Schools,age,Age,10,0,5845,0.0%,0.0%,0.2%,0.0%,0.2%
2022,Female,All Schools,age,Age,11,790,5845,13.5%,12.2%,15.0%,1.3%,1.4%
2022,Female,All Schools,age,Age,12,1220,5845,20.9%,19.3%,22.6%,1.6%,1.7%
2022,Female,All Schools,age,Age,13,1060,5845,18.1%,16.6%,19.7%,1.5%,1.6%
2022,Female,All Schools,age,Age,14,990,5845,16.9%,15.5%,18.5%,1.5%,1.6%
2022,Female,All Schools,age,Age,15,680,5845,11.6%,10.4%,13.0%,1.2%,1.4%
2022,Female,All Schools,age,Age,16,505,5845,8.6%,7.6%,9.8%,1.1%,1.2%
2022,Female,All Schools,age,Age,17,475,5845,8.1%,7.1%,9.3%,1.0%,1.2%
2022,Female,All Schools,age,Age,18,125,5845,2.1%,1.6%,2.8%,0.5%,0.7%
2022,Female,All Schools,age,Age,19,0,5845,0.0%,0.0%,0.2%,0.0%,0.2%
2022,Female,All Schools,alcohol_6more,how often they have six or more drinks on one occasion,Daily or almost daily,10,1540,0.6%,0.3%,1.7%,0.4%,1.0%
2022,Female,All Schools,alcohol_6more,how often they have six or more drinks on one occasion,Less than monthly,475,1540,30.8%,27.3%,34.6%,3.5%,3.7%
2022,Female,All Schools,alcohol_6more,how often they have six or more drinks on one occasion,Monthly,235,1540,15.3%,12.6%,18.3%,2.6%,3.0%
2022,Female,All Schools,alcohol_6more,how often they have six or more drinks on one occasion,Never,765,1540,49.7%,45.8%,53.6%,3.9%,3.9%
2022,Female,All Schools,alcohol_6more,how often they have six or more drinks on one occasion,Weekly,55,1540,3.6%,2.4%,5.3%,1.2%,1.8%
2022,Female,All Schools,alcohol_ever,how often they had an alcohol-containing drink in the past three months,2-3 times a week,120,5805,2.1%,1.6%,2.7%,0.5%,0.7%
2022,Female,All Schools,alcohol_ever,how often they had an alcohol-containing drink in the past three months,2-4 times a month,610,5805,10.5%,9.3%,11.8%,1.2%,1.3%
2022,Female,All Schools,alcohol_ever,how often they had an alcohol-containing drink in the past three months,4 or more times a week,20,5805,0.3%,0.2%,0.7%,0.2%,0.3%
2022,Female,All Schools,alcohol_ever,how often they had an alcohol-containing drink in the past three months,Monthly or less,805,5805,13.9%,12.5%,15.3%,1.3%,1.5%
2022,Female,All Schools,alcohol_ever,how often they had an alcohol-containing drink in the past three months,Never,4250,5805,73.2%,71.4%,75.0%,1.8%,1.8%
2022,Female,All Schools,alcohol_reduce,want to reduce or stop drinking,I'd like to reduce the amount I drink but not stop,345,1430,24.1%,20.8%,27.8%,3.3%,3.7%
2022,Female,All Schools,alcohol_reduce,want to reduce or stop drinking,"No, I want to keep drinking alcohol",920,1430,64.3%,60.3%,68.1%,4.0%,3.8%
2022,Female,All Schools,alcohol_reduce,want to reduce or stop drinking,"Yes, I'd like to stop drinking alcohol",165,1430,11.5%,9.2%,14.4%,2.4%,2.9%
2022,Female,All Schools,amphetamine_offered,amphetamines,No,5850,5850,100.0%,99.8%,100.0%,0.2%,-0.0%
2022,Female,All Schools,amphetamines_exp,amphetamines,No,420,425,98.8%,95.8%,99.7%,3.0%,0.9%
2022,Female,All Schools,amphetamines_exp,amphetamines,Yes,5,425,1.2%,0.3%,4.2%,0.9%,3.0%
2022,Female,All Schools,approached_anonymous_report,reported the crime anonymously,No,5850,5850,100.0%,99.8%,100.0%,0.2%,-0.0%
2022,Female,All Schools,approached_argue,argued or fought back,No,5850,5850,100.0%,99.8%,100.0%,0.2%,-0.0%
2022,Female,All Schools,approached_other,other,No,5850,5850,100.0%,99.8%,100.0%,0.2%,-0.0%
2022,Female,All Schools,approached_toldadult,told an adult,No,5850,5850,100.0%,99.8%,100.0%,0.2%,-0.0%
2022,Female,All Schools,approached_toldfriend,told a friend,No,5850,5850,100.0%,99.8%,100.0%,0.2%,-0.0%
2022,Female,All Schools,approached_toldpolice,told the police,No,5850,5850,100.0%,99.8%,100.0%,0.2%,-0.0%
2022,Female,All Schools,approached_toldself,kept it to themselves,No,5850,5850,100.0%,99.8%,100.0%,0.2%,-0.0%
2022,Female,All Schools,approached_walkaway,walked away,No,5850,5850,100.0%,99.8%,100.0%,0.2%,-0.0%
2022,Female,All Schools,brushteeth,how many times they brushed their teeth yesterday,0,80,5820,1.4%,1.0%,1.9%,0.4%,0.6%
2022,Female,All Schools,brushteeth,how many times they brushed their teeth yesterday,1,910,5820,15.6%,14.2%,17.2%,1.4%,1.5%
2022,Female,All Schools,brushteeth,how many times they brushed their teeth yesterday,2 or more,4830,5820,83.0%,81.4%,84.5%,1.6%,1.5%
2022,Female,All Schools,bullied,have ever been bullied or picked on,No,3275,5845,56.0%,54.0%,58.0%,2.0%,2.0%
2022,Female,All Schools,bullied,have ever been bullied or picked on,Yes,2570,5845,44.0%,42.0%,46.0%,2.0%,2.0%
2022,Female,All Schools,bullied_currently,are currently being bullied or picked on,No,1955,2560,76.4%,73.7%,78.9%,2.7%,2.5%
2022,Female,All Schools,bullied_currently,are currently being bullied or picked on,Prefer not to say,330,2560,12.9%,11.0%,15.1%,1.9%,2.2%
2022,Female,All Schools,bullied_currently,are currently being bullied or picked on,Yes,275,2560,10.7%,9.0%,12.8%,1.7%,2.0%
2022,Female,All Schools,bullied_internet,they have been bullied online,No,2100,2575,81.6%,79.1%,83.8%,2.5%,2.2%
2022,Female,All Schools,bullied_internet,they have been bullied online,Yes,475,2575,18.4%,16.2%,20.9%,2.2%,2.5%
2022,Female,All Schools,bullied_none,have no experiences with bullying,No,3310,5850,56.6%,54.6%,58.6%,2.0%,2.0%
2022,Female,All Schools,bullied_none,have no experiences with bullying,Yes,2540,5850,43.4%,41.4%,45.4%,2.0%,2.0%
2022,Female,All Schools,bullied_others,have ever bullied or picked on someone else,No,5445,5850,93.1%,92.0%,94.0%,1.1%,1.0%
2022,Female,All Schools,bullied_others,have ever bullied or picked on someone else,Yes,405,5850,6.9%,6.0%,8.0%,1.0%,1.1%
2022,Female,All Schools,bullied_outschool,they have been bullied somewhere other than school,No,2130,2575,82.7%,80.3%,84.9%,2.4%,2.2%
2022,Female,All Schools,bullied_outschool,they have been bullied somewhere other than school,Yes,445,2575,17.3%,15.1%,19.7%,2.2%,2.4%
2022,Female,All Schools,bullied_prefer_not_say,would prefer not to respond about their experiences with bullying,No,5265,5845,90.1%,88.8%,91.2%,1.3%,1.1%
2022,Female,All Schools,bullied_prefer_not_say,would prefer not to respond about their experiences with bullying,Yes,580,5845,9.9%,8.8%,11.2%,1.1%,1.3%
2022,Female,All Schools,bullied_school,they have been bullied at school,No,195,2570,7.6%,6.1%,9.4%,1.5%,1.8%
2022,Female,All Schools,bullied_school,they have been bullied at school,Yes,2375,2570,92.4%,90.6%,93.9%,1.8%,1.5%
2022,Female,All Schools,buyalc_friend,from a friend or relative,No,790,1600,49.4%,45.5%,53.2%,3.8%,3.9%
2022,Female,All Schools,buyalc_friend,from a friend or relative,Yes,810,1600,50.6%,46.8%,54.5%,3.9%,3.8%
2022,Female,All Schools,buyalc_home,from home,No,835,1600,52.2%,48.3%,56.0%,3.9%,3.8%
2022,Female,All Schools,buyalc_home,from home,Yes,765,1600,47.8%,44.0%,51.7%,3.8%,3.9%
2022,Female,All Schools,buyalc_internet,from the internet,No,1585,1600,99.1%,98.0%,99.6%,1.1%,0.5%
2022,Female,All Schools,buyalc_internet,from the internet,Yes,15,1600,0.9%,0.4%,2.0%,0.5%,1.1%
2022,Female,All Schools,buyalc_pubbar,from a pub/bar,No,1425,1600,89.1%,86.4%,91.2%,2.6%,2.2%
2022,Female,All Schools,buyalc_pubbar,from a pub/bar,Yes,175,1600,10.9%,8.8%,13.6%,2.2%,2.6%
2022,Female,All Schools,buyalc_smallshop,from a small shop/off-licence,No,1325,1600,82.8%,79.7%,85.5%,3.1%,2.7%
2022,Female,All Schools,buyalc_smallshop,from a small shop/off-licence,Yes,275,1600,17.2%,14.5%,20.3%,2.7%,3.1%
2022,Female,All Schools,buyalc_supermarket,from a supermarket,No,1420,1600,88.8%,86.1%,91.0%,2.7%,2.2%
2022,Female,All Schools,buyalc_supermarket,from a supermarket,Yes,180,1600,11.2%,9.0%,13.9%,2.2%,2.7%
2022,Female,All Schools,buycig_friend,from a friend or relative,No,165,245,67.3%,57.6%,75.8%,9.8%,8.5%
2022,Female,All Schools,buycig_friend,from a friend or relative,Yes,80,245,32.7%,24.2%,42.4%,8.5%,9.8%
2022,Female,All Schools,buycig_internet,from the internet,No,245,250,98.0%,93.0%,99.4%,5.0%,1.4%
2022,Female,All Schools,buycig_internet,from the internet,Yes,5,250,2.0%,0.6%,7.0%,1.4%,5.0%
2022,Female,All Schools,buycig_pubbar,from a pub/bar,No,240,250,96.0%,90.2%,98.4%,5.8%,2.4%
2022,Female,All Schools,buycig_pubbar,from a pub/bar,Yes,10,250,4.0%,1.6%,9.8%,2.4%,5.8%
2022,Female,All Schools,buycig_smallshop,from a small shop/off-licence,No,160,250,64.0%,54.3%,72.7%,9.7%,8.7%
2022,Female,All Schools,buycig_smallshop,from a small shop/off-licence,Yes,90,250,36.0%,27.3%,45.7%,8.7%,9.7%
2022,Female,All Schools,buycig_supermarker,from a supermarket,No,235,250,94.0%,87.5%,97.2%,6.5%,3.2%
2022,Female,All Schools,buycig_supermarker,from a supermarket,Yes,15,250,6.0%,2.8%,12.5%,3.2%,6.5%
2022,Female,All Schools,buydrug_bar,pubs/bars/clubs,No,420,425,98.8%,95.8%,99.7%,3.0%,0.9%
2022,Female,All Schools,buydrug_bar,pubs/bars/clubs,Yes,5,425,1.2%,0.3%,4.2%,0.9%,3.0%
2022,Female,All Schools,buydrug_friend,friend or relative,No,235,420,56.0%,48.4%,63.2%,7.5%,7.3%
2022,Female,All Schools,buydrug_friend,friend or relative,Yes,185,420,44.0%,36.8%,51.6%,7.3%,7.5%
2022,Female,All Schools,buydrug_internet,the internet,No,410,425,96.5%,92.5%,98.4%,3.9%,1.9%
2022,Female,All Schools,buydrug_internet,the internet,Yes,15,425,3.5%,1.6%,7.5%,1.9%,3.9%
2022,Female,All Schools,buydrug_other,other sources,No,360,425,84.7%,78.6%,89.3%,6.2%,4.6%
2022,Female,All Schools,buydrug_other,other sources,Yes,65,425,15.3%,10.7%,21.4%,4.6%,6.2%
2022,Female,All Schools,buydrug_school,school,No,420,425,98.8%,95.8%,99.7%,3.0%,0.9%
2022,Female,All Schools,buydrug_school,school,Yes,5,425,1.2%,0.3%,4.2%,0.9%,3.0%
2022,Female,All Schools,buydrug_streets,on the street,No,375,420,89.3%,83.7%,93.1%,5.6%,3.8%
2022,Female,All Schools,buydrug_streets,on the street,Yes,45,420,10.7%,6.9%,16.3%,3.8%,5.6%
2022,Female,All Schools,cannabis_exp,cannabis,No,195,425,45.9%,38.6%,53.4%,7.3%,7.5%
2022,Female,All Schools,cannabis_exp,cannabis,Yes,230,425,54.1%,46.6%,61.4%,7.5%,7.3%
2022,Female,All Schools,cannabis_offered,cannabis,No,5850,5850,100.0%,99.8%,100.0%,0.2%,-0.0%
2022,Female,All Schools,caring,"help to look after a family member with a serious, mental or physical, illness or disability",No,4870,5785,84.2%,82.6%,85.6%,1.5%,1.4%
2022,Female,All Schools,caring,"help to look after a family member with a serious, mental or physical, illness or disability",Prefer not to say,355,5785,6.1%,5.2%,7.2%,0.9%,1.0%
2022,Female,All Schools,caring,"help to look after a family member with a serious, mental or physical, illness or disability",Yes,560,5785,9.7%,8.5%,10.9%,1.1%,1.3%
2022,Female,All Schools,carry_protection,carry weapons for protection when going out,Always,25,5760,0.4%,0.2%,0.8%,0.2%,0.4%
2022,Female,All Schools,carry_protection,carry weapons for protection when going out,Never,5395,5760,93.7%,92.6%,94.6%,1.1%,0.9%
2022,Female,All Schools,carry_protection,carry weapons for protection when going out,Prefer not to say,110,5760,1.9%,1.4%,2.6%,0.5%,0.6%
2022,Female,All Schools,carry_protection,carry weapons for protection when going out,Sometimes,185,5760,3.2%,2.6%,4.0%,0.6%,0.8%
2022,Female,All Schools,carry_protection,carry weapons for protection when going out,Usually,45,5760,0.8%,0.5%,1.2%,0.3%,0.4%
2022,Female,All Schools,carry_protection_other,know anyone who carries a weapons for protection when going out,Don't know,1070,5685,18.8%,17.3%,20.5%,1.5%,1.7%
2022,Female,All Schools,carry_protection_other,know anyone who carries a weapons for protection when going out,No,4020,5685,70.7%,68.8%,72.5%,1.9%,1.8%
2022,Female,All Schools,carry_protection_other,know anyone who carries a weapons for protection when going out,Prefer not to say,165,5685,2.9%,2.3%,3.7%,0.6%,0.8%
2022,Female,All Schools,carry_protection_other,know anyone who carries a weapons for protection when going out,Yes,430,5685,7.6%,6.5%,8.7%,1.0%,1.2%
2022,Female,All Schools,cla,child looked after (lived with foster carers/care home),No,5580,5775,96.6%,95.8%,97.3%,0.8%,0.7%
2022,Female,All Schools,cla,child looked after (lived with foster carers/care home),Prefer not to say,90,5775,1.6%,1.1%,2.1%,0.4%,0.6%
2022,Female,All Schools,cla,child looked after (lived with foster carers/care home),Yes,105,5775,1.8%,1.3%,2.4%,0.5%,0.6%
2022,Female,All Schools,clubs_arts,an arts and crafts group,Currently attending,480,4965,9.7%,8.4%,11.0%,1.2%,1.4%
2022,Female,All Schools,clubs_arts,an arts and crafts group,Don't want to attend,3255,4965,65.6%,63.4%,67.6%,2.1%,2.1%
2022,Female,All Schools,clubs_arts,an arts and crafts group,Would like to attend,1230,4965,24.8%,22.9%,26.7%,1.8%,1.9%
2022,Female,All Schools,clubs_doe,Duke of Edinburgh,Currently attending,955,4980,19.2%,17.5%,21.0%,1.7%,1.8%
2022,Female,All Schools,clubs_doe,Duke of Edinburgh,Don't want to attend,2905,4980,58.3%,56.2%,60.5%,2.2%,2.1%
2022,Female,All Schools,clubs_doe,Duke of Edinburgh,Would like to attend,1120,4980,22.5%,20.7%,24.4%,1.8%,1.9%
2022,Female,All Schools,clubs_music,a music club/group,Currently attending,1075,5015,21.4%,19.7%,23.3%,1.7%,1.8%
2022,Female,All Schools,clubs_music,a music club/group,Don't want to attend,3225,5015,64.3%,62.2%,66.4%,2.1%,2.1%
2022,Female,All Schools,clubs_music,a music club/group,Would like to attend,715,5015,14.3%,12.8%,15.9%,1.5%,1.6%
2022,Female,All Schools,clubs_other,other group,Currently attending,775,3880,20.0%,18.1%,22.0%,1.9%,2.1%
2022,Female,All Schools,clubs_other,other group,Don't want to attend,2625,3880,67.7%,65.3%,69.9%,2.4%,2.3%
2022,Female,All Schools,clubs_other,other group,Would like to attend,480,3880,12.4%,10.8%,14.1%,1.5%,1.7%
2022,Female,All Schools,clubs_perform,a drama/performing arts/dance group,Currently attending,1360,5090,26.7%,24.8%,28.7%,1.9%,2.0%
2022,Female,All Schools,clubs_perform,a drama/performing arts/dance group,Don't want to attend,2860,5090,56.2%,54.0%,58.3%,2.2%,2.1%
2022,Female,All Schools,clubs_perform,a drama/performing arts/dance group,Would like to attend,870,5090,17.1%,15.5%,18.8%,1.6%,1.7%
2022,Female,All Schools,clubs_religion,a religious group,Currently attending,395,4840,8.2%,7.0%,9.5%,1.1%,1.3%
2022,Female,All Schools,clubs_religion,a religious group,Don't want to attend,4210,4840,87.0%,85.4%,88.4%,1.6%,1.4%
2022,Female,All Schools,clubs_religion,a religious group,Would like to attend,235,4840,4.9%,4.0%,5.9%,0.9%,1.0%
2022,Female,All Schools,clubs_schoolclub,a club/group at school,Currently attending,2240,5100,43.9%,41.8%,46.1%,2.1%,2.2%
2022,Female,All Schools,clubs_schoolclub,a club/group at school,Don't want to attend,2370,5100,46.5%,44.3%,48.6%,2.1%,2.2%
2022,Female,All Schools,clubs_schoolclub,a club/group at school,Would like to attend,490,5100,9.6%,8.4%,11.0%,1.2%,1.4%
2022,Female,All Schools,clubs_sports,a sports group,Currently attending,2620,5275,49.7%,47.5%,51.8%,2.1%,2.1%
2022,Female,All Schools,clubs_sports,a sports group,Don't want to attend,1705,5275,32.3%,30.4%,34.3%,2.0%,2.0%
2022,Female,All Schools,clubs_sports,a sports group,Would like to attend,950,5275,18.0%,16.4%,19.7%,1.6%,1.7%
2022,Female,All Schools,clubs_syp,Services for Young People,Currently attending,140,4805,2.9%,2.3%,3.8%,0.7%,0.8%
2022,Female,All Schools,clubs_syp,Services for Young People,Don't want to attend,4185,4805,87.1%,85.5%,88.5%,1.6%,1.4%
2022,Female,All Schools,clubs_syp,Services for Young People,Would like to attend,480,4805,10.0%,8.7%,11.4%,1.3%,1.4%
2022,Female,All Schools,clubs_uniformed,uniformed group,Currently attending,680,4945,13.8%,12.3%,15.3%,1.4%,1.6%
2022,Female,All Schools,clubs_uniformed,uniformed group,Don't want to attend,3875,4945,78.4%,76.5%,80.1%,1.9%,1.8%
2022,Female,All Schools,clubs_uniformed,uniformed group,Would like to attend,390,4945,7.9%,6.8%,9.2%,1.1%,1.3%
2022,Female,All Schools,clubs_volunteering,volunteering/social action group,Currently attending,760,4920,15.4%,13.9%,17.1%,1.5%,1.7%
2022,Female,All Schools,clubs_volunteering,volunteering/social action group,Don't want to attend,3085,4920,62.7%,60.6%,64.8%,2.2%,2.1%
2022,Female,All Schools,clubs_volunteering,volunteering/social action group,Would like to attend,1075,4920,21.8%,20.1%,23.7%,1.8%,1.9%
2022,Female,All Schools,cocaine_exp,cocaine,No,410,425,96.5%,92.5%,98.4%,3.9%,1.9%
2022,Female,All Schools,cocaine_exp,cocaine,Yes,15,425,3.5%,1.6%,7.5%,1.9%,3.9%
2022,Female,All Schools,cocaine_offered,cocaine,No,5850,5850,100.0%,99.8%,100.0%,0.2%,-0.0%
2022,Female,All Schools,condition_adhd,ADHD,No,5575,5850,95.3%,94.4%,96.1%,0.9%,0.8%
2022,Female,All Schools,condition_adhd,ADHD,Yes,275,5850,4.7%,3.9%,5.6%,0.8%,0.9%
2022,Female,All Schools,condition_autism,autism,No,5695,5845,97.4%,96.7%,98.0%,0.7%,0.6%
2022,Female,All Schools,condition_autism,autism,Yes,150,5845,2.6%,2.0%,3.3%,0.6%,0.7%
2022,Female,All Schools,condition_disability,physical disability,No,5765,5850,98.5%,98.0%,99.0%,0.6%,0.4%
2022,Female,All Schools,condition_disability,physical disability,Yes,85,5850,1.5%,1.0%,2.0%,0.4%,0.6%
2022,Female,All Schools,condition_mental,diagnosed mental health condition,No,5110,5850,87.4%,85.9%,88.6%,1.4%,1.3%
2022,Female,All Schools,condition_mental,diagnosed mental health condition,Yes,740,5850,12.6%,11.4%,14.1%,1.3%,1.4%
2022,Female,All Schools,condition_physical,physical condition,No,5295,5850,90.5%,89.3%,91.6%,1.3%,1.1%
2022,Female,All Schools,condition_physical,physical condition,Yes,555,5850,9.5%,8.4%,10.7%,1.1%,1.3%
2022,Female,All Schools,condition_send,special education need(s) or learning difficulty,No,5545,5845,94.9%,93.9%,95.7%,1.0%,0.8%
2022,Female,All Schools,condition_send,special education need(s) or learning difficulty,Yes,300,5845,5.1%,4.3%,6.1%,0.8%,1.0%
2022,Female,All Schools,condoms_free,they know where they can get condoms for free,No,1095,2410,45.4%,42.3%,48.6%,3.1%,3.1%
2022,Female,All Schools,condoms_free,they know where they can get condoms for free,Not sure,445,2410,18.5%,16.1%,21.0%,2.3%,2.6%
2022,Female,All Schools,condoms_free,they know where they can get condoms for free,Yes,870,2410,36.1%,33.1%,39.2%,3.0%,3.1%
2022,Female,All Schools,cope_alcohol,by drinking alcohol,No,5660,5845,96.8%,96.0%,97.5%,0.8%,0.6%
2022,Female,All Schools,cope_alcohol,by drinking alcohol,Yes,185,5845,3.2%,2.5%,4.0%,0.6%,0.8%
2022,Female,All Schools,cope_counselling,by having counselling,No,5530,5850,94.5%,93.5%,95.4%,1.0%,0.8%
2022,Female,All Schools,cope_counselling,by having counselling,Yes,320,5850,5.5%,4.6%,6.5%,0.8%,1.0%
2022,Female,All Schools,cope_creative,by doing creative activities,No,4155,5845,71.1%,69.2%,72.9%,1.9%,1.8%
2022,Female,All Schools,cope_creative,by doing creative activities,Yes,1690,5845,28.9%,27.1%,30.8%,1.8%,1.9%
2022,Female,All Schools,cope_drugs,by doing drugs,No,5775,5850,98.7%,98.2%,99.1%,0.5%,0.4%
2022,Female,All Schools,cope_drugs,by doing drugs,Yes,75,5850,1.3%,0.9%,1.8%,0.4%,0.5%
2022,Female,All Schools,cope_eat,by eating more,No,4870,5850,83.2%,81.7%,84.7%,1.6%,1.5%
2022,Female,All Schools,cope_eat,by eating more,Yes,980,5850,16.8%,15.3%,18.3%,1.5%,1.6%
2022,Female,All Schools,cope_exercise,by exercising,No,4265,5845,73.0%,71.1%,74.7%,1.8%,1.8%
2022,Female,All Schools,cope_exercise,by exercising,Yes,1580,5845,27.0%,25.3%,28.9%,1.8%,1.8%
2022,Female,All Schools,cope_games,by playing computer games,No,5255,5850,89.8%,88.5%,91.0%,1.3%,1.2%
2022,Female,All Schools,cope_games,by playing computer games,Yes,595,5850,10.2%,9.0%,11.5%,1.2%,1.3%
2022,Female,All Schools,cope_internet,by looking for help online,No,5260,5850,89.9%,88.6%,91.1%,1.3%,1.2%
2022,Female,All Schools,cope_internet,by looking for help online,Yes,590,5850,10.1%,8.9%,11.4%,1.2%,1.3%
2022,Female,All Schools,cope_music,by listening to music,No,2180,5845,37.3%,35.4%,39.3%,1.9%,2.0%
2022,Female,All Schools,cope_music,by listening to music,Yes,3665,5845,62.7%,60.7%,64.6%,2.0%,1.9%
2022,Female,All Schools,cope_nothing,by doing nothing,No,4425,5845,75.7%,73.9%,77.4%,1.8%,1.7%
2022,Female,All Schools,cope_nothing,by doing nothing,Yes,1420,5845,24.3%,22.6%,26.1%,1.7%,1.8%
2022,Female,All Schools,cope_other,by other methods,No,5345,5845,91.4%,90.2%,92.5%,1.2%,1.1%
2022,Female,All Schools,cope_other,by other methods,Yes,500,5845,8.6%,7.5%,9.8%,1.1%,1.2%
2022,Female,All Schools,cope_selfharm,by self-harm,No,5270,5850,90.1%,88.8%,91.2%,1.3%,1.1%
2022,Female,All Schools,cope_selfharm,by self-harm,Yes,580,5850,9.9%,8.8%,11.2%,1.1%,1.3%
2022,Female,All Schools,cope_smoke,by smoking,No,5770,5845,98.7%,98.2%,99.1%,0.5%,0.4%
2022,Female,All Schools,cope_smoke,by smoking,Yes,75,5845,1.3%,0.9%,1.8%,0.4%,0.5%
2022,Female,All Schools,cope_talkadult,by talking to an adult that's not their carer,No,5205,5845,89.1%,87.7%,90.2%,1.3%,1.2%
2022,Female,All Schools,cope_talkadult,by talking to an adult that's not their carer,Yes,640,5845,10.9%,9.8%,12.3%,1.2%,1.3%
2022,Female,All Schools,cope_talkfamily,by talking to family,No,3450,5845,59.0%,57.0%,61.0%,2.0%,2.0%
2022,Female,All Schools,cope_talkfamily,by talking to family,Yes,2395,5845,41.0%,39.0%,43.0%,2.0%,2.0%
2022,Female,All Schools,cope_talkfriend,by talking to a friend,No,3000,5850,51.3%,49.3%,53.3%,2.0%,2.0%
2022,Female,All Schools,cope_talkfriend,by talking to a friend,Yes,2850,5850,48.7%,46.7%,50.7%,2.0%,2.0%
2022,Female,All Schools,cope_think,by thinking of a solution on their own,No,4085,5845,69.9%,68.0%,71.7%,1.9%,1.8%
2022,Female,All Schools,cope_think,by thinking of a solution on their own,Yes,1760,5845,30.1%,28.3%,32.0%,1.8%,1.9%
2022,Female,All Schools,crack_exp,crack,No,420,425,98.8%,95.8%,99.7%,3.0%,0.9%
2022,Female,All Schools,crack_exp,crack,Yes,5,425,1.2%,0.3%,4.2%,0.9%,3.0%
2022,Female,All Schools,crack_offered,crack,No,5850,5850,100.0%,99.8%,100.0%,0.2%,-0.0%
2022,Female,All Schools,dentist,check-up at the dentist within the last year,No,745,5810,12.8%,11.5%,14.2%,1.3%,1.4%
2022,Female,All Schools,dentist,check-up at the dentist within the last year,Yes,5065,5810,87.2%,85.8%,88.5%,1.4%,1.3%
2022,Female,All Schools,diet_breakfast,breakfast,2-3 days a week,755,5780,13.1%,11.8%,14.5%,1.3%,1.4%
2022,Female,All Schools,diet_breakfast,breakfast,On most days,3400,5780,58.8%,56.8%,60.8%,2.0%,2.0%
2022,Female,All Schools,diet_breakfast,breakfast,Once a week or less,515,5780,8.9%,7.8%,10.1%,1.1%,1.2%
2022,Female,All Schools,diet_breakfast,breakfast,Rarely or never,1110,5780,19.2%,17.7%,20.9%,1.5%,1.7%
2022,Female,All Schools,diet_energydrinks,energy drinks,2-3 days a week,260,5790,4.5%,3.7%,5.4%,0.8%,0.9%
2022,Female,All Schools,diet_energydrinks,energy drinks,On most days,135,5790,2.3%,1.8%,3.0%,0.5%,0.7%
2022,Female,All Schools,diet_energydrinks,energy drinks,Once a week or less,900,5790,15.5%,14.1%,17.1%,1.4%,1.5%
2022,Female,All Schools,diet_energydrinks,energy drinks,Rarely or never,4495,5790,77.6%,75.9%,79.3%,1.7%,1.6%
2022,Female,All Schools,diet_fastfood,fast food and takeaway,2-3 days a week,255,5670,4.5%,3.7%,5.4%,0.8%,0.9%
2022,Female,All Schools,diet_fastfood,fast food and takeaway,On most days,50,5670,0.9%,0.6%,1.4%,0.3%,0.5%
2022,Female,All Schools,diet_fastfood,fast food and takeaway,Once a week or less,3125,5670,55.1%,53.1%,57.1%,2.0%,2.0%
2022,Female,All Schools,diet_fastfood,fast food and takeaway,Rarely or never,2240,5670,39.5%,37.5%,41.5%,2.0%,2.0%
2022,Female,All Schools,diet_fizzydrinks,fizzy drinks,2-3 days a week,840,5745,14.6%,13.2%,16.1%,1.4%,1.5%
2022,Female,All Schools,diet_fizzydrinks,fizzy drinks,On most days,350,5745,6.1%,5.2%,7.1%,0.9%,1.0%
2022,Female,All Schools,diet_fizzydrinks,fizzy drinks,Once a week or less,2260,5745,39.3%,37.4%,41.3%,2.0%,2.0%
2022,Female,All Schools,diet_fizzydrinks,fizzy drinks,Rarely or never,2295,5745,39.9%,38.0%,42.0%,2.0%,2.0%
2022,Female,All Schools,diet_sweets,sweets or chocolate,2-3 days a week,2320,5725,40.5%,38.5%,42.5%,2.0%,2.0%
2022,Female,All Schools,diet_sweets,sweets or chocolate,On most days,1600,5725,27.9%,26.2%,29.8%,1.8%,1.9%
2022,Female,All Schools,diet_sweets,sweets or chocolate,Once a week or less,1500,5725,26.2%,24.4%,28.0%,1.8%,1.8%
2022,Female,All Schools,diet_sweets,sweets or chocolate,Rarely or never,305,5725,5.3%,4.5%,6.3%,0.8%,1.0%
2022,Female,All Schools,diet_water,water,2-3 days a week,385,5655,6.8%,5.8%,7.9%,1.0%,1.1%
2022,Female,All Schools,diet_water,water,On most days,5000,5655,88.4%,87.0%,89.7%,1.4%,1.3%
2022,Female,All Schools,diet_water,water,Once a week or less,145,5655,2.6%,2.0%,3.3%,0.6%,0.7%
2022,Female,All Schools,diet_water,water,Rarely or never,125,5655,2.2%,1.7%,2.9%,0.5%,0.7%
2022,Female,All Schools,drug_ever,the best statement that describes them regarding recreational drug use,I have never taken drugs,5425,5805,93.5%,92.4%,94.4%,1.1%,0.9%
2022,Female,All Schools,drug_ever,the best statement that describes them regarding recreational drug use,I have taken drugs once or twice,245,5805,4.2%,3.5%,5.1%,0.7%,0.9%
2022,Female,All Schools,drug_ever,the best statement that describes them regarding recreational drug use,I take drugs occasionally (less than once a week),80,5805,1.4%,1.0%,1.9%,0.4%,0.6%
2022,Female,All Schools,drug_ever,the best statement that describes them regarding recreational drug use,I take drugs regularly (once a week or more),25,5805,0.4%,0.2%,0.8%,0.2%,0.4%
2022,Female,All Schools,drug_ever,the best statement that describes them regarding recreational drug use,"I used to take drugs, but I don’t now",30,5805,0.5%,0.3%,0.9%,0.2%,0.4%
2022,Female,All Schools,drug_reduce,if they want to reduce or stop taking drugs,I'd like to reduce the amount I take but not stop,75,305,24.6%,17.8%,32.9%,6.8%,8.3%
2022,Female,All Schools,drug_reduce,if they want to reduce or stop taking drugs,"No, I want to keep taking drugs",125,305,41.0%,32.7%,49.8%,8.3%,8.8%
2022,Female,All Schools,drug_reduce,if they want to reduce or stop taking drugs,"Yes, I'd like to stop taking drugs",105,305,34.4%,26.6%,43.2%,7.8%,8.8%
2022,Female,All Schools,drugs_alcohol,ever taken drugs and drunk alcohol on the same occasion,No,115,330,34.8%,27.3%,43.3%,7.6%,8.4%
2022,Female,All Schools,drugs_alcohol,ever taken drugs and drunk alcohol on the same occasion,Not sure,20,330,6.1%,3.1%,11.5%,3.0%,5.4%
2022,Female,All Schools,drugs_alcohol,ever taken drugs and drunk alcohol on the same occasion,Yes,195,330,59.1%,50.6%,67.1%,8.5%,8.0%
2022,Female,All Schools,drugsupp_doctor,from a doctor,No,4055,5850,69.3%,67.4%,71.1%,1.9%,1.8%
2022,Female,All Schools,drugsupp_doctor,from a doctor,Yes,1795,5850,30.7%,28.9%,32.6%,1.8%,1.9%
2022,Female,All Schools,drugsupp_family,from family,No,1885,5850,32.2%,30.4%,34.1%,1.9%,1.9%
2022,Female,All Schools,drugsupp_family,from family,Yes,3965,5850,67.8%,65.9%,69.6%,1.9%,1.9%
2022,Female,All Schools,drugsupp_friends,from friends,No,3410,5845,58.3%,56.3%,60.3%,2.0%,2.0%
2022,Female,All Schools,drugsupp_friends,from friends,Yes,2435,5845,41.7%,39.7%,43.7%,2.0%,2.0%
2022,Female,All Schools,drugsupp_internet,from the internet,No,4315,5845,73.8%,72.0%,75.6%,1.8%,1.7%
2022,Female,All Schools,drugsupp_internet,from the internet,Yes,1530,5845,26.2%,24.4%,28.0%,1.7%,1.8%
2022,Female,All Schools,drugsupp_other,from other sources,No,5460,5850,93.3%,92.3%,94.3%,1.1%,0.9%
2022,Female,All Schools,drugsupp_other,from other sources,Yes,390,5850,6.7%,5.7%,7.7%,0.9%,1.1%
2022,Female,All Schools,drugsupp_teacher,from a teacher,No,4505,5850,77.0%,75.3%,78.7%,1.7%,1.7%
2022,Female,All Schools,drugsupp_teacher,from a teacher,Yes,1345,5850,23.0%,21.3%,24.7%,1.7%,1.7%
2022,Female,All Schools,drugsupp_ypservice,from Drug & Alcohol Services for young people,No,4710,5850,80.5%,78.9%,82.1%,1.6%,1.6%
2022,Female,All Schools,drugsupp_ypservice,from Drug & Alcohol Services for young people,Yes,1140,5850,19.5%,17.9%,21.1%,1.6%,1.6%
2022,Female,All Schools,drugsupp_yw,from a Youth Worker,No,5480,5850,93.7%,92.6%,94.6%,1.1%,0.9%
2022,Female,All Schools,drugsupp_yw,from a Youth Worker,Yes,370,5850,6.3%,5.4%,7.4%,0.9%,1.1%
2022,Female,All Schools,ecstasy_exp,ecstasy,No,410,425,96.5%,92.5%,98.4%,3.9%,1.9%
2022,Female,All Schools,ecstasy_exp,ecstasy,Yes,15,425,3.5%,1.6%,7.5%,1.9%,3.9%
2022,Female,All Schools,ecstasy_offered,ecstasy,No,5850,5850,100.0%,99.8%,100.0%,0.2%,-0.0%
2022,Female,All Schools,ethnicity,ethnicity,Any other ethnic group,110,5695,1.9%,1.4%,2.6%,0.5%,0.6%
2022,Female,All Schools,ethnicity,ethnicity,Asian,1005,5695,17.6%,16.1%,19.3%,1.5%,1.6%
2022,Female,All Schools,ethnicity,ethnicity,Black,385,5695,6.8%,5.8%,7.9%,1.0%,1.1%
2022,Female,All Schools,ethnicity,ethnicity,Mixed,130,5695,2.3%,1.7%,3.0%,0.5%,0.7%
2022,Female,All Schools,ethnicity,ethnicity,Prefer not to say,55,5695,1.0%,0.6%,1.5%,0.3%,0.5%
2022,Female,All Schools,ethnicity,ethnicity,White,4010,5695,70.4%,68.5%,72.2%,1.9%,1.8%
2022,Female,All Schools,hallucinogen_natural_exp,hallucinogens,No,405,425,95.3%,91.0%,97.6%,4.3%,2.3%
2022,Female,All Schools,hallucinogen_natural_exp,hallucinogens,Yes,20,425,4.7%,2.4%,9.0%,2.3%,4.3%
2022,Female,All Schools,hallucinogen_offered,hallucinogens,No,5850,5850,100.0%,99.8%,100.0%,0.2%,-0.0%
2022,Female,All Schools,heroin_exp,heroin,No,420,425,98.8%,95.8%,99.7%,3.0%,0.9%
2022,Female,All Schools,heroin_exp,heroin,Yes,5,425,1.2%,0.3%,4.2%,0.9%,3.0%
2022,Female,All Schools,heroin_offered,heroin,No,5850,5850,100.0%,99.8%,100.0%,0.2%,-0.0%
2022,Female,All Schools,herts_just_talk,have heard of Herts Just Talk,No,1870,5765,32.4%,30.6%,34.4%,1.9%,1.9%
2022,Female,All Schools,herts_just_talk,have heard of Herts Just Talk,Unsure,1010,5765,17.5%,16.0%,19.1%,1.5%,1.6%
2022,Female,All Schools,herts_just_talk,have heard of Herts Just Talk,Yes,1280,5765,22.2%,20.6%,23.9%,1.6%,1.7%
2022,Female,All Schools,herts_just_talk,have heard of Herts Just Talk,"Yes I’ve heard of it, but I’m not sure what it is",1605,5765,27.8%,26.1%,29.7%,1.8%,1.9%
2022,Female,All Schools,home_shouting,have ever been frightened by any shouting and arguing between adults or older siblings at home in the last month,Most days/Every day,350,5730,6.1%,5.2%,7.2%,0.9%,1.1%
2022,Female,All Schools,home_shouting,have ever been frightened by any shouting and arguing between adults or older siblings at home in the last month,No,3425,5730,59.8%,57.8%,61.8%,2.0%,2.0%
2022,Female,All Schools,home_shouting,have ever been frightened by any shouting and arguing between adults or older siblings at home in the last month,Once a week,325,5730,5.7%,4.8%,6.7%,0.9%,1.0%
2022,Female,All Schools,home_shouting,have ever been frightened by any shouting and arguing between adults or older siblings at home in the last month,Once or twice,1155,5730,20.2%,18.6%,21.8%,1.6%,1.7%
2022,Female,All Schools,home_shouting,have ever been frightened by any shouting and arguing between adults or older siblings at home in the last month,Prefer not to say,475,5730,8.3%,7.2%,9.5%,1.1%,1.2%
2022,Female,All Schools,home_violence,"if there has been any violence (e.g. hitting, punching, slapping) between adults or older siblings at home in the last month",Most days/Every day,65,5745,1.1%,0.8%,1.7%,0.4%,0.5%
2022,Female,All Schools,home_violence,"if there has been any violence (e.g. hitting, punching, slapping) between adults or older siblings at home in the last month",No,5065,5745,88.2%,86.8%,89.4%,1.4%,1.3%
2022,Female,All Schools,home_violence,"if there has been any violence (e.g. hitting, punching, slapping) between adults or older siblings at home in the last month",Once a week,60,5745,1.0%,0.7%,1.5%,0.3%,0.5%
2022,Female,All Schools,home_violence,"if there has been any violence (e.g. hitting, punching, slapping) between adults or older siblings at home in the last month",Once or twice,215,5745,3.7%,3.0%,4.6%,0.7%,0.9%
2022,Female,All Schools,home_violence,"if there has been any violence (e.g. hitting, punching, slapping) between adults or older siblings at home in the last month",Prefer not to say,340,5745,5.9%,5.0%,7.0%,0.9%,1.0%
2022,Female,All Schools,hopeful_future,feel hopeful about their future,Always,810,5765,14.1%,12.7%,15.5%,1.4%,1.5%
2022,Female,All Schools,hopeful_future,feel hopeful about their future,Never,355,5765,6.2%,5.3%,7.2%,0.9%,1.1%
2022,Female,All Schools,hopeful_future,feel hopeful about their future,Often,1890,5765,32.8%,30.9%,34.7%,1.9%,1.9%
2022,Female,All Schools,hopeful_future,feel hopeful about their future,Sometimes,2710,5765,47.0%,45.0%,49.0%,2.0%,2.0%
2022,Female,All Schools,imd_quintile,for their resident postcode,Quintile 1 - Most Deprived,515,5845,8.8%,7.7%,10.0%,1.1%,1.2%
2022,Female,All Schools,imd_quintile,for their resident postcode,Quintile 2,680,5845,11.6%,10.4%,13.0%,1.2%,1.4%
2022,Female,All Schools,imd_quintile,for their resident postcode,Quintile 3,820,5845,14.0%,12.7%,15.5%,1.3%,1.5%
2022,Female,All Schools,imd_quintile,for their resident postcode,Quintile 4,890,5845,15.2%,13.8%,16.7%,1.4%,1.5%
2022,Female,All Schools,imd_quintile,for their resident postcode,Quintile 5 - Least Deprived,1125,5845,19.2%,17.7%,20.9%,1.5%,1.6%
2022,Female,All Schools,imd_quintile,for their resident postcode,unknown,1815,5845,31.1%,29.2%,33.0%,1.8%,1.9%
2022,Female,All Schools,internet_info_provided,have been provided with online safety info,No,1190,5620,21.2%,19.5%,22.9%,1.6%,1.7%
2022,Female,All Schools,internet_info_provided,have been provided with online safety info,Yes,4430,5620,78.8%,77.1%,80.5%,1.7%,1.6%
2022,Female,All Schools,internet_met,have ever met someone in real life whom they first met online,No,4660,5705,81.7%,80.0%,83.2%,1.6%,1.5%
2022,Female,All Schools,internet_met,have ever met someone in real life whom they first met online,Yes,1045,5705,18.3%,16.8%,20.0%,1.5%,1.6%
2022,Female,All Schools,internet_personalinfo,have ever shared personal information with someone they have not met in real life,No,4840,5705,84.8%,83.3%,86.2%,1.5%,1.4%
2022,Female,All Schools,internet_personalinfo,have ever shared personal information with someone they have not met in real life,Yes,865,5705,15.2%,13.8%,16.7%,1.4%,1.5%
2022,Female,All Schools,internet_pictures_pressure,have ever felt pressured to send pictures of themselves to someone,No,4930,5695,86.6%,85.1%,87.9%,1.5%,1.3%
2022,Female,All Schools,internet_pictures_pressure,have ever felt pressured to send pictures of themselves to someone,Yes,765,5695,13.4%,12.1%,14.9%,1.3%,1.5%
2022,Female,All Schools,internet_pictures_upset,have ever seen a picture or post that scared them,No,3380,5715,59.1%,57.1%,61.1%,2.0%,2.0%
2022,Female,All Schools,internet_pictures_upset,have ever seen a picture or post that scared them,Yes,2335,5715,40.9%,38.9%,42.9%,2.0%,2.0%
2022,Female,All Schools,ketamine_exp,ketamine,No,395,420,94.0%,89.4%,96.7%,4.6%,2.7%
2022,Female,All Schools,ketamine_exp,ketamine,Yes,25,420,6.0%,3.3%,10.6%,2.7%,4.6%
2022,Female,All Schools,ketamine_offered,ketamine,No,5850,5850,100.0%,99.8%,100.0%,0.2%,-0.0%
2022,Female,All Schools,khat_exp,khat,No,420,420,100.0%,97.8%,100.0%,2.2%,0.0%
2022,Female,All Schools,khat_exp,khat,Yes,0,420,0.0%,0.0%,2.2%,0.0%,2.2%
2022,Female,All Schools,khat_offered,khat,No,5850,5850,100.0%,99.8%,100.0%,0.2%,-0.0%
2022,Female,All Schools,life_happyyesterday,how happy they felt yesterday overall on a scale low to high,high,1470,5850,25.1%,23.4%,26.9%,1.7%,1.8%
2022,Female,All Schools,life_happyyesterday,how happy they felt yesterday overall on a scale low to high,low,1750,5850,29.9%,28.1%,31.8%,1.8%,1.9%
2022,Female,All Schools,life_happyyesterday,how happy they felt yesterday overall on a scale low to high,medium,1395,5850,23.8%,22.2%,25.6%,1.7%,1.8%
2022,Female,All Schools,life_happyyesterday,how happy they felt yesterday overall on a scale low to high,very high,1235,5850,21.1%,19.5%,22.8%,1.6%,1.7%
2022,Female,All Schools,life_satisfied,about how satisfied they with their life on a scale of low to high,high,1950,5845,33.4%,31.5%,35.3%,1.9%,1.9%
2022,Female,All Schools,life_satisfied,about how satisfied they with their life on a scale of low to high,low,1265,5845,21.6%,20.0%,23.4%,1.6%,1.7%
2022,Female,All Schools,life_satisfied,about how satisfied they with their life on a scale of low to high,medium,1535,5845,26.3%,24.5%,28.1%,1.7%,1.8%
2022,Female,All Schools,life_satisfied,about how satisfied they with their life on a scale of low to high,very high,1095,5845,18.7%,17.2%,20.4%,1.5%,1.6%
2022,Female,All Schools,life_worthwhile,the extent to which they feel the things they do in their life are worthwhile on a scale of low to high,high,1685,5850,28.8%,27.0%,30.7%,1.8%,1.9%
2022,Female,All Schools,life_worthwhile,the extent to which they feel the things they do in their life are worthwhile on a scale of low to high,low,1310,5850,22.4%,20.8%,24.1%,1.6%,1.7%
2022,Female,All Schools,life_worthwhile,the extent to which they feel the things they do in their life are worthwhile on a scale of low to high,medium,1585,5850,27.1%,25.3%,28.9%,1.8%,1.8%
2022,Female,All Schools,life_worthwhile,the extent to which they feel the things they do in their life are worthwhile on a scale of low to high,very high,1270,5850,21.7%,20.1%,23.4%,1.6%,1.7%
2022,Female,All Schools,mental_121,1-2-1 sessions,No,5850,5850,100.0%,99.8%,100.0%,0.2%,-0.0%
2022,Female,All Schools,mental_accessed,have ever accessed mental health services before,No,3900,5720,68.2%,66.2%,70.1%,1.9%,1.9%
2022,Female,All Schools,mental_accessed,have ever accessed mental health services before,Not sure,520,5720,9.1%,8.0%,10.3%,1.1%,1.2%
2022,Female,All Schools,mental_accessed,have ever accessed mental health services before,Prefer not to say,230,5720,4.0%,3.3%,4.9%,0.7%,0.9%
2022,Female,All Schools,mental_accessed,have ever accessed mental health services before,Yes,1070,5720,18.7%,17.2%,20.4%,1.5%,1.6%
2022,Female,All Schools,mental_accessed_helpful,how helpful they found the mental health support,A little,430,1070,40.2%,35.7%,44.9%,4.5%,4.7%
2022,Female,All Schools,mental_accessed_helpful,how helpful they found the mental health support,Neither helpful nor unhelpful,140,1070,13.1%,10.2%,16.6%,2.9%,3.5%
2022,Female,All Schools,mental_accessed_helpful,how helpful they found the mental health support,Not helpful,130,1070,12.1%,9.4%,15.6%,2.8%,3.4%
2022,Female,All Schools,mental_accessed_helpful,how helpful they found the mental health support,Not very helpful,175,1070,16.4%,13.2%,20.1%,3.2%,3.8%
2022,Female,All Schools,mental_accessed_helpful,how helpful they found the mental health support,Very,195,1070,18.2%,14.9%,22.1%,3.4%,3.9%
2022,Female,All Schools,mental_activesupport,activity-based support (e.g. drama therapy),No,5850,5850,100.0%,99.8%,100.0%,0.2%,-0.0%
2022,Female,All Schools,mental_charity,charities,No,5790,5845,99.1%,98.6%,99.4%,0.5%,0.3%
2022,Female,All Schools,mental_charity,charities,Yes,55,5845,0.9%,0.6%,1.4%,0.3%,0.5%
2022,Female,All Schools,mental_clinic,a mental health clinic,No,4790,5850,81.9%,80.3%,83.4%,1.6%,1.5%
2022,Female,All Schools,mental_clinic,a mental health clinic,Yes,1060,5850,18.1%,16.6%,19.7%,1.5%,1.6%
2022,Female,All Schools,mental_doctor,a doctor,No,4985,5845,85.3%,83.8%,86.7%,1.5%,1.4%
2022,Female,All Schools,mental_doctor,a doctor,Yes,860,5845,14.7%,13.3%,16.2%,1.4%,1.5%
2022,Female,All Schools,mental_groupwork,Group work,No,5850,5850,100.0%,99.8%,100.0%,0.2%,-0.0%
2022,Female,All Schools,mental_howaccess,"know how to access services if they are worried about, or are looking for more information about their mental health",No,840,5760,14.6%,13.2%,16.1%,1.4%,1.5%
2022,Female,All Schools,mental_howaccess,"know how to access services if they are worried about, or are looking for more information about their mental health",Not sure,1340,5760,23.3%,21.6%,25.0%,1.7%,1.8%
2022,Female,All Schools,mental_howaccess,"know how to access services if they are worried about, or are looking for more information about their mental health",Yes,3580,5760,62.2%,60.2%,64.1%,2.0%,2.0%
2022,Female,All Schools,mental_internet,online,No,5850,5850,100.0%,99.8%,100.0%,0.2%,-0.0%
2022,Female,All Schools,mental_none,other,No,4560,5845,78.0%,76.3%,79.6%,1.7%,1.6%
2022,Female,All Schools,mental_none,other,Yes,1285,5845,22.0%,20.4%,23.7%,1.6%,1.7%
2022,Female,All Schools,mental_nurse,a school nurse,No,5635,5845,96.4%,95.6%,97.1%,0.8%,0.7%
2022,Female,All Schools,mental_nurse,a school nurse,Yes,210,5845,3.6%,2.9%,4.4%,0.7%,0.8%
2022,Female,All Schools,mental_parents,parents/carers,No,2140,5845,36.6%,34.7%,38.6%,1.9%,2.0%
2022,Female,All Schools,mental_parents,parents/carers,Yes,3705,5845,63.4%,61.4%,65.3%,2.0%,1.9%
2022,Female,All Schools,mental_school,the school,No,4050,5850,69.2%,67.3%,71.1%,1.9%,1.8%
2022,Female,All Schools,mental_school,the school,Yes,1800,5850,30.8%,28.9%,32.7%,1.8%,1.9%
2022,Female,All Schools,mental_talk,"agree with the statement ""It's okay for me to talk about my mental health.""",No,525,5750,9.1%,8.0%,10.4%,1.1%,1.2%
2022,Female,All Schools,mental_talk,"agree with the statement ""It's okay for me to talk about my mental health.""",Not sure,1135,5750,19.7%,18.2%,21.4%,1.6%,1.7%
2022,Female,All Schools,mental_talk,"agree with the statement ""It's okay for me to talk about my mental health.""",Yes,4090,5750,71.1%,69.2%,72.9%,1.9%,1.8%
2022,Female,All Schools,mental_type_121,1-2-1s (in person),No,2885,5850,49.3%,47.3%,51.3%,2.0%,2.0%
2022,Female,All Schools,mental_type_121,1-2-1s (in person),Yes,2965,5850,50.7%,48.7%,52.7%,2.0%,2.0%
2022,Female,All Schools,mental_type_group,groupwork,No,4480,5845,76.6%,74.9%,78.3%,1.8%,1.7%
2022,Female,All Schools,mental_type_group,groupwork,Yes,1365,5845,23.4%,21.7%,25.1%,1.7%,1.8%
2022,Female,All Schools,mental_type_online,online support,No,4580,5850,78.3%,76.6%,79.9%,1.7%,1.6%
2022,Female,All Schools,mental_type_online,online support,Yes,1270,5850,21.7%,20.1%,23.4%,1.6%,1.7%
2022,Female,All Schools,mental_type_other,other types of support,No,4255,5845,72.8%,71.0%,74.6%,1.8%,1.8%
2022,Female,All Schools,mental_type_other,other types of support,Yes,1590,5845,27.2%,25.4%,29.0%,1.8%,1.8%
2022,Female,All Schools,mental_type_phone,phone counselling,No,5290,5845,90.5%,89.3%,91.6%,1.3%,1.1%
2022,Female,All Schools,mental_type_phone,phone counselling,Yes,555,5845,9.5%,8.4%,10.7%,1.1%,1.3%
2022,Female,All Schools,mental_youthservice,the Youth Service,No,5310,5850,90.8%,89.5%,91.9%,1.2%,1.1%
2022,Female,All Schools,mental_youthservice,the Youth Service,Yes,540,5850,9.2%,8.1%,10.5%,1.1%,1.2%
2022,Female,All Schools,mephedrone_exp,mephedrone,No,420,420,100.0%,97.8%,100.0%,2.2%,0.0%
2022,Female,All Schools,mephedrone_exp,mephedrone,Yes,0,420,0.0%,0.0%,2.2%,0.0%,2.2%
2022,Female,All Schools,mephedrone_offered,mephedrone,No,5850,5850,100.0%,99.8%,100.0%,0.2%,-0.0%
2022,Female,All Schools,nitrous_oxide_exp,nitrous oxide,No,395,420,94.0%,89.4%,96.7%,4.6%,2.7%
2022,Female,All Schools,nitrous_oxide_exp,nitrous oxide,Yes,25,420,6.0%,3.3%,10.6%,2.7%,4.6%
2022,Female,All Schools,nitrous_oxide_offered,nitrous oxide,No,5850,5850,100.0%,99.8%,100.0%,0.2%,-0.0%
2022,Female,All Schools,nps_exp,novel psychoactive substances,No,420,425,98.8%,95.8%,99.7%,3.0%,0.9%
2022,Female,All Schools,nps_exp,novel psychoactive substances,Yes,5,425,1.2%,0.3%,4.2%,0.9%,3.0%
2022,Female,All Schools,nps_offered,novel psychoactive substances,No,5850,5850,100.0%,99.8%,100.0%,0.2%,-0.0%
2022,Female,All Schools,pa_30,how many days in the past week had they done 30-59 minutes of physical activity,1 to 3,2965,5850,50.7%,48.7%,52.7%,2.0%,2.0%
2022,Female,All Schools,pa_30,how many days in the past week had they done 30-59 minutes of physical activity,4 to 5,975,5850,16.7%,15.2%,18.2%,1.5%,1.6%
2022,Female,All Schools,pa_30,how many days in the past week had they done 30-59 minutes of physical activity,6 to 7,335,5850,5.7%,4.9%,6.7%,0.9%,1.0%
2022,Female,All Schools,pa_30,how many days in the past week had they done 30-59 minutes of physical activity,none,1575,5850,26.9%,25.2%,28.8%,1.8%,1.8%
2022,Female,All Schools,pa_60,how many days in the past week had they done a total of 60 minutes or more of physical activity,1 to 3,2725,5850,46.6%,44.6%,48.6%,2.0%,2.0%
2022,Female,All Schools,pa_60,how many days in the past week had they done a total of 60 minutes or more of physical activity,4 to 5,910,5850,15.6%,14.1%,17.1%,1.4%,1.5%
2022,Female,All Schools,pa_60,how many days in the past week had they done a total of 60 minutes or more of physical activity,6 to 7,450,5850,7.7%,6.7%,8.8%,1.0%,1.1%
2022,Female,All Schools,pa_60,how many days in the past week had they done a total of 60 minutes or more of physical activity,none,1765,5850,30.2%,28.3%,32.1%,1.8%,1.9%
2022,Female,All Schools,pa_fri,Friday,0-29 minutes,2050,5535,37.0%,35.1%,39.1%,2.0%,2.0%
2022,Female,All Schools,pa_fri,Friday,30-59 minutes,1935,5535,35.0%,33.0%,37.0%,2.0%,2.0%
2022,Female,All Schools,pa_fri,Friday,60 or more minutes,1550,5535,28.0%,26.2%,29.9%,1.8%,1.9%
2022,Female,All Schools,pa_mon,Monday,0-29 minutes,2100,5665,37.1%,35.1%,39.1%,2.0%,2.0%
2022,Female,All Schools,pa_mon,Monday,30-59 minutes,1795,5665,31.7%,29.8%,33.6%,1.9%,1.9%
2022,Female,All Schools,pa_mon,Monday,60 or more minutes,1770,5665,31.2%,29.4%,33.2%,1.9%,1.9%
2022,Female,All Schools,pa_sat,Saturday,0-29 minutes,2010,5535,36.3%,34.3%,38.3%,2.0%,2.0%
2022,Female,All Schools,pa_sat,Saturday,30-59 minutes,1520,5535,27.5%,25.6%,29.4%,1.8%,1.9%
2022,Female,All Schools,pa_sat,Saturday,60 or more minutes,2005,5535,36.2%,34.3%,38.2%,2.0%,2.0%
2022,Female,All Schools,pa_sun,Sunday,0-29 minutes,2560,5465,46.8%,44.8%,48.9%,2.1%,2.1%
2022,Female,All Schools,pa_sun,Sunday,30-59 minutes,1480,5465,27.1%,25.3%,29.0%,1.8%,1.9%
2022,Female,All Schools,pa_sun,Sunday,60 or more minutes,1425,5465,26.1%,24.3%,28.0%,1.8%,1.9%
2022,Female,All Schools,pa_thurs,Thursday,0-29 minutes,1880,5570,33.8%,31.8%,35.7%,1.9%,2.0%
2022,Female,All Schools,pa_thurs,Thursday,30-59 minutes,1875,5570,33.7%,31.7%,35.6%,1.9%,2.0%
2022,Female,All Schools,pa_thurs,Thursday,60 or more minutes,1815,5570,32.6%,30.7%,34.6%,1.9%,2.0%
2022,Female,All Schools,pa_tues,Tuesday,0-29 minutes,1945,5610,34.7%,32.7%,36.7%,1.9%,2.0%
2022,Female,All Schools,pa_tues,Tuesday,30-59 minutes,1915,5610,34.1%,32.2%,36.1%,1.9%,2.0%
2022,Female,All Schools,pa_tues,Tuesday,60 or more minutes,1750,5610,31.2%,29.3%,33.1%,1.9%,1.9%
2022,Female,All Schools,pa_wed,Wednesday,0-29 minutes,1905,5620,33.9%,32.0%,35.9%,1.9%,2.0%
2022,Female,All Schools,pa_wed,Wednesday,30-59 minutes,1855,5620,33.0%,31.1%,35.0%,1.9%,2.0%
2022,Female,All Schools,pa_wed,Wednesday,60 or more minutes,1860,5620,33.1%,31.2%,35.1%,1.9%,2.0%
2022,Female,All Schools,poppers_exp,poppers,No,415,420,98.8%,95.8%,99.7%,3.0%,0.9%
2022,Female,All Schools,poppers_exp,poppers,Yes,5,420,1.2%,0.3%,4.2%,0.9%,3.0%
2022,Female,All Schools,poppers_offered,poppers,No,5850,5850,100.0%,99.8%,100.0%,0.2%,-0.0%
2022,Female,All Schools,portions,portions of fruits or vegetables,0,450,5850,7.7%,6.7%,8.8%,1.0%,1.1%
2022,Female,All Schools,portions,portions of fruits or vegetables,1,705,5850,12.1%,10.8%,13.4%,1.3%,1.4%
2022,Female,All Schools,portions,portions of fruits or vegetables,2,1250,5850,21.4%,19.8%,23.1%,1.6%,1.7%
2022,Female,All Schools,portions,portions of fruits or vegetables,3,1650,5850,28.2%,26.4%,30.1%,1.8%,1.9%
2022,Female,All Schools,portions,portions of fruits or vegetables,4,1035,5850,17.7%,16.2%,19.3%,1.5%,1.6%
2022,Female,All Schools,portions,portions of fruits or vegetables,5,760,5850,13.0%,11.7%,14.4%,1.3%,1.4%
2022,Female,All Schools,prospects_education,plan to continue in education,Maybe,1255,5390,23.3%,21.6%,25.1%,1.7%,1.8%
2022,Female,All Schools,prospects_education,plan to continue in education,No,245,5390,4.5%,3.7%,5.5%,0.8%,1.0%
2022,Female,All Schools,prospects_education,plan to continue in education,Yes,3890,5390,72.2%,70.2%,74.0%,1.9%,1.8%
2022,Female,All Schools,prospects_family,plan to start a family,Maybe,1440,5030,28.6%,26.7%,30.6%,1.9%,2.0%
2022,Female,All Schools,prospects_family,plan to start a family,No,2520,5030,50.1%,47.9%,52.3%,2.2%,2.2%
2022,Female,All Schools,prospects_family,plan to start a family,Yes,1070,5030,21.3%,19.5%,23.1%,1.7%,1.8%
2022,Female,All Schools,prospects_info_apprenticeships,apprenticeships,No,4140,5850,70.8%,68.9%,72.6%,1.9%,1.8%
2022,Female,All Schools,prospects_info_apprenticeships,apprenticeships,Yes,1710,5850,29.2%,27.4%,31.1%,1.8%,1.9%
2022,Female,All Schools,prospects_info_college,college/6th form,No,3225,5850,55.1%,53.1%,57.1%,2.0%,2.0%
2022,Female,All Schools,prospects_info_college,college/6th form,Yes,2625,5850,44.9%,42.9%,46.9%,2.0%,2.0%
2022,Female,All Schools,prospects_info_gap,gap years,No,3810,5850,65.1%,63.2%,67.0%,1.9%,1.9%
2022,Female,All Schools,prospects_info_gap,gap years,Yes,2040,5850,34.9%,33.0%,36.8%,1.9%,1.9%
2022,Female,All Schools,prospects_info_jobs,jobs,No,2835,5850,48.5%,46.4%,50.5%,2.0%,2.0%
2022,Female,All Schools,prospects_info_jobs,jobs,Yes,3015,5850,51.5%,49.5%,53.6%,2.0%,2.0%
2022,Female,All Schools,prospects_info_other,other options,No,4940,5845,84.5%,83.0%,85.9%,1.5%,1.4%
2022,Female,All Schools,prospects_info_other,other options,Yes,905,5845,15.5%,14.1%,17.0%,1.4%,1.5%
2022,Female,All Schools,prospects_info_trainee,traineeships,No,4930,5850,84.3%,82.7%,85.7%,1.5%,1.4%
2022,Female,All Schools,prospects_info_trainee,traineeships,Yes,920,5850,15.7%,14.3%,17.3%,1.4%,1.5%
2022,Female,All Schools,prospects_info_uni,university,No,2245,5845,38.4%,36.5%,40.4%,1.9%,2.0%
2022,Female,All Schools,prospects_info_uni,university,Yes,3600,5845,61.6%,59.6%,63.5%,2.0%,1.9%
2022,Female,All Schools,prospects_job,plan to get a job,Maybe,1465,5235,28.0%,26.1%,29.9%,1.9%,2.0%
2022,Female,All Schools,prospects_job,plan to get a job,No,390,5235,7.4%,6.4%,8.7%,1.0%,1.2%
2022,Female,All Schools,prospects_job,plan to get a job,Yes,3380,5235,64.6%,62.5%,66.6%,2.1%,2.0%
2022,Female,All Schools,prospects_notsure,aren't sure what they want to do,Maybe,1360,4850,28.0%,26.1%,30.1%,1.9%,2.0%
2022,Female,All Schools,prospects_notsure,aren't sure what they want to do,No,1855,4850,38.2%,36.1%,40.4%,2.1%,2.2%
2022,Female,All Schools,prospects_notsure,aren't sure what they want to do,Yes,1635,4850,33.7%,31.6%,35.8%,2.1%,2.1%
2022,Female,All Schools,prospects_other,have other plans,Maybe,1800,4690,38.4%,36.2%,40.6%,2.2%,2.2%
2022,Female,All Schools,prospects_other,have other plans,No,2030,4690,43.3%,41.1%,45.5%,2.2%,2.2%
2022,Female,All Schools,prospects_other,have other plans,Yes,860,4690,18.3%,16.7%,20.1%,1.7%,1.8%
2022,Female,All Schools,prospects_support_friends,friends,No,3260,5850,55.7%,53.7%,57.7%,2.0%,2.0%
2022,Female,All Schools,prospects_support_friends,friends,Yes,2590,5850,44.3%,42.3%,46.3%,2.0%,2.0%
2022,Female,All Schools,prospects_support_idk,don't know where to get support,No,5230,5845,89.5%,88.2%,90.7%,1.3%,1.2%
2022,Female,All Schools,prospects_support_idk,don't know where to get support,Yes,615,5845,10.5%,9.3%,11.8%,1.2%,1.3%
2022,Female,All Schools,prospects_support_jobcentre,Job Centre Plus,No,5535,5850,94.6%,93.6%,95.5%,1.0%,0.8%
2022,Female,All Schools,prospects_support_jobcentre,Job Centre Plus,Yes,315,5850,5.4%,4.5%,6.4%,0.8%,1.0%
2022,Female,All Schools,prospects_support_online,online,No,4545,5845,77.8%,76.0%,79.4%,1.7%,1.6%
2022,Female,All Schools,prospects_support_online,online,Yes,1300,5845,22.2%,20.6%,24.0%,1.6%,1.7%
2022,Female,All Schools,prospects_support_parents,parent/carer,No,1405,5850,24.0%,22.3%,25.8%,1.7%,1.8%
2022,Female,All Schools,prospects_support_parents,parent/carer,Yes,4445,5850,76.0%,74.2%,77.7%,1.8%,1.7%
2022,Female,All Schools,prospects_support_school,school/teacher,No,3090,5850,52.8%,50.8%,54.8%,2.0%,2.0%
2022,Female,All Schools,prospects_support_school,school/teacher,Yes,2760,5850,47.2%,45.2%,49.2%,2.0%,2.0%
2022,Female,All Schools,prospects_support_syp,Services for Young People,No,5380,5850,92.0%,90.8%,93.0%,1.2%,1.0%
2022,Female,All Schools,prospects_support_syp,Services for Young People,Yes,470,5850,8.0%,7.0%,9.2%,1.0%,1.2%
2022,Female,All Schools,prospects_training,plan to training for a skilled job,Maybe,2195,5055,43.4%,41.3%,45.6%,2.1%,2.2%
2022,Female,All Schools,prospects_training,plan to training for a skilled job,No,1215,5055,24.0%,22.2%,25.9%,1.8%,1.9%
2022,Female,All Schools,prospects_training,plan to training for a skilled job,Yes,1645,5055,32.5%,30.5%,34.6%,2.0%,2.1%
2022,Female,All Schools,religion,religion,Any other religion,60,5810,1.0%,0.7%,1.5%,0.3%,0.5%
2022,Female,All Schools,religion,religion,Buddhist,45,5810,0.8%,0.5%,1.2%,0.3%,0.4%
2022,Female,All Schools,religion,religion,Christian,1415,5810,24.4%,22.7%,26.1%,1.7%,1.8%
2022,Female,All Schools,religion,religion,Hindu,315,5810,5.4%,4.6%,6.4%,0.8%,1.0%
2022,Female,All Schools,religion,religion,Jewish,345,5810,5.9%,5.1%,7.0%,0.9%,1.0%
2022,Female,All Schools,religion,religion,Muslim,400,5810,6.9%,5.9%,8.0%,1.0%,1.1%
2022,Female,All Schools,religion,religion,No religion,3055,5810,52.6%,50.6%,54.6%,2.0%,2.0%
2022,Female,All Schools,religion,religion,Prefer not to say,150,5810,2.6%,2.0%,3.3%,0.6%,0.7%
2022,Female,All Schools,religion,religion,Sikh,25,5810,0.4%,0.2%,0.8%,0.2%,0.4%
2022,Female,All Schools,safety_dark,going out after dark,Neither safe or unsafe,2005,5770,34.7%,32.8%,36.7%,1.9%,2.0%
2022,Female,All Schools,safety_dark,going out after dark,Safe,550,5770,9.5%,8.4%,10.8%,1.1%,1.3%
2022,Female,All Schools,safety_dark,going out after dark,Unsafe,3215,5770,55.7%,53.7%,57.7%,2.0%,2.0%
2022,Female,All Schools,safety_day,going out during the day,Neither safe or unsafe,2045,5765,35.5%,33.6%,37.4%,1.9%,2.0%
2022,Female,All Schools,safety_day,going out during the day,Safe,3485,5765,60.5%,58.4%,62.4%,2.0%,2.0%
2022,Female,All Schools,safety_day,going out during the day,Unsafe,235,5765,4.1%,3.3%,5.0%,0.7%,0.9%
2022,Female,All Schools,safety_journey,going to and from school,Neither safe or unsafe,1865,5770,32.3%,30.5%,34.3%,1.9%,1.9%
2022,Female,All Schools,safety_journey,going to and from school,Safe,3600,5770,62.4%,60.4%,64.3%,2.0%,1.9%
2022,Female,All Schools,safety_journey,going to and from school,Unsafe,305,5770,5.3%,4.4%,6.3%,0.8%,1.0%
2022,Female,All Schools,safety_school,at school,Neither safe or unsafe,1460,5760,25.3%,23.6%,27.2%,1.7%,1.8%
2022,Female,All Schools,safety_school,at school,Safe,4050,5760,70.3%,68.4%,72.1%,1.9%,1.8%
2022,Female,All Schools,safety_school,at school,Unsafe,250,5760,4.3%,3.6%,5.2%,0.8%,0.9%
2022,Female,All Schools,school_supported,felt supported by their school and that they were offered help when having difficulties,No,350,1540,22.7%,19.6%,26.2%,3.1%,3.5%
2022,Female,All Schools,school_supported,felt supported by their school and that they were offered help when having difficulties,Not sure,545,1540,35.4%,31.7%,39.2%,3.7%,3.8%
2022,Female,All Schools,school_supported,felt supported by their school and that they were offered help when having difficulties,Prefer not to say,50,1540,3.2%,2.1%,5.0%,1.1%,1.7%
2022,Female,All Schools,school_supported,felt supported by their school and that they were offered help when having difficulties,Yes,595,1540,38.6%,34.9%,42.5%,3.8%,3.9%
2022,Female,All Schools,schoolsupp_academic,they find their school is supportive of their learning and education,No,255,5735,4.4%,3.7%,5.4%,0.8%,0.9%
2022,Female,All Schools,schoolsupp_academic,they find their school is supportive of their learning and education,Not sure,125,5735,2.2%,1.7%,2.9%,0.5%,0.7%
2022,Female,All Schools,schoolsupp_academic,they find their school is supportive of their learning and education,Somewhat,1750,5735,30.5%,28.7%,32.4%,1.8%,1.9%
2022,Female,All Schools,schoolsupp_academic,they find their school is supportive of their learning and education,Yes,3605,5735,62.9%,60.9%,64.8%,2.0%,1.9%
2022,Female,All Schools,schoolsupp_wellbeing,they find their school is supportive of their emotional health and wellbeing,No,1300,5730,22.7%,21.0%,24.4%,1.7%,1.8%
2022,Female,All Schools,schoolsupp_wellbeing,they find their school is supportive of their emotional health and wellbeing,Not sure,470,5730,8.2%,7.2%,9.4%,1.1%,1.2%
2022,Female,All Schools,schoolsupp_wellbeing,they find their school is supportive of their emotional health and wellbeing,Somewhat,2305,5730,40.2%,38.2%,42.2%,2.0%,2.0%
2022,Female,All Schools,schoolsupp_wellbeing,they find their school is supportive of their emotional health and wellbeing,Yes,1655,5730,28.9%,27.1%,30.8%,1.8%,1.9%
2022,Female,All Schools,schyear,school year,Not at school/other,5,5850,0.1%,0.0%,0.3%,0.1%,0.2%
2022,Female,All Schools,schyear,school year,Year 10,940,5850,16.1%,14.6%,17.6%,1.4%,1.5%
2022,Female,All Schools,schyear,school year,Year 11,570,5850,9.7%,8.6%,11.0%,1.1%,1.3%
2022,Female,All Schools,schyear,school year,Year 12,520,5850,8.9%,7.8%,10.1%,1.1%,1.2%
2022,Female,All Schools,schyear,school year,Year 13,430,5850,7.4%,6.4%,8.5%,1.0%,1.1%
2022,Female,All Schools,schyear,school year,Year 7,1120,5850,19.1%,17.6%,20.8%,1.5%,1.6%
2022,Female,All Schools,schyear,school year,Year 8,1260,5850,21.5%,19.9%,23.2%,1.6%,1.7%
2022,Female,All Schools,schyear,school year,Year 9,1005,5850,17.2%,15.7%,18.8%,1.5%,1.6%
2022,Female,All Schools,selfharm_ever,ever self-harmed,No,3620,5710,63.4%,61.4%,65.3%,2.0%,1.9%
2022,Female,All Schools,selfharm_ever,ever self-harmed,Prefer not to say,990,5710,17.3%,15.8%,18.9%,1.5%,1.6%
2022,Female,All Schools,selfharm_ever,ever self-harmed,Yes,1100,5710,19.3%,17.7%,20.9%,1.6%,1.7%
2022,Female,All Schools,sexuality,sexual orientation,"Gay, lesbian or bisexual",595,5790,10.3%,9.1%,11.6%,1.2%,1.3%
2022,Female,All Schools,sexuality,sexual orientation,Heterosexual/Straight,4290,5790,74.1%,72.3%,75.8%,1.8%,1.7%
2022,Female,All Schools,sexuality,sexual orientation,Other,90,5790,1.6%,1.1%,2.1%,0.4%,0.6%
2022,Female,All Schools,sexuality,sexual orientation,Prefer not to say,375,5790,6.5%,5.5%,7.5%,0.9%,1.1%
2022,Female,All Schools,sexuality,sexual orientation,Undecided/Questioning,440,5790,7.6%,6.6%,8.7%,1.0%,1.1%
2022,Female,All Schools,sh_16,Most 16 year olds have not had sex,Agree,645,2425,26.6%,23.9%,29.5%,2.7%,2.9%
2022,Female,All Schools,sh_16,Most 16 year olds have not had sex,Disagree,735,2425,30.3%,27.5%,33.3%,2.8%,3.0%
2022,Female,All Schools,sh_16,Most 16 year olds have not had sex,Not sure,1045,2425,43.1%,40.0%,46.2%,3.1%,3.1%
2022,Female,All Schools,sh_access,they know how to access sexual health services?,No,1725,5640,30.6%,28.7%,32.5%,1.9%,1.9%
2022,Female,All Schools,sh_access,they know how to access sexual health services?,Not sure,1900,5640,33.7%,31.8%,35.7%,1.9%,2.0%
2022,Female,All Schools,sh_access,they know how to access sexual health services?,Yes,2015,5640,35.7%,33.8%,37.7%,1.9%,2.0%
2022,Female,All Schools,sh_condoms,Using condoms is necessary to prevent sexually transmitted infections and unplanned pregnancies,Agree,2230,2420,92.1%,90.3%,93.7%,1.9%,1.5%
2022,Female,All Schools,sh_condoms,Using condoms is necessary to prevent sexually transmitted infections and unplanned pregnancies,Disagree,65,2420,2.7%,1.8%,3.9%,0.8%,1.2%
2022,Female,All Schools,sh_condoms,Using condoms is necessary to prevent sexually transmitted infections and unplanned pregnancies,Not sure,125,2420,5.2%,3.9%,6.7%,1.2%,1.6%
2022,Female,All Schools,sh_condomsti,"If you have sex without a condom, you should get an STI test.",Agree,1585,2425,65.4%,62.3%,68.3%,3.0%,2.9%
2022,Female,All Schools,sh_condomsti,"If you have sex without a condom, you should get an STI test.",Disagree,230,2425,9.5%,7.8%,11.5%,1.7%,2.0%
2022,Female,All Schools,sh_condomsti,"If you have sex without a condom, you should get an STI test.",Not sure,610,2425,25.2%,22.5%,28.0%,2.6%,2.8%
2022,Female,All Schools,sh_pregnancy,Getting pregnant or getting someone else pregnant now would negatively affect my future plans,Agree,1830,2420,75.6%,72.8%,78.2%,2.8%,2.6%
2022,Female,All Schools,sh_pregnancy,Getting pregnant or getting someone else pregnant now would negatively affect my future plans,Disagree,165,2420,6.8%,5.4%,8.6%,1.4%,1.8%
2022,Female,All Schools,sh_pregnancy,Getting pregnant or getting someone else pregnant now would negatively affect my future plans,Not sure,425,2420,17.6%,15.3%,20.1%,2.3%,2.5%
2022,Female,All Schools,sh_pressure,There is pressure on young people to have sex,Agree,1250,2425,51.5%,48.4%,54.7%,3.1%,3.1%
2022,Female,All Schools,sh_pressure,There is pressure on young people to have sex,Disagree,450,2425,18.6%,16.2%,21.1%,2.3%,2.6%
2022,Female,All Schools,sh_pressure,There is pressure on young people to have sex,Not sure,725,2425,29.9%,27.1%,32.8%,2.8%,2.9%
2022,Female,All Schools,sh_schooled,I think the quality of the relationships and sex education I receive at school is good.,Agree,855,2415,35.4%,32.5%,38.5%,2.9%,3.1%
2022,Female,All Schools,sh_schooled,I think the quality of the relationships and sex education I receive at school is good.,Disagree,655,2415,27.1%,24.4%,30.0%,2.7%,2.9%
2022,Female,All Schools,sh_schooled,I think the quality of the relationships and sex education I receive at school is good.,Not sure,905,2415,37.5%,34.5%,40.6%,3.0%,3.1%
2022,Female,All Schools,sh_serious,Being in a serious/long-term relationship before having sex is important,Agree,1200,2415,49.7%,46.6%,52.8%,3.1%,3.1%
2022,Female,All Schools,sh_serious,Being in a serious/long-term relationship before having sex is important,Disagree,520,2415,21.5%,19.1%,24.2%,2.5%,2.7%
2022,Female,All Schools,sh_serious,Being in a serious/long-term relationship before having sex is important,Not sure,695,2415,28.8%,26.0%,31.7%,2.8%,2.9%
2022,Female,All Schools,sh_support,their preferable source of support to get contraception or a test for Sexually Transmitted Infection (STI),Doctor,2150,5390,39.9%,37.8%,42.0%,2.0%,2.1%
2022,Female,All Schools,sh_support,their preferable source of support to get contraception or a test for Sexually Transmitted Infection (STI),Helpline,90,5390,1.7%,1.2%,2.3%,0.5%,0.6%
2022,Female,All Schools,sh_support,their preferable source of support to get contraception or a test for Sexually Transmitted Infection (STI),Online (e.g. Sexwise website),340,5390,6.3%,5.4%,7.4%,0.9%,1.1%
2022,Female,All Schools,sh_support,their preferable source of support to get contraception or a test for Sexually Transmitted Infection (STI),Other,530,5390,9.8%,8.6%,11.2%,1.2%,1.3%
2022,Female,All Schools,sh_support,their preferable source of support to get contraception or a test for Sexually Transmitted Infection (STI),Pharmacy,1055,5390,19.6%,18.0%,21.3%,1.6%,1.7%
2022,Female,All Schools,sh_support,their preferable source of support to get contraception or a test for Sexually Transmitted Infection (STI),School/College,165,5390,3.1%,2.4%,3.9%,0.6%,0.8%
2022,Female,All Schools,sh_support,their preferable source of support to get contraception or a test for Sexually Transmitted Infection (STI),Sexual health clinic,1000,5390,18.6%,17.0%,20.2%,1.6%,1.7%
2022,Female,All Schools,sh_support,their preferable source of support to get contraception or a test for Sexually Transmitted Infection (STI),Youth Worker / Service,60,5390,1.1%,0.8%,1.6%,0.4%,0.5%
2022,Female,All Schools,sh_wait,It is fine to wait to have sex,Agree,2330,2420,96.3%,94.9%,97.3%,1.4%,1.0%
2022,Female,All Schools,sh_wait,It is fine to wait to have sex,Disagree,15,2420,0.6%,0.3%,1.3%,0.3%,0.7%
2022,Female,All Schools,sh_wait,It is fine to wait to have sex,Not sure,75,2420,3.1%,2.2%,4.4%,0.9%,1.3%
2022,Female,All Schools,shinfo_clinic,sexual health clinics,No,5735,5850,98.0%,97.4%,98.5%,0.6%,0.5%
2022,Female,All Schools,shinfo_clinic,sexual health clinics,Yes,115,5850,2.0%,1.5%,2.6%,0.5%,0.6%
2022,Female,All Schools,shinfo_doctor,health professionals,No,5605,5845,95.9%,95.0%,96.6%,0.9%,0.7%
2022,Female,All Schools,shinfo_doctor,health professionals,Yes,240,5845,4.1%,3.4%,5.0%,0.7%,0.9%
2022,Female,All Schools,shinfo_friends,friends,No,3540,5850,60.5%,58.5%,62.5%,2.0%,2.0%
2022,Female,All Schools,shinfo_friends,friends,Yes,2310,5850,39.5%,37.5%,41.5%,2.0%,2.0%
2022,Female,All Schools,shinfo_healthsite,healthcare websites,No,5285,5850,90.3%,89.1%,91.5%,1.3%,1.1%
2022,Female,All Schools,shinfo_healthsite,healthcare websites,Yes,565,5850,9.7%,8.5%,10.9%,1.1%,1.3%
2022,Female,All Schools,shinfo_helpline,telephone helplines,No,5835,5845,99.8%,99.6%,99.9%,0.3%,0.1%
2022,Female,All Schools,shinfo_helpline,telephone helplines,Yes,10,5845,0.2%,0.1%,0.4%,0.1%,0.3%
2022,Female,All Schools,shinfo_media,media,No,4530,5845,77.5%,75.8%,79.1%,1.7%,1.6%
2022,Female,All Schools,shinfo_media,media,Yes,1315,5845,22.5%,20.9%,24.2%,1.6%,1.7%
2022,Female,All Schools,shinfo_other,other,No,5435,5850,92.9%,91.8%,93.9%,1.1%,1.0%
2022,Female,All Schools,shinfo_other,other,Yes,415,5850,7.1%,6.1%,8.2%,1.0%,1.1%
2022,Female,All Schools,shinfo_parents,parents,No,3620,5850,61.9%,59.9%,63.8%,2.0%,1.9%
2022,Female,All Schools,shinfo_parents,parents,Yes,2230,5850,38.1%,36.2%,40.1%,1.9%,2.0%
2022,Female,All Schools,shinfo_porn,pornography,No,5740,5850,98.1%,97.5%,98.6%,0.6%,0.5%
2022,Female,All Schools,shinfo_porn,pornography,Yes,110,5850,1.9%,1.4%,2.5%,0.5%,0.6%
2022,Female,All Schools,shinfo_poster,"posters, leaflets, reference books",No,5635,5850,96.3%,95.5%,97.0%,0.8%,0.7%
2022,Female,All Schools,shinfo_poster,"posters, leaflets, reference books",Yes,215,5850,3.7%,3.0%,4.5%,0.7%,0.8%
2022,Female,All Schools,shinfo_relations,siblings or relatives,No,5170,5850,88.4%,87.0%,89.6%,1.4%,1.2%
2022,Female,All Schools,shinfo_relations,siblings or relatives,Yes,680,5850,11.6%,10.4%,13.0%,1.2%,1.4%
2022,Female,All Schools,shinfo_school,school,No,2690,5845,46.0%,44.0%,48.0%,2.0%,2.0%
2022,Female,All Schools,shinfo_school,school,Yes,3155,5845,54.0%,52.0%,56.0%,2.0%,2.0%
2022,Female,All Schools,shinfo_yw,Youth Workers,No,5785,5850,98.9%,98.4%,99.2%,0.5%,0.4%
2022,Female,All Schools,shinfo_yw,Youth Workers,Yes,65,5850,1.1%,0.8%,1.6%,0.4%,0.5%
2022,Female,All Schools,skipschool_COVID-19,COVID-19,No,5850,5850,100.0%,99.8%,100.0%,0.2%,-0.0%
2022,Female,All Schools,skipschool_appointments,medical/dental appointments,No,3290,5850,56.2%,54.2%,58.2%,2.0%,2.0%
2022,Female,All Schools,skipschool_appointments,medical/dental appointments,Yes,2560,5850,43.8%,41.8%,45.8%,2.0%,2.0%
2022,Female,All Schools,skipschool_care,caring for family,No,5600,5850,95.7%,94.8%,96.5%,0.9%,0.7%
2022,Female,All Schools,skipschool_care,caring for family,Yes,250,5850,4.3%,3.5%,5.2%,0.7%,0.9%
2022,Female,All Schools,skipschool_illness,illness/injury unrelated to COVID-19,No,2230,5845,38.2%,36.2%,40.1%,1.9%,2.0%
2022,Female,All Schools,skipschool_illness,illness/injury unrelated to COVID-19,Yes,3615,5845,61.8%,59.9%,63.8%,2.0%,1.9%
2022,Female,All Schools,skipschool_mentalhealth,mental health reasons,No,4730,5845,80.9%,79.3%,82.5%,1.6%,1.5%
2022,Female,All Schools,skipschool_mentalhealth,mental health reasons,Yes,1115,5845,19.1%,17.5%,20.7%,1.5%,1.6%
2022,Female,All Schools,skipschool_trips,holiday,No,5090,5845,87.1%,85.7%,88.4%,1.4%,1.3%
2022,Female,All Schools,skipschool_trips,holiday,Yes,755,5845,12.9%,11.6%,14.3%,1.3%,1.4%
2022,Female,All Schools,skipschool_worriesbully,bullying,No,5600,5850,95.7%,94.8%,96.5%,0.9%,0.7%
2022,Female,All Schools,skipschool_worriesbully,bullying,Yes,250,5850,4.3%,3.5%,5.2%,0.7%,0.9%
2022,Female,All Schools,skipschool_worriesschool,worries about schoolwork,No,5140,5850,87.9%,86.5%,89.1%,1.4%,1.3%
2022,Female,All Schools,skipschool_worriesschool,worries about schoolwork,Yes,710,5850,12.1%,10.9%,13.5%,1.3%,1.4%
2022,Female,All Schools,smoke_ever,the statement that best describes them regarding smoking,I have never smoked,5190,5810,89.3%,88.0%,90.5%,1.3%,1.2%
2022,Female,All Schools,smoke_ever,the statement that best describes them regarding smoking,I have tried smoking once or twice,410,5810,7.1%,6.1%,8.2%,1.0%,1.1%
2022,Female,All Schools,smoke_ever,the statement that best describes them regarding smoking,I smoke occasionally (less than 1 cigarette a week),100,5810,1.7%,1.3%,2.3%,0.5%,0.6%
2022,Female,All Schools,smoke_ever,the statement that best describes them regarding smoking,I smoke regularly (once a week or more),60,5810,1.0%,0.7%,1.5%,0.3%,0.5%
2022,Female,All Schools,smoke_ever,the statement that best describes them regarding smoking,"I used to smoke, but I don’t now",50,5810,0.9%,0.6%,1.3%,0.3%,0.5%
2022,Female,All Schools,smoke_reduce,if they want to reduce or stop smoking,I'd like to reduce the amount I smoke but not stop,60,150,40.0%,28.6%,52.6%,11.4%,12.6%
2022,Female,All Schools,smoke_reduce,if they want to reduce or stop smoking,"No, I want to keep smoking",60,150,40.0%,28.6%,52.6%,11.4%,12.6%
2022,Female,All Schools,smoke_reduce,if they want to reduce or stop smoking,"Yes, I'd like to stop smoking",30,150,20.0%,11.8%,31.7%,8.2%,11.7%
2022,Female,All Schools,smoke_secondhand,people smoke around them,Always,230,5810,4.0%,3.2%,4.8%,0.7%,0.9%
2022,Female,All Schools,smoke_secondhand,people smoke around them,Never,3205,5810,55.2%,53.1%,57.2%,2.0%,2.0%
2022,Female,All Schools,smoke_secondhand,people smoke around them,Often,490,5810,8.4%,7.4%,9.6%,1.1%,1.2%
2022,Female,All Schools,smoke_secondhand,people smoke around them,Sometimes,1885,5810,32.4%,30.6%,34.4%,1.9%,1.9%
2022,Female,All Schools,solvents_exp,solvents as drugs,No,415,420,98.8%,95.8%,99.7%,3.0%,0.9%
2022,Female,All Schools,solvents_exp,solvents as drugs,Yes,5,420,1.2%,0.3%,4.2%,0.9%,3.0%
2022,Female,All Schools,solvents_offered,solvents as drugs,No,5850,5850,100.0%,99.8%,100.0%,0.2%,-0.0%
2022,Female,All Schools,std_chlamydia,chlamydia,I have heard of it but know nothing about it,2390,5665,42.2%,40.2%,44.2%,2.0%,2.0%
2022,Female,All Schools,std_chlamydia,chlamydia,I have never heard of it,1890,5665,33.4%,31.5%,35.3%,1.9%,2.0%
2022,Female,All Schools,std_chlamydia,chlamydia,It can be both treated and cured,1090,5665,19.2%,17.7%,20.9%,1.6%,1.7%
2022,Female,All Schools,std_chlamydia,chlamydia,It can be treated but not cured,295,5665,5.2%,4.4%,6.2%,0.8%,1.0%
2022,Female,All Schools,std_gono,gonorrhoea,I have heard of it but know nothing about it,2290,5680,40.3%,38.3%,42.3%,2.0%,2.0%
2022,Female,All Schools,std_gono,gonorrhoea,I have never heard of it,2080,5680,36.6%,34.7%,38.6%,2.0%,2.0%
2022,Female,All Schools,std_gono,gonorrhoea,It can be both treated and cured,1075,5680,18.9%,17.4%,20.6%,1.6%,1.7%
2022,Female,All Schools,std_gono,gonorrhoea,It can be treated but not cured,235,5680,4.1%,3.4%,5.0%,0.7%,0.9%
2022,Female,All Schools,std_hiv,HIV,I have heard of it but know nothing about it,2250,5670,39.7%,37.7%,41.7%,2.0%,2.0%
2022,Female,All Schools,std_hiv,HIV,I have never heard of it,1225,5670,21.6%,20.0%,23.3%,1.6%,1.7%
2022,Female,All Schools,std_hiv,HIV,It can be both treated and cured,300,5670,5.3%,4.4%,6.3%,0.8%,1.0%
2022,Female,All Schools,std_hiv,HIV,It can be treated but not cured,1895,5670,33.4%,31.5%,35.4%,1.9%,2.0%
2022,Female,All Schools,std_syphilis,syphilis,I have heard of it but know nothing about it,2265,5645,40.1%,38.1%,42.2%,2.0%,2.0%
2022,Female,All Schools,std_syphilis,syphilis,I have never heard of it,2450,5645,43.4%,41.4%,45.4%,2.0%,2.0%
2022,Female,All Schools,std_syphilis,syphilis,It can be both treated and cured,685,5645,12.1%,10.9%,13.5%,1.3%,1.4%
2022,Female,All Schools,std_syphilis,syphilis,It can be treated but not cured,245,5645,4.3%,3.6%,5.3%,0.8%,0.9%
2022,Female,All Schools,steroids_exp,muscle-building steroids,No,420,420,100.0%,97.8%,100.0%,2.2%,0.0%
2022,Female,All Schools,steroids_exp,muscle-building steroids,Yes,0,420,0.0%,0.0%,2.2%,0.0%,2.2%
2022,Female,All Schools,steroids_offered,muscle-building steroids,No,5850,5850,100.0%,99.8%,100.0%,0.2%,-0.0%
2022,Female,All Schools,sus_barriers_finance,financial cost,No,3740,5845,64.0%,62.0%,65.9%,2.0%,1.9%
2022,Female,All Schools,sus_barriers_finance,financial cost,Yes,2105,5845,36.0%,34.1%,38.0%,1.9%,2.0%
2022,Female,All Schools,sus_barriers_no_consider,sustainability is not a consideration in their household,No,5605,5845,95.9%,95.0%,96.6%,0.9%,0.7%
2022,Female,All Schools,sus_barriers_no_consider,sustainability is not a consideration in their household,Yes,240,5845,4.1%,3.4%,5.0%,0.7%,0.9%
2022,Female,All Schools,sus_barriers_other,other barriers,No,4740,5850,81.0%,79.4%,82.6%,1.6%,1.5%
2022,Female,All Schools,sus_barriers_other,other barriers,Yes,1110,5850,19.0%,17.4%,20.6%,1.5%,1.6%
2022,Female,All Schools,sus_barriers_time,convenience/time,No,3320,5850,56.8%,54.7%,58.7%,2.0%,2.0%
2022,Female,All Schools,sus_barriers_time,convenience/time,Yes,2530,5850,43.2%,41.3%,45.3%,2.0%,2.0%
2022,Female,All Schools,sus_barriers_unsure,uncertainty on what to do,No,4650,5845,79.6%,77.9%,81.1%,1.7%,1.6%
2022,Female,All Schools,sus_barriers_unsure,uncertainty on what to do,Yes,1195,5845,20.4%,18.9%,22.1%,1.6%,1.7%
2022,Female,All Schools,sustain_electric_car,drive an electric car,No,4990,5850,85.3%,83.8%,86.7%,1.5%,1.4%
2022,Female,All Schools,sustain_electric_car,drive an electric car,Yes,860,5850,14.7%,13.3%,16.2%,1.4%,1.5%
2022,Female,All Schools,sustain_leftoverfood,use up leftover food,No,1880,5845,32.2%,30.3%,34.1%,1.9%,1.9%
2022,Female,All Schools,sustain_leftoverfood,use up leftover food,Yes,3965,5845,67.8%,65.9%,69.7%,1.9%,1.9%
2022,Female,All Schools,sustain_localfood,use locally grown food,No,4415,5850,75.5%,73.7%,77.2%,1.8%,1.7%
2022,Female,All Schools,sustain_localfood,use locally grown food,Yes,1435,5850,24.5%,22.8%,26.3%,1.7%,1.8%
2022,Female,All Schools,sustain_nthg,don't do anything,No,5675,5845,97.1%,96.3%,97.7%,0.8%,0.6%
2022,Female,All Schools,sustain_nthg,don't do anything,Yes,170,5845,2.9%,2.3%,3.7%,0.6%,0.8%
2022,Female,All Schools,sustain_other,do other actions,No,5325,5850,91.0%,89.8%,92.1%,1.2%,1.1%
2022,Female,All Schools,sustain_other,do other actions,Yes,525,5850,9.0%,7.9%,10.2%,1.1%,1.2%
2022,Female,All Schools,sustain_recycle,recycling,No,1785,5850,30.5%,28.7%,32.4%,1.8%,1.9%
2022,Female,All Schools,sustain_recycle,recycling,Yes,4065,5850,69.5%,67.6%,71.3%,1.9%,1.8%
2022,Female,All Schools,sustain_save_energy,have energy-saving measures,No,1995,5845,34.1%,32.2%,36.1%,1.9%,1.9%
2022,Female,All Schools,sustain_save_energy,have energy-saving measures,Yes,3850,5845,65.9%,63.9%,67.8%,1.9%,1.9%
2022,Female,All Schools,sustain_save_water,have water-saving measures,No,3725,5845,63.7%,61.8%,65.6%,2.0%,1.9%
2022,Female,All Schools,sustain_save_water,have water-saving measures,Yes,2120,5845,36.3%,34.4%,38.2%,1.9%,2.0%
2022,Female,All Schools,sustain_single_plastic,reduce single-use plastic waste,No,2425,5845,41.5%,39.5%,43.5%,2.0%,2.0%
2022,Female,All Schools,sustain_single_plastic,reduce single-use plastic waste,Yes,3420,5845,58.5%,56.5%,60.5%,2.0%,2.0%
2022,Female,All Schools,sustain_solar,installed solar panels,No,5425,5850,92.7%,91.6%,93.7%,1.1%,1.0%
2022,Female,All Schools,sustain_solar,installed solar panels,Yes,425,5850,7.3%,6.3%,8.4%,1.0%,1.1%
2022,Female,All Schools,sustain_sus_products,use sustainably-sourced products,No,4565,5850,78.0%,76.3%,79.7%,1.7%,1.6%
2022,Female,All Schools,sustain_sus_products,use sustainably-sourced products,Yes,1285,5850,22.0%,20.3%,23.7%,1.6%,1.7%
2022,Female,All Schools,sustain_transport,"walk, cycle or take public transport",No,2585,5850,44.2%,42.2%,46.2%,2.0%,2.0%
2022,Female,All Schools,sustain_transport,"walk, cycle or take public transport",Yes,3265,5850,55.8%,53.8%,57.8%,2.0%,2.0%
2022,Female,All Schools,vaping,the statement that best describes them regarding vaping/e-cigarettes,I have never vaped,4650,5805,80.1%,78.4%,81.7%,1.7%,1.6%
2022,Female,All Schools,vaping,the statement that best describes them regarding vaping/e-cigarettes,I have vaped once or twice,655,5805,11.3%,10.1%,12.6%,1.2%,1.3%
2022,Female,All Schools,vaping,the statement that best describes them regarding vaping/e-cigarettes,"I used to vape, but I don’t now",120,5805,2.1%,1.6%,2.7%,0.5%,0.7%
2022,Female,All Schools,vaping,the statement that best describes them regarding vaping/e-cigarettes,I vape occasionally (less than once a week),195,5805,3.4%,2.7%,4.2%,0.7%,0.8%
2022,Female,All Schools,vaping,the statement that best describes them regarding vaping/e-cigarettes,I vape regularly (once a week or more),185,5805,3.2%,2.5%,4.0%,0.6%,0.8%
2022,Female,All Schools,vaping_reducesmoke,have used vaping/ e-cigarettes to reduce smoking,No,160,210,76.2%,66.1%,84.0%,10.1%,7.8%
2022,Female,All Schools,vaping_reducesmoke,have used vaping/ e-cigarettes to reduce smoking,Yes,50,210,23.8%,16.0%,33.9%,7.8%,10.1%
2022,Female,All Schools,views_listened_school,feels that their views are listened to at school,No,1430,5735,24.9%,23.2%,26.7%,1.7%,1.8%
2022,Female,All Schools,views_listened_school,feels that their views are listened to at school,Sometimes,3085,5735,53.8%,51.8%,55.8%,2.0%,2.0%
2022,Female,All Schools,views_listened_school,feels that their views are listened to at school,Yes,1220,5735,21.3%,19.7%,23.0%,1.6%,1.7%
2022,Female,All Schools,violence_involved,have been involved in a violent incident in the past year,No,5065,5740,88.2%,86.9%,89.5%,1.4%,1.3%
2022,Female,All Schools,violence_involved,have been involved in a violent incident in the past year,Prefer not to say,295,5740,5.1%,4.3%,6.1%,0.8%,1.0%
2022,Female,All Schools,violence_involved,have been involved in a violent incident in the past year,"Yes, I was the victim",180,5740,3.1%,2.5%,3.9%,0.6%,0.8%
2022,Female,All Schools,violence_involved,have been involved in a violent incident in the past year,"Yes, but I wasn't the victim",200,5740,3.5%,2.8%,4.3%,0.7%,0.8%
2022,Female,All Schools,violence_weapon_involved,have been involved in a violent incident where a weapon was used or threatened in the past year,No,5395,5730,94.2%,93.1%,95.0%,1.0%,0.9%
2022,Female,All Schools,violence_weapon_involved,have been involved in a violent incident where a weapon was used or threatened in the past year,Prefer not to say,170,5730,3.0%,2.3%,3.7%,0.6%,0.8%
2022,Female,All Schools,violence_weapon_involved,have been involved in a violent incident where a weapon was used or threatened in the past year,"Yes, I was the victim",60,5730,1.0%,0.7%,1.6%,0.3%,0.5%
2022,Female,All Schools,violence_weapon_involved,have been involved in a violent incident where a weapon was used or threatened in the past year,"Yes, but I wasn't the victim",105,5730,1.8%,1.4%,2.5%,0.5%,0.6%
2022,Female,All Schools,weight,how they would describe their current weight,Don't know/ Prefer not to say,1640,5810,28.2%,26.4%,30.1%,1.8%,1.9%
2022,Female,All Schools,weight,how they would describe their current weight,Just Right,3255,5810,56.0%,54.0%,58.0%,2.0%,2.0%
2022,Female,All Schools,weight,how they would describe their current weight,Overweight,525,5810,9.0%,7.9%,10.3%,1.1%,1.2%
2022,Female,All Schools,weight,how they would describe their current weight,Underweight,390,5810,6.7%,5.8%,7.8%,0.9%,1.1%
2022,Female,All Schools,worry_bully,bullying,No,4595,5850,78.5%,76.8%,80.2%,1.7%,1.6%
2022,Female,All Schools,worry_bully,bullying,Yes,1255,5850,21.5%,19.8%,23.2%,1.6%,1.7%
2022,Female,All Schools,worry_crime,crime,No,4725,5850,80.8%,79.1%,82.3%,1.6%,1.5%
2022,Female,All Schools,worry_crime,crime,Yes,1125,5850,19.2%,17.7%,20.9%,1.5%,1.6%
2022,Female,All Schools,worry_drugsalcohol,drugs/alcohol,No,5450,5850,93.2%,92.1%,94.1%,1.1%,1.0%
2022,Female,All Schools,worry_drugsalcohol,drugs/alcohol,Yes,400,5850,6.8%,5.9%,7.9%,1.0%,1.1%
2022,Female,All Schools,worry_environment,the environment,No,4370,5845,74.8%,73.0%,76.5%,1.8%,1.7%
2022,Female,All Schools,worry_environment,the environment,Yes,1475,5845,25.2%,23.5%,27.0%,1.7%,1.8%
2022,Female,All Schools,worry_family,family problems,No,4040,5845,69.1%,67.2%,71.0%,1.9%,1.8%
2022,Female,All Schools,worry_family,family problems,Yes,1805,5845,30.9%,29.0%,32.8%,1.8%,1.9%
2022,Female,All Schools,worry_friends,issues with friends,No,3145,5850,53.8%,51.7%,55.8%,2.0%,2.0%
2022,Female,All Schools,worry_friends,issues with friends,Yes,2705,5850,46.2%,44.2%,48.3%,2.0%,2.0%
2022,Female,All Schools,worry_future,future prospects,No,2705,5850,46.2%,44.2%,48.3%,2.0%,2.0%
2022,Female,All Schools,worry_future,future prospects,Yes,3145,5850,53.8%,51.7%,55.8%,2.0%,2.0%
2022,Female,All Schools,worry_gambling,gambling,No,5740,5850,98.1%,97.5%,98.6%,0.6%,0.5%
2022,Female,All Schools,worry_gambling,gambling,Yes,110,5850,1.9%,1.4%,2.5%,0.5%,0.6%
2022,Female,All Schools,worry_incrime,getting involved in crime,No,5375,5850,91.9%,90.7%,92.9%,1.2%,1.0%
2022,Female,All Schools,worry_incrime,getting involved in crime,Yes,475,5850,8.1%,7.1%,9.3%,1.0%,1.2%
2022,Female,All Schools,worry_lgbt,sexual orientation/identity,No,5110,5845,87.4%,86.0%,88.7%,1.4%,1.3%
2022,Female,All Schools,worry_lgbt,sexual orientation/identity,Yes,735,5845,12.6%,11.3%,14.0%,1.3%,1.4%
2022,Female,All Schools,worry_lonely,feeling lonely,No,3275,5845,56.0%,54.0%,58.0%,2.0%,2.0%
2022,Female,All Schools,worry_lonely,feeling lonely,Yes,2570,5845,44.0%,42.0%,46.0%,2.0%,2.0%
2022,Female,All Schools,worry_look,their appearance,No,2320,5850,39.7%,37.7%,41.6%,2.0%,2.0%
2022,Female,All Schools,worry_look,their appearance,Yes,3530,5850,60.3%,58.4%,62.3%,2.0%,2.0%
2022,Female,All Schools,worry_mental,their mental health,No,2965,5845,50.7%,48.7%,52.7%,2.0%,2.0%
2022,Female,All Schools,worry_mental,their mental health,Yes,2880,5845,49.3%,47.3%,51.3%,2.0%,2.0%
2022,Female,All Schools,worry_money,money problems (including family finances),No,4285,5850,73.2%,71.4%,75.0%,1.8%,1.7%
2022,Female,All Schools,worry_money,money problems (including family finances),Yes,1565,5850,26.8%,25.0%,28.6%,1.7%,1.8%
2022,Female,All Schools,worry_phys,their physical health,No,3925,5845,67.2%,65.2%,69.0%,1.9%,1.9%
2022,Female,All Schools,worry_phys,their physical health,Yes,1920,5845,32.8%,31.0%,34.8%,1.9%,1.9%
2022,Female,All Schools,worry_racism,racism,No,4800,5850,82.1%,80.4%,83.5%,1.6%,1.5%
2022,Female,All Schools,worry_racism,racism,Yes,1050,5850,17.9%,16.5%,19.6%,1.5%,1.6%
2022,Female,All Schools,worry_relationships,relationships/sexual health,No,4790,5845,82.0%,80.3%,83.5%,1.6%,1.5%
2022,Female,All Schools,worry_relationships,relationships/sexual health,Yes,1055,5845,18.0%,16.5%,19.7%,1.5%,1.6%
2022,Female,All Schools,worry_school,schoolwork,No,2020,5845,34.6%,32.7%,36.5%,1.9%,1.9%
2022,Female,All Schools,worry_school,schoolwork,Yes,3825,5845,65.4%,63.5%,67.3%,1.9%,1.9%
2022,Female,All Schools,worry_siblings,problems with siblings,No,5850,5850,100.0%,99.8%,100.0%,0.2%,-0.0%
2022,Female,All Schools,worry_socialmedia,social media,No,4375,5845,74.9%,73.1%,76.6%,1.8%,1.7%
2022,Female,All Schools,worry_socialmedia,social media,Yes,1470,5845,25.1%,23.4%,26.9%,1.7%,1.8%
2022,Female,All Schools,worry_treatgirls,how men treat/speak to girls,No,3380,5850,57.8%,55.8%,59.8%,2.0%,2.0%
2022,Female,All Schools,worry_treatgirls,how men treat/speak to girls,Yes,2470,5850,42.2%,40.2%,44.2%,2.0%,2.0%
2022,Female,All Schools,worry_violenceboys,harrassment/violence against boys,No,5300,5845,90.7%,89.4%,91.8%,1.2%,1.1%
2022,Female,All Schools,worry_violenceboys,harrassment/violence against boys,Yes,545,5845,9.3%,8.2%,10.6%,1.1%,1.2%
2022,Female,All Schools,worry_violencegirls,harrassment/violence against girls,No,3665,5850,62.6%,60.7%,64.6%,2.0%,1.9%
2022,Female,All Schools,worry_violencegirls,harrassment/violence against girls,Yes,2185,5850,37.4%,35.4%,39.3%,1.9%,2.0%
2022,Female,All Schools,xanex_exp,Xanax,No,415,425,97.6%,94.1%,99.1%,3.5%,1.4%
2022,Female,All Schools,xanex_exp,Xanax,Yes,10,425,2.4%,0.9%,5.9%,1.4%,3.5%
2022,Female,All Schools,xanex_offered,Xanax,No,5850,5850,100.0%,99.8%,100.0%,0.2%,-0.0%
2022,Male,All Schools,District,District,Broxbourne,85,4740,1.8%,1.3%,2.5%,0.5%,0.7%
2022,Male,All Schools,District,District,Dacorum,355,4740,7.5%,6.4%,8.8%,1.1%,1.3%
2022,Male,All Schools,District,District,East Hertfordshire,355,4740,7.5%,6.4%,8.8%,1.1%,1.3%
2022,Male,All Schools,District,District,Hertsmere,385,4740,8.1%,7.0%,9.4%,1.1%,1.3%
2022,Male,All Schools,District,District,North Hertfordshire,375,4740,7.9%,6.8%,9.2%,1.1%,1.3%
2022,Male,All Schools,District,District,Outside of Hertfordshire,250,4740,5.3%,4.4%,6.4%,0.9%,1.1%
2022,Male,All Schools,District,District,Prefer not to say / Unknown,310,4740,6.5%,5.5%,7.7%,1.0%,1.2%
2022,Male,All Schools,District,District,St Albans,1160,4740,24.5%,22.6%,26.5%,1.9%,2.0%
2022,Male,All Schools,District,District,Stevenage,100,4740,2.1%,1.6%,2.9%,0.6%,0.7%
2022,Male,All Schools,District,District,Three Rivers,525,4740,11.1%,9.7%,12.6%,1.3%,1.5%
2022,Male,All Schools,District,District,Watford,505,4740,10.7%,9.3%,12.1%,1.3%,1.5%
2022,Male,All Schools,District,District,Welwyn Hatfield,335,4740,7.1%,6.0%,8.3%,1.1%,1.2%
2022,Male,All Schools,District_school,NA,Broxbourne,95,4735,2.0%,1.5%,2.7%,0.5%,0.7%
2022,Male,All Schools,District_school,NA,Dacorum,305,4735,6.4%,5.4%,7.6%,1.0%,1.2%
2022,Male,All Schools,District_school,NA,East Hertfordshire,490,4735,10.3%,9.1%,11.8%,1.3%,1.4%
2022,Male,All Schools,District_school,NA,Hertsmere,490,4735,10.3%,9.1%,11.8%,1.3%,1.4%
2022,Male,All Schools,District_school,NA,North Hertfordshire,350,4735,7.4%,6.3%,8.7%,1.1%,1.3%
2022,Male,All Schools,District_school,NA,Outside of Hertfordshire,10,4735,0.2%,0.1%,0.5%,0.1%,0.3%
2022,Male,All Schools,District_school,NA,St Albans,1225,4735,25.9%,24.0%,27.9%,1.9%,2.0%
2022,Male,All Schools,District_school,NA,Stevenage,55,4735,1.2%,0.8%,1.8%,0.4%,0.6%
2022,Male,All Schools,District_school,NA,Three Rivers,1435,4735,30.3%,28.3%,32.4%,2.0%,2.1%
2022,Male,All Schools,District_school,NA,Watford,10,4735,0.2%,0.1%,0.5%,0.1%,0.3%
2022,Male,All Schools,District_school,NA,Welwyn Hatfield,270,4735,5.7%,4.7%,6.8%,1.0%,1.1%
2022,Male,All Schools,Q8978241.18,NA,No,4745,4745,100.0%,99.8%,100.0%,0.2%,-0.0%
2022,Male,All Schools,age,Age,11,670,4745,14.1%,12.6%,15.8%,1.5%,1.6%
2022,Male,All Schools,age,Age,12,1025,4745,21.6%,19.8%,23.5%,1.8%,1.9%
2022,Male,All Schools,age,Age,13,850,4745,17.9%,16.3%,19.7%,1.7%,1.8%
2022,Male,All Schools,age,Age,14,790,4745,16.6%,15.0%,18.4%,1.6%,1.7%
2022,Male,All Schools,age,Age,15,535,4745,11.3%,9.9%,12.8%,1.3%,1.5%
2022,Male,All Schools,age,Age,16,420,4745,8.9%,7.7%,10.2%,1.2%,1.4%
2022,Male,All Schools,age,Age,17,370,4745,7.8%,6.7%,9.1%,1.1%,1.3%
2022,Male,All Schools,age,Age,18,85,4745,1.8%,1.3%,2.5%,0.5%,0.7%
2022,Male,All Schools,age,Age,19,0,4745,0.0%,0.0%,0.2%,0.0%,0.2%
2022,Male,All Schools,alcohol_6more,how often they have six or more drinks on one occasion,Daily or almost daily,15,1270,1.2%,0.5%,2.5%,0.6%,1.4%
2022,Male,All Schools,alcohol_6more,how often they have six or more drinks on one occasion,Less than monthly,335,1270,26.4%,22.7%,30.4%,3.6%,4.0%
2022,Male,All Schools,alcohol_6more,how often they have six or more drinks on one occasion,Monthly,155,1270,12.2%,9.6%,15.3%,2.6%,3.1%
2022,Male,All Schools,alcohol_6more,how often they have six or more drinks on one occasion,Never,720,1270,56.7%,52.4%,60.9%,4.3%,4.2%
2022,Male,All Schools,alcohol_6more,how often they have six or more drinks on one occasion,Weekly,45,1270,3.5%,2.3%,5.5%,1.3%,2.0%
2022,Male,All Schools,alcohol_ever,how often they had an alcohol-containing drink in the past three months,2-3 times a week,100,4695,2.1%,1.6%,2.9%,0.6%,0.8%
2022,Male,All Schools,alcohol_ever,how often they had an alcohol-containing drink in the past three months,2-4 times a month,460,4695,9.8%,8.5%,11.2%,1.3%,1.4%
2022,Male,All Schools,alcohol_ever,how often they had an alcohol-containing drink in the past three months,4 or more times a week,40,4695,0.9%,0.5%,1.4%,0.3%,0.5%
2022,Male,All Schools,alcohol_ever,how often they had an alcohol-containing drink in the past three months,Monthly or less,680,4695,14.5%,13.0%,16.1%,1.5%,1.7%
2022,Male,All Schools,alcohol_ever,how often they had an alcohol-containing drink in the past three months,Never,3415,4695,72.7%,70.7%,74.7%,2.1%,2.0%
2022,Male,All Schools,alcohol_reduce,want to reduce or stop drinking,I'd like to reduce the amount I drink but not stop,245,1180,20.8%,17.4%,24.6%,3.4%,3.9%
2022,Male,All Schools,alcohol_reduce,want to reduce or stop drinking,"No, I want to keep drinking alcohol",755,1180,64.0%,59.6%,68.2%,4.4%,4.2%
2022,Male,All Schools,alcohol_reduce,want to reduce or stop drinking,"Yes, I'd like to stop drinking alcohol",180,1180,15.3%,12.3%,18.8%,3.0%,3.5%
2022,Male,All Schools,amphetamine_offered,amphetamines,No,4745,4745,100.0%,99.8%,100.0%,0.2%,-0.0%
2022,Male,All Schools,amphetamines_exp,amphetamines,No,335,355,94.4%,89.3%,97.1%,5.1%,2.7%
2022,Male,All Schools,amphetamines_exp,amphetamines,Yes,20,355,5.6%,2.9%,10.7%,2.7%,5.1%
2022,Male,All Schools,approached_anonymous_report,reported the crime anonymously,No,4745,4745,100.0%,99.8%,100.0%,0.2%,-0.0%
2022,Male,All Schools,approached_argue,argued or fought back,No,4745,4745,100.0%,99.8%,100.0%,0.2%,-0.0%
2022,Male,All Schools,approached_other,other,No,4745,4745,100.0%,99.8%,100.0%,0.2%,-0.0%
2022,Male,All Schools,approached_toldadult,told an adult,No,4745,4745,100.0%,99.8%,100.0%,0.2%,-0.0%
2022,Male,All Schools,approached_toldfriend,told a friend,No,4745,4745,100.0%,99.8%,100.0%,0.2%,-0.0%
2022,Male,All Schools,approached_toldpolice,told the police,No,4745,4745,100.0%,99.8%,100.0%,0.2%,-0.0%
2022,Male,All Schools,approached_toldself,kept it to themselves,No,4745,4745,100.0%,99.8%,100.0%,0.2%,-0.0%
2022,Male,All Schools,approached_walkaway,walked away,No,4745,4745,100.0%,99.8%,100.0%,0.2%,-0.0%
2022,Male,All Schools,brushteeth,how many times they brushed their teeth yesterday,0,80,4715,1.7%,1.2%,2.4%,0.5%,0.7%
2022,Male,All Schools,brushteeth,how many times they brushed their teeth yesterday,1,865,4715,18.3%,16.7%,20.2%,1.7%,1.8%
2022,Male,All Schools,brushteeth,how many times they brushed their teeth yesterday,2 or more,3770,4715,80.0%,78.1%,81.7%,1.9%,1.7%
2022,Male,All Schools,bullied,have ever been bullied or picked on,No,3105,4745,65.4%,63.3%,67.5%,2.2%,2.1%
2022,Male,All Schools,bullied,have ever been bullied or picked on,Yes,1640,4745,34.6%,32.5%,36.7%,2.1%,2.2%
2022,Male,All Schools,bullied_currently,are currently being bullied or picked on,No,1240,1635,75.8%,72.4%,79.0%,3.4%,3.1%
2022,Male,All Schools,bullied_currently,are currently being bullied or picked on,Prefer not to say,160,1635,9.8%,7.7%,12.3%,2.0%,2.5%
2022,Male,All Schools,bullied_currently,are currently being bullied or picked on,Yes,235,1635,14.4%,11.9%,17.3%,2.5%,2.9%
2022,Male,All Schools,bullied_internet,they have been bullied online,No,1435,1640,87.5%,84.8%,89.8%,2.7%,2.3%
2022,Male,All Schools,bullied_internet,they have been bullied online,Yes,205,1640,12.5%,10.2%,15.2%,2.3%,2.7%
2022,Male,All Schools,bullied_none,have no experiences with bullying,No,2200,4745,46.4%,44.1%,48.6%,2.2%,2.2%
2022,Male,All Schools,bullied_none,have no experiences with bullying,Yes,2545,4745,53.6%,51.4%,55.9%,2.2%,2.2%
2022,Male,All Schools,bullied_others,have ever bullied or picked on someone else,No,4305,4745,90.7%,89.3%,91.9%,1.4%,1.2%
2022,Male,All Schools,bullied_others,have ever bullied or picked on someone else,Yes,440,4745,9.3%,8.1%,10.7%,1.2%,1.4%
2022,Male,All Schools,bullied_outschool,they have been bullied somewhere other than school,No,1365,1645,83.0%,79.9%,85.6%,3.1%,2.7%
2022,Male,All Schools,bullied_outschool,they have been bullied somewhere other than school,Yes,280,1645,17.0%,14.4%,20.1%,2.7%,3.1%
2022,Male,All Schools,bullied_prefer_not_say,would prefer not to respond about their experiences with bullying,No,4430,4745,93.4%,92.2%,94.4%,1.2%,1.0%
2022,Male,All Schools,bullied_prefer_not_say,would prefer not to respond about their experiences with bullying,Yes,315,4745,6.6%,5.6%,7.8%,1.0%,1.2%
2022,Male,All Schools,bullied_school,they have been bullied at school,No,165,1640,10.1%,8.0%,12.6%,2.1%,2.5%
2022,Male,All Schools,bullied_school,they have been bullied at school,Yes,1475,1640,89.9%,87.4%,92.0%,2.5%,2.1%
2022,Male,All Schools,buyalc_friend,from a friend or relative,No,830,1330,62.4%,58.2%,66.4%,4.2%,4.0%
2022,Male,All Schools,buyalc_friend,from a friend or relative,Yes,500,1330,37.6%,33.6%,41.8%,4.0%,4.2%
2022,Male,All Schools,buyalc_home,from home,No,700,1330,52.6%,48.4%,56.8%,4.2%,4.2%
2022,Male,All Schools,buyalc_home,from home,Yes,630,1330,47.4%,43.2%,51.6%,4.2%,4.2%
2022,Male,All Schools,buyalc_internet,from the internet,No,1305,1330,98.1%,96.6%,99.0%,1.5%,0.9%
2022,Male,All Schools,buyalc_internet,from the internet,Yes,25,1330,1.9%,1.0%,3.4%,0.9%,1.5%
2022,Male,All Schools,buyalc_pubbar,from a pub/bar,No,1190,1325,89.8%,87.0%,92.1%,2.9%,2.3%
2022,Male,All Schools,buyalc_pubbar,from a pub/bar,Yes,135,1325,10.2%,7.9%,13.0%,2.3%,2.9%
2022,Male,All Schools,buyalc_smallshop,from a small shop/off-licence,No,1155,1330,86.8%,83.7%,89.4%,3.1%,2.6%
2022,Male,All Schools,buyalc_smallshop,from a small shop/off-licence,Yes,175,1330,13.2%,10.6%,16.3%,2.6%,3.1%
2022,Male,All Schools,buyalc_supermarket,from a supermarket,No,1200,1325,90.6%,87.8%,92.8%,2.8%,2.2%
2022,Male,All Schools,buyalc_supermarket,from a supermarket,Yes,125,1325,9.4%,7.2%,12.2%,2.2%,2.8%
2022,Male,All Schools,buycig_friend,from a friend or relative,No,135,165,81.8%,70.9%,89.3%,10.9%,7.4%
2022,Male,All Schools,buycig_friend,from a friend or relative,Yes,30,165,18.2%,10.7%,29.1%,7.4%,10.9%
2022,Male,All Schools,buycig_internet,from the internet,No,150,160,93.8%,85.0%,97.5%,8.7%,3.8%
2022,Male,All Schools,buycig_internet,from the internet,Yes,10,160,6.2%,2.5%,15.0%,3.8%,8.7%
2022,Male,All Schools,buycig_pubbar,from a pub/bar,No,150,160,93.8%,85.0%,97.5%,8.7%,3.8%
2022,Male,All Schools,buycig_pubbar,from a pub/bar,Yes,10,160,6.2%,2.5%,15.0%,3.8%,8.7%
2022,Male,All Schools,buycig_smallshop,from a small shop/off-licence,No,120,160,75.0%,63.2%,84.0%,11.8%,9.0%
2022,Male,All Schools,buycig_smallshop,from a small shop/off-licence,Yes,40,160,25.0%,16.0%,36.8%,9.0%,11.8%
2022,Male,All Schools,buycig_supermarker,from a supermarket,No,145,160,90.6%,81.1%,95.6%,9.6%,5.0%
2022,Male,All Schools,buycig_supermarker,from a supermarket,Yes,15,160,9.4%,4.4%,18.9%,5.0%,9.6%
2022,Male,All Schools,buydrug_bar,pubs/bars/clubs,No,345,360,95.8%,91.2%,98.1%,4.6%,2.2%
2022,Male,All Schools,buydrug_bar,pubs/bars/clubs,Yes,15,360,4.2%,1.9%,8.8%,2.2%,4.6%
2022,Male,All Schools,buydrug_friend,friend or relative,No,230,360,63.9%,55.8%,71.3%,8.1%,7.4%
2022,Male,All Schools,buydrug_friend,friend or relative,Yes,130,360,36.1%,28.7%,44.2%,7.4%,8.1%
2022,Male,All Schools,buydrug_internet,the internet,No,345,360,95.8%,91.2%,98.1%,4.6%,2.2%
2022,Male,All Schools,buydrug_internet,the internet,Yes,15,360,4.2%,1.9%,8.8%,2.2%,4.6%
2022,Male,All Schools,buydrug_other,other sources,No,305,360,84.7%,78.0%,89.7%,6.7%,5.0%
2022,Male,All Schools,buydrug_other,other sources,Yes,55,360,15.3%,10.3%,22.0%,5.0%,6.7%
2022,Male,All Schools,buydrug_school,school,No,345,355,97.2%,93.0%,98.9%,4.2%,1.7%
2022,Male,All Schools,buydrug_school,school,Yes,10,355,2.8%,1.1%,7.0%,1.7%,4.2%
2022,Male,All Schools,buydrug_streets,on the street,No,295,355,83.1%,76.1%,88.4%,7.0%,5.3%
2022,Male,All Schools,buydrug_streets,on the street,Yes,60,355,16.9%,11.6%,23.9%,5.3%,7.0%
2022,Male,All Schools,cannabis_exp,cannabis,No,180,360,50.0%,42.0%,58.0%,8.0%,8.0%
2022,Male,All Schools,cannabis_exp,cannabis,Yes,180,360,50.0%,42.0%,58.0%,8.0%,8.0%
2022,Male,All Schools,cannabis_offered,cannabis,No,4745,4745,100.0%,99.8%,100.0%,0.2%,-0.0%
2022,Male,All Schools,caring,"help to look after a family member with a serious, mental or physical, illness or disability",No,3955,4670,84.7%,83.0%,86.2%,1.7%,1.6%
2022,Male,All Schools,caring,"help to look after a family member with a serious, mental or physical, illness or disability",Prefer not to say,265,4670,5.7%,4.7%,6.8%,1.0%,1.1%
2022,Male,All Schools,caring,"help to look after a family member with a serious, mental or physical, illness or disability",Yes,450,4670,9.6%,8.4%,11.1%,1.3%,1.4%
2022,Male,All Schools,carry_protection,carry weapons for protection when going out,Always,45,4610,1.0%,0.6%,1.5%,0.4%,0.6%
2022,Male,All Schools,carry_protection,carry weapons for protection when going out,Never,4365,4610,94.7%,93.6%,95.6%,1.1%,0.9%
2022,Male,All Schools,carry_protection,carry weapons for protection when going out,Prefer not to say,105,4610,2.3%,1.7%,3.1%,0.6%,0.8%
2022,Male,All Schools,carry_protection,carry weapons for protection when going out,Sometimes,80,4610,1.7%,1.2%,2.4%,0.5%,0.7%
2022,Male,All Schools,carry_protection,carry weapons for protection when going out,Usually,15,4610,0.3%,0.1%,0.7%,0.2%,0.4%
2022,Male,All Schools,carry_protection_other,know anyone who carries a weapons for protection when going out,Don't know,820,4560,18.0%,16.3%,19.8%,1.7%,1.8%
2022,Male,All Schools,carry_protection_other,know anyone who carries a weapons for protection when going out,No,3245,4560,71.2%,69.0%,73.2%,2.1%,2.0%
2022,Male,All Schools,carry_protection_other,know anyone who carries a weapons for protection when going out,Prefer not to say,145,4560,3.2%,2.5%,4.1%,0.7%,0.9%
2022,Male,All Schools,carry_protection_other,know anyone who carries a weapons for protection when going out,Yes,350,4560,7.7%,6.5%,9.0%,1.1%,1.3%
2022,Male,All Schools,cla,child looked after (lived with foster carers/care home),No,4475,4670,95.8%,94.8%,96.6%,1.0%,0.8%
2022,Male,All Schools,cla,child looked after (lived with foster carers/care home),Prefer not to say,85,4670,1.8%,1.3%,2.5%,0.5%,0.7%
2022,Male,All Schools,cla,child looked after (lived with foster carers/care home),Yes,110,4670,2.4%,1.8%,3.1%,0.6%,0.8%
2022,Male,All Schools,clubs_arts,an arts and crafts group,Currently attending,160,3820,4.2%,3.3%,5.3%,0.9%,1.1%
2022,Male,All Schools,clubs_arts,an arts and crafts group,Don't want to attend,3335,3820,87.3%,85.5%,88.9%,1.8%,1.6%
2022,Male,All Schools,clubs_arts,an arts and crafts group,Would like to attend,325,3820,8.5%,7.2%,10.0%,1.3%,1.5%
2022,Male,All Schools,clubs_doe,Duke of Edinburgh,Currently attending,745,3890,19.2%,17.3%,21.2%,1.9%,2.0%
2022,Male,All Schools,clubs_doe,Duke of Edinburgh,Don't want to attend,2220,3890,57.1%,54.6%,59.5%,2.5%,2.4%
2022,Male,All Schools,clubs_doe,Duke of Edinburgh,Would like to attend,925,3890,23.8%,21.7%,26.0%,2.0%,2.2%
2022,Male,All Schools,clubs_music,a music club/group,Currently attending,725,3910,18.5%,16.7%,20.5%,1.8%,2.0%
2022,Male,All Schools,clubs_music,a music club/group,Don't want to attend,2745,3910,70.2%,67.9%,72.4%,2.3%,2.2%
2022,Male,All Schools,clubs_music,a music club/group,Would like to attend,440,3910,11.3%,9.8%,12.9%,1.5%,1.7%
2022,Male,All Schools,clubs_other,other group,Currently attending,660,3335,19.8%,17.7%,22.0%,2.0%,2.2%
2022,Male,All Schools,clubs_other,other group,Don't want to attend,2295,3335,68.8%,66.3%,71.2%,2.5%,2.4%
2022,Male,All Schools,clubs_other,other group,Would like to attend,380,3335,11.4%,9.8%,13.2%,1.6%,1.8%
2022,Male,All Schools,clubs_perform,a drama/performing arts/dance group,Currently attending,295,3825,7.7%,6.5%,9.2%,1.2%,1.4%
2022,Male,All Schools,clubs_perform,a drama/performing arts/dance group,Don't want to attend,3195,3825,83.5%,81.6%,85.3%,1.9%,1.8%
2022,Male,All Schools,clubs_perform,a drama/performing arts/dance group,Would like to attend,335,3825,8.8%,7.4%,10.3%,1.3%,1.5%
2022,Male,All Schools,clubs_religion,a religious group,Currently attending,265,3755,7.1%,5.9%,8.5%,1.2%,1.4%
2022,Male,All Schools,clubs_religion,a religious group,Don't want to attend,3340,3755,88.9%,87.3%,90.4%,1.7%,1.5%
2022,Male,All Schools,clubs_religion,a religious group,Would like to attend,150,3755,4.0%,3.1%,5.1%,0.9%,1.1%
2022,Male,All Schools,clubs_schoolclub,a club/group at school,Currently attending,1590,3985,39.9%,37.5%,42.3%,2.4%,2.4%
2022,Male,All Schools,clubs_schoolclub,a club/group at school,Don't want to attend,1985,3985,49.8%,47.4%,52.3%,2.4%,2.4%
2022,Male,All Schools,clubs_schoolclub,a club/group at school,Would like to attend,410,3985,10.3%,8.9%,11.9%,1.4%,1.6%
2022,Male,All Schools,clubs_sports,a sports group,Currently attending,2815,4290,65.6%,63.3%,67.8%,2.3%,2.2%
2022,Male,All Schools,clubs_sports,a sports group,Don't want to attend,825,4290,19.2%,17.4%,21.2%,1.8%,1.9%
2022,Male,All Schools,clubs_sports,a sports group,Would like to attend,650,4290,15.2%,13.5%,16.9%,1.6%,1.8%
2022,Male,All Schools,clubs_syp,Services for Young People,Currently attending,65,3755,1.7%,1.2%,2.5%,0.5%,0.8%
2022,Male,All Schools,clubs_syp,Services for Young People,Don't want to attend,3485,3755,92.8%,91.4%,94.0%,1.4%,1.2%
2022,Male,All Schools,clubs_syp,Services for Young People,Would like to attend,205,3755,5.5%,4.4%,6.7%,1.0%,1.3%
2022,Male,All Schools,clubs_uniformed,uniformed group,Currently attending,605,3840,15.8%,14.0%,17.7%,1.7%,1.9%
2022,Male,All Schools,clubs_uniformed,uniformed group,Don't want to attend,2990,3840,77.9%,75.7%,79.9%,2.1%,2.0%
2022,Male,All Schools,clubs_uniformed,uniformed group,Would like to attend,245,3840,6.4%,5.3%,7.7%,1.1%,1.3%
2022,Male,All Schools,clubs_volunteering,volunteering/social action group,Currently attending,435,3800,11.4%,9.9%,13.1%,1.5%,1.7%
2022,Male,All Schools,clubs_volunteering,volunteering/social action group,Don't want to attend,2880,3800,75.8%,73.6%,77.9%,2.2%,2.1%
2022,Male,All Schools,clubs_volunteering,volunteering/social action group,Would like to attend,485,3800,12.8%,11.2%,14.5%,1.6%,1.8%
2022,Male,All Schools,cocaine_exp,cocaine,No,325,355,91.5%,85.8%,95.1%,5.7%,3.5%
2022,Male,All Schools,cocaine_exp,cocaine,Yes,30,355,8.5%,4.9%,14.2%,3.5%,5.7%
2022,Male,All Schools,cocaine_offered,cocaine,No,4745,4745,100.0%,99.8%,100.0%,0.2%,-0.0%
2022,Male,All Schools,condition_adhd,ADHD,No,4400,4745,92.7%,91.5%,93.8%,1.3%,1.1%
2022,Male,All Schools,condition_adhd,ADHD,Yes,345,4745,7.3%,6.2%,8.5%,1.1%,1.3%
2022,Male,All Schools,condition_autism,autism,No,4495,4745,94.7%,93.6%,95.6%,1.1%,0.9%
2022,Male,All Schools,condition_autism,autism,Yes,250,4745,5.3%,4.4%,6.4%,0.9%,1.1%
2022,Male,All Schools,condition_disability,physical disability,No,4680,4745,98.6%,98.0%,99.1%,0.6%,0.4%
2022,Male,All Schools,condition_disability,physical disability,Yes,65,4745,1.4%,0.9%,2.0%,0.4%,0.6%
2022,Male,All Schools,condition_mental,diagnosed mental health condition,No,4535,4740,95.7%,94.7%,96.5%,1.0%,0.8%
2022,Male,All Schools,condition_mental,diagnosed mental health condition,Yes,205,4740,4.3%,3.5%,5.3%,0.8%,1.0%
2022,Male,All Schools,condition_physical,physical condition,No,4290,4745,90.4%,89.0%,91.7%,1.4%,1.2%
2022,Male,All Schools,condition_physical,physical condition,Yes,455,4745,9.6%,8.3%,11.0%,1.2%,1.4%
2022,Male,All Schools,condition_send,special education need(s) or learning difficulty,No,4505,4745,94.9%,93.9%,95.8%,1.1%,0.9%
2022,Male,All Schools,condition_send,special education need(s) or learning difficulty,Yes,240,4745,5.1%,4.2%,6.1%,0.9%,1.1%
2022,Male,All Schools,condoms_free,they know where they can get condoms for free,No,865,1925,44.9%,41.5%,48.5%,3.5%,3.5%
2022,Male,All Schools,condoms_free,they know where they can get condoms for free,Not sure,260,1925,13.5%,11.3%,16.1%,2.2%,2.6%
2022,Male,All Schools,condoms_free,they know where they can get condoms for free,Yes,800,1925,41.6%,38.1%,45.1%,3.4%,3.5%
2022,Male,All Schools,cope_alcohol,by drinking alcohol,No,4635,4745,97.7%,96.9%,98.3%,0.8%,0.6%
2022,Male,All Schools,cope_alcohol,by drinking alcohol,Yes,110,4745,2.3%,1.7%,3.1%,0.6%,0.8%
2022,Male,All Schools,cope_counselling,by having counselling,No,4640,4745,97.8%,97.0%,98.4%,0.8%,0.6%
2022,Male,All Schools,cope_counselling,by having counselling,Yes,105,4745,2.2%,1.6%,3.0%,0.6%,0.8%
2022,Male,All Schools,cope_creative,by doing creative activities,No,3970,4745,83.7%,81.9%,85.3%,1.7%,1.6%
2022,Male,All Schools,cope_creative,by doing creative activities,Yes,775,4745,16.3%,14.7%,18.1%,1.6%,1.7%
2022,Male,All Schools,cope_drugs,by doing drugs,No,4665,4745,98.3%,97.6%,98.8%,0.7%,0.5%
2022,Male,All Schools,cope_drugs,by doing drugs,Yes,80,4745,1.7%,1.2%,2.4%,0.5%,0.7%
2022,Male,All Schools,cope_eat,by eating more,No,4205,4745,88.6%,87.1%,90.0%,1.5%,1.3%
2022,Male,All Schools,cope_eat,by eating more,Yes,540,4745,11.4%,10.0%,12.9%,1.3%,1.5%
2022,Male,All Schools,cope_exercise,by exercising,No,2715,4745,57.2%,55.0%,59.4%,2.2%,2.2%
2022,Male,All Schools,cope_exercise,by exercising,Yes,2030,4745,42.8%,40.6%,45.0%,2.2%,2.2%
2022,Male,All Schools,cope_games,by playing computer games,No,2500,4745,52.7%,50.4%,54.9%,2.2%,2.2%
2022,Male,All Schools,cope_games,by playing computer games,Yes,2245,4745,47.3%,45.1%,49.6%,2.2%,2.2%
2022,Male,All Schools,cope_internet,by looking for help online,No,4450,4740,93.9%,92.7%,94.9%,1.2%,1.0%
2022,Male,All Schools,cope_internet,by looking for help online,Yes,290,4740,6.1%,5.1%,7.3%,1.0%,1.2%
2022,Male,All Schools,cope_music,by listening to music,No,2550,4745,53.7%,51.5%,56.0%,2.2%,2.2%
2022,Male,All Schools,cope_music,by listening to music,Yes,2195,4745,46.3%,44.0%,48.5%,2.2%,2.2%
2022,Male,All Schools,cope_nothing,by doing nothing,No,3690,4745,77.8%,75.8%,79.6%,1.9%,1.8%
2022,Male,All Schools,cope_nothing,by doing nothing,Yes,1055,4745,22.2%,20.4%,24.2%,1.8%,1.9%
2022,Male,All Schools,cope_other,by other methods,No,4410,4745,92.9%,91.7%,94.0%,1.2%,1.1%
2022,Male,All Schools,cope_other,by other methods,Yes,335,4745,7.1%,6.0%,8.3%,1.1%,1.2%
2022,Male,All Schools,cope_selfharm,by self-harm,No,4620,4745,97.4%,96.5%,98.0%,0.8%,0.6%
2022,Male,All Schools,cope_selfharm,by self-harm,Yes,125,4745,2.6%,2.0%,3.5%,0.6%,0.8%
2022,Male,All Schools,cope_smoke,by smoking,No,4680,4745,98.6%,98.0%,99.1%,0.6%,0.4%
2022,Male,All Schools,cope_smoke,by smoking,Yes,65,4745,1.4%,0.9%,2.0%,0.4%,0.6%
2022,Male,All Schools,cope_talkadult,by talking to an adult that's not their carer,No,4220,4740,89.0%,87.5%,90.4%,1.5%,1.3%
2022,Male,All Schools,cope_talkadult,by talking to an adult that's not their carer,Yes,520,4740,11.0%,9.6%,12.5%,1.3%,1.5%
2022,Male,All Schools,cope_talkfamily,by talking to family,No,3000,4745,63.2%,61.0%,65.4%,2.2%,2.1%
2022,Male,All Schools,cope_talkfamily,by talking to family,Yes,1745,4745,36.8%,34.6%,39.0%,2.1%,2.2%
2022,Male,All Schools,cope_talkfriend,by talking to a friend,No,2925,4745,61.6%,59.4%,63.8%,2.2%,2.2%
2022,Male,All Schools,cope_talkfriend,by talking to a friend,Yes,1820,4745,38.4%,36.2%,40.6%,2.2%,2.2%
2022,Male,All Schools,cope_think,by thinking of a solution on their own,No,3420,4745,72.1%,70.0%,74.0%,2.1%,2.0%
2022,Male,All Schools,cope_think,by thinking of a solution on their own,Yes,1325,4745,27.9%,26.0%,30.0%,2.0%,2.1%
2022,Male,All Schools,crack_exp,crack,No,340,360,94.4%,89.4%,97.2%,5.0%,2.7%
2022,Male,All Schools,crack_exp,crack,Yes,20,360,5.6%,2.8%,10.6%,2.7%,5.0%
2022,Male,All Schools,crack_offered,crack,No,4745,4745,100.0%,99.8%,100.0%,0.2%,-0.0%
2022,Male,All Schools,dentist,check-up at the dentist within the last year,No,630,4700,13.4%,11.9%,15.0%,1.5%,1.6%
2022,Male,All Schools,dentist,check-up at the dentist within the last year,Yes,4070,4700,86.6%,85.0%,88.1%,1.6%,1.5%
2022,Male,All Schools,diet_breakfast,breakfast,2-3 days a week,475,4680,10.1%,8.9%,11.6%,1.3%,1.4%
2022,Male,All Schools,diet_breakfast,breakfast,On most days,3505,4680,74.9%,72.9%,76.8%,2.0%,1.9%
2022,Male,All Schools,diet_breakfast,breakfast,Once a week or less,250,4680,5.3%,4.4%,6.5%,0.9%,1.1%
2022,Male,All Schools,diet_breakfast,breakfast,Rarely or never,450,4680,9.6%,8.4%,11.0%,1.3%,1.4%
2022,Male,All Schools,diet_energydrinks,energy drinks,2-3 days a week,310,4675,6.6%,5.6%,7.8%,1.0%,1.2%
2022,Male,All Schools,diet_energydrinks,energy drinks,On most days,150,4675,3.2%,2.5%,4.1%,0.7%,0.9%
2022,Male,All Schools,diet_energydrinks,energy drinks,Once a week or less,945,4675,20.2%,18.5%,22.1%,1.8%,1.9%
2022,Male,All Schools,diet_energydrinks,energy drinks,Rarely or never,3270,4675,69.9%,67.8%,72.0%,2.1%,2.0%
2022,Male,All Schools,diet_fastfood,fast food and takeaway,2-3 days a week,215,4555,4.7%,3.8%,5.8%,0.9%,1.1%
2022,Male,All Schools,diet_fastfood,fast food and takeaway,On most days,60,4555,1.3%,0.9%,2.0%,0.4%,0.6%
2022,Male,All Schools,diet_fastfood,fast food and takeaway,Once a week or less,2560,4555,56.2%,53.9%,58.5%,2.3%,2.3%
2022,Male,All Schools,diet_fastfood,fast food and takeaway,Rarely or never,1720,4555,37.8%,35.6%,40.0%,2.2%,2.2%
2022,Male,All Schools,diet_fizzydrinks,fizzy drinks,2-3 days a week,1005,4655,21.6%,19.8%,23.5%,1.8%,1.9%
2022,Male,All Schools,diet_fizzydrinks,fizzy drinks,On most days,370,4655,7.9%,6.8%,9.3%,1.1%,1.3%
2022,Male,All Schools,diet_fizzydrinks,fizzy drinks,Once a week or less,1865,4655,40.1%,37.9%,42.3%,2.2%,2.2%
2022,Male,All Schools,diet_fizzydrinks,fizzy drinks,Rarely or never,1415,4655,30.4%,28.4%,32.5%,2.0%,2.1%
2022,Male,All Schools,diet_sweets,sweets or chocolate,2-3 days a week,1805,4655,38.8%,36.6%,41.0%,2.2%,2.2%
2022,Male,All Schools,diet_sweets,sweets or chocolate,On most days,1145,4655,24.6%,22.7%,26.6%,1.9%,2.0%
2022,Male,All Schools,diet_sweets,sweets or chocolate,Once a week or less,1370,4655,29.4%,27.4%,31.5%,2.0%,2.1%
2022,Male,All Schools,diet_sweets,sweets or chocolate,Rarely or never,335,4655,7.2%,6.1%,8.5%,1.1%,1.3%
2022,Male,All Schools,diet_water,water,2-3 days a week,215,4565,4.7%,3.8%,5.8%,0.9%,1.1%
2022,Male,All Schools,diet_water,water,On most days,4205,4565,92.1%,90.8%,93.3%,1.3%,1.1%
2022,Male,All Schools,diet_water,water,Once a week or less,70,4565,1.5%,1.1%,2.2%,0.5%,0.7%
2022,Male,All Schools,diet_water,water,Rarely or never,75,4565,1.6%,1.2%,2.3%,0.5%,0.7%
2022,Male,All Schools,drug_ever,the best statement that describes them regarding recreational drug use,I have never taken drugs,4385,4690,93.5%,92.3%,94.5%,1.2%,1.0%
2022,Male,All Schools,drug_ever,the best statement that describes them regarding recreational drug use,I have taken drugs once or twice,165,4690,3.5%,2.8%,4.4%,0.7%,0.9%
2022,Male,All Schools,drug_ever,the best statement that describes them regarding recreational drug use,I take drugs occasionally (less than once a week),60,4690,1.3%,0.9%,1.9%,0.4%,0.6%
2022,Male,All Schools,drug_ever,the best statement that describes them regarding recreational drug use,I take drugs regularly (once a week or more),45,4690,1.0%,0.6%,1.5%,0.4%,0.6%
2022,Male,All Schools,drug_ever,the best statement that describes them regarding recreational drug use,"I used to take drugs, but I don’t now",35,4690,0.7%,0.4%,1.2%,0.3%,0.5%
2022,Male,All Schools,drug_reduce,if they want to reduce or stop taking drugs,I'd like to reduce the amount I take but not stop,55,245,22.4%,15.3%,31.6%,7.1%,9.2%
2022,Male,All Schools,drug_reduce,if they want to reduce or stop taking drugs,"No, I want to keep taking drugs",105,245,42.9%,33.5%,52.7%,9.3%,9.9%
2022,Male,All Schools,drug_reduce,if they want to reduce or stop taking drugs,"Yes, I'd like to stop taking drugs",85,245,34.7%,26.0%,44.5%,8.7%,9.8%
2022,Male,All Schools,drugs_alcohol,ever taken drugs and drunk alcohol on the same occasion,No,115,270,42.6%,33.7%,52.0%,8.9%,9.4%
2022,Male,All Schools,drugs_alcohol,ever taken drugs and drunk alcohol on the same occasion,Not sure,20,270,7.4%,3.8%,13.9%,3.6%,6.5%
2022,Male,All Schools,drugs_alcohol,ever taken drugs and drunk alcohol on the same occasion,Yes,135,270,50.0%,40.8%,59.2%,9.2%,9.2%
2022,Male,All Schools,drugsupp_doctor,from a doctor,No,2920,4740,61.6%,59.4%,63.8%,2.2%,2.2%
2022,Male,All Schools,drugsupp_doctor,from a doctor,Yes,1820,4740,38.4%,36.2%,40.6%,2.2%,2.2%
2022,Male,All Schools,drugsupp_family,from family,No,1260,4745,26.6%,24.6%,28.6%,1.9%,2.0%
2022,Male,All Schools,drugsupp_family,from family,Yes,3485,4745,73.4%,71.4%,75.4%,2.0%,1.9%
2022,Male,All Schools,drugsupp_friends,from friends,No,3155,4745,66.5%,64.3%,68.6%,2.1%,2.1%
2022,Male,All Schools,drugsupp_friends,from friends,Yes,1590,4745,33.5%,31.4%,35.7%,2.1%,2.1%
2022,Male,All Schools,drugsupp_internet,from the internet,No,3610,4745,76.1%,74.1%,77.9%,2.0%,1.9%
2022,Male,All Schools,drugsupp_internet,from the internet,Yes,1135,4745,23.9%,22.1%,25.9%,1.9%,2.0%
2022,Male,All Schools,drugsupp_other,from other sources,No,4415,4740,93.1%,91.9%,94.2%,1.2%,1.0%
2022,Male,All Schools,drugsupp_other,from other sources,Yes,325,4740,6.9%,5.8%,8.1%,1.0%,1.2%
2022,Male,All Schools,drugsupp_teacher,from a teacher,No,3565,4745,75.1%,73.1%,77.0%,2.0%,1.9%
2022,Male,All Schools,drugsupp_teacher,from a teacher,Yes,1180,4745,24.9%,23.0%,26.9%,1.9%,2.0%
2022,Male,All Schools,drugsupp_ypservice,from Drug & Alcohol Services for young people,No,3590,4745,75.7%,73.7%,77.5%,2.0%,1.9%
2022,Male,All Schools,drugsupp_ypservice,from Drug & Alcohol Services for young people,Yes,1155,4745,24.3%,22.5%,26.3%,1.9%,2.0%
2022,Male,All Schools,drugsupp_yw,from a Youth Worker,No,4385,4745,92.4%,91.1%,93.5%,1.3%,1.1%
2022,Male,All Schools,drugsupp_yw,from a Youth Worker,Yes,360,4745,7.6%,6.5%,8.9%,1.1%,1.3%
2022,Male,All Schools,ecstasy_exp,ecstasy,No,330,360,91.7%,86.0%,95.2%,5.6%,3.5%
2022,Male,All Schools,ecstasy_exp,ecstasy,Yes,30,360,8.3%,4.8%,14.0%,3.5%,5.6%
2022,Male,All Schools,ecstasy_offered,ecstasy,No,4745,4745,100.0%,99.8%,100.0%,0.2%,-0.0%
2022,Male,All Schools,ethnicity,ethnicity,Any other ethnic group,65,4590,1.4%,1.0%,2.1%,0.4%,0.6%
2022,Male,All Schools,ethnicity,ethnicity,Asian,700,4590,15.3%,13.7%,17.0%,1.6%,1.7%
2022,Male,All Schools,ethnicity,ethnicity,Black,275,4590,6.0%,5.0%,7.2%,1.0%,1.2%
2022,Male,All Schools,ethnicity,ethnicity,Mixed,95,4590,2.1%,1.5%,2.8%,0.6%,0.8%
2022,Male,All Schools,ethnicity,ethnicity,Prefer not to say,45,4590,1.0%,0.6%,1.5%,0.4%,0.6%
2022,Male,All Schools,ethnicity,ethnicity,White,3410,4590,74.3%,72.2%,76.2%,2.0%,1.9%
2022,Male,All Schools,hallucinogen_natural_exp,hallucinogens,No,325,355,91.5%,85.8%,95.1%,5.7%,3.5%
2022,Male,All Schools,hallucinogen_natural_exp,hallucinogens,Yes,30,355,8.5%,4.9%,14.2%,3.5%,5.7%
2022,Male,All Schools,hallucinogen_offered,hallucinogens,No,4745,4745,100.0%,99.8%,100.0%,0.2%,-0.0%
2022,Male,All Schools,heroin_exp,heroin,No,340,360,94.4%,89.4%,97.2%,5.0%,2.7%
2022,Male,All Schools,heroin_exp,heroin,Yes,20,360,5.6%,2.8%,10.6%,2.7%,5.0%
2022,Male,All Schools,heroin_offered,heroin,No,4745,4745,100.0%,99.8%,100.0%,0.2%,-0.0%
2022,Male,All Schools,herts_just_talk,have heard of Herts Just Talk,No,1800,4630,38.9%,36.7%,41.1%,2.2%,2.2%
2022,Male,All Schools,herts_just_talk,have heard of Herts Just Talk,Unsure,650,4630,14.0%,12.5%,15.7%,1.5%,1.7%
2022,Male,All Schools,herts_just_talk,have heard of Herts Just Talk,Yes,1035,4630,22.4%,20.5%,24.3%,1.8%,1.9%
2022,Male,All Schools,herts_just_talk,have heard of Herts Just Talk,"Yes I’ve heard of it, but I’m not sure what it is",1145,4630,24.7%,22.8%,26.7%,1.9%,2.0%
2022,Male,All Schools,home_shouting,have ever been frightened by any shouting and arguing between adults or older siblings at home in the last month,Most days/Every day,105,4585,2.3%,1.7%,3.1%,0.6%,0.8%
2022,Male,All Schools,home_shouting,have ever been frightened by any shouting and arguing between adults or older siblings at home in the last month,No,3445,4585,75.1%,73.1%,77.1%,2.0%,1.9%
2022,Male,All Schools,home_shouting,have ever been frightened by any shouting and arguing between adults or older siblings at home in the last month,Once a week,125,4585,2.7%,2.1%,3.6%,0.7%,0.8%
2022,Male,All Schools,home_shouting,have ever been frightened by any shouting and arguing between adults or older siblings at home in the last month,Once or twice,690,4585,15.0%,13.5%,16.8%,1.6%,1.7%
2022,Male,All Schools,home_shouting,have ever been frightened by any shouting and arguing between adults or older siblings at home in the last month,Prefer not to say,220,4585,4.8%,3.9%,5.9%,0.9%,1.1%
2022,Male,All Schools,home_violence,"if there has been any violence (e.g. hitting, punching, slapping) between adults or older siblings at home in the last month",Most days/Every day,40,4595,0.9%,0.5%,1.4%,0.3%,0.5%
2022,Male,All Schools,home_violence,"if there has been any violence (e.g. hitting, punching, slapping) between adults or older siblings at home in the last month",No,4250,4595,92.5%,91.2%,93.6%,1.3%,1.1%
2022,Male,All Schools,home_violence,"if there has been any violence (e.g. hitting, punching, slapping) between adults or older siblings at home in the last month",Once a week,30,4595,0.7%,0.4%,1.1%,0.3%,0.5%
2022,Male,All Schools,home_violence,"if there has been any violence (e.g. hitting, punching, slapping) between adults or older siblings at home in the last month",Once or twice,135,4595,2.9%,2.3%,3.8%,0.7%,0.9%
2022,Male,All Schools,home_violence,"if there has been any violence (e.g. hitting, punching, slapping) between adults or older siblings at home in the last month",Prefer not to say,140,4595,3.0%,2.4%,3.9%,0.7%,0.9%
2022,Male,All Schools,hopeful_future,feel hopeful about their future,Always,1090,4620,23.6%,21.7%,25.6%,1.9%,2.0%
2022,Male,All Schools,hopeful_future,feel hopeful about their future,Never,260,4620,5.6%,4.7%,6.8%,1.0%,1.1%
2022,Male,All Schools,hopeful_future,feel hopeful about their future,Often,1710,4620,37.0%,34.8%,39.2%,2.2%,2.2%
2022,Male,All Schools,hopeful_future,feel hopeful about their future,Sometimes,1560,4620,33.8%,31.7%,35.9%,2.1%,2.2%
2022,Male,All Schools,imd_quintile,for their resident postcode,Quintile 1 - Most Deprived,355,4750,7.5%,6.4%,8.7%,1.1%,1.3%
2022,Male,All Schools,imd_quintile,for their resident postcode,Quintile 2,535,4750,11.3%,9.9%,12.8%,1.3%,1.5%
2022,Male,All Schools,imd_quintile,for their resident postcode,Quintile 3,660,4750,13.9%,12.4%,15.5%,1.5%,1.6%
2022,Male,All Schools,imd_quintile,for their resident postcode,Quintile 4,675,4750,14.2%,12.7%,15.8%,1.5%,1.6%
2022,Male,All Schools,imd_quintile,for their resident postcode,Quintile 5 - Least Deprived,990,4750,20.8%,19.1%,22.7%,1.8%,1.9%
2022,Male,All Schools,imd_quintile,for their resident postcode,unknown,1535,4750,32.3%,30.3%,34.4%,2.1%,2.1%
2022,Male,All Schools,internet_info_provided,have been provided with online safety info,No,1135,4490,25.3%,23.3%,27.3%,2.0%,2.1%
2022,Male,All Schools,internet_info_provided,have been provided with online safety info,Yes,3355,4490,74.7%,72.7%,76.7%,2.1%,2.0%
2022,Male,All Schools,internet_met,have ever met someone in real life whom they first met online,No,3540,4550,77.8%,75.8%,79.6%,2.0%,1.8%
2022,Male,All Schools,internet_met,have ever met someone in real life whom they first met online,Yes,1010,4550,22.2%,20.4%,24.2%,1.8%,2.0%
2022,Male,All Schools,internet_personalinfo,have ever shared personal information with someone they have not met in real life,No,3835,4550,84.3%,82.5%,85.9%,1.7%,1.6%
2022,Male,All Schools,internet_personalinfo,have ever shared personal information with someone they have not met in real life,Yes,715,4550,15.7%,14.1%,17.5%,1.6%,1.7%
2022,Male,All Schools,internet_pictures_pressure,have ever felt pressured to send pictures of themselves to someone,No,4250,4540,93.6%,92.4%,94.6%,1.2%,1.0%
2022,Male,All Schools,internet_pictures_pressure,have ever felt pressured to send pictures of themselves to someone,Yes,290,4540,6.4%,5.4%,7.6%,1.0%,1.2%
2022,Male,All Schools,internet_pictures_upset,have ever seen a picture or post that scared them,No,3400,4550,74.7%,72.7%,76.7%,2.0%,1.9%
2022,Male,All Schools,internet_pictures_upset,have ever seen a picture or post that scared them,Yes,1150,4550,25.3%,23.3%,27.3%,1.9%,2.0%
2022,Male,All Schools,ketamine_exp,ketamine,No,320,355,90.1%,84.2%,94.0%,6.0%,3.9%
2022,Male,All Schools,ketamine_exp,ketamine,Yes,35,355,9.9%,6.0%,15.8%,3.9%,6.0%
2022,Male,All Schools,ketamine_offered,ketamine,No,4745,4745,100.0%,99.8%,100.0%,0.2%,-0.0%
2022,Male,All Schools,khat_exp,khat,No,340,360,94.4%,89.4%,97.2%,5.0%,2.7%
2022,Male,All Schools,khat_exp,khat,Yes,20,360,5.6%,2.8%,10.6%,2.7%,5.0%
2022,Male,All Schools,khat_offered,khat,No,4745,4745,100.0%,99.8%,100.0%,0.2%,-0.0%
2022,Male,All Schools,life_happyyesterday,how happy they felt yesterday overall on a scale low to high,high,1520,4745,32.0%,30.0%,34.2%,2.1%,2.1%
2022,Male,All Schools,life_happyyesterday,how happy they felt yesterday overall on a scale low to high,low,855,4745,18.0%,16.4%,19.8%,1.7%,1.8%
2022,Male,All Schools,life_happyyesterday,how happy they felt yesterday overall on a scale low to high,medium,920,4745,19.4%,17.7%,21.2%,1.7%,1.8%
2022,Male,All Schools,life_happyyesterday,how happy they felt yesterday overall on a scale low to high,very high,1450,4745,30.6%,28.5%,32.7%,2.0%,2.1%
2022,Male,All Schools,life_satisfied,about how satisfied they with their life on a scale of low to high,high,1870,4740,39.5%,37.3%,41.7%,2.2%,2.2%
2022,Male,All Schools,life_satisfied,about how satisfied they with their life on a scale of low to high,low,570,4740,12.0%,10.6%,13.6%,1.4%,1.5%
2022,Male,All Schools,life_satisfied,about how satisfied they with their life on a scale of low to high,medium,875,4740,18.5%,16.8%,20.3%,1.7%,1.8%
2022,Male,All Schools,life_satisfied,about how satisfied they with their life on a scale of low to high,very high,1425,4740,30.1%,28.0%,32.2%,2.0%,2.1%
2022,Male,All Schools,life_worthwhile,the extent to which they feel the things they do in their life are worthwhile on a scale of low to high,high,1575,4745,33.2%,31.1%,35.3%,2.1%,2.1%
2022,Male,All Schools,life_worthwhile,the extent to which they feel the things they do in their life are worthwhile on a scale of low to high,low,740,4745,15.6%,14.0%,17.3%,1.6%,1.7%
2022,Male,All Schools,life_worthwhile,the extent to which they feel the things they do in their life are worthwhile on a scale of low to high,medium,940,4745,19.8%,18.1%,21.7%,1.7%,1.8%
2022,Male,All Schools,life_worthwhile,the extent to which they feel the things they do in their life are worthwhile on a scale of low to high,very high,1490,4745,31.4%,29.4%,33.5%,2.0%,2.1%
2022,Male,All Schools,mental_121,1-2-1 sessions,No,4745,4745,100.0%,99.8%,100.0%,0.2%,-0.0%
2022,Male,All Schools,mental_accessed,have ever accessed mental health services before,No,3695,4550,81.2%,79.4%,82.9%,1.9%,1.7%
2022,Male,All Schools,mental_accessed,have ever accessed mental health services before,Not sure,365,4550,8.0%,6.9%,9.4%,1.2%,1.3%
2022,Male,All Schools,mental_accessed,have ever accessed mental health services before,Prefer not to say,105,4550,2.3%,1.7%,3.1%,0.6%,0.8%
2022,Male,All Schools,mental_accessed,have ever accessed mental health services before,Yes,385,4550,8.5%,7.3%,9.8%,1.2%,1.4%
2022,Male,All Schools,mental_accessed_helpful,how helpful they found the mental health support,A little,155,385,40.3%,32.9%,48.1%,7.4%,7.9%
2022,Male,All Schools,mental_accessed_helpful,how helpful they found the mental health support,Neither helpful nor unhelpful,40,385,10.4%,6.5%,16.2%,3.9%,5.8%
2022,Male,All Schools,mental_accessed_helpful,how helpful they found the mental health support,Not helpful,45,385,11.7%,7.5%,17.7%,4.2%,6.0%
2022,Male,All Schools,mental_accessed_helpful,how helpful they found the mental health support,Not very helpful,40,385,10.4%,6.5%,16.2%,3.9%,5.8%
2022,Male,All Schools,mental_accessed_helpful,how helpful they found the mental health support,Very,105,385,27.3%,20.9%,34.8%,6.4%,7.5%
2022,Male,All Schools,mental_activesupport,activity-based support (e.g. drama therapy),No,4745,4745,100.0%,99.8%,100.0%,0.2%,-0.0%
2022,Male,All Schools,mental_charity,charities,No,4670,4745,98.4%,97.8%,98.9%,0.7%,0.5%
2022,Male,All Schools,mental_charity,charities,Yes,75,4745,1.6%,1.1%,2.2%,0.5%,0.7%
2022,Male,All Schools,mental_clinic,a mental health clinic,No,3850,4745,81.1%,79.3%,82.8%,1.8%,1.7%
2022,Male,All Schools,mental_clinic,a mental health clinic,Yes,895,4745,18.9%,17.2%,20.7%,1.7%,1.8%
2022,Male,All Schools,mental_doctor,a doctor,No,3905,4745,82.3%,80.5%,83.9%,1.8%,1.6%
2022,Male,All Schools,mental_doctor,a doctor,Yes,840,4745,17.7%,16.1%,19.5%,1.6%,1.8%
2022,Male,All Schools,mental_groupwork,Group work,No,4745,4745,100.0%,99.8%,100.0%,0.2%,-0.0%
2022,Male,All Schools,mental_howaccess,"know how to access services if they are worried about, or are looking for more information about their mental health",No,785,4610,17.0%,15.4%,18.8%,1.6%,1.8%
2022,Male,All Schools,mental_howaccess,"know how to access services if they are worried about, or are looking for more information about their mental health",Not sure,790,4610,17.1%,15.5%,18.9%,1.6%,1.8%
2022,Male,All Schools,mental_howaccess,"know how to access services if they are worried about, or are looking for more information about their mental health",Yes,3035,4610,65.8%,63.6%,68.0%,2.2%,2.1%
2022,Male,All Schools,mental_internet,online,No,4745,4745,100.0%,99.8%,100.0%,0.2%,-0.0%
2022,Male,All Schools,mental_none,other,No,3925,4745,82.7%,81.0%,84.3%,1.8%,1.6%
2022,Male,All Schools,mental_none,other,Yes,820,4745,17.3%,15.7%,19.0%,1.6%,1.8%
2022,Male,All Schools,mental_nurse,a school nurse,No,4610,4745,97.2%,96.3%,97.8%,0.8%,0.7%
2022,Male,All Schools,mental_nurse,a school nurse,Yes,135,4745,2.8%,2.2%,3.7%,0.7%,0.8%
2022,Male,All Schools,mental_parents,parents/carers,No,1560,4745,32.9%,30.8%,35.0%,2.1%,2.1%
2022,Male,All Schools,mental_parents,parents/carers,Yes,3185,4745,67.1%,65.0%,69.2%,2.1%,2.1%
2022,Male,All Schools,mental_school,the school,No,3345,4745,70.5%,68.4%,72.5%,2.1%,2.0%
2022,Male,All Schools,mental_school,the school,Yes,1400,4745,29.5%,27.5%,31.6%,2.0%,2.1%
2022,Male,All Schools,mental_talk,"agree with the statement ""It's okay for me to talk about my mental health.""",No,580,4600,12.6%,11.2%,14.2%,1.4%,1.6%
2022,Male,All Schools,mental_talk,"agree with the statement ""It's okay for me to talk about my mental health.""",Not sure,665,4600,14.5%,12.9%,16.1%,1.5%,1.7%
2022,Male,All Schools,mental_talk,"agree with the statement ""It's okay for me to talk about my mental health.""",Yes,3355,4600,72.9%,70.9%,74.9%,2.1%,2.0%
2022,Male,All Schools,mental_type_121,1-2-1s (in person),No,2515,4745,53.0%,50.8%,55.2%,2.2%,2.2%
2022,Male,All Schools,mental_type_121,1-2-1s (in person),Yes,2230,4745,47.0%,44.8%,49.2%,2.2%,2.2%
2022,Male,All Schools,mental_type_group,groupwork,No,3735,4745,78.7%,76.8%,80.5%,1.9%,1.8%
2022,Male,All Schools,mental_type_group,groupwork,Yes,1010,4745,21.3%,19.5%,23.2%,1.8%,1.9%
2022,Male,All Schools,mental_type_online,online support,No,3715,4745,78.3%,76.4%,80.1%,1.9%,1.8%
2022,Male,All Schools,mental_type_online,online support,Yes,1030,4745,21.7%,19.9%,23.6%,1.8%,1.9%
2022,Male,All Schools,mental_type_other,other types of support,No,3510,4745,74.0%,72.0%,75.9%,2.0%,1.9%
2022,Male,All Schools,mental_type_other,other types of support,Yes,1235,4745,26.0%,24.1%,28.0%,1.9%,2.0%
2022,Male,All Schools,mental_type_phone,phone counselling,No,4235,4745,89.3%,87.8%,90.6%,1.5%,1.3%
2022,Male,All Schools,mental_type_phone,phone counselling,Yes,510,4745,10.7%,9.4%,12.2%,1.3%,1.5%
2022,Male,All Schools,mental_youthservice,the Youth Service,No,4410,4745,92.9%,91.7%,94.0%,1.2%,1.1%
2022,Male,All Schools,mental_youthservice,the Youth Service,Yes,335,4745,7.1%,6.0%,8.3%,1.1%,1.2%
2022,Male,All Schools,mephedrone_exp,mephedrone,No,340,355,95.8%,91.1%,98.0%,4.7%,2.3%
2022,Male,All Schools,mephedrone_exp,mephedrone,Yes,15,355,4.2%,2.0%,8.9%,2.3%,4.7%
2022,Male,All Schools,mephedrone_offered,mephedrone,No,4745,4745,100.0%,99.8%,100.0%,0.2%,-0.0%
2022,Male,All Schools,nitrous_oxide_exp,nitrous oxide,No,325,360,90.3%,84.4%,94.1%,5.9%,3.8%
2022,Male,All Schools,nitrous_oxide_exp,nitrous oxide,Yes,35,360,9.7%,5.9%,15.6%,3.8%,5.9%
2022,Male,All Schools,nitrous_oxide_offered,nitrous oxide,No,4745,4745,100.0%,99.8%,100.0%,0.2%,-0.0%
2022,Male,All Schools,nps_exp,novel psychoactive substances,No,340,355,95.8%,91.1%,98.0%,4.7%,2.3%
2022,Male,All Schools,nps_exp,novel psychoactive substances,Yes,15,355,4.2%,2.0%,8.9%,2.3%,4.7%
2022,Male,All Schools,nps_offered,novel psychoactive substances,No,4745,4745,100.0%,99.8%,100.0%,0.2%,-0.0%
2022,Male,All Schools,pa_30,how many days in the past week had they done 30-59 minutes of physical activity,1 to 3,2150,4745,45.3%,43.1%,47.6%,2.2%,2.2%
2022,Male,All Schools,pa_30,how many days in the past week had they done 30-59 minutes of physical activity,4 to 5,750,4745,15.8%,14.2%,17.5%,1.6%,1.7%
2022,Male,All Schools,pa_30,how many days in the past week had they done 30-59 minutes of physical activity,6 to 7,300,4745,6.3%,5.3%,7.5%,1.0%,1.2%
2022,Male,All Schools,pa_30,how many days in the past week had they done 30-59 minutes of physical activity,none,1545,4745,32.6%,30.5%,34.7%,2.1%,2.1%
2022,Male,All Schools,pa_60,how many days in the past week had they done a total of 60 minutes or more of physical activity,1 to 3,1760,4745,37.1%,35.0%,39.3%,2.1%,2.2%
2022,Male,All Schools,pa_60,how many days in the past week had they done a total of 60 minutes or more of physical activity,4 to 5,1045,4745,22.0%,20.2%,23.9%,1.8%,1.9%
2022,Male,All Schools,pa_60,how many days in the past week had they done a total of 60 minutes or more of physical activity,6 to 7,875,4745,18.4%,16.8%,20.2%,1.7%,1.8%
2022,Male,All Schools,pa_60,how many days in the past week had they done a total of 60 minutes or more of physical activity,none,1065,4745,22.4%,20.6%,24.4%,1.8%,1.9%
2022,Male,All Schools,pa_fri,Friday,0-29 minutes,1195,4530,26.4%,24.4%,28.5%,2.0%,2.1%
2022,Male,All Schools,pa_fri,Friday,30-59 minutes,1540,4530,34.0%,31.9%,36.2%,2.1%,2.2%
2022,Male,All Schools,pa_fri,Friday,60 or more minutes,1795,4530,39.6%,37.4%,41.9%,2.2%,2.3%
2022,Male,All Schools,pa_mon,Monday,0-29 minutes,1215,4630,26.2%,24.3%,28.3%,1.9%,2.0%
2022,Male,All Schools,pa_mon,Monday,30-59 minutes,1520,4630,32.8%,30.7%,35.0%,2.1%,2.2%
2022,Male,All Schools,pa_mon,Monday,60 or more minutes,1895,4630,40.9%,38.7%,43.2%,2.2%,2.2%
2022,Male,All Schools,pa_sat,Saturday,0-29 minutes,1365,4525,30.2%,28.1%,32.3%,2.1%,2.1%
2022,Male,All Schools,pa_sat,Saturday,30-59 minutes,1245,4525,27.5%,25.5%,29.6%,2.0%,2.1%
2022,Male,All Schools,pa_sat,Saturday,60 or more minutes,1915,4525,42.3%,40.1%,44.6%,2.3%,2.3%
2022,Male,All Schools,pa_sun,Sunday,0-29 minutes,1240,4545,27.3%,25.3%,29.4%,2.0%,2.1%
2022,Male,All Schools,pa_sun,Sunday,30-59 minutes,910,4545,20.0%,18.3%,21.9%,1.8%,1.9%
2022,Male,All Schools,pa_sun,Sunday,60 or more minutes,2395,4545,52.7%,50.4%,55.0%,2.3%,2.3%
2022,Male,All Schools,pa_thurs,Thursday,0-29 minutes,1045,4580,22.8%,21.0%,24.8%,1.9%,2.0%
2022,Male,All Schools,pa_thurs,Thursday,30-59 minutes,1430,4580,31.2%,29.1%,33.4%,2.1%,2.2%
2022,Male,All Schools,pa_thurs,Thursday,60 or more minutes,2105,4580,46.0%,43.7%,48.2%,2.3%,2.3%
2022,Male,All Schools,pa_tues,Tuesday,0-29 minutes,1165,4590,25.4%,23.4%,27.4%,1.9%,2.0%
2022,Male,All Schools,pa_tues,Tuesday,30-59 minutes,1490,4590,32.5%,30.4%,34.6%,2.1%,2.2%
2022,Male,All Schools,pa_tues,Tuesday,60 or more minutes,1935,4590,42.2%,39.9%,44.4%,2.2%,2.3%
2022,Male,All Schools,pa_wed,Wednesday,0-29 minutes,1045,4590,22.8%,20.9%,24.7%,1.9%,2.0%
2022,Male,All Schools,pa_wed,Wednesday,30-59 minutes,1445,4590,31.5%,29.4%,33.6%,2.1%,2.2%
2022,Male,All Schools,pa_wed,Wednesday,60 or more minutes,2100,4590,45.8%,43.5%,48.0%,2.3%,2.3%
2022,Male,All Schools,poppers_exp,poppers,No,335,355,94.4%,89.3%,97.1%,5.1%,2.7%
2022,Male,All Schools,poppers_exp,poppers,Yes,20,355,5.6%,2.9%,10.7%,2.7%,5.1%
2022,Male,All Schools,poppers_offered,poppers,No,4745,4745,100.0%,99.8%,100.0%,0.2%,-0.0%
2022,Male,All Schools,portions,portions of fruits or vegetables,0,410,4740,8.6%,7.5%,10.0%,1.2%,1.3%
2022,Male,All Schools,portions,portions of fruits or vegetables,1,570,4740,12.0%,10.6%,13.6%,1.4%,1.5%
2022,Male,All Schools,portions,portions of fruits or vegetables,2,1005,4740,21.2%,19.4%,23.1%,1.8%,1.9%
2022,Male,All Schools,portions,portions of fruits or vegetables,3,1275,4740,26.9%,25.0%,28.9%,1.9%,2.0%
2022,Male,All Schools,portions,portions of fruits or vegetables,4,810,4740,17.1%,15.5%,18.8%,1.6%,1.8%
2022,Male,All Schools,portions,portions of fruits or vegetables,5,670,4740,14.1%,12.6%,15.8%,1.5%,1.6%
2022,Male,All Schools,prospects_education,plan to continue in education,Maybe,1160,4200,27.6%,25.5%,29.8%,2.1%,2.2%
2022,Male,All Schools,prospects_education,plan to continue in education,No,365,4200,8.7%,7.4%,10.1%,1.3%,1.4%
2022,Male,All Schools,prospects_education,plan to continue in education,Yes,2675,4200,63.7%,61.4%,66.0%,2.3%,2.3%
2022,Male,All Schools,prospects_family,plan to start a family,Maybe,1255,3880,32.3%,30.1%,34.7%,2.3%,2.4%
2022,Male,All Schools,prospects_family,plan to start a family,No,1655,3880,42.7%,40.2%,45.1%,2.4%,2.5%
2022,Male,All Schools,prospects_family,plan to start a family,Yes,970,3880,25.0%,22.9%,27.2%,2.1%,2.2%
2022,Male,All Schools,prospects_info_apprenticeships,apprenticeships,No,3195,4745,67.3%,65.2%,69.4%,2.1%,2.1%
2022,Male,All Schools,prospects_info_apprenticeships,apprenticeships,Yes,1550,4745,32.7%,30.6%,34.8%,2.1%,2.1%
2022,Male,All Schools,prospects_info_college,college/6th form,No,3095,4745,65.2%,63.1%,67.3%,2.2%,2.1%
2022,Male,All Schools,prospects_info_college,college/6th form,Yes,1650,4745,34.8%,32.7%,36.9%,2.1%,2.2%
2022,Male,All Schools,prospects_info_gap,gap years,No,3710,4745,78.2%,76.3%,80.0%,1.9%,1.8%
2022,Male,All Schools,prospects_info_gap,gap years,Yes,1035,4745,21.8%,20.0%,23.7%,1.8%,1.9%
2022,Male,All Schools,prospects_info_jobs,jobs,No,2445,4740,51.6%,49.3%,53.8%,2.2%,2.2%
2022,Male,All Schools,prospects_info_jobs,jobs,Yes,2295,4740,48.4%,46.2%,50.7%,2.2%,2.2%
2022,Male,All Schools,prospects_info_other,other options,No,4020,4745,84.7%,83.0%,86.3%,1.7%,1.5%
2022,Male,All Schools,prospects_info_other,other options,Yes,725,4745,15.3%,13.7%,17.0%,1.5%,1.7%
2022,Male,All Schools,prospects_info_trainee,traineeships,No,4090,4745,86.2%,84.6%,87.7%,1.6%,1.5%
2022,Male,All Schools,prospects_info_trainee,traineeships,Yes,655,4745,13.8%,12.3%,15.4%,1.5%,1.6%
2022,Male,All Schools,prospects_info_uni,university,No,2130,4740,44.9%,42.7%,47.2%,2.2%,2.2%
2022,Male,All Schools,prospects_info_uni,university,Yes,2610,4740,55.1%,52.8%,57.3%,2.2%,2.2%
2022,Male,All Schools,prospects_job,plan to get a job,Maybe,1270,4115,30.9%,28.7%,33.1%,2.2%,2.3%
2022,Male,All Schools,prospects_job,plan to get a job,No,375,4115,9.1%,7.8%,10.6%,1.3%,1.5%
2022,Male,All Schools,prospects_job,plan to get a job,Yes,2470,4115,60.0%,57.6%,62.4%,2.4%,2.3%
2022,Male,All Schools,prospects_notsure,aren't sure what they want to do,Maybe,1030,3780,27.2%,25.1%,29.5%,2.2%,2.3%
2022,Male,All Schools,prospects_notsure,aren't sure what they want to do,No,1805,3780,47.8%,45.2%,50.3%,2.5%,2.5%
2022,Male,All Schools,prospects_notsure,aren't sure what they want to do,Yes,945,3780,25.0%,22.9%,27.2%,2.1%,2.2%
2022,Male,All Schools,prospects_other,have other plans,Maybe,1300,3740,34.8%,32.4%,37.2%,2.4%,2.4%
2022,Male,All Schools,prospects_other,have other plans,No,1635,3740,43.7%,41.2%,46.2%,2.5%,2.5%
2022,Male,All Schools,prospects_other,have other plans,Yes,805,3740,21.5%,19.5%,23.7%,2.0%,2.1%
2022,Male,All Schools,prospects_support_friends,friends,No,2985,4745,62.9%,60.7%,65.0%,2.2%,2.1%
2022,Male,All Schools,prospects_support_friends,friends,Yes,1760,4745,37.1%,35.0%,39.3%,2.1%,2.2%
2022,Male,All Schools,prospects_support_idk,don't know where to get support,No,4350,4740,91.8%,90.5%,92.9%,1.3%,1.2%
2022,Male,All Schools,prospects_support_idk,don't know where to get support,Yes,390,4740,8.2%,7.1%,9.5%,1.2%,1.3%
2022,Male,All Schools,prospects_support_jobcentre,Job Centre Plus,No,4430,4745,93.4%,92.2%,94.4%,1.2%,1.0%
2022,Male,All Schools,prospects_support_jobcentre,Job Centre Plus,Yes,315,4745,6.6%,5.6%,7.8%,1.0%,1.2%
2022,Male,All Schools,prospects_support_online,online,No,3670,4745,77.3%,75.4%,79.2%,1.9%,1.8%
2022,Male,All Schools,prospects_support_online,online,Yes,1075,4745,22.7%,20.8%,24.6%,1.8%,1.9%
2022,Male,All Schools,prospects_support_parents,parent/carer,No,1140,4745,24.0%,22.2%,26.0%,1.9%,2.0%
2022,Male,All Schools,prospects_support_parents,parent/carer,Yes,3605,4745,76.0%,74.0%,77.8%,2.0%,1.9%
2022,Male,All Schools,prospects_support_school,school/teacher,No,2860,4745,60.3%,58.1%,62.4%,2.2%,2.2%
2022,Male,All Schools,prospects_support_school,school/teacher,Yes,1885,4745,39.7%,37.6%,41.9%,2.2%,2.2%
2022,Male,All Schools,prospects_support_syp,Services for Young People,No,4325,4745,91.1%,89.8%,92.3%,1.4%,1.2%
2022,Male,All Schools,prospects_support_syp,Services for Young People,Yes,420,4745,8.9%,7.7%,10.2%,1.2%,1.4%
2022,Male,All Schools,prospects_training,plan to training for a skilled job,Maybe,1700,3980,42.7%,40.3%,45.2%,2.4%,2.4%
2022,Male,All Schools,prospects_training,plan to training for a skilled job,No,850,3980,21.4%,19.4%,23.4%,1.9%,2.1%
2022,Male,All Schools,prospects_training,plan to training for a skilled job,Yes,1430,3980,35.9%,33.6%,38.3%,2.3%,2.4%
2022,Male,All Schools,religion,religion,Any other religion,50,4715,1.1%,0.7%,1.6%,0.4%,0.6%
2022,Male,All Schools,religion,religion,Buddhist,25,4715,0.5%,0.3%,1.0%,0.2%,0.4%
2022,Male,All Schools,religion,religion,Christian,1115,4715,23.6%,21.8%,25.6%,1.9%,2.0%
2022,Male,All Schools,religion,religion,Hindu,225,4715,4.8%,3.9%,5.8%,0.9%,1.1%
2022,Male,All Schools,religion,religion,Jewish,345,4715,7.3%,6.2%,8.6%,1.1%,1.3%
2022,Male,All Schools,religion,religion,Muslim,255,4715,5.4%,4.5%,6.5%,0.9%,1.1%
2022,Male,All Schools,religion,religion,No religion,2580,4715,54.7%,52.5%,56.9%,2.2%,2.2%
2022,Male,All Schools,religion,religion,Prefer not to say,85,4715,1.8%,1.3%,2.5%,0.5%,0.7%
2022,Male,All Schools,religion,religion,Sikh,35,4715,0.7%,0.4%,1.2%,0.3%,0.5%
2022,Male,All Schools,safety_dark,going out after dark,Neither safe or unsafe,2105,4620,45.6%,43.3%,47.8%,2.3%,2.3%
2022,Male,All Schools,safety_dark,going out after dark,Safe,1515,4620,32.8%,30.7%,35.0%,2.1%,2.2%
2022,Male,All Schools,safety_dark,going out after dark,Unsafe,1000,4620,21.6%,19.8%,23.6%,1.8%,1.9%
2022,Male,All Schools,safety_day,going out during the day,Neither safe or unsafe,855,4625,18.5%,16.8%,20.3%,1.7%,1.8%
2022,Male,All Schools,safety_day,going out during the day,Safe,3680,4625,79.6%,77.7%,81.3%,1.9%,1.8%
2022,Male,All Schools,safety_day,going out during the day,Unsafe,90,4625,1.9%,1.4%,2.7%,0.5%,0.7%
2022,Male,All Schools,safety_journey,going to and from school,Neither safe or unsafe,815,4615,17.7%,16.0%,19.5%,1.7%,1.8%
2022,Male,All Schools,safety_journey,going to and from school,Safe,3680,4615,79.7%,77.9%,81.5%,1.9%,1.8%
2022,Male,All Schools,safety_journey,going to and from school,Unsafe,120,4615,2.6%,2.0%,3.4%,0.6%,0.8%
2022,Male,All Schools,safety_school,at school,Neither safe or unsafe,825,4625,17.8%,16.2%,19.6%,1.7%,1.8%
2022,Male,All Schools,safety_school,at school,Safe,3640,4625,78.7%,76.8%,80.5%,1.9%,1.8%
2022,Male,All Schools,safety_school,at school,Unsafe,160,4625,3.5%,2.7%,4.4%,0.7%,0.9%
2022,Male,All Schools,school_supported,felt supported by their school and that they were offered help when having difficulties,No,205,1135,18.1%,14.8%,21.9%,3.3%,3.8%
2022,Male,All Schools,school_supported,felt supported by their school and that they were offered help when having difficulties,Not sure,285,1135,25.1%,21.4%,29.3%,3.8%,4.2%
2022,Male,All Schools,school_supported,felt supported by their school and that they were offered help when having difficulties,Prefer not to say,45,1135,4.0%,2.5%,6.2%,1.4%,2.2%
2022,Male,All Schools,school_supported,felt supported by their school and that they were offered help when having difficulties,Yes,600,1135,52.9%,48.3%,57.4%,4.6%,4.5%
2022,Male,All Schools,schoolsupp_academic,they find their school is supportive of their learning and education,No,225,4575,4.9%,4.0%,6.0%,0.9%,1.1%
2022,Male,All Schools,schoolsupp_academic,they find their school is supportive of their learning and education,Not sure,75,4575,1.6%,1.2%,2.3%,0.5%,0.7%
2022,Male,All Schools,schoolsupp_academic,they find their school is supportive of their learning and education,Somewhat,1075,4575,23.5%,21.6%,25.5%,1.9%,2.0%
2022,Male,All Schools,schoolsupp_academic,they find their school is supportive of their learning and education,Yes,3200,4575,69.9%,67.8%,72.0%,2.1%,2.1%
2022,Male,All Schools,schoolsupp_wellbeing,they find their school is supportive of their emotional health and wellbeing,No,700,4550,15.4%,13.8%,17.1%,1.6%,1.7%
2022,Male,All Schools,schoolsupp_wellbeing,they find their school is supportive of their emotional health and wellbeing,Not sure,335,4550,7.4%,6.3%,8.7%,1.1%,1.3%
2022,Male,All Schools,schoolsupp_wellbeing,they find their school is supportive of their emotional health and wellbeing,Somewhat,1655,4550,36.4%,34.2%,38.6%,2.2%,2.2%
2022,Male,All Schools,schoolsupp_wellbeing,they find their school is supportive of their emotional health and wellbeing,Yes,1860,4550,40.9%,38.6%,43.1%,2.2%,2.3%
2022,Male,All Schools,schyear,school year,Not at school/other,5,4745,0.1%,0.0%,0.4%,0.1%,0.3%
2022,Male,All Schools,schyear,school year,Year 10,815,4745,17.2%,15.6%,18.9%,1.6%,1.8%
2022,Male,All Schools,schyear,school year,Year 11,450,4745,9.5%,8.2%,10.9%,1.2%,1.4%
2022,Male,All Schools,schyear,school year,Year 12,400,4745,8.4%,7.3%,9.8%,1.2%,1.3%
2022,Male,All Schools,schyear,school year,Year 13,345,4745,7.3%,6.2%,8.5%,1.1%,1.3%
2022,Male,All Schools,schyear,school year,Year 7,940,4745,19.8%,18.1%,21.7%,1.7%,1.8%
2022,Male,All Schools,schyear,school year,Year 8,1060,4745,22.3%,20.5%,24.3%,1.8%,1.9%
2022,Male,All Schools,schyear,school year,Year 9,730,4745,15.4%,13.8%,17.1%,1.5%,1.7%
2022,Male,All Schools,selfharm_ever,ever self-harmed,No,3735,4575,81.6%,79.8%,83.3%,1.8%,1.7%
2022,Male,All Schools,selfharm_ever,ever self-harmed,Prefer not to say,390,4575,8.5%,7.3%,9.9%,1.2%,1.4%
2022,Male,All Schools,selfharm_ever,ever self-harmed,Yes,450,4575,9.8%,8.6%,11.3%,1.3%,1.4%
2022,Male,All Schools,sexuality,sexual orientation,"Gay, lesbian or bisexual",175,4685,3.7%,3.0%,4.7%,0.8%,1.0%
2022,Male,All Schools,sexuality,sexual orientation,Heterosexual/Straight,4120,4685,87.9%,86.4%,89.3%,1.5%,1.4%
2022,Male,All Schools,sexuality,sexual orientation,Other,45,4685,1.0%,0.6%,1.5%,0.4%,0.6%
2022,Male,All Schools,sexuality,sexual orientation,Prefer not to say,195,4685,4.2%,3.3%,5.2%,0.8%,1.0%
2022,Male,All Schools,sexuality,sexual orientation,Undecided/Questioning,150,4685,3.2%,2.5%,4.1%,0.7%,0.9%
2022,Male,All Schools,sh_16,Most 16 year olds have not had sex,Agree,730,1950,37.4%,34.1%,40.9%,3.3%,3.4%
2022,Male,All Schools,sh_16,Most 16 year olds have not had sex,Disagree,420,1950,21.5%,18.8%,24.6%,2.7%,3.0%
2022,Male,All Schools,sh_16,Most 16 year olds have not had sex,Not sure,800,1950,41.0%,37.6%,44.5%,3.4%,3.5%
2022,Male,All Schools,sh_access,they know how to access sexual health services?,No,1735,4515,38.4%,36.2%,40.7%,2.2%,2.3%
2022,Male,All Schools,sh_access,they know how to access sexual health services?,Not sure,1225,4515,27.1%,25.1%,29.2%,2.0%,2.1%
2022,Male,All Schools,sh_access,they know how to access sexual health services?,Yes,1555,4515,34.4%,32.3%,36.7%,2.2%,2.2%
2022,Male,All Schools,sh_condoms,Using condoms is necessary to prevent sexually transmitted infections and unplanned pregnancies,Agree,1670,1940,86.1%,83.5%,88.3%,2.6%,2.3%
2022,Male,All Schools,sh_condoms,Using condoms is necessary to prevent sexually transmitted infections and unplanned pregnancies,Disagree,105,1940,5.4%,4.0%,7.2%,1.4%,1.8%
2022,Male,All Schools,sh_condoms,Using condoms is necessary to prevent sexually transmitted infections and unplanned pregnancies,Not sure,165,1940,8.5%,6.7%,10.7%,1.8%,2.2%
2022,Male,All Schools,sh_condomsti,"If you have sex without a condom, you should get an STI test.",Agree,1140,1940,58.8%,55.3%,62.2%,3.5%,3.4%
2022,Male,All Schools,sh_condomsti,"If you have sex without a condom, you should get an STI test.",Disagree,275,1940,14.2%,11.9%,16.8%,2.3%,2.6%
2022,Male,All Schools,sh_condomsti,"If you have sex without a condom, you should get an STI test.",Not sure,525,1940,27.1%,24.1%,30.3%,3.0%,3.2%
2022,Male,All Schools,sh_pregnancy,Getting pregnant or getting someone else pregnant now would negatively affect my future plans,Agree,1520,1940,78.4%,75.3%,81.1%,3.0%,2.7%
2022,Male,All Schools,sh_pregnancy,Getting pregnant or getting someone else pregnant now would negatively affect my future plans,Disagree,110,1940,5.7%,4.3%,7.5%,1.4%,1.9%
2022,Male,All Schools,sh_pregnancy,Getting pregnant or getting someone else pregnant now would negatively affect my future plans,Not sure,310,1940,16.0%,13.6%,18.7%,2.4%,2.7%
2022,Male,All Schools,sh_pressure,There is pressure on young people to have sex,Agree,700,1940,36.1%,32.8%,39.5%,3.3%,3.4%
2022,Male,All Schools,sh_pressure,There is pressure on young people to have sex,Disagree,625,1940,32.2%,29.0%,35.6%,3.2%,3.4%
2022,Male,All Schools,sh_pressure,There is pressure on young people to have sex,Not sure,615,1940,31.7%,28.5%,35.0%,3.2%,3.3%
2022,Male,All Schools,sh_schooled,I think the quality of the relationships and sex education I receive at school is good.,Agree,805,1945,41.4%,38.0%,44.9%,3.4%,3.5%
2022,Male,All Schools,sh_schooled,I think the quality of the relationships and sex education I receive at school is good.,Disagree,455,1945,23.4%,20.6%,26.5%,2.8%,3.1%
2022,Male,All Schools,sh_schooled,I think the quality of the relationships and sex education I receive at school is good.,Not sure,685,1945,35.2%,32.0%,38.6%,3.3%,3.4%
2022,Male,All Schools,sh_serious,Being in a serious/long-term relationship before having sex is important,Agree,770,1945,39.6%,36.2%,43.1%,3.4%,3.5%
2022,Male,All Schools,sh_serious,Being in a serious/long-term relationship before having sex is important,Disagree,505,1945,26.0%,23.0%,29.1%,2.9%,3.2%
2022,Male,All Schools,sh_serious,Being in a serious/long-term relationship before having sex is important,Not sure,670,1945,34.4%,31.2%,37.8%,3.2%,3.4%
2022,Male,All Schools,sh_support,their preferable source of support to get contraception or a test for Sexually Transmitted Infection (STI),Doctor,1675,4260,39.3%,37.0%,41.7%,2.3%,2.3%
2022,Male,All Schools,sh_support,their preferable source of support to get contraception or a test for Sexually Transmitted Infection (STI),Helpline,50,4260,1.2%,0.8%,1.8%,0.4%,0.6%
2022,Male,All Schools,sh_support,their preferable source of support to get contraception or a test for Sexually Transmitted Infection (STI),Online (e.g. Sexwise website),245,4260,5.8%,4.7%,7.0%,1.0%,1.2%
2022,Male,All Schools,sh_support,their preferable source of support to get contraception or a test for Sexually Transmitted Infection (STI),Other,350,4260,8.2%,7.0%,9.6%,1.2%,1.4%
2022,Male,All Schools,sh_support,their preferable source of support to get contraception or a test for Sexually Transmitted Infection (STI),Pharmacy,810,4260,19.0%,17.2%,20.9%,1.8%,1.9%
2022,Male,All Schools,sh_support,their preferable source of support to get contraception or a test for Sexually Transmitted Infection (STI),School/College,125,4260,2.9%,2.2%,3.8%,0.7%,0.9%
2022,Male,All Schools,sh_support,their preferable source of support to get contraception or a test for Sexually Transmitted Infection (STI),Sexual health clinic,970,4260,22.8%,20.8%,24.8%,1.9%,2.0%
2022,Male,All Schools,sh_support,their preferable source of support to get contraception or a test for Sexually Transmitted Infection (STI),Youth Worker / Service,35,4260,0.8%,0.5%,1.4%,0.3%,0.6%
2022,Male,All Schools,sh_wait,It is fine to wait to have sex,Agree,1695,1945,87.1%,84.6%,89.3%,2.5%,2.2%
2022,Male,All Schools,sh_wait,It is fine to wait to have sex,Disagree,55,1945,2.8%,1.9%,4.2%,1.0%,1.4%
2022,Male,All Schools,sh_wait,It is fine to wait to have sex,Not sure,195,1945,10.0%,8.1%,12.3%,1.9%,2.3%
2022,Male,All Schools,shinfo_clinic,sexual health clinics,No,4635,4740,97.8%,97.0%,98.4%,0.8%,0.6%
2022,Male,All Schools,shinfo_clinic,sexual health clinics,Yes,105,4740,2.2%,1.6%,3.0%,0.6%,0.8%
2022,Male,All Schools,shinfo_doctor,health professionals,No,4490,4745,94.6%,93.5%,95.6%,1.1%,0.9%
2022,Male,All Schools,shinfo_doctor,health professionals,Yes,255,4745,5.4%,4.4%,6.5%,0.9%,1.1%
2022,Male,All Schools,shinfo_friends,friends,No,3230,4745,68.1%,65.9%,70.1%,2.1%,2.1%
2022,Male,All Schools,shinfo_friends,friends,Yes,1515,4745,31.9%,29.9%,34.1%,2.1%,2.1%
2022,Male,All Schools,shinfo_healthsite,healthcare websites,No,4210,4745,88.7%,87.2%,90.1%,1.5%,1.3%
2022,Male,All Schools,shinfo_healthsite,healthcare websites,Yes,535,4745,11.3%,9.9%,12.8%,1.3%,1.5%
2022,Male,All Schools,shinfo_helpline,telephone helplines,No,4720,4745,99.5%,99.0%,99.7%,0.4%,0.2%
2022,Male,All Schools,shinfo_helpline,telephone helplines,Yes,25,4745,0.5%,0.3%,1.0%,0.2%,0.4%
2022,Male,All Schools,shinfo_media,media,No,4025,4745,84.8%,83.1%,86.4%,1.7%,1.5%
2022,Male,All Schools,shinfo_media,media,Yes,720,4745,15.2%,13.6%,16.9%,1.5%,1.7%
2022,Male,All Schools,shinfo_other,other,No,4365,4745,92.0%,90.7%,93.1%,1.3%,1.1%
2022,Male,All Schools,shinfo_other,other,Yes,380,4745,8.0%,6.9%,9.3%,1.1%,1.3%
2022,Male,All Schools,shinfo_parents,parents,No,3100,4745,65.3%,63.2%,67.4%,2.2%,2.1%
2022,Male,All Schools,shinfo_parents,parents,Yes,1645,4745,34.7%,32.6%,36.8%,2.1%,2.2%
2022,Male,All Schools,shinfo_porn,pornography,No,4365,4740,92.1%,90.8%,93.2%,1.3%,1.1%
2022,Male,All Schools,shinfo_porn,pornography,Yes,375,4740,7.9%,6.8%,9.2%,1.1%,1.3%
2022,Male,All Schools,shinfo_poster,"posters, leaflets, reference books",No,4620,4745,97.4%,96.5%,98.0%,0.8%,0.6%
2022,Male,All Schools,shinfo_poster,"posters, leaflets, reference books",Yes,125,4745,2.6%,2.0%,3.5%,0.6%,0.8%
2022,Male,All Schools,shinfo_relations,siblings or relatives,No,4295,4745,90.5%,89.1%,91.8%,1.4%,1.2%
2022,Male,All Schools,shinfo_relations,siblings or relatives,Yes,450,4745,9.5%,8.2%,10.9%,1.2%,1.4%
2022,Male,All Schools,shinfo_school,school,No,2365,4745,49.8%,47.6%,52.1%,2.2%,2.2%
2022,Male,All Schools,shinfo_school,school,Yes,2380,4745,50.2%,47.9%,52.4%,2.2%,2.2%
2022,Male,All Schools,shinfo_yw,Youth Workers,No,4710,4745,99.3%,98.8%,99.6%,0.5%,0.3%
2022,Male,All Schools,shinfo_yw,Youth Workers,Yes,35,4745,0.7%,0.4%,1.2%,0.3%,0.5%
2022,Male,All Schools,skipschool_COVID-19,COVID-19,No,4745,4745,100.0%,99.8%,100.0%,0.2%,-0.0%
2022,Male,All Schools,skipschool_appointments,medical/dental appointments,No,3060,4745,64.5%,62.3%,66.6%,2.2%,2.1%
2022,Male,All Schools,skipschool_appointments,medical/dental appointments,Yes,1685,4745,35.5%,33.4%,37.7%,2.1%,2.2%
2022,Male,All Schools,skipschool_care,caring for family,No,4540,4745,95.7%,94.7%,96.5%,1.0%,0.8%
2022,Male,All Schools,skipschool_care,caring for family,Yes,205,4745,4.3%,3.5%,5.3%,0.8%,1.0%
2022,Male,All Schools,skipschool_illness,illness/injury unrelated to COVID-19,No,1685,4745,35.5%,33.4%,37.7%,2.1%,2.2%
2022,Male,All Schools,skipschool_illness,illness/injury unrelated to COVID-19,Yes,3060,4745,64.5%,62.3%,66.6%,2.2%,2.1%
2022,Male,All Schools,skipschool_mentalhealth,mental health reasons,No,4410,4745,92.9%,91.7%,94.0%,1.2%,1.1%
2022,Male,All Schools,skipschool_mentalhealth,mental health reasons,Yes,335,4745,7.1%,6.0%,8.3%,1.1%,1.2%
2022,Male,All Schools,skipschool_trips,holiday,No,4145,4745,87.4%,85.8%,88.8%,1.6%,1.4%
2022,Male,All Schools,skipschool_trips,holiday,Yes,600,4745,12.6%,11.2%,14.2%,1.4%,1.6%
2022,Male,All Schools,skipschool_worriesbully,bullying,No,4625,4745,97.5%,96.7%,98.1%,0.8%,0.6%
2022,Male,All Schools,skipschool_worriesbully,bullying,Yes,120,4745,2.5%,1.9%,3.3%,0.6%,0.8%
2022,Male,All Schools,skipschool_worriesschool,worries about schoolwork,No,4525,4745,95.4%,94.3%,96.2%,1.0%,0.9%
2022,Male,All Schools,skipschool_worriesschool,worries about schoolwork,Yes,220,4745,4.6%,3.8%,5.7%,0.9%,1.0%
2022,Male,All Schools,smoke_ever,the statement that best describes them regarding smoking,I have never smoked,4330,4700,92.1%,90.8%,93.3%,1.3%,1.1%
2022,Male,All Schools,smoke_ever,the statement that best describes them regarding smoking,I have tried smoking once or twice,255,4700,5.4%,4.5%,6.5%,0.9%,1.1%
2022,Male,All Schools,smoke_ever,the statement that best describes them regarding smoking,I smoke occasionally (less than 1 cigarette a week),35,4700,0.7%,0.4%,1.2%,0.3%,0.5%
2022,Male,All Schools,smoke_ever,the statement that best describes them regarding smoking,I smoke regularly (once a week or more),40,4700,0.9%,0.5%,1.4%,0.3%,0.5%
2022,Male,All Schools,smoke_ever,the statement that best describes them regarding smoking,"I used to smoke, but I don’t now",40,4700,0.9%,0.5%,1.4%,0.3%,0.5%
2022,Male,All Schools,smoke_reduce,if they want to reduce or stop smoking,I'd like to reduce the amount I smoke but not stop,20,75,26.7%,14.2%,44.4%,12.5%,17.7%
2022,Male,All Schools,smoke_reduce,if they want to reduce or stop smoking,"No, I want to keep smoking",40,75,53.3%,36.2%,69.7%,17.1%,16.4%
2022,Male,All Schools,smoke_reduce,if they want to reduce or stop smoking,"Yes, I'd like to stop smoking",15,75,20.0%,9.5%,37.3%,10.5%,17.3%
2022,Male,All Schools,smoke_secondhand,people smoke around them,Always,105,4710,2.2%,1.7%,3.0%,0.6%,0.8%
2022,Male,All Schools,smoke_secondhand,people smoke around them,Never,2800,4710,59.4%,57.2%,61.6%,2.2%,2.2%
2022,Male,All Schools,smoke_secondhand,people smoke around them,Often,325,4710,6.9%,5.8%,8.1%,1.1%,1.2%
2022,Male,All Schools,smoke_secondhand,people smoke around them,Sometimes,1480,4710,31.4%,29.4%,33.5%,2.1%,2.1%
2022,Male,All Schools,solvents_exp,solvents as drugs,No,335,355,94.4%,89.3%,97.1%,5.1%,2.7%
2022,Male,All Schools,solvents_exp,solvents as drugs,Yes,20,355,5.6%,2.9%,10.7%,2.7%,5.1%
2022,Male,All Schools,solvents_offered,solvents as drugs,No,4745,4745,100.0%,99.8%,100.0%,0.2%,-0.0%
2022,Male,All Schools,std_chlamydia,chlamydia,I have heard of it but know nothing about it,2025,4540,44.6%,42.3%,46.9%,2.3%,2.3%
2022,Male,All Schools,std_chlamydia,chlamydia,I have never heard of it,1495,4540,32.9%,30.8%,35.1%,2.1%,2.2%
2022,Male,All Schools,std_chlamydia,chlamydia,It can be both treated and cured,735,4540,16.2%,14.6%,17.9%,1.6%,1.8%
2022,Male,All Schools,std_chlamydia,chlamydia,It can be treated but not cured,285,4540,6.3%,5.3%,7.5%,1.0%,1.2%
2022,Male,All Schools,std_gono,gonorrhoea,I have heard of it but know nothing about it,1905,4545,41.9%,39.7%,44.2%,2.2%,2.3%
2022,Male,All Schools,std_gono,gonorrhoea,I have never heard of it,1550,4545,34.1%,32.0%,36.3%,2.1%,2.2%
2022,Male,All Schools,std_gono,gonorrhoea,It can be both treated and cured,825,4545,18.2%,16.5%,20.0%,1.7%,1.8%
2022,Male,All Schools,std_gono,gonorrhoea,It can be treated but not cured,265,4545,5.8%,4.8%,7.0%,1.0%,1.2%
2022,Male,All Schools,std_hiv,HIV,I have heard of it but know nothing about it,1840,4540,40.5%,38.3%,42.8%,2.2%,2.3%
2022,Male,All Schools,std_hiv,HIV,I have never heard of it,980,4540,21.6%,19.8%,23.5%,1.8%,1.9%
2022,Male,All Schools,std_hiv,HIV,It can be both treated and cured,230,4540,5.1%,4.2%,6.2%,0.9%,1.1%
2022,Male,All Schools,std_hiv,HIV,It can be treated but not cured,1490,4540,32.8%,30.7%,35.0%,2.1%,2.2%
2022,Male,All Schools,std_syphilis,syphilis,I have heard of it but know nothing about it,1850,4530,40.8%,38.6%,43.1%,2.2%,2.3%
2022,Male,All Schools,std_syphilis,syphilis,I have never heard of it,1920,4530,42.4%,40.1%,44.7%,2.3%,2.3%
2022,Male,All Schools,std_syphilis,syphilis,It can be both treated and cured,475,4530,10.5%,9.2%,12.0%,1.3%,1.5%
2022,Male,All Schools,std_syphilis,syphilis,It can be treated but not cured,285,4530,6.3%,5.3%,7.5%,1.0%,1.2%
2022,Male,All Schools,steroids_exp,muscle-building steroids,No,340,360,94.4%,89.4%,97.2%,5.0%,2.7%
2022,Male,All Schools,steroids_exp,muscle-building steroids,Yes,20,360,5.6%,2.8%,10.6%,2.7%,5.0%
2022,Male,All Schools,steroids_offered,muscle-building steroids,No,4745,4745,100.0%,99.8%,100.0%,0.2%,-0.0%
2022,Male,All Schools,sus_barriers_finance,financial cost,No,3210,4745,67.7%,65.5%,69.7%,2.1%,2.1%
2022,Male,All Schools,sus_barriers_finance,financial cost,Yes,1535,4745,32.3%,30.3%,34.5%,2.1%,2.1%
2022,Male,All Schools,sus_barriers_no_consider,sustainability is not a consideration in their household,No,4470,4745,94.2%,93.1%,95.2%,1.1%,1.0%
2022,Male,All Schools,sus_barriers_no_consider,sustainability is not a consideration in their household,Yes,275,4745,5.8%,4.8%,6.9%,1.0%,1.1%
2022,Male,All Schools,sus_barriers_other,other barriers,No,3950,4745,83.2%,81.5%,84.9%,1.7%,1.6%
2022,Male,All Schools,sus_barriers_other,other barriers,Yes,795,4745,16.8%,15.1%,18.5%,1.6%,1.7%
2022,Male,All Schools,sus_barriers_time,convenience/time,No,2925,4745,61.6%,59.4%,63.8%,2.2%,2.2%
2022,Male,All Schools,sus_barriers_time,convenience/time,Yes,1820,4745,38.4%,36.2%,40.6%,2.2%,2.2%
2022,Male,All Schools,sus_barriers_unsure,uncertainty on what to do,No,3895,4745,82.1%,80.3%,83.7%,1.8%,1.7%
2022,Male,All Schools,sus_barriers_unsure,uncertainty on what to do,Yes,850,4745,17.9%,16.3%,19.7%,1.7%,1.8%
2022,Male,All Schools,sustain_electric_car,drive an electric car,No,4120,4745,86.8%,85.2%,88.3%,1.6%,1.4%
2022,Male,All Schools,sustain_electric_car,drive an electric car,Yes,625,4745,13.2%,11.7%,14.8%,1.4%,1.6%
2022,Male,All Schools,sustain_leftoverfood,use up leftover food,No,2145,4740,45.3%,43.0%,47.5%,2.2%,2.2%
2022,Male,All Schools,sustain_leftoverfood,use up leftover food,Yes,2595,4740,54.7%,52.5%,57.0%,2.2%,2.2%
2022,Male,All Schools,sustain_localfood,use locally grown food,No,3745,4740,79.0%,77.1%,80.8%,1.9%,1.8%
2022,Male,All Schools,sustain_localfood,use locally grown food,Yes,995,4740,21.0%,19.2%,22.9%,1.8%,1.9%
2022,Male,All Schools,sustain_nthg,don't do anything,No,4525,4745,95.4%,94.3%,96.2%,1.0%,0.9%
2022,Male,All Schools,sustain_nthg,don't do anything,Yes,220,4745,4.6%,3.8%,5.7%,0.9%,1.0%
2022,Male,All Schools,sustain_other,do other actions,No,4250,4740,89.7%,88.2%,91.0%,1.4%,1.3%
2022,Male,All Schools,sustain_other,do other actions,Yes,490,4740,10.3%,9.0%,11.8%,1.3%,1.4%
2022,Male,All Schools,sustain_recycle,recycling,No,1785,4740,37.7%,35.5%,39.9%,2.1%,2.2%
2022,Male,All Schools,sustain_recycle,recycling,Yes,2955,4740,62.3%,60.1%,64.5%,2.2%,2.1%
2022,Male,All Schools,sustain_save_energy,have energy-saving measures,No,2005,4745,42.3%,40.1%,44.5%,2.2%,2.2%
2022,Male,All Schools,sustain_save_energy,have energy-saving measures,Yes,2740,4745,57.7%,55.5%,59.9%,2.2%,2.2%
2022,Male,All Schools,sustain_save_water,have water-saving measures,No,3275,4740,69.1%,67.0%,71.1%,2.1%,2.0%
2022,Male,All Schools,sustain_save_water,have water-saving measures,Yes,1465,4740,30.9%,28.9%,33.0%,2.0%,2.1%
2022,Male,All Schools,sustain_single_plastic,reduce single-use plastic waste,No,2545,4745,53.6%,51.4%,55.9%,2.2%,2.2%
2022,Male,All Schools,sustain_single_plastic,reduce single-use plastic waste,Yes,2200,4745,46.4%,44.1%,48.6%,2.2%,2.2%
2022,Male,All Schools,sustain_solar,installed solar panels,No,4385,4745,92.4%,91.1%,93.5%,1.3%,1.1%
2022,Male,All Schools,sustain_solar,installed solar panels,Yes,360,4745,7.6%,6.5%,8.9%,1.1%,1.3%
2022,Male,All Schools,sustain_sus_products,use sustainably-sourced products,No,3760,4745,79.2%,77.4%,81.0%,1.9%,1.8%
2022,Male,All Schools,sustain_sus_products,use sustainably-sourced products,Yes,985,4745,20.8%,19.0%,22.6%,1.8%,1.9%
2022,Male,All Schools,sustain_transport,"walk, cycle or take public transport",No,2155,4745,45.4%,43.2%,47.7%,2.2%,2.2%
2022,Male,All Schools,sustain_transport,"walk, cycle or take public transport",Yes,2590,4745,54.6%,52.3%,56.8%,2.2%,2.2%
2022,Male,All Schools,vaping,the statement that best describes them regarding vaping/e-cigarettes,I have never vaped,4025,4710,85.5%,83.8%,87.0%,1.7%,1.5%
2022,Male,All Schools,vaping,the statement that best describes them regarding vaping/e-cigarettes,I have vaped once or twice,440,4710,9.3%,8.1%,10.7%,1.2%,1.4%
2022,Male,All Schools,vaping,the statement that best describes them regarding vaping/e-cigarettes,"I used to vape, but I don’t now",80,4710,1.7%,1.2%,2.4%,0.5%,0.7%
2022,Male,All Schools,vaping,the statement that best describes them regarding vaping/e-cigarettes,I vape occasionally (less than once a week),70,4710,1.5%,1.0%,2.1%,0.5%,0.7%
2022,Male,All Schools,vaping,the statement that best describes them regarding vaping/e-cigarettes,I vape regularly (once a week or more),95,4710,2.0%,1.5%,2.8%,0.5%,0.7%
2022,Male,All Schools,vaping_reducesmoke,have used vaping/ e-cigarettes to reduce smoking,No,85,120,70.8%,56.9%,81.7%,14.0%,10.9%
2022,Male,All Schools,vaping_reducesmoke,have used vaping/ e-cigarettes to reduce smoking,Yes,35,120,29.2%,18.3%,43.1%,10.9%,14.0%
2022,Male,All Schools,views_listened_school,feels that their views are listened to at school,No,1050,4570,23.0%,21.1%,25.0%,1.9%,2.0%
2022,Male,All Schools,views_listened_school,feels that their views are listened to at school,Sometimes,2160,4570,47.3%,45.0%,49.6%,2.3%,2.3%
2022,Male,All Schools,views_listened_school,feels that their views are listened to at school,Yes,1360,4570,29.8%,27.7%,31.9%,2.0%,2.1%
2022,Male,All Schools,violence_involved,have been involved in a violent incident in the past year,No,3825,4595,83.2%,81.5%,84.9%,1.8%,1.6%
2022,Male,All Schools,violence_involved,have been involved in a violent incident in the past year,Prefer not to say,240,4595,5.2%,4.3%,6.3%,0.9%,1.1%
2022,Male,All Schools,violence_involved,have been involved in a violent incident in the past year,"Yes, I was the victim",225,4595,4.9%,4.0%,6.0%,0.9%,1.1%
2022,Male,All Schools,violence_involved,have been involved in a violent incident in the past year,"Yes, but I wasn't the victim",305,4595,6.6%,5.6%,7.9%,1.0%,1.2%
2022,Male,All Schools,violence_weapon_involved,have been involved in a violent incident where a weapon was used or threatened in the past year,No,4230,4580,92.4%,91.1%,93.5%,1.3%,1.1%
2022,Male,All Schools,violence_weapon_involved,have been involved in a violent incident where a weapon was used or threatened in the past year,Prefer not to say,120,4580,2.6%,2.0%,3.5%,0.6%,0.8%
2022,Male,All Schools,violence_weapon_involved,have been involved in a violent incident where a weapon was used or threatened in the past year,"Yes, I was the victim",115,4580,2.5%,1.9%,3.3%,0.6%,0.8%
2022,Male,All Schools,violence_weapon_involved,have been involved in a violent incident where a weapon was used or threatened in the past year,"Yes, but I wasn't the victim",115,4580,2.5%,1.9%,3.3%,0.6%,0.8%
2022,Male,All Schools,weight,how they would describe their current weight,Don't know/ Prefer not to say,670,4710,14.2%,12.7%,15.9%,1.5%,1.6%
2022,Male,All Schools,weight,how they would describe their current weight,Just Right,3020,4710,64.1%,61.9%,66.2%,2.2%,2.1%
2022,Male,All Schools,weight,how they would describe their current weight,Overweight,465,4710,9.9%,8.6%,11.3%,1.3%,1.4%
2022,Male,All Schools,weight,how they would describe their current weight,Underweight,555,4710,11.8%,10.4%,13.3%,1.4%,1.5%
2022,Male,All Schools,worry_bully,bullying,No,4015,4745,84.6%,82.9%,86.2%,1.7%,1.5%
2022,Male,All Schools,worry_bully,bullying,Yes,730,4745,15.4%,13.8%,17.1%,1.5%,1.7%
2022,Male,All Schools,worry_crime,crime,No,4050,4745,85.4%,83.7%,86.9%,1.7%,1.5%
2022,Male,All Schools,worry_crime,crime,Yes,695,4745,14.6%,13.1%,16.3%,1.5%,1.7%
2022,Male,All Schools,worry_drugsalcohol,drugs/alcohol,No,4390,4745,92.5%,91.3%,93.6%,1.3%,1.1%
2022,Male,All Schools,worry_drugsalcohol,drugs/alcohol,Yes,355,4745,7.5%,6.4%,8.7%,1.1%,1.3%
2022,Male,All Schools,worry_environment,the environment,No,3880,4745,81.8%,80.0%,83.4%,1.8%,1.7%
2022,Male,All Schools,worry_environment,the environment,Yes,865,4745,18.2%,16.6%,20.0%,1.7%,1.8%
2022,Male,All Schools,worry_family,family problems,No,4000,4745,84.3%,82.6%,85.9%,1.7%,1.6%
2022,Male,All Schools,worry_family,family problems,Yes,745,4745,15.7%,14.1%,17.4%,1.6%,1.7%
2022,Male,All Schools,worry_friends,issues with friends,No,3695,4745,77.9%,76.0%,79.7%,1.9%,1.8%
2022,Male,All Schools,worry_friends,issues with friends,Yes,1050,4745,22.1%,20.3%,24.0%,1.8%,1.9%
2022,Male,All Schools,worry_future,future prospects,No,2900,4745,61.1%,58.9%,63.3%,2.2%,2.2%
2022,Male,All Schools,worry_future,future prospects,Yes,1845,4745,38.9%,36.7%,41.1%,2.2%,2.2%
2022,Male,All Schools,worry_gambling,gambling,No,4535,4745,95.6%,94.6%,96.4%,1.0%,0.8%
2022,Male,All Schools,worry_gambling,gambling,Yes,210,4745,4.4%,3.6%,5.4%,0.8%,1.0%
2022,Male,All Schools,worry_incrime,getting involved in crime,No,4280,4740,90.3%,88.9%,91.5%,1.4%,1.2%
2022,Male,All Schools,worry_incrime,getting involved in crime,Yes,460,4740,9.7%,8.5%,11.1%,1.2%,1.4%
2022,Male,All Schools,worry_lgbt,sexual orientation/identity,No,4480,4745,94.4%,93.3%,95.4%,1.1%,0.9%
2022,Male,All Schools,worry_lgbt,sexual orientation/identity,Yes,265,4745,5.6%,4.6%,6.7%,0.9%,1.1%
2022,Male,All Schools,worry_lonely,feeling lonely,No,3470,4745,73.1%,71.1%,75.1%,2.0%,1.9%
2022,Male,All Schools,worry_lonely,feeling lonely,Yes,1275,4745,26.9%,24.9%,28.9%,1.9%,2.0%
2022,Male,All Schools,worry_look,their appearance,No,3195,4745,67.3%,65.2%,69.4%,2.1%,2.1%
2022,Male,All Schools,worry_look,their appearance,Yes,1550,4745,32.7%,30.6%,34.8%,2.1%,2.1%
2022,Male,All Schools,worry_mental,their mental health,No,3525,4745,74.3%,72.3%,76.2%,2.0%,1.9%
2022,Male,All Schools,worry_mental,their mental health,Yes,1220,4745,25.7%,23.8%,27.7%,1.9%,2.0%
2022,Male,All Schools,worry_money,money problems (including family finances),No,3795,4745,80.0%,78.1%,81.7%,1.9%,1.7%
2022,Male,All Schools,worry_money,money problems (including family finances),Yes,950,4745,20.0%,18.3%,21.9%,1.7%,1.9%
2022,Male,All Schools,worry_phys,their physical health,No,3560,4745,75.0%,73.0%,76.9%,2.0%,1.9%
2022,Male,All Schools,worry_phys,their physical health,Yes,1185,4745,25.0%,23.1%,27.0%,1.9%,2.0%
2022,Male,All Schools,worry_racism,racism,No,3985,4745,84.0%,82.3%,85.6%,1.7%,1.6%
2022,Male,All Schools,worry_racism,racism,Yes,760,4745,16.0%,14.4%,17.7%,1.6%,1.7%
2022,Male,All Schools,worry_relationships,relationships/sexual health,No,4100,4740,86.5%,84.9%,88.0%,1.6%,1.5%
2022,Male,All Schools,worry_relationships,relationships/sexual health,Yes,640,4740,13.5%,12.0%,15.1%,1.5%,1.6%
2022,Male,All Schools,worry_school,schoolwork,No,2680,4745,56.5%,54.2%,58.7%,2.2%,2.2%
2022,Male,All Schools,worry_school,schoolwork,Yes,2065,4745,43.5%,41.3%,45.8%,2.2%,2.2%
2022,Male,All Schools,worry_siblings,problems with siblings,No,4745,4745,100.0%,99.8%,100.0%,0.2%,-0.0%
2022,Male,All Schools,worry_socialmedia,social media,No,4280,4745,90.2%,88.8%,91.5%,1.4%,1.3%
2022,Male,All Schools,worry_socialmedia,social media,Yes,465,4745,9.8%,8.5%,11.2%,1.3%,1.4%
2022,Male,All Schools,worry_treatgirls,how men treat/speak to girls,No,4255,4745,89.7%,88.2%,91.0%,1.4%,1.3%
2022,Male,All Schools,worry_treatgirls,how men treat/speak to girls,Yes,490,4745,10.3%,9.0%,11.8%,1.3%,1.4%
2022,Male,All Schools,worry_violenceboys,harrassment/violence against boys,No,4125,4740,87.0%,85.4%,88.5%,1.6%,1.4%
2022,Male,All Schools,worry_violenceboys,harrassment/violence against boys,Yes,615,4740,13.0%,11.5%,14.6%,1.4%,1.6%
2022,Male,All Schools,worry_violencegirls,harrassment/violence against girls,No,4320,4745,91.0%,89.7%,92.2%,1.4%,1.2%
2022,Male,All Schools,worry_violencegirls,harrassment/violence against girls,Yes,425,4745,9.0%,7.8%,10.3%,1.2%,1.4%
2022,Male,All Schools,xanex_exp,Xanax,No,340,360,94.4%,89.4%,97.2%,5.0%,2.7%
2022,Male,All Schools,xanex_exp,Xanax,Yes,20,360,5.6%,2.8%,10.6%,2.7%,5.0%
2022,Male,All Schools,xanex_offered,Xanax,No,4745,4745,100.0%,99.8%,100.0%,0.2%,-0.0%
2022,Non-Binary,All Schools,District,District,Broxbourne,10,145,6.9%,2.7%,16.4%,4.2%,9.5%
2022,Non-Binary,All Schools,District,District,Dacorum,10,145,6.9%,2.7%,16.4%,4.2%,9.5%
2022,Non-Binary,All Schools,District,District,East Hertfordshire,5,145,3.4%,1.0%,11.7%,2.5%,8.2%
2022,Non-Binary,All Schools,District,District,Hertsmere,5,145,3.4%,1.0%,11.7%,2.5%,8.2%
2022,Non-Binary,All Schools,District,District,North Hertfordshire,10,145,6.9%,2.7%,16.4%,4.2%,9.5%
2022,Non-Binary,All Schools,District,District,Outside of Hertfordshire,10,145,6.9%,2.7%,16.4%,4.2%,9.5%
2022,Non-Binary,All Schools,District,District,Prefer not to say / Unknown,10,145,6.9%,2.7%,16.4%,4.2%,9.5%
2022,Non-Binary,All Schools,District,District,St Albans,35,145,24.1%,15.0%,36.5%,9.2%,12.4%
2022,Non-Binary,All Schools,District,District,Stevenage,5,145,3.4%,1.0%,11.7%,2.5%,8.2%
2022,Non-Binary,All Schools,District,District,Three Rivers,10,145,6.9%,2.7%,16.4%,4.2%,9.5%
2022,Non-Binary,All Schools,District,District,Watford,15,145,10.3%,4.8%,20.8%,5.5%,10.4%
2022,Non-Binary,All Schools,District,District,Welwyn Hatfield,20,145,13.8%,7.2%,24.9%,6.6%,11.1%
2022,Non-Binary,All Schools,District_school,NA,Broxbourne,5,150,3.3%,0.9%,11.3%,2.4%,8.0%
2022,Non-Binary,All Schools,District_school,NA,Dacorum,10,150,6.7%,2.6%,15.9%,4.0%,9.2%
2022,Non-Binary,All Schools,District_school,NA,East Hertfordshire,5,150,3.3%,0.9%,11.3%,2.4%,8.0%
2022,Non-Binary,All Schools,District_school,NA,Hertsmere,5,150,3.3%,0.9%,11.3%,2.4%,8.0%
2022,Non-Binary,All Schools,District_school,NA,North Hertfordshire,15,150,10.0%,4.7%,20.1%,5.3%,10.1%
2022,Non-Binary,All Schools,District_school,NA,Outside of Hertfordshire,0,150,0.0%,0.0%,6.0%,0.0%,6.0%
2022,Non-Binary,All Schools,District_school,NA,St Albans,45,150,30.0%,19.9%,42.5%,10.1%,12.5%
2022,Non-Binary,All Schools,District_school,NA,Stevenage,5,150,3.3%,0.9%,11.3%,2.4%,8.0%
2022,Non-Binary,All Schools,District_school,NA,Three Rivers,30,150,20.0%,11.8%,31.7%,8.2%,11.7%
2022,Non-Binary,All Schools,District_school,NA,Watford,10,150,6.7%,2.6%,15.9%,4.0%,9.2%
2022,Non-Binary,All Schools,District_school,NA,Welwyn Hatfield,20,150,13.3%,6.9%,24.1%,6.4%,10.8%
2022,Non-Binary,All Schools,Q8978241.18,NA,No,155,155,100.0%,94.2%,100.0%,5.8%,0.0%
2022,Non-Binary,All Schools,age,Age,10,0,160,0.0%,0.0%,5.6%,0.0%,5.6%
2022,Non-Binary,All Schools,age,Age,11,15,160,9.4%,4.4%,18.9%,5.0%,9.6%
2022,Non-Binary,All Schools,age,Age,12,20,160,12.5%,6.5%,22.7%,6.0%,10.2%
2022,Non-Binary,All Schools,age,Age,13,20,160,12.5%,6.5%,22.7%,6.0%,10.2%
2022,Non-Binary,All Schools,age,Age,14,20,160,12.5%,6.5%,22.7%,6.0%,10.2%
2022,Non-Binary,All Schools,age,Age,15,35,160,21.9%,13.5%,33.4%,8.4%,11.5%
2022,Non-Binary,All Schools,age,Age,16,25,160,15.6%,8.7%,26.4%,6.9%,10.8%
2022,Non-Binary,All Schools,age,Age,17,15,160,9.4%,4.4%,18.9%,5.0%,9.6%
2022,Non-Binary,All Schools,age,Age,18,10,160,6.2%,2.5%,15.0%,3.8%,8.7%
2022,Non-Binary,All Schools,age,Age,19,0,160,0.0%,0.0%,5.6%,0.0%,5.6%
2022,Non-Binary,All Schools,alcohol_6more,how often they have six or more drinks on one occasion,Daily or almost daily,10,60,16.7%,6.7%,35.8%,10.0%,19.1%
2022,Non-Binary,All Schools,alcohol_6more,how often they have six or more drinks on one occasion,Less than monthly,15,60,25.0%,12.0%,44.8%,13.0%,19.8%
2022,Non-Binary,All Schools,alcohol_6more,how often they have six or more drinks on one occasion,Monthly,5,60,8.3%,2.3%,25.8%,6.0%,17.5%
2022,Non-Binary,All Schools,alcohol_6more,how often they have six or more drinks on one occasion,Never,25,60,41.7%,24.5%,61.1%,17.2%,19.4%
2022,Non-Binary,All Schools,alcohol_6more,how often they have six or more drinks on one occasion,Weekly,5,60,8.3%,2.3%,25.8%,6.0%,17.5%
2022,Non-Binary,All Schools,alcohol_ever,how often they had an alcohol-containing drink in the past three months,2-3 times a week,5,150,3.3%,0.9%,11.3%,2.4%,8.0%
2022,Non-Binary,All Schools,alcohol_ever,how often they had an alcohol-containing drink in the past three months,2-4 times a month,15,150,10.0%,4.7%,20.1%,5.3%,10.1%
2022,Non-Binary,All Schools,alcohol_ever,how often they had an alcohol-containing drink in the past three months,4 or more times a week,10,150,6.7%,2.6%,15.9%,4.0%,9.2%
2022,Non-Binary,All Schools,alcohol_ever,how often they had an alcohol-containing drink in the past three months,Monthly or less,30,150,20.0%,11.8%,31.7%,8.2%,11.7%
2022,Non-Binary,All Schools,alcohol_ever,how often they had an alcohol-containing drink in the past three months,Never,90,150,60.0%,47.4%,71.4%,12.6%,11.4%
2022,Non-Binary,All Schools,alcohol_reduce,want to reduce or stop drinking,I'd like to reduce the amount I drink but not stop,10,55,18.2%,7.3%,38.5%,10.9%,20.3%
2022,Non-Binary,All Schools,alcohol_reduce,want to reduce or stop drinking,"No, I want to keep drinking alcohol",40,55,72.7%,51.9%,86.8%,20.8%,14.1%
2022,Non-Binary,All Schools,alcohol_reduce,want to reduce or stop drinking,"Yes, I'd like to stop drinking alcohol",5,55,9.1%,2.5%,27.7%,6.6%,18.7%
2022,Non-Binary,All Schools,amphetamine_offered,amphetamines,No,155,155,100.0%,94.2%,100.0%,5.8%,0.0%
2022,Non-Binary,All Schools,amphetamines_exp,amphetamines,No,20,30,66.7%,39.1%,86.2%,27.5%,19.5%
2022,Non-Binary,All Schools,amphetamines_exp,amphetamines,Yes,10,30,33.3%,13.8%,60.9%,19.5%,27.5%
2022,Non-Binary,All Schools,approached_anonymous_report,reported the crime anonymously,No,155,155,100.0%,94.2%,100.0%,5.8%,0.0%
2022,Non-Binary,All Schools,approached_argue,argued or fought back,No,155,155,100.0%,94.2%,100.0%,5.8%,0.0%
2022,Non-Binary,All Schools,approached_other,other,No,155,155,100.0%,94.2%,100.0%,5.8%,0.0%
2022,Non-Binary,All Schools,approached_toldadult,told an adult,No,155,155,100.0%,94.2%,100.0%,5.8%,0.0%
2022,Non-Binary,All Schools,approached_toldfriend,told a friend,No,155,155,100.0%,94.2%,100.0%,5.8%,0.0%
2022,Non-Binary,All Schools,approached_toldpolice,told the police,No,155,155,100.0%,94.2%,100.0%,5.8%,0.0%
2022,Non-Binary,All Schools,approached_toldself,kept it to themselves,No,155,155,100.0%,94.2%,100.0%,5.8%,0.0%
2022,Non-Binary,All Schools,approached_walkaway,walked away,No,155,155,100.0%,94.2%,100.0%,5.8%,0.0%
2022,Non-Binary,All Schools,brushteeth,how many times they brushed their teeth yesterday,0,20,150,13.3%,6.9%,24.1%,6.4%,10.8%
2022,Non-Binary,All Schools,brushteeth,how many times they brushed their teeth yesterday,1,60,150,40.0%,28.6%,52.6%,11.4%,12.6%
2022,Non-Binary,All Schools,brushteeth,how many times they brushed their teeth yesterday,2 or more,70,150,46.7%,34.7%,59.1%,12.0%,12.4%
2022,Non-Binary,All Schools,bullied,have ever been bullied or picked on,No,50,155,32.3%,22.0%,44.6%,10.3%,12.3%
2022,Non-Binary,All Schools,bullied,have ever been bullied or picked on,Yes,105,155,67.7%,55.4%,78.0%,12.3%,10.3%
2022,Non-Binary,All Schools,bullied_currently,are currently being bullied or picked on,No,60,100,60.0%,44.6%,73.6%,15.4%,13.6%
2022,Non-Binary,All Schools,bullied_currently,are currently being bullied or picked on,Prefer not to say,15,100,15.0%,7.1%,29.0%,7.9%,14.0%
2022,Non-Binary,All Schools,bullied_currently,are currently being bullied or picked on,Yes,25,100,25.0%,14.2%,40.1%,10.8%,15.1%
2022,Non-Binary,All Schools,bullied_internet,they have been bullied online,No,75,100,75.0%,59.9%,85.8%,15.1%,10.8%
2022,Non-Binary,All Schools,bullied_internet,they have been bullied online,Yes,25,100,25.0%,14.2%,40.1%,10.8%,15.1%
2022,Non-Binary,All Schools,bullied_none,have no experiences with bullying,No,120,150,80.0%,68.3%,88.2%,11.7%,8.2%
2022,Non-Binary,All Schools,bullied_none,have no experiences with bullying,Yes,30,150,20.0%,11.8%,31.7%,8.2%,11.7%
2022,Non-Binary,All Schools,bullied_others,have ever bullied or picked on someone else,No,135,155,87.1%,76.6%,93.3%,10.5%,6.2%
2022,Non-Binary,All Schools,bullied_others,have ever bullied or picked on someone else,Yes,20,155,12.9%,6.7%,23.4%,6.2%,10.5%
2022,Non-Binary,All Schools,bullied_outschool,they have been bullied somewhere other than school,No,70,100,70.0%,54.6%,81.9%,15.4%,11.9%
2022,Non-Binary,All Schools,bullied_outschool,they have been bullied somewhere other than school,Yes,30,100,30.0%,18.1%,45.4%,11.9%,15.4%
2022,Non-Binary,All Schools,bullied_prefer_not_say,would prefer not to respond about their experiences with bullying,No,140,155,90.3%,80.5%,95.5%,9.8%,5.2%
2022,Non-Binary,All Schools,bullied_prefer_not_say,would prefer not to respond about their experiences with bullying,Yes,15,155,9.7%,4.5%,19.5%,5.2%,9.8%
2022,Non-Binary,All Schools,bullied_school,they have been bullied at school,No,15,105,14.3%,6.7%,27.8%,7.6%,13.5%
2022,Non-Binary,All Schools,bullied_school,they have been bullied at school,Yes,90,105,85.7%,72.2%,93.3%,13.5%,7.6%
2022,Non-Binary,All Schools,buyalc_friend,from a friend or relative,No,35,65,53.8%,35.5%,71.2%,18.3%,17.4%
2022,Non-Binary,All Schools,buyalc_friend,from a friend or relative,Yes,30,65,46.2%,28.8%,64.5%,17.4%,18.3%
2022,Non-Binary,All Schools,buyalc_home,from home,No,35,65,53.8%,35.5%,71.2%,18.3%,17.4%
2022,Non-Binary,All Schools,buyalc_home,from home,Yes,30,65,46.2%,28.8%,64.5%,17.4%,18.3%
2022,Non-Binary,All Schools,buyalc_internet,from the internet,No,55,60,91.7%,74.2%,97.7%,17.5%,6.0%
2022,Non-Binary,All Schools,buyalc_internet,from the internet,Yes,5,60,8.3%,2.3%,25.8%,6.0%,17.5%
2022,Non-Binary,All Schools,buyalc_pubbar,from a pub/bar,No,55,60,91.7%,74.2%,97.7%,17.5%,6.0%
2022,Non-Binary,All Schools,buyalc_pubbar,from a pub/bar,Yes,5,60,8.3%,2.3%,25.8%,6.0%,17.5%
2022,Non-Binary,All Schools,buyalc_smallshop,from a small shop/off-licence,No,50,60,83.3%,64.2%,93.3%,19.1%,10.0%
2022,Non-Binary,All Schools,buyalc_smallshop,from a small shop/off-licence,Yes,10,60,16.7%,6.7%,35.8%,10.0%,19.1%
2022,Non-Binary,All Schools,buyalc_supermarket,from a supermarket,No,55,60,91.7%,74.2%,97.7%,17.5%,6.0%
2022,Non-Binary,All Schools,buyalc_supermarket,from a supermarket,Yes,5,60,8.3%,2.3%,25.8%,6.0%,17.5%
2022,Non-Binary,All Schools,buycig_friend,from a friend or relative,No,15,25,60.0%,31.3%,83.1%,28.7%,23.1%
2022,Non-Binary,All Schools,buycig_friend,from a friend or relative,Yes,10,25,40.0%,16.9%,68.7%,23.1%,28.7%
2022,Non-Binary,All Schools,buycig_internet,from the internet,No,20,25,80.0%,49.1%,94.3%,30.9%,14.3%
2022,Non-Binary,All Schools,buycig_internet,from the internet,Yes,5,25,20.0%,5.7%,50.9%,14.3%,30.9%
2022,Non-Binary,All Schools,buycig_pubbar,from a pub/bar,No,20,25,80.0%,49.1%,94.3%,30.9%,14.3%
2022,Non-Binary,All Schools,buycig_pubbar,from a pub/bar,Yes,5,25,20.0%,5.7%,50.9%,14.3%,30.9%
2022,Non-Binary,All Schools,buycig_smallshop,from a small shop/off-licence,No,15,25,60.0%,31.3%,83.1%,28.7%,23.1%
2022,Non-Binary,All Schools,buycig_smallshop,from a small shop/off-licence,Yes,10,25,40.0%,16.9%,68.7%,23.1%,28.7%
2022,Non-Binary,All Schools,buycig_supermarker,from a supermarket,No,20,25,80.0%,49.1%,94.3%,30.9%,14.3%
2022,Non-Binary,All Schools,buycig_supermarker,from a supermarket,Yes,5,25,20.0%,5.7%,50.9%,14.3%,30.9%
2022,Non-Binary,All Schools,buydrug_bar,pubs/bars/clubs,No,25,25,100.0%,72.4%,100.0%,27.6%,0.0%
2022,Non-Binary,All Schools,buydrug_bar,pubs/bars/clubs,Yes,0,25,0.0%,0.0%,27.6%,0.0%,27.6%
2022,Non-Binary,All Schools,buydrug_friend,friend or relative,No,20,30,66.7%,39.1%,86.2%,27.5%,19.5%
2022,Non-Binary,All Schools,buydrug_friend,friend or relative,Yes,10,30,33.3%,13.8%,60.9%,19.5%,27.5%
2022,Non-Binary,All Schools,buydrug_internet,the internet,No,25,25,100.0%,72.4%,100.0%,27.6%,0.0%
2022,Non-Binary,All Schools,buydrug_internet,the internet,Yes,0,25,0.0%,0.0%,27.6%,0.0%,27.6%
2022,Non-Binary,All Schools,buydrug_other,other sources,No,25,30,83.3%,55.3%,95.3%,28.1%,12.0%
2022,Non-Binary,All Schools,buydrug_other,other sources,Yes,5,30,16.7%,4.7%,44.7%,12.0%,28.1%
2022,Non-Binary,All Schools,buydrug_school,school,No,25,30,83.3%,55.3%,95.3%,28.1%,12.0%
2022,Non-Binary,All Schools,buydrug_school,school,Yes,5,30,16.7%,4.7%,44.7%,12.0%,28.1%
2022,Non-Binary,All Schools,buydrug_streets,on the street,No,25,30,83.3%,55.3%,95.3%,28.1%,12.0%
2022,Non-Binary,All Schools,buydrug_streets,on the street,Yes,5,30,16.7%,4.7%,44.7%,12.0%,28.1%
2022,Non-Binary,All Schools,cannabis_exp,cannabis,No,10,25,40.0%,16.9%,68.7%,23.1%,28.7%
2022,Non-Binary,All Schools,cannabis_exp,cannabis,Yes,15,25,60.0%,31.3%,83.1%,28.7%,23.1%
2022,Non-Binary,All Schools,cannabis_offered,cannabis,No,155,155,100.0%,94.2%,100.0%,5.8%,0.0%
2022,Non-Binary,All Schools,caring,"help to look after a family member with a serious, mental or physical, illness or disability",No,110,150,73.3%,61.0%,82.8%,12.3%,9.5%
2022,Non-Binary,All Schools,caring,"help to look after a family member with a serious, mental or physical, illness or disability",Prefer not to say,15,150,10.0%,4.7%,20.1%,5.3%,10.1%
2022,Non-Binary,All Schools,caring,"help to look after a family member with a serious, mental or physical, illness or disability",Yes,25,150,16.7%,9.3%,28.0%,7.3%,11.3%
2022,Non-Binary,All Schools,carry_protection,carry weapons for protection when going out,Always,5,150,3.3%,0.9%,11.3%,2.4%,8.0%
2022,Non-Binary,All Schools,carry_protection,carry weapons for protection when going out,Never,120,150,80.0%,68.3%,88.2%,11.7%,8.2%
2022,Non-Binary,All Schools,carry_protection,carry weapons for protection when going out,Prefer not to say,10,150,6.7%,2.6%,15.9%,4.0%,9.2%
2022,Non-Binary,All Schools,carry_protection,carry weapons for protection when going out,Sometimes,15,150,10.0%,4.7%,20.1%,5.3%,10.1%
2022,Non-Binary,All Schools,carry_protection,carry weapons for protection when going out,Usually,0,150,0.0%,0.0%,6.0%,0.0%,6.0%
2022,Non-Binary,All Schools,carry_protection_other,know anyone who carries a weapons for protection when going out,Don't know,40,145,27.6%,17.8%,40.2%,9.8%,12.6%
2022,Non-Binary,All Schools,carry_protection_other,know anyone who carries a weapons for protection when going out,No,70,145,48.3%,36.0%,60.8%,12.3%,12.5%
2022,Non-Binary,All Schools,carry_protection_other,know anyone who carries a weapons for protection when going out,Prefer not to say,10,145,6.9%,2.7%,16.4%,4.2%,9.5%
2022,Non-Binary,All Schools,carry_protection_other,know anyone who carries a weapons for protection when going out,Yes,25,145,17.2%,9.7%,28.9%,7.6%,11.6%
2022,Non-Binary,All Schools,cla,child looked after (lived with foster carers/care home),No,140,155,90.3%,80.5%,95.5%,9.8%,5.2%
2022,Non-Binary,All Schools,cla,child looked after (lived with foster carers/care home),Prefer not to say,5,155,3.2%,0.9%,11.0%,2.3%,7.8%
2022,Non-Binary,All Schools,cla,child looked after (lived with foster carers/care home),Yes,10,155,6.5%,2.5%,15.4%,3.9%,9.0%
2022,Non-Binary,All Schools,clubs_arts,an arts and crafts group,Currently attending,10,135,7.4%,2.9%,17.5%,4.5%,10.1%
2022,Non-Binary,All Schools,clubs_arts,an arts and crafts group,Don't want to attend,75,135,55.6%,42.4%,68.0%,13.1%,12.4%
2022,Non-Binary,All Schools,clubs_arts,an arts and crafts group,Would like to attend,50,135,37.0%,25.5%,50.3%,11.6%,13.3%
2022,Non-Binary,All Schools,clubs_doe,Duke of Edinburgh,Currently attending,30,135,22.2%,13.2%,34.9%,9.0%,12.7%
2022,Non-Binary,All Schools,clubs_doe,Duke of Edinburgh,Don't want to attend,85,135,63.0%,49.7%,74.5%,13.3%,11.6%
2022,Non-Binary,All Schools,clubs_doe,Duke of Edinburgh,Would like to attend,20,135,14.8%,7.7%,26.6%,7.1%,11.7%
2022,Non-Binary,All Schools,clubs_music,a music club/group,Currently attending,40,140,28.6%,18.4%,41.4%,10.1%,12.9%
2022,Non-Binary,All Schools,clubs_music,a music club/group,Don't want to attend,75,140,53.6%,40.7%,65.9%,12.8%,12.4%
2022,Non-Binary,All Schools,clubs_music,a music club/group,Would like to attend,25,140,17.9%,10.0%,29.8%,7.8%,11.9%
2022,Non-Binary,All Schools,clubs_other,other group,Currently attending,20,100,20.0%,10.5%,34.7%,9.5%,14.7%
2022,Non-Binary,All Schools,clubs_other,other group,Don't want to attend,70,100,70.0%,54.6%,81.9%,15.4%,11.9%
2022,Non-Binary,All Schools,clubs_other,other group,Would like to attend,10,100,10.0%,4.0%,23.0%,6.0%,13.0%
2022,Non-Binary,All Schools,clubs_perform,a drama/performing arts/dance group,Currently attending,40,135,29.6%,19.2%,42.8%,10.5%,13.2%
2022,Non-Binary,All Schools,clubs_perform,a drama/performing arts/dance group,Don't want to attend,65,135,48.1%,35.4%,61.1%,12.7%,13.0%
2022,Non-Binary,All Schools,clubs_perform,a drama/performing arts/dance group,Would like to attend,30,135,22.2%,13.2%,34.9%,9.0%,12.7%
2022,Non-Binary,All Schools,clubs_religion,a religious group,Currently attending,5,130,3.8%,1.1%,12.9%,2.8%,9.1%
2022,Non-Binary,All Schools,clubs_religion,a religious group,Don't want to attend,125,130,96.2%,87.1%,98.9%,9.1%,2.8%
2022,Non-Binary,All Schools,clubs_religion,a religious group,Would like to attend,0,130,0.0%,0.0%,6.8%,0.0%,6.8%
2022,Non-Binary,All Schools,clubs_schoolclub,a club/group at school,Currently attending,70,140,50.0%,37.4%,62.6%,12.6%,12.6%
2022,Non-Binary,All Schools,clubs_schoolclub,a club/group at school,Don't want to attend,60,140,42.9%,30.8%,55.8%,12.1%,13.0%
2022,Non-Binary,All Schools,clubs_schoolclub,a club/group at school,Would like to attend,10,140,7.1%,2.8%,16.9%,4.3%,9.8%
2022,Non-Binary,All Schools,clubs_sports,a sports group,Currently attending,40,135,29.6%,19.2%,42.8%,10.5%,13.2%
2022,Non-Binary,All Schools,clubs_sports,a sports group,Don't want to attend,75,135,55.6%,42.4%,68.0%,13.1%,12.4%
2022,Non-Binary,All Schools,clubs_sports,a sports group,Would like to attend,20,135,14.8%,7.7%,26.6%,7.1%,11.7%
2022,Non-Binary,All Schools,clubs_syp,Services for Young People,Currently attending,15,135,11.1%,5.2%,22.2%,5.9%,11.0%
2022,Non-Binary,All Schools,clubs_syp,Services for Young People,Don't want to attend,90,135,66.7%,53.4%,77.7%,13.3%,11.1%
2022,Non-Binary,All Schools,clubs_syp,Services for Young People,Would like to attend,30,135,22.2%,13.2%,34.9%,9.0%,12.7%
2022,Non-Binary,All Schools,clubs_uniformed,uniformed group,Currently attending,30,130,23.1%,13.7%,36.1%,9.3%,13.0%
2022,Non-Binary,All Schools,clubs_uniformed,uniformed group,Don't want to attend,95,130,73.1%,59.8%,83.2%,13.3%,10.1%
2022,Non-Binary,All Schools,clubs_uniformed,uniformed group,Would like to attend,5,130,3.8%,1.1%,12.9%,2.8%,9.1%
2022,Non-Binary,All Schools,clubs_volunteering,volunteering/social action group,Currently attending,25,135,18.5%,10.4%,30.8%,8.1%,12.3%
2022,Non-Binary,All Schools,clubs_volunteering,volunteering/social action group,Don't want to attend,75,135,55.6%,42.4%,68.0%,13.1%,12.4%
2022,Non-Binary,All Schools,clubs_volunteering,volunteering/social action group,Would like to attend,35,135,25.9%,16.1%,38.9%,9.8%,13.0%
2022,Non-Binary,All Schools,cocaine_exp,cocaine,No,20,25,80.0%,49.1%,94.3%,30.9%,14.3%
2022,Non-Binary,All Schools,cocaine_exp,cocaine,Yes,5,25,20.0%,5.7%,50.9%,14.3%,30.9%
2022,Non-Binary,All Schools,cocaine_offered,cocaine,No,155,155,100.0%,94.2%,100.0%,5.8%,0.0%
2022,Non-Binary,All Schools,condition_adhd,ADHD,No,120,150,80.0%,68.3%,88.2%,11.7%,8.2%
2022,Non-Binary,All Schools,condition_adhd,ADHD,Yes,30,150,20.0%,11.8%,31.7%,8.2%,11.7%
2022,Non-Binary,All Schools,condition_autism,autism,No,120,150,80.0%,68.3%,88.2%,11.7%,8.2%
2022,Non-Binary,All Schools,condition_autism,autism,Yes,30,150,20.0%,11.8%,31.7%,8.2%,11.7%
2022,Non-Binary,All Schools,condition_disability,physical disability,No,145,155,93.5%,84.6%,97.5%,9.0%,3.9%
2022,Non-Binary,All Schools,condition_disability,physical disability,Yes,10,155,6.5%,2.5%,15.4%,3.9%,9.0%
2022,Non-Binary,All Schools,condition_mental,diagnosed mental health condition,No,95,155,61.3%,48.9%,72.4%,12.4%,11.1%
2022,Non-Binary,All Schools,condition_mental,diagnosed mental health condition,Yes,60,155,38.7%,27.6%,51.1%,11.1%,12.4%
2022,Non-Binary,All Schools,condition_physical,physical condition,No,125,155,80.6%,69.2%,88.5%,11.5%,7.9%
2022,Non-Binary,All Schools,condition_physical,physical condition,Yes,30,155,19.4%,11.5%,30.8%,7.9%,11.5%
2022,Non-Binary,All Schools,condition_send,special education need(s) or learning difficulty,No,140,155,90.3%,80.5%,95.5%,9.8%,5.2%
2022,Non-Binary,All Schools,condition_send,special education need(s) or learning difficulty,Yes,15,155,9.7%,4.5%,19.5%,5.2%,9.8%
2022,Non-Binary,All Schools,condoms_free,they know where they can get condoms for free,No,35,90,38.9%,24.8%,55.1%,14.1%,16.2%
2022,Non-Binary,All Schools,condoms_free,they know where they can get condoms for free,Not sure,15,90,16.7%,7.9%,31.8%,8.8%,15.2%
2022,Non-Binary,All Schools,condoms_free,they know where they can get condoms for free,Yes,40,90,44.4%,29.6%,60.4%,14.9%,15.9%
2022,Non-Binary,All Schools,cope_alcohol,by drinking alcohol,No,140,155,90.3%,80.5%,95.5%,9.8%,5.2%
2022,Non-Binary,All Schools,cope_alcohol,by drinking alcohol,Yes,15,155,9.7%,4.5%,19.5%,5.2%,9.8%
2022,Non-Binary,All Schools,cope_counselling,by having counselling,No,140,155,90.3%,80.5%,95.5%,9.8%,5.2%
2022,Non-Binary,All Schools,cope_counselling,by having counselling,Yes,15,155,9.7%,4.5%,19.5%,5.2%,9.8%
2022,Non-Binary,All Schools,cope_creative,by doing creative activities,No,100,155,64.5%,52.1%,75.2%,12.4%,10.7%
2022,Non-Binary,All Schools,cope_creative,by doing creative activities,Yes,55,155,35.5%,24.8%,47.9%,10.7%,12.4%
2022,Non-Binary,All Schools,cope_drugs,by doing drugs,No,140,150,93.3%,84.1%,97.4%,9.2%,4.0%
2022,Non-Binary,All Schools,cope_drugs,by doing drugs,Yes,10,150,6.7%,2.6%,15.9%,4.0%,9.2%
2022,Non-Binary,All Schools,cope_eat,by eating more,No,125,155,80.6%,69.2%,88.5%,11.5%,7.9%
2022,Non-Binary,All Schools,cope_eat,by eating more,Yes,30,155,19.4%,11.5%,30.8%,7.9%,11.5%
2022,Non-Binary,All Schools,cope_exercise,by exercising,No,135,150,90.0%,79.9%,95.3%,10.1%,5.3%
2022,Non-Binary,All Schools,cope_exercise,by exercising,Yes,15,150,10.0%,4.7%,20.1%,5.3%,10.1%
2022,Non-Binary,All Schools,cope_games,by playing computer games,No,115,155,74.2%,62.2%,83.4%,12.0%,9.2%
2022,Non-Binary,All Schools,cope_games,by playing computer games,Yes,40,155,25.8%,16.6%,37.8%,9.2%,12.0%
2022,Non-Binary,All Schools,cope_internet,by looking for help online,No,135,150,90.0%,79.9%,95.3%,10.1%,5.3%
2022,Non-Binary,All Schools,cope_internet,by looking for help online,Yes,15,150,10.0%,4.7%,20.1%,5.3%,10.1%
2022,Non-Binary,All Schools,cope_music,by listening to music,No,50,155,32.3%,22.0%,44.6%,10.3%,12.3%
2022,Non-Binary,All Schools,cope_music,by listening to music,Yes,105,155,67.7%,55.4%,78.0%,12.3%,10.3%
2022,Non-Binary,All Schools,cope_nothing,by doing nothing,No,105,155,67.7%,55.4%,78.0%,12.3%,10.3%
2022,Non-Binary,All Schools,cope_nothing,by doing nothing,Yes,50,155,32.3%,22.0%,44.6%,10.3%,12.3%
2022,Non-Binary,All Schools,cope_other,by other methods,No,135,155,87.1%,76.6%,93.3%,10.5%,6.2%
2022,Non-Binary,All Schools,cope_other,by other methods,Yes,20,155,12.9%,6.7%,23.4%,6.2%,10.5%
2022,Non-Binary,All Schools,cope_selfharm,by self-harm,No,85,150,56.7%,44.1%,68.4%,12.5%,11.7%
2022,Non-Binary,All Schools,cope_selfharm,by self-harm,Yes,65,150,43.3%,31.6%,55.9%,11.7%,12.5%
2022,Non-Binary,All Schools,cope_smoke,by smoking,No,135,150,90.0%,79.9%,95.3%,10.1%,5.3%
2022,Non-Binary,All Schools,cope_smoke,by smoking,Yes,15,150,10.0%,4.7%,20.1%,5.3%,10.1%
2022,Non-Binary,All Schools,cope_talkadult,by talking to an adult that's not their carer,No,135,150,90.0%,79.9%,95.3%,10.1%,5.3%
2022,Non-Binary,All Schools,cope_talkadult,by talking to an adult that's not their carer,Yes,15,150,10.0%,4.7%,20.1%,5.3%,10.1%
2022,Non-Binary,All Schools,cope_talkfamily,by talking to family,No,130,155,83.9%,72.8%,91.0%,11.0%,7.1%
2022,Non-Binary,All Schools,cope_talkfamily,by talking to family,Yes,25,155,16.1%,9.0%,27.2%,7.1%,11.0%
2022,Non-Binary,All Schools,cope_talkfriend,by talking to a friend,No,110,155,71.0%,58.7%,80.8%,12.2%,9.8%
2022,Non-Binary,All Schools,cope_talkfriend,by talking to a friend,Yes,45,155,29.0%,19.2%,41.3%,9.8%,12.2%
2022,Non-Binary,All Schools,cope_think,by thinking of a solution on their own,No,110,155,71.0%,58.7%,80.8%,12.2%,9.8%
2022,Non-Binary,All Schools,cope_think,by thinking of a solution on their own,Yes,45,155,29.0%,19.2%,41.3%,9.8%,12.2%
2022,Non-Binary,All Schools,crack_exp,crack,No,20,25,80.0%,49.1%,94.3%,30.9%,14.3%
2022,Non-Binary,All Schools,crack_exp,crack,Yes,5,25,20.0%,5.7%,50.9%,14.3%,30.9%
2022,Non-Binary,All Schools,crack_offered,crack,No,155,155,100.0%,94.2%,100.0%,5.8%,0.0%
2022,Non-Binary,All Schools,dentist,check-up at the dentist within the last year,No,45,150,30.0%,19.9%,42.5%,10.1%,12.5%
2022,Non-Binary,All Schools,dentist,check-up at the dentist within the last year,Yes,105,150,70.0%,57.5%,80.1%,12.5%,10.1%
2022,Non-Binary,All Schools,diet_breakfast,breakfast,2-3 days a week,30,150,20.0%,11.8%,31.7%,8.2%,11.7%
2022,Non-Binary,All Schools,diet_breakfast,breakfast,On most days,60,150,40.0%,28.6%,52.6%,11.4%,12.6%
2022,Non-Binary,All Schools,diet_breakfast,breakfast,Once a week or less,10,150,6.7%,2.6%,15.9%,4.0%,9.2%
2022,Non-Binary,All Schools,diet_breakfast,breakfast,Rarely or never,50,150,33.3%,22.8%,45.9%,10.6%,12.6%
2022,Non-Binary,All Schools,diet_energydrinks,energy drinks,2-3 days a week,10,150,6.7%,2.6%,15.9%,4.0%,9.2%
2022,Non-Binary,All Schools,diet_energydrinks,energy drinks,On most days,20,150,13.3%,6.9%,24.1%,6.4%,10.8%
2022,Non-Binary,All Schools,diet_energydrinks,energy drinks,Once a week or less,20,150,13.3%,6.9%,24.1%,6.4%,10.8%
2022,Non-Binary,All Schools,diet_energydrinks,energy drinks,Rarely or never,100,150,66.7%,54.1%,77.2%,12.6%,10.6%
2022,Non-Binary,All Schools,diet_fastfood,fast food and takeaway,2-3 days a week,15,150,10.0%,4.7%,20.1%,5.3%,10.1%
2022,Non-Binary,All Schools,diet_fastfood,fast food and takeaway,On most days,10,150,6.7%,2.6%,15.9%,4.0%,9.2%
2022,Non-Binary,All Schools,diet_fastfood,fast food and takeaway,Once a week or less,80,150,53.3%,40.9%,65.3%,12.4%,12.0%
2022,Non-Binary,All Schools,diet_fastfood,fast food and takeaway,Rarely or never,45,150,30.0%,19.9%,42.5%,10.1%,12.5%
2022,Non-Binary,All Schools,diet_fizzydrinks,fizzy drinks,2-3 days a week,40,150,26.7%,17.2%,39.0%,9.5%,12.3%
2022,Non-Binary,All Schools,diet_fizzydrinks,fizzy drinks,On most days,20,150,13.3%,6.9%,24.1%,6.4%,10.8%
2022,Non-Binary,All Schools,diet_fizzydrinks,fizzy drinks,Once a week or less,35,150,23.3%,14.5%,35.4%,8.9%,12.1%
2022,Non-Binary,All Schools,diet_fizzydrinks,fizzy drinks,Rarely or never,55,150,36.7%,25.6%,49.3%,11.0%,12.6%
2022,Non-Binary,All Schools,diet_sweets,sweets or chocolate,2-3 days a week,55,150,36.7%,25.6%,49.3%,11.0%,12.6%
2022,Non-Binary,All Schools,diet_sweets,sweets or chocolate,On most days,45,150,30.0%,19.9%,42.5%,10.1%,12.5%
2022,Non-Binary,All Schools,diet_sweets,sweets or chocolate,Once a week or less,40,150,26.7%,17.2%,39.0%,9.5%,12.3%
2022,Non-Binary,All Schools,diet_sweets,sweets or chocolate,Rarely or never,10,150,6.7%,2.6%,15.9%,4.0%,9.2%
2022,Non-Binary,All Schools,diet_water,water,2-3 days a week,15,150,10.0%,4.7%,20.1%,5.3%,10.1%
2022,Non-Binary,All Schools,diet_water,water,On most days,110,150,73.3%,61.0%,82.8%,12.3%,9.5%
2022,Non-Binary,All Schools,diet_water,water,Once a week or less,5,150,3.3%,0.9%,11.3%,2.4%,8.0%
2022,Non-Binary,All Schools,diet_water,water,Rarely or never,20,150,13.3%,6.9%,24.1%,6.4%,10.8%
2022,Non-Binary,All Schools,drug_ever,the best statement that describes them regarding recreational drug use,I have never taken drugs,125,150,83.3%,72.0%,90.7%,11.3%,7.3%
2022,Non-Binary,All Schools,drug_ever,the best statement that describes them regarding recreational drug use,I have taken drugs once or twice,10,150,6.7%,2.6%,15.9%,4.0%,9.2%
2022,Non-Binary,All Schools,drug_ever,the best statement that describes them regarding recreational drug use,I take drugs occasionally (less than once a week),5,150,3.3%,0.9%,11.3%,2.4%,8.0%
2022,Non-Binary,All Schools,drug_ever,the best statement that describes them regarding recreational drug use,I take drugs regularly (once a week or more),10,150,6.7%,2.6%,15.9%,4.0%,9.2%
2022,Non-Binary,All Schools,drug_ever,the best statement that describes them regarding recreational drug use,"I used to take drugs, but I don’t now",0,150,0.0%,0.0%,6.0%,0.0%,6.0%
2022,Non-Binary,All Schools,drug_reduce,if they want to reduce or stop taking drugs,I'd like to reduce the amount I take but not stop,5,20,25.0%,7.2%,59.0%,17.8%,34.0%
2022,Non-Binary,All Schools,drug_reduce,if they want to reduce or stop taking drugs,"No, I want to keep taking drugs",10,20,50.0%,21.6%,78.4%,28.4%,28.4%
2022,Non-Binary,All Schools,drug_reduce,if they want to reduce or stop taking drugs,"Yes, I'd like to stop taking drugs",5,20,25.0%,7.2%,59.0%,17.8%,34.0%
2022,Non-Binary,All Schools,drugs_alcohol,ever taken drugs and drunk alcohol on the same occasion,No,5,25,20.0%,5.7%,50.9%,14.3%,30.9%
2022,Non-Binary,All Schools,drugs_alcohol,ever taken drugs and drunk alcohol on the same occasion,Not sure,5,25,20.0%,5.7%,50.9%,14.3%,30.9%
2022,Non-Binary,All Schools,drugs_alcohol,ever taken drugs and drunk alcohol on the same occasion,Yes,15,25,60.0%,31.3%,83.1%,28.7%,23.1%
2022,Non-Binary,All Schools,drugsupp_doctor,from a doctor,No,110,150,73.3%,61.0%,82.8%,12.3%,9.5%
2022,Non-Binary,All Schools,drugsupp_doctor,from a doctor,Yes,40,150,26.7%,17.2%,39.0%,9.5%,12.3%
2022,Non-Binary,All Schools,drugsupp_family,from family,No,95,155,61.3%,48.9%,72.4%,12.4%,11.1%
2022,Non-Binary,All Schools,drugsupp_family,from family,Yes,60,155,38.7%,27.6%,51.1%,11.1%,12.4%
2022,Non-Binary,All Schools,drugsupp_friends,from friends,No,105,155,67.7%,55.4%,78.0%,12.3%,10.3%
2022,Non-Binary,All Schools,drugsupp_friends,from friends,Yes,50,155,32.3%,22.0%,44.6%,10.3%,12.3%
2022,Non-Binary,All Schools,drugsupp_internet,from the internet,No,85,155,54.8%,42.6%,66.5%,12.3%,11.7%
2022,Non-Binary,All Schools,drugsupp_internet,from the internet,Yes,70,155,45.2%,33.5%,57.4%,11.7%,12.3%
2022,Non-Binary,All Schools,drugsupp_other,from other sources,No,135,155,87.1%,76.6%,93.3%,10.5%,6.2%
2022,Non-Binary,All Schools,drugsupp_other,from other sources,Yes,20,155,12.9%,6.7%,23.4%,6.2%,10.5%
2022,Non-Binary,All Schools,drugsupp_teacher,from a teacher,No,115,155,74.2%,62.2%,83.4%,12.0%,9.2%
2022,Non-Binary,All Schools,drugsupp_teacher,from a teacher,Yes,40,155,25.8%,16.6%,37.8%,9.2%,12.0%
2022,Non-Binary,All Schools,drugsupp_ypservice,from Drug & Alcohol Services for young people,No,120,155,77.4%,65.6%,86.0%,11.8%,8.6%
2022,Non-Binary,All Schools,drugsupp_ypservice,from Drug & Alcohol Services for young people,Yes,35,155,22.6%,14.0%,34.4%,8.6%,11.8%
2022,Non-Binary,All Schools,drugsupp_yw,from a Youth Worker,No,140,155,90.3%,80.5%,95.5%,9.8%,5.2%
2022,Non-Binary,All Schools,drugsupp_yw,from a Youth Worker,Yes,15,155,9.7%,4.5%,19.5%,5.2%,9.8%
2022,Non-Binary,All Schools,ecstasy_exp,ecstasy,No,20,30,66.7%,39.1%,86.2%,27.5%,19.5%
2022,Non-Binary,All Schools,ecstasy_exp,ecstasy,Yes,10,30,33.3%,13.8%,60.9%,19.5%,27.5%
2022,Non-Binary,All Schools,ecstasy_offered,ecstasy,No,155,155,100.0%,94.2%,100.0%,5.8%,0.0%
2022,Non-Binary,All Schools,ethnicity,ethnicity,Any other ethnic group,5,145,3.4%,1.0%,11.7%,2.5%,8.2%
2022,Non-Binary,All Schools,ethnicity,ethnicity,Asian,10,145,6.9%,2.7%,16.4%,4.2%,9.5%
2022,Non-Binary,All Schools,ethnicity,ethnicity,Black,10,145,6.9%,2.7%,16.4%,4.2%,9.5%
2022,Non-Binary,All Schools,ethnicity,ethnicity,Mixed,0,145,0.0%,0.0%,6.2%,0.0%,6.2%
2022,Non-Binary,All Schools,ethnicity,ethnicity,Prefer not to say,5,145,3.4%,1.0%,11.7%,2.5%,8.2%
2022,Non-Binary,All Schools,ethnicity,ethnicity,White,115,145,79.3%,67.3%,87.7%,12.0%,8.4%
2022,Non-Binary,All Schools,hallucinogen_natural_exp,hallucinogens,No,20,30,66.7%,39.1%,86.2%,27.5%,19.5%
2022,Non-Binary,All Schools,hallucinogen_natural_exp,hallucinogens,Yes,10,30,33.3%,13.8%,60.9%,19.5%,27.5%
2022,Non-Binary,All Schools,hallucinogen_offered,hallucinogens,No,155,155,100.0%,94.2%,100.0%,5.8%,0.0%
2022,Non-Binary,All Schools,heroin_exp,heroin,No,20,25,80.0%,49.1%,94.3%,30.9%,14.3%
2022,Non-Binary,All Schools,heroin_exp,heroin,Yes,5,25,20.0%,5.7%,50.9%,14.3%,30.9%
2022,Non-Binary,All Schools,heroin_offered,heroin,No,155,155,100.0%,94.2%,100.0%,5.8%,0.0%
2022,Non-Binary,All Schools,herts_just_talk,have heard of Herts Just Talk,No,50,150,33.3%,22.8%,45.9%,10.6%,12.6%
2022,Non-Binary,All Schools,herts_just_talk,have heard of Herts Just Talk,Unsure,25,150,16.7%,9.3%,28.0%,7.3%,11.3%
2022,Non-Binary,All Schools,herts_just_talk,have heard of Herts Just Talk,Yes,35,150,23.3%,14.5%,35.4%,8.9%,12.1%
2022,Non-Binary,All Schools,herts_just_talk,have heard of Herts Just Talk,"Yes I’ve heard of it, but I’m not sure what it is",40,150,26.7%,17.2%,39.0%,9.5%,12.3%
2022,Non-Binary,All Schools,home_shouting,have ever been frightened by any shouting and arguing between adults or older siblings at home in the last month,Most days/Every day,25,150,16.7%,9.3%,28.0%,7.3%,11.3%
2022,Non-Binary,All Schools,home_shouting,have ever been frightened by any shouting and arguing between adults or older siblings at home in the last month,No,55,150,36.7%,25.6%,49.3%,11.0%,12.6%
2022,Non-Binary,All Schools,home_shouting,have ever been frightened by any shouting and arguing between adults or older siblings at home in the last month,Once a week,20,150,13.3%,6.9%,24.1%,6.4%,10.8%
2022,Non-Binary,All Schools,home_shouting,have ever been frightened by any shouting and arguing between adults or older siblings at home in the last month,Once or twice,35,150,23.3%,14.5%,35.4%,8.9%,12.1%
2022,Non-Binary,All Schools,home_shouting,have ever been frightened by any shouting and arguing between adults or older siblings at home in the last month,Prefer not to say,15,150,10.0%,4.7%,20.1%,5.3%,10.1%
2022,Non-Binary,All Schools,home_violence,"if there has been any violence (e.g. hitting, punching, slapping) between adults or older siblings at home in the last month",Most days/Every day,5,145,3.4%,1.0%,11.7%,2.5%,8.2%
2022,Non-Binary,All Schools,home_violence,"if there has been any violence (e.g. hitting, punching, slapping) between adults or older siblings at home in the last month",No,115,145,79.3%,67.3%,87.7%,12.0%,8.4%
2022,Non-Binary,All Schools,home_violence,"if there has been any violence (e.g. hitting, punching, slapping) between adults or older siblings at home in the last month",Once a week,5,145,3.4%,1.0%,11.7%,2.5%,8.2%
2022,Non-Binary,All Schools,home_violence,"if there has been any violence (e.g. hitting, punching, slapping) between adults or older siblings at home in the last month",Once or twice,5,145,3.4%,1.0%,11.7%,2.5%,8.2%
2022,Non-Binary,All Schools,home_violence,"if there has been any violence (e.g. hitting, punching, slapping) between adults or older siblings at home in the last month",Prefer not to say,15,145,10.3%,4.8%,20.8%,5.5%,10.4%
2022,Non-Binary,All Schools,hopeful_future,feel hopeful about their future,Always,5,145,3.4%,1.0%,11.7%,2.5%,8.2%
2022,Non-Binary,All Schools,hopeful_future,feel hopeful about their future,Never,25,145,17.2%,9.7%,28.9%,7.6%,11.6%
2022,Non-Binary,All Schools,hopeful_future,feel hopeful about their future,Often,25,145,17.2%,9.7%,28.9%,7.6%,11.6%
2022,Non-Binary,All Schools,hopeful_future,feel hopeful about their future,Sometimes,90,145,62.1%,49.2%,73.4%,12.8%,11.3%
2022,Non-Binary,All Schools,imd_quintile,for their resident postcode,Quintile 1 - Most Deprived,15,160,9.4%,4.4%,18.9%,5.0%,9.6%
2022,Non-Binary,All Schools,imd_quintile,for their resident postcode,Quintile 2,20,160,12.5%,6.5%,22.7%,6.0%,10.2%
2022,Non-Binary,All Schools,imd_quintile,for their resident postcode,Quintile 3,25,160,15.6%,8.7%,26.4%,6.9%,10.8%
2022,Non-Binary,All Schools,imd_quintile,for their resident postcode,Quintile 4,25,160,15.6%,8.7%,26.4%,6.9%,10.8%
2022,Non-Binary,All Schools,imd_quintile,for their resident postcode,Quintile 5 - Least Deprived,25,160,15.6%,8.7%,26.4%,6.9%,10.8%
2022,Non-Binary,All Schools,imd_quintile,for their resident postcode,unknown,50,160,31.2%,21.3%,43.4%,10.0%,12.1%
2022,Non-Binary,All Schools,internet_info_provided,have been provided with online safety info,No,25,145,17.2%,9.7%,28.9%,7.6%,11.6%
2022,Non-Binary,All Schools,internet_info_provided,have been provided with online safety info,Yes,120,145,82.8%,71.1%,90.3%,11.6%,7.6%
2022,Non-Binary,All Schools,internet_met,have ever met someone in real life whom they first met online,No,105,145,72.4%,59.8%,82.2%,12.6%,9.8%
2022,Non-Binary,All Schools,internet_met,have ever met someone in real life whom they first met online,Yes,40,145,27.6%,17.8%,40.2%,9.8%,12.6%
2022,Non-Binary,All Schools,internet_personalinfo,have ever shared personal information with someone they have not met in real life,No,95,150,63.3%,50.7%,74.4%,12.6%,11.0%
2022,Non-Binary,All Schools,internet_personalinfo,have ever shared personal information with someone they have not met in real life,Yes,55,150,36.7%,25.6%,49.3%,11.0%,12.6%
2022,Non-Binary,All Schools,internet_pictures_pressure,have ever felt pressured to send pictures of themselves to someone,No,110,145,75.9%,63.5%,85.0%,12.4%,9.2%
2022,Non-Binary,All Schools,internet_pictures_pressure,have ever felt pressured to send pictures of themselves to someone,Yes,35,145,24.1%,15.0%,36.5%,9.2%,12.4%
2022,Non-Binary,All Schools,internet_pictures_upset,have ever seen a picture or post that scared them,No,60,150,40.0%,28.6%,52.6%,11.4%,12.6%
2022,Non-Binary,All Schools,internet_pictures_upset,have ever seen a picture or post that scared them,Yes,90,150,60.0%,47.4%,71.4%,12.6%,11.4%
2022,Non-Binary,All Schools,ketamine_exp,ketamine,No,20,30,66.7%,39.1%,86.2%,27.5%,19.5%
2022,Non-Binary,All Schools,ketamine_exp,ketamine,Yes,10,30,33.3%,13.8%,60.9%,19.5%,27.5%
2022,Non-Binary,All Schools,ketamine_offered,ketamine,No,155,155,100.0%,94.2%,100.0%,5.8%,0.0%
2022,Non-Binary,All Schools,khat_exp,khat,No,20,25,80.0%,49.1%,94.3%,30.9%,14.3%
2022,Non-Binary,All Schools,khat_exp,khat,Yes,5,25,20.0%,5.7%,50.9%,14.3%,30.9%
2022,Non-Binary,All Schools,khat_offered,khat,No,155,155,100.0%,94.2%,100.0%,5.8%,0.0%
2022,Non-Binary,All Schools,life_happyyesterday,how happy they felt yesterday overall on a scale low to high,high,20,150,13.3%,6.9%,24.1%,6.4%,10.8%
2022,Non-Binary,All Schools,life_happyyesterday,how happy they felt yesterday overall on a scale low to high,low,90,150,60.0%,47.4%,71.4%,12.6%,11.4%
2022,Non-Binary,All Schools,life_happyyesterday,how happy they felt yesterday overall on a scale low to high,medium,30,150,20.0%,11.8%,31.7%,8.2%,11.7%
2022,Non-Binary,All Schools,life_happyyesterday,how happy they felt yesterday overall on a scale low to high,very high,10,150,6.7%,2.6%,15.9%,4.0%,9.2%
2022,Non-Binary,All Schools,life_satisfied,about how satisfied they with their life on a scale of low to high,high,25,155,16.1%,9.0%,27.2%,7.1%,11.0%
2022,Non-Binary,All Schools,life_satisfied,about how satisfied they with their life on a scale of low to high,low,85,155,54.8%,42.6%,66.5%,12.3%,11.7%
2022,Non-Binary,All Schools,life_satisfied,about how satisfied they with their life on a scale of low to high,medium,40,155,25.8%,16.6%,37.8%,9.2%,12.0%
2022,Non-Binary,All Schools,life_satisfied,about how satisfied they with their life on a scale of low to high,very high,5,155,3.2%,0.9%,11.0%,2.3%,7.8%
2022,Non-Binary,All Schools,life_worthwhile,the extent to which they feel the things they do in their life are worthwhile on a scale of low to high,high,15,150,10.0%,4.7%,20.1%,5.3%,10.1%
2022,Non-Binary,All Schools,life_worthwhile,the extent to which they feel the things they do in their life are worthwhile on a scale of low to high,low,100,150,66.7%,54.1%,77.2%,12.6%,10.6%
2022,Non-Binary,All Schools,life_worthwhile,the extent to which they feel the things they do in their life are worthwhile on a scale of low to high,medium,30,150,20.0%,11.8%,31.7%,8.2%,11.7%
2022,Non-Binary,All Schools,life_worthwhile,the extent to which they feel the things they do in their life are worthwhile on a scale of low to high,very high,5,150,3.3%,0.9%,11.3%,2.4%,8.0%
2022,Non-Binary,All Schools,mental_121,1-2-1 sessions,No,155,155,100.0%,94.2%,100.0%,5.8%,0.0%
2022,Non-Binary,All Schools,mental_accessed,have ever accessed mental health services before,No,50,145,34.5%,23.6%,47.3%,10.9%,12.8%
2022,Non-Binary,All Schools,mental_accessed,have ever accessed mental health services before,Not sure,15,145,10.3%,4.8%,20.8%,5.5%,10.4%
2022,Non-Binary,All Schools,mental_accessed,have ever accessed mental health services before,Prefer not to say,10,145,6.9%,2.7%,16.4%,4.2%,9.5%
2022,Non-Binary,All Schools,mental_accessed,have ever accessed mental health services before,Yes,70,145,48.3%,36.0%,60.8%,12.3%,12.5%
2022,Non-Binary,All Schools,mental_accessed_helpful,how helpful they found the mental health support,A little,30,65,46.2%,28.8%,64.5%,17.4%,18.3%
2022,Non-Binary,All Schools,mental_accessed_helpful,how helpful they found the mental health support,Neither helpful nor unhelpful,5,65,7.7%,2.1%,24.1%,5.5%,16.4%
2022,Non-Binary,All Schools,mental_accessed_helpful,how helpful they found the mental health support,Not helpful,10,65,15.4%,6.2%,33.5%,9.2%,18.1%
2022,Non-Binary,All Schools,mental_accessed_helpful,how helpful they found the mental health support,Not very helpful,15,65,23.1%,11.1%,42.0%,12.0%,18.9%
2022,Non-Binary,All Schools,mental_accessed_helpful,how helpful they found the mental health support,Very,5,65,7.7%,2.1%,24.1%,5.5%,16.4%
2022,Non-Binary,All Schools,mental_activesupport,activity-based support (e.g. drama therapy),No,155,155,100.0%,94.2%,100.0%,5.8%,0.0%
2022,Non-Binary,All Schools,mental_charity,charities,No,150,155,96.8%,89.0%,99.1%,7.8%,2.3%
2022,Non-Binary,All Schools,mental_charity,charities,Yes,5,155,3.2%,0.9%,11.0%,2.3%,7.8%
2022,Non-Binary,All Schools,mental_clinic,a mental health clinic,No,120,155,77.4%,65.6%,86.0%,11.8%,8.6%
2022,Non-Binary,All Schools,mental_clinic,a mental health clinic,Yes,35,155,22.6%,14.0%,34.4%,8.6%,11.8%
2022,Non-Binary,All Schools,mental_doctor,a doctor,No,120,155,77.4%,65.6%,86.0%,11.8%,8.6%
2022,Non-Binary,All Schools,mental_doctor,a doctor,Yes,35,155,22.6%,14.0%,34.4%,8.6%,11.8%
2022,Non-Binary,All Schools,mental_groupwork,Group work,No,155,155,100.0%,94.2%,100.0%,5.8%,0.0%
2022,Non-Binary,All Schools,mental_howaccess,"know how to access services if they are worried about, or are looking for more information about their mental health",No,30,155,19.4%,11.5%,30.8%,7.9%,11.5%
2022,Non-Binary,All Schools,mental_howaccess,"know how to access services if they are worried about, or are looking for more information about their mental health",Not sure,35,155,22.6%,14.0%,34.4%,8.6%,11.8%
2022,Non-Binary,All Schools,mental_howaccess,"know how to access services if they are worried about, or are looking for more information about their mental health",Yes,90,155,58.1%,45.7%,69.5%,12.4%,11.4%
2022,Non-Binary,All Schools,mental_internet,online,No,155,155,100.0%,94.2%,100.0%,5.8%,0.0%
2022,Non-Binary,All Schools,mental_none,other,No,100,155,64.5%,52.1%,75.2%,12.4%,10.7%
2022,Non-Binary,All Schools,mental_none,other,Yes,55,155,35.5%,24.8%,47.9%,10.7%,12.4%
2022,Non-Binary,All Schools,mental_nurse,a school nurse,No,145,155,93.5%,84.6%,97.5%,9.0%,3.9%
2022,Non-Binary,All Schools,mental_nurse,a school nurse,Yes,10,155,6.5%,2.5%,15.4%,3.9%,9.0%
2022,Non-Binary,All Schools,mental_parents,parents/carers,No,110,150,73.3%,61.0%,82.8%,12.3%,9.5%
2022,Non-Binary,All Schools,mental_parents,parents/carers,Yes,40,150,26.7%,17.2%,39.0%,9.5%,12.3%
2022,Non-Binary,All Schools,mental_school,the school,No,100,150,66.7%,54.1%,77.2%,12.6%,10.6%
2022,Non-Binary,All Schools,mental_school,the school,Yes,50,150,33.3%,22.8%,45.9%,10.6%,12.6%
2022,Non-Binary,All Schools,mental_talk,"agree with the statement ""It's okay for me to talk about my mental health.""",No,40,150,26.7%,17.2%,39.0%,9.5%,12.3%
2022,Non-Binary,All Schools,mental_talk,"agree with the statement ""It's okay for me to talk about my mental health.""",Not sure,40,150,26.7%,17.2%,39.0%,9.5%,12.3%
2022,Non-Binary,All Schools,mental_talk,"agree with the statement ""It's okay for me to talk about my mental health.""",Yes,70,150,46.7%,34.7%,59.1%,12.0%,12.4%
2022,Non-Binary,All Schools,mental_type_121,1-2-1s (in person),No,80,155,51.6%,39.5%,63.6%,12.1%,11.9%
2022,Non-Binary,All Schools,mental_type_121,1-2-1s (in person),Yes,75,155,48.4%,36.4%,60.5%,11.9%,12.1%
2022,Non-Binary,All Schools,mental_type_group,groupwork,No,105,150,70.0%,57.5%,80.1%,12.5%,10.1%
2022,Non-Binary,All Schools,mental_type_group,groupwork,Yes,45,150,30.0%,19.9%,42.5%,10.1%,12.5%
2022,Non-Binary,All Schools,mental_type_online,online support,No,110,155,71.0%,58.7%,80.8%,12.2%,9.8%
2022,Non-Binary,All Schools,mental_type_online,online support,Yes,45,155,29.0%,19.2%,41.3%,9.8%,12.2%
2022,Non-Binary,All Schools,mental_type_other,other types of support,No,115,155,74.2%,62.2%,83.4%,12.0%,9.2%
2022,Non-Binary,All Schools,mental_type_other,other types of support,Yes,40,155,25.8%,16.6%,37.8%,9.2%,12.0%
2022,Non-Binary,All Schools,mental_type_phone,phone counselling,No,145,155,93.5%,84.6%,97.5%,9.0%,3.9%
2022,Non-Binary,All Schools,mental_type_phone,phone counselling,Yes,10,155,6.5%,2.5%,15.4%,3.9%,9.0%
2022,Non-Binary,All Schools,mental_youthservice,the Youth Service,No,125,155,80.6%,69.2%,88.5%,11.5%,7.9%
2022,Non-Binary,All Schools,mental_youthservice,the Youth Service,Yes,30,155,19.4%,11.5%,30.8%,7.9%,11.5%
2022,Non-Binary,All Schools,mephedrone_exp,mephedrone,No,20,25,80.0%,49.1%,94.3%,30.9%,14.3%
2022,Non-Binary,All Schools,mephedrone_exp,mephedrone,Yes,5,25,20.0%,5.7%,50.9%,14.3%,30.9%
2022,Non-Binary,All Schools,mephedrone_offered,mephedrone,No,155,155,100.0%,94.2%,100.0%,5.8%,0.0%
2022,Non-Binary,All Schools,nitrous_oxide_exp,nitrous oxide,No,20,25,80.0%,49.1%,94.3%,30.9%,14.3%
2022,Non-Binary,All Schools,nitrous_oxide_exp,nitrous oxide,Yes,5,25,20.0%,5.7%,50.9%,14.3%,30.9%
2022,Non-Binary,All Schools,nitrous_oxide_offered,nitrous oxide,No,155,155,100.0%,94.2%,100.0%,5.8%,0.0%
2022,Non-Binary,All Schools,nps_exp,novel psychoactive substances,No,20,25,80.0%,49.1%,94.3%,30.9%,14.3%
2022,Non-Binary,All Schools,nps_exp,novel psychoactive substances,Yes,5,25,20.0%,5.7%,50.9%,14.3%,30.9%
2022,Non-Binary,All Schools,nps_offered,novel psychoactive substances,No,155,155,100.0%,94.2%,100.0%,5.8%,0.0%
2022,Non-Binary,All Schools,pa_30,how many days in the past week had they done 30-59 minutes of physical activity,1 to 3,65,155,41.9%,30.5%,54.3%,11.4%,12.4%
2022,Non-Binary,All Schools,pa_30,how many days in the past week had they done 30-59 minutes of physical activity,4 to 5,25,155,16.1%,9.0%,27.2%,7.1%,11.0%
2022,Non-Binary,All Schools,pa_30,how many days in the past week had they done 30-59 minutes of physical activity,6 to 7,5,155,3.2%,0.9%,11.0%,2.3%,7.8%
2022,Non-Binary,All Schools,pa_30,how many days in the past week had they done 30-59 minutes of physical activity,none,60,155,38.7%,27.6%,51.1%,11.1%,12.4%
2022,Non-Binary,All Schools,pa_60,how many days in the past week had they done a total of 60 minutes or more of physical activity,1 to 3,65,155,41.9%,30.5%,54.3%,11.4%,12.4%
2022,Non-Binary,All Schools,pa_60,how many days in the past week had they done a total of 60 minutes or more of physical activity,4 to 5,15,155,9.7%,4.5%,19.5%,5.2%,9.8%
2022,Non-Binary,All Schools,pa_60,how many days in the past week had they done a total of 60 minutes or more of physical activity,6 to 7,10,155,6.5%,2.5%,15.4%,3.9%,9.0%
2022,Non-Binary,All Schools,pa_60,how many days in the past week had they done a total of 60 minutes or more of physical activity,none,65,155,41.9%,30.5%,54.3%,11.4%,12.4%
2022,Non-Binary,All Schools,pa_fri,Friday,0-29 minutes,70,140,50.0%,37.4%,62.6%,12.6%,12.6%
2022,Non-Binary,All Schools,pa_fri,Friday,30-59 minutes,30,140,21.4%,12.7%,33.8%,8.7%,12.4%
2022,Non-Binary,All Schools,pa_fri,Friday,60 or more minutes,40,140,28.6%,18.4%,41.4%,10.1%,12.9%
2022,Non-Binary,All Schools,pa_mon,Monday,0-29 minutes,75,145,51.7%,39.2%,64.0%,12.5%,12.3%
2022,Non-Binary,All Schools,pa_mon,Monday,30-59 minutes,40,145,27.6%,17.8%,40.2%,9.8%,12.6%
2022,Non-Binary,All Schools,pa_mon,Monday,60 or more minutes,30,145,20.7%,12.3%,32.7%,8.4%,12.0%
2022,Non-Binary,All Schools,pa_sat,Saturday,0-29 minutes,75,140,53.6%,40.7%,65.9%,12.8%,12.4%
2022,Non-Binary,All Schools,pa_sat,Saturday,30-59 minutes,25,140,17.9%,10.0%,29.8%,7.8%,11.9%
2022,Non-Binary,All Schools,pa_sat,Saturday,60 or more minutes,40,140,28.6%,18.4%,41.4%,10.1%,12.9%
2022,Non-Binary,All Schools,pa_sun,Sunday,0-29 minutes,85,145,58.6%,45.8%,70.3%,12.8%,11.7%
2022,Non-Binary,All Schools,pa_sun,Sunday,30-59 minutes,30,145,20.7%,12.3%,32.7%,8.4%,12.0%
2022,Non-Binary,All Schools,pa_sun,Sunday,60 or more minutes,30,145,20.7%,12.3%,32.7%,8.4%,12.0%
2022,Non-Binary,All Schools,pa_thurs,Thursday,0-29 minutes,65,145,44.8%,32.8%,57.5%,12.0%,12.7%
2022,Non-Binary,All Schools,pa_thurs,Thursday,30-59 minutes,50,145,34.5%,23.6%,47.3%,10.9%,12.8%
2022,Non-Binary,All Schools,pa_thurs,Thursday,60 or more minutes,30,145,20.7%,12.3%,32.7%,8.4%,12.0%
2022,Non-Binary,All Schools,pa_tues,Tuesday,0-29 minutes,70,145,48.3%,36.0%,60.8%,12.3%,12.5%
2022,Non-Binary,All Schools,pa_tues,Tuesday,30-59 minutes,40,145,27.6%,17.8%,40.2%,9.8%,12.6%
2022,Non-Binary,All Schools,pa_tues,Tuesday,60 or more minutes,35,145,24.1%,15.0%,36.5%,9.2%,12.4%
2022,Non-Binary,All Schools,pa_wed,Wednesday,0-29 minutes,65,145,44.8%,32.8%,57.5%,12.0%,12.7%
2022,Non-Binary,All Schools,pa_wed,Wednesday,30-59 minutes,45,145,31.0%,20.6%,43.8%,10.4%,12.7%
2022,Non-Binary,All Schools,pa_wed,Wednesday,60 or more minutes,35,145,24.1%,15.0%,36.5%,9.2%,12.4%
2022,Non-Binary,All Schools,poppers_exp,poppers,No,20,30,66.7%,39.1%,86.2%,27.5%,19.5%
2022,Non-Binary,All Schools,poppers_exp,poppers,Yes,10,30,33.3%,13.8%,60.9%,19.5%,27.5%
2022,Non-Binary,All Schools,poppers_offered,poppers,No,155,155,100.0%,94.2%,100.0%,5.8%,0.0%
2022,Non-Binary,All Schools,portions,portions of fruits or vegetables,0,25,155,16.1%,9.0%,27.2%,7.1%,11.0%
2022,Non-Binary,All Schools,portions,portions of fruits or vegetables,1,30,155,19.4%,11.5%,30.8%,7.9%,11.5%
2022,Non-Binary,All Schools,portions,portions of fruits or vegetables,2,45,155,29.0%,19.2%,41.3%,9.8%,12.2%
2022,Non-Binary,All Schools,portions,portions of fruits or vegetables,3,25,155,16.1%,9.0%,27.2%,7.1%,11.0%
2022,Non-Binary,All Schools,portions,portions of fruits or vegetables,4,20,155,12.9%,6.7%,23.4%,6.2%,10.5%
2022,Non-Binary,All Schools,portions,portions of fruits or vegetables,5,10,155,6.5%,2.5%,15.4%,3.9%,9.0%
2022,Non-Binary,All Schools,prospects_education,plan to continue in education,Maybe,30,140,21.4%,12.7%,33.8%,8.7%,12.4%
2022,Non-Binary,All Schools,prospects_education,plan to continue in education,No,10,140,7.1%,2.8%,16.9%,4.3%,9.8%
2022,Non-Binary,All Schools,prospects_education,plan to continue in education,Yes,100,140,71.4%,58.6%,81.6%,12.9%,10.1%
2022,Non-Binary,All Schools,prospects_family,plan to start a family,Maybe,40,135,29.6%,19.2%,42.8%,10.5%,13.2%
2022,Non-Binary,All Schools,prospects_family,plan to start a family,No,85,135,63.0%,49.7%,74.5%,13.3%,11.6%
2022,Non-Binary,All Schools,prospects_family,plan to start a family,Yes,10,135,7.4%,2.9%,17.5%,4.5%,10.1%
2022,Non-Binary,All Schools,prospects_info_apprenticeships,apprenticeships,No,105,155,67.7%,55.4%,78.0%,12.3%,10.3%
2022,Non-Binary,All Schools,prospects_info_apprenticeships,apprenticeships,Yes,50,155,32.3%,22.0%,44.6%,10.3%,12.3%
2022,Non-Binary,All Schools,prospects_info_college,college/6th form,No,80,150,53.3%,40.9%,65.3%,12.4%,12.0%
2022,Non-Binary,All Schools,prospects_info_college,college/6th form,Yes,70,150,46.7%,34.7%,59.1%,12.0%,12.4%
2022,Non-Binary,All Schools,prospects_info_gap,gap years,No,90,155,58.1%,45.7%,69.5%,12.4%,11.4%
2022,Non-Binary,All Schools,prospects_info_gap,gap years,Yes,65,155,41.9%,30.5%,54.3%,11.4%,12.4%
2022,Non-Binary,All Schools,prospects_info_jobs,jobs,No,80,155,51.6%,39.5%,63.6%,12.1%,11.9%
2022,Non-Binary,All Schools,prospects_info_jobs,jobs,Yes,75,155,48.4%,36.4%,60.5%,11.9%,12.1%
2022,Non-Binary,All Schools,prospects_info_other,other options,No,125,150,83.3%,72.0%,90.7%,11.3%,7.3%
2022,Non-Binary,All Schools,prospects_info_other,other options,Yes,25,150,16.7%,9.3%,28.0%,7.3%,11.3%
2022,Non-Binary,All Schools,prospects_info_trainee,traineeships,No,125,155,80.6%,69.2%,88.5%,11.5%,7.9%
2022,Non-Binary,All Schools,prospects_info_trainee,traineeships,Yes,30,155,19.4%,11.5%,30.8%,7.9%,11.5%
2022,Non-Binary,All Schools,prospects_info_uni,university,No,60,150,40.0%,28.6%,52.6%,11.4%,12.6%
2022,Non-Binary,All Schools,prospects_info_uni,university,Yes,90,150,60.0%,47.4%,71.4%,12.6%,11.4%
2022,Non-Binary,All Schools,prospects_job,plan to get a job,Maybe,55,130,42.3%,29.9%,55.8%,12.4%,13.5%
2022,Non-Binary,All Schools,prospects_job,plan to get a job,No,10,130,7.7%,3.0%,18.1%,4.7%,10.4%
2022,Non-Binary,All Schools,prospects_job,plan to get a job,Yes,65,130,50.0%,36.9%,63.1%,13.1%,13.1%
2022,Non-Binary,All Schools,prospects_notsure,aren't sure what they want to do,Maybe,30,130,23.1%,13.7%,36.1%,9.3%,13.0%
2022,Non-Binary,All Schools,prospects_notsure,aren't sure what they want to do,No,45,130,34.6%,23.2%,48.2%,11.4%,13.5%
2022,Non-Binary,All Schools,prospects_notsure,aren't sure what they want to do,Yes,55,130,42.3%,29.9%,55.8%,12.4%,13.5%
2022,Non-Binary,All Schools,prospects_other,have other plans,Maybe,45,125,36.0%,24.2%,49.8%,11.8%,13.8%
2022,Non-Binary,All Schools,prospects_other,have other plans,No,50,125,40.0%,27.6%,53.8%,12.4%,13.8%
2022,Non-Binary,All Schools,prospects_other,have other plans,Yes,30,125,24.0%,14.3%,37.4%,9.7%,13.4%
2022,Non-Binary,All Schools,prospects_support_friends,friends,No,90,155,58.1%,45.7%,69.5%,12.4%,11.4%
2022,Non-Binary,All Schools,prospects_support_friends,friends,Yes,65,155,41.9%,30.5%,54.3%,11.4%,12.4%
2022,Non-Binary,All Schools,prospects_support_idk,don't know where to get support,No,120,155,77.4%,65.6%,86.0%,11.8%,8.6%
2022,Non-Binary,All Schools,prospects_support_idk,don't know where to get support,Yes,35,155,22.6%,14.0%,34.4%,8.6%,11.8%
2022,Non-Binary,All Schools,prospects_support_jobcentre,Job Centre Plus,No,145,155,93.5%,84.6%,97.5%,9.0%,3.9%
2022,Non-Binary,All Schools,prospects_support_jobcentre,Job Centre Plus,Yes,10,155,6.5%,2.5%,15.4%,3.9%,9.0%
2022,Non-Binary,All Schools,prospects_support_online,online,No,100,155,64.5%,52.1%,75.2%,12.4%,10.7%
2022,Non-Binary,All Schools,prospects_support_online,online,Yes,55,155,35.5%,24.8%,47.9%,10.7%,12.4%
2022,Non-Binary,All Schools,prospects_support_parents,parent/carer,No,70,150,46.7%,34.7%,59.1%,12.0%,12.4%
2022,Non-Binary,All Schools,prospects_support_parents,parent/carer,Yes,80,150,53.3%,40.9%,65.3%,12.4%,12.0%
2022,Non-Binary,All Schools,prospects_support_school,school/teacher,No,85,155,54.8%,42.6%,66.5%,12.3%,11.7%
2022,Non-Binary,All Schools,prospects_support_school,school/teacher,Yes,70,155,45.2%,33.5%,57.4%,11.7%,12.3%
2022,Non-Binary,All Schools,prospects_support_syp,Services for Young People,No,135,155,87.1%,76.6%,93.3%,10.5%,6.2%
2022,Non-Binary,All Schools,prospects_support_syp,Services for Young People,Yes,20,155,12.9%,6.7%,23.4%,6.2%,10.5%
2022,Non-Binary,All Schools,prospects_training,plan to training for a skilled job,Maybe,60,130,46.2%,33.4%,59.5%,12.8%,13.3%
2022,Non-Binary,All Schools,prospects_training,plan to training for a skilled job,No,45,130,34.6%,23.2%,48.2%,11.4%,13.5%
2022,Non-Binary,All Schools,prospects_training,plan to training for a skilled job,Yes,25,130,19.2%,10.8%,31.9%,8.4%,12.6%
2022,Non-Binary,All Schools,religion,religion,Any other religion,10,145,6.9%,2.7%,16.4%,4.2%,9.5%
2022,Non-Binary,All Schools,religion,religion,Buddhist,0,145,0.0%,0.0%,6.2%,0.0%,6.2%
2022,Non-Binary,All Schools,religion,religion,Christian,15,145,10.3%,4.8%,20.8%,5.5%,10.4%
2022,Non-Binary,All Schools,religion,religion,Hindu,0,145,0.0%,0.0%,6.2%,0.0%,6.2%
2022,Non-Binary,All Schools,religion,religion,Jewish,0,145,0.0%,0.0%,6.2%,0.0%,6.2%
2022,Non-Binary,All Schools,religion,religion,Muslim,0,145,0.0%,0.0%,6.2%,0.0%,6.2%
2022,Non-Binary,All Schools,religion,religion,No religion,110,145,75.9%,63.5%,85.0%,12.4%,9.2%
2022,Non-Binary,All Schools,religion,religion,Prefer not to say,10,145,6.9%,2.7%,16.4%,4.2%,9.5%
2022,Non-Binary,All Schools,religion,religion,Sikh,0,145,0.0%,0.0%,6.2%,0.0%,6.2%
2022,Non-Binary,All Schools,safety_dark,going out after dark,Neither safe or unsafe,45,150,30.0%,19.9%,42.5%,10.1%,12.5%
2022,Non-Binary,All Schools,safety_dark,going out after dark,Safe,20,150,13.3%,6.9%,24.1%,6.4%,10.8%
2022,Non-Binary,All Schools,safety_dark,going out after dark,Unsafe,85,150,56.7%,44.1%,68.4%,12.5%,11.7%
2022,Non-Binary,All Schools,safety_day,going out during the day,Neither safe or unsafe,70,155,45.2%,33.5%,57.4%,11.7%,12.3%
2022,Non-Binary,All Schools,safety_day,going out during the day,Safe,60,155,38.7%,27.6%,51.1%,11.1%,12.4%
2022,Non-Binary,All Schools,safety_day,going out during the day,Unsafe,25,155,16.1%,9.0%,27.2%,7.1%,11.0%
2022,Non-Binary,All Schools,safety_journey,going to and from school,Neither safe or unsafe,60,150,40.0%,28.6%,52.6%,11.4%,12.6%
2022,Non-Binary,All Schools,safety_journey,going to and from school,Safe,65,150,43.3%,31.6%,55.9%,11.7%,12.5%
2022,Non-Binary,All Schools,safety_journey,going to and from school,Unsafe,25,150,16.7%,9.3%,28.0%,7.3%,11.3%
2022,Non-Binary,All Schools,safety_school,at school,Neither safe or unsafe,60,150,40.0%,28.6%,52.6%,11.4%,12.6%
2022,Non-Binary,All Schools,safety_school,at school,Safe,60,150,40.0%,28.6%,52.6%,11.4%,12.6%
2022,Non-Binary,All Schools,safety_school,at school,Unsafe,30,150,20.0%,11.8%,31.7%,8.2%,11.7%
2022,Non-Binary,All Schools,school_supported,felt supported by their school and that they were offered help when having difficulties,No,35,90,38.9%,24.8%,55.1%,14.1%,16.2%
2022,Non-Binary,All Schools,school_supported,felt supported by their school and that they were offered help when having difficulties,Not sure,25,90,27.8%,15.9%,43.9%,11.9%,16.2%
2022,Non-Binary,All Schools,school_supported,felt supported by their school and that they were offered help when having difficulties,Prefer not to say,5,90,5.6%,1.5%,18.1%,4.0%,12.5%
2022,Non-Binary,All Schools,school_supported,felt supported by their school and that they were offered help when having difficulties,Yes,25,90,27.8%,15.9%,43.9%,11.9%,16.2%
2022,Non-Binary,All Schools,schoolsupp_academic,they find their school is supportive of their learning and education,No,10,145,6.9%,2.7%,16.4%,4.2%,9.5%
2022,Non-Binary,All Schools,schoolsupp_academic,they find their school is supportive of their learning and education,Not sure,0,145,0.0%,0.0%,6.2%,0.0%,6.2%
2022,Non-Binary,All Schools,schoolsupp_academic,they find their school is supportive of their learning and education,Somewhat,65,145,44.8%,32.8%,57.5%,12.0%,12.7%
2022,Non-Binary,All Schools,schoolsupp_academic,they find their school is supportive of their learning and education,Yes,70,145,48.3%,36.0%,60.8%,12.3%,12.5%
2022,Non-Binary,All Schools,schoolsupp_wellbeing,they find their school is supportive of their emotional health and wellbeing,No,60,150,40.0%,28.6%,52.6%,11.4%,12.6%
2022,Non-Binary,All Schools,schoolsupp_wellbeing,they find their school is supportive of their emotional health and wellbeing,Not sure,15,150,10.0%,4.7%,20.1%,5.3%,10.1%
2022,Non-Binary,All Schools,schoolsupp_wellbeing,they find their school is supportive of their emotional health and wellbeing,Somewhat,60,150,40.0%,28.6%,52.6%,11.4%,12.6%
2022,Non-Binary,All Schools,schoolsupp_wellbeing,they find their school is supportive of their emotional health and wellbeing,Yes,15,150,10.0%,4.7%,20.1%,5.3%,10.1%
2022,Non-Binary,All Schools,schyear,school year,Not at school/other,5,155,3.2%,0.9%,11.0%,2.3%,7.8%
2022,Non-Binary,All Schools,schyear,school year,Year 10,25,155,16.1%,9.0%,27.2%,7.1%,11.0%
2022,Non-Binary,All Schools,schyear,school year,Year 11,35,155,22.6%,14.0%,34.4%,8.6%,11.8%
2022,Non-Binary,All Schools,schyear,school year,Year 12,15,155,9.7%,4.5%,19.5%,5.2%,9.8%
2022,Non-Binary,All Schools,schyear,school year,Year 13,20,155,12.9%,6.7%,23.4%,6.2%,10.5%
2022,Non-Binary,All Schools,schyear,school year,Year 7,25,155,16.1%,9.0%,27.2%,7.1%,11.0%
2022,Non-Binary,All Schools,schyear,school year,Year 8,20,155,12.9%,6.7%,23.4%,6.2%,10.5%
2022,Non-Binary,All Schools,schyear,school year,Year 9,10,155,6.5%,2.5%,15.4%,3.9%,9.0%
2022,Non-Binary,All Schools,selfharm_ever,ever self-harmed,No,20,150,13.3%,6.9%,24.1%,6.4%,10.8%
2022,Non-Binary,All Schools,selfharm_ever,ever self-harmed,Prefer not to say,50,150,33.3%,22.8%,45.9%,10.6%,12.6%
2022,Non-Binary,All Schools,selfharm_ever,ever self-harmed,Yes,80,150,53.3%,40.9%,65.3%,12.4%,12.0%
2022,Non-Binary,All Schools,sexuality,sexual orientation,"Gay, lesbian or bisexual",95,150,63.3%,50.7%,74.4%,12.6%,11.0%
2022,Non-Binary,All Schools,sexuality,sexual orientation,Heterosexual/Straight,5,150,3.3%,0.9%,11.3%,2.4%,8.0%
2022,Non-Binary,All Schools,sexuality,sexual orientation,Other,30,150,20.0%,11.8%,31.7%,8.2%,11.7%
2022,Non-Binary,All Schools,sexuality,sexual orientation,Prefer not to say,5,150,3.3%,0.9%,11.3%,2.4%,8.0%
2022,Non-Binary,All Schools,sexuality,sexual orientation,Undecided/Questioning,15,150,10.0%,4.7%,20.1%,5.3%,10.1%
2022,Non-Binary,All Schools,sh_16,Most 16 year olds have not had sex,Agree,25,90,27.8%,15.9%,43.9%,11.9%,16.2%
2022,Non-Binary,All Schools,sh_16,Most 16 year olds have not had sex,Disagree,20,90,22.2%,11.7%,38.0%,10.5%,15.8%
2022,Non-Binary,All Schools,sh_16,Most 16 year olds have not had sex,Not sure,45,90,50.0%,34.5%,65.5%,15.5%,15.5%
2022,Non-Binary,All Schools,sh_access,they know how to access sexual health services?,No,40,145,27.6%,17.8%,40.2%,9.8%,12.6%
2022,Non-Binary,All Schools,sh_access,they know how to access sexual health services?,Not sure,45,145,31.0%,20.6%,43.8%,10.4%,12.7%
2022,Non-Binary,All Schools,sh_access,they know how to access sexual health services?,Yes,60,145,41.4%,29.7%,54.2%,11.7%,12.8%
2022,Non-Binary,All Schools,sh_condoms,Using condoms is necessary to prevent sexually transmitted infections and unplanned pregnancies,Agree,85,90,94.4%,81.9%,98.5%,12.5%,4.0%
2022,Non-Binary,All Schools,sh_condoms,Using condoms is necessary to prevent sexually transmitted infections and unplanned pregnancies,Disagree,0,90,0.0%,0.0%,9.6%,0.0%,9.6%
2022,Non-Binary,All Schools,sh_condoms,Using condoms is necessary to prevent sexually transmitted infections and unplanned pregnancies,Not sure,5,90,5.6%,1.5%,18.1%,4.0%,12.5%
2022,Non-Binary,All Schools,sh_condomsti,"If you have sex without a condom, you should get an STI test.",Agree,70,95,73.7%,58.0%,85.0%,15.6%,11.3%
2022,Non-Binary,All Schools,sh_condomsti,"If you have sex without a condom, you should get an STI test.",Disagree,10,95,10.5%,4.2%,24.1%,6.3%,13.6%
2022,Non-Binary,All Schools,sh_condomsti,"If you have sex without a condom, you should get an STI test.",Not sure,15,95,15.8%,7.5%,30.4%,8.3%,14.6%
2022,Non-Binary,All Schools,sh_pregnancy,Getting pregnant or getting someone else pregnant now would negatively affect my future plans,Agree,70,90,77.8%,62.0%,88.3%,15.8%,10.5%
2022,Non-Binary,All Schools,sh_pregnancy,Getting pregnant or getting someone else pregnant now would negatively affect my future plans,Disagree,5,90,5.6%,1.5%,18.1%,4.0%,12.5%
2022,Non-Binary,All Schools,sh_pregnancy,Getting pregnant or getting someone else pregnant now would negatively affect my future plans,Not sure,15,90,16.7%,7.9%,31.8%,8.8%,15.2%
2022,Non-Binary,All Schools,sh_pressure,There is pressure on young people to have sex,Agree,40,90,44.4%,29.6%,60.4%,14.9%,15.9%
2022,Non-Binary,All Schools,sh_pressure,There is pressure on young people to have sex,Disagree,15,90,16.7%,7.9%,31.8%,8.8%,15.2%
2022,Non-Binary,All Schools,sh_pressure,There is pressure on young people to have sex,Not sure,35,90,38.9%,24.8%,55.1%,14.1%,16.2%
2022,Non-Binary,All Schools,sh_schooled,I think the quality of the relationships and sex education I receive at school is good.,Agree,20,90,22.2%,11.7%,38.0%,10.5%,15.8%
2022,Non-Binary,All Schools,sh_schooled,I think the quality of the relationships and sex education I receive at school is good.,Disagree,35,90,38.9%,24.8%,55.1%,14.1%,16.2%
2022,Non-Binary,All Schools,sh_schooled,I think the quality of the relationships and sex education I receive at school is good.,Not sure,35,90,38.9%,24.8%,55.1%,14.1%,16.2%
2022,Non-Binary,All Schools,sh_serious,Being in a serious/long-term relationship before having sex is important,Agree,30,90,33.3%,20.2%,49.6%,13.1%,16.3%
2022,Non-Binary,All Schools,sh_serious,Being in a serious/long-term relationship before having sex is important,Disagree,30,90,33.3%,20.2%,49.6%,13.1%,16.3%
2022,Non-Binary,All Schools,sh_serious,Being in a serious/long-term relationship before having sex is important,Not sure,30,90,33.3%,20.2%,49.6%,13.1%,16.3%
2022,Non-Binary,All Schools,sh_support,their preferable source of support to get contraception or a test for Sexually Transmitted Infection (STI),Doctor,30,135,22.2%,13.2%,34.9%,9.0%,12.7%
2022,Non-Binary,All Schools,sh_support,their preferable source of support to get contraception or a test for Sexually Transmitted Infection (STI),Helpline,0,135,0.0%,0.0%,6.6%,0.0%,6.6%
2022,Non-Binary,All Schools,sh_support,their preferable source of support to get contraception or a test for Sexually Transmitted Infection (STI),Online (e.g. Sexwise website),20,135,14.8%,7.7%,26.6%,7.1%,11.7%
2022,Non-Binary,All Schools,sh_support,their preferable source of support to get contraception or a test for Sexually Transmitted Infection (STI),Other,15,135,11.1%,5.2%,22.2%,5.9%,11.0%
2022,Non-Binary,All Schools,sh_support,their preferable source of support to get contraception or a test for Sexually Transmitted Infection (STI),Pharmacy,25,135,18.5%,10.4%,30.8%,8.1%,12.3%
2022,Non-Binary,All Schools,sh_support,their preferable source of support to get contraception or a test for Sexually Transmitted Infection (STI),School/College,10,135,7.4%,2.9%,17.5%,4.5%,10.1%
2022,Non-Binary,All Schools,sh_support,their preferable source of support to get contraception or a test for Sexually Transmitted Infection (STI),Sexual health clinic,30,135,22.2%,13.2%,34.9%,9.0%,12.7%
2022,Non-Binary,All Schools,sh_support,their preferable source of support to get contraception or a test for Sexually Transmitted Infection (STI),Youth Worker / Service,5,135,3.7%,1.0%,12.5%,2.7%,8.8%
2022,Non-Binary,All Schools,sh_wait,It is fine to wait to have sex,Agree,85,90,94.4%,81.9%,98.5%,12.5%,4.0%
2022,Non-Binary,All Schools,sh_wait,It is fine to wait to have sex,Disagree,0,90,0.0%,0.0%,9.6%,0.0%,9.6%
2022,Non-Binary,All Schools,sh_wait,It is fine to wait to have sex,Not sure,5,90,5.6%,1.5%,18.1%,4.0%,12.5%
2022,Non-Binary,All Schools,shinfo_clinic,sexual health clinics,No,150,155,96.8%,89.0%,99.1%,7.8%,2.3%
2022,Non-Binary,All Schools,shinfo_clinic,sexual health clinics,Yes,5,155,3.2%,0.9%,11.0%,2.3%,7.8%
2022,Non-Binary,All Schools,shinfo_doctor,health professionals,No,145,155,93.5%,84.6%,97.5%,9.0%,3.9%
2022,Non-Binary,All Schools,shinfo_doctor,health professionals,Yes,10,155,6.5%,2.5%,15.4%,3.9%,9.0%
2022,Non-Binary,All Schools,shinfo_friends,friends,No,110,155,71.0%,58.7%,80.8%,12.2%,9.8%
2022,Non-Binary,All Schools,shinfo_friends,friends,Yes,45,155,29.0%,19.2%,41.3%,9.8%,12.2%
2022,Non-Binary,All Schools,shinfo_healthsite,healthcare websites,No,120,155,77.4%,65.6%,86.0%,11.8%,8.6%
2022,Non-Binary,All Schools,shinfo_healthsite,healthcare websites,Yes,35,155,22.6%,14.0%,34.4%,8.6%,11.8%
2022,Non-Binary,All Schools,shinfo_helpline,telephone helplines,No,155,155,100.0%,94.2%,100.0%,5.8%,0.0%
2022,Non-Binary,All Schools,shinfo_helpline,telephone helplines,Yes,0,155,0.0%,0.0%,5.8%,0.0%,5.8%
2022,Non-Binary,All Schools,shinfo_media,media,No,105,155,67.7%,55.4%,78.0%,12.3%,10.3%
2022,Non-Binary,All Schools,shinfo_media,media,Yes,50,155,32.3%,22.0%,44.6%,10.3%,12.3%
2022,Non-Binary,All Schools,shinfo_other,other,No,135,150,90.0%,79.9%,95.3%,10.1%,5.3%
2022,Non-Binary,All Schools,shinfo_other,other,Yes,15,150,10.0%,4.7%,20.1%,5.3%,10.1%
2022,Non-Binary,All Schools,shinfo_parents,parents,No,120,155,77.4%,65.6%,86.0%,11.8%,8.6%
2022,Non-Binary,All Schools,shinfo_parents,parents,Yes,35,155,22.6%,14.0%,34.4%,8.6%,11.8%
2022,Non-Binary,All Schools,shinfo_porn,pornography,No,140,155,90.3%,80.5%,95.5%,9.8%,5.2%
2022,Non-Binary,All Schools,shinfo_porn,pornography,Yes,15,155,9.7%,4.5%,19.5%,5.2%,9.8%
2022,Non-Binary,All Schools,shinfo_poster,"posters, leaflets, reference books",No,145,155,93.5%,84.6%,97.5%,9.0%,3.9%
2022,Non-Binary,All Schools,shinfo_poster,"posters, leaflets, reference books",Yes,10,155,6.5%,2.5%,15.4%,3.9%,9.0%
2022,Non-Binary,All Schools,shinfo_relations,siblings or relatives,No,135,155,87.1%,76.6%,93.3%,10.5%,6.2%
2022,Non-Binary,All Schools,shinfo_relations,siblings or relatives,Yes,20,155,12.9%,6.7%,23.4%,6.2%,10.5%
2022,Non-Binary,All Schools,shinfo_school,school,No,90,155,58.1%,45.7%,69.5%,12.4%,11.4%
2022,Non-Binary,All Schools,shinfo_school,school,Yes,65,155,41.9%,30.5%,54.3%,11.4%,12.4%
2022,Non-Binary,All Schools,shinfo_yw,Youth Workers,No,145,155,93.5%,84.6%,97.5%,9.0%,3.9%
2022,Non-Binary,All Schools,shinfo_yw,Youth Workers,Yes,10,155,6.5%,2.5%,15.4%,3.9%,9.0%
2022,Non-Binary,All Schools,skipschool_COVID-19,COVID-19,No,155,155,100.0%,94.2%,100.0%,5.8%,0.0%
2022,Non-Binary,All Schools,skipschool_appointments,medical/dental appointments,No,85,155,54.8%,42.6%,66.5%,12.3%,11.7%
2022,Non-Binary,All Schools,skipschool_appointments,medical/dental appointments,Yes,70,155,45.2%,33.5%,57.4%,11.7%,12.3%
2022,Non-Binary,All Schools,skipschool_care,caring for family,No,140,155,90.3%,80.5%,95.5%,9.8%,5.2%
2022,Non-Binary,All Schools,skipschool_care,caring for family,Yes,15,155,9.7%,4.5%,19.5%,5.2%,9.8%
2022,Non-Binary,All Schools,skipschool_illness,illness/injury unrelated to COVID-19,No,55,150,36.7%,25.6%,49.3%,11.0%,12.6%
2022,Non-Binary,All Schools,skipschool_illness,illness/injury unrelated to COVID-19,Yes,95,150,63.3%,50.7%,74.4%,12.6%,11.0%
2022,Non-Binary,All Schools,skipschool_mentalhealth,mental health reasons,No,85,155,54.8%,42.6%,66.5%,12.3%,11.7%
2022,Non-Binary,All Schools,skipschool_mentalhealth,mental health reasons,Yes,70,155,45.2%,33.5%,57.4%,11.7%,12.3%
2022,Non-Binary,All Schools,skipschool_trips,holiday,No,130,150,86.7%,75.9%,93.1%,10.8%,6.4%
2022,Non-Binary,All Schools,skipschool_trips,holiday,Yes,20,150,13.3%,6.9%,24.1%,6.4%,10.8%
2022,Non-Binary,All Schools,skipschool_worriesbully,bullying,No,135,155,87.1%,76.6%,93.3%,10.5%,6.2%
2022,Non-Binary,All Schools,skipschool_worriesbully,bullying,Yes,20,155,12.9%,6.7%,23.4%,6.2%,10.5%
2022,Non-Binary,All Schools,skipschool_worriesschool,worries about schoolwork,No,115,150,76.7%,64.6%,85.5%,12.1%,8.9%
2022,Non-Binary,All Schools,skipschool_worriesschool,worries about schoolwork,Yes,35,150,23.3%,14.5%,35.4%,8.9%,12.1%
2022,Non-Binary,All Schools,smoke_ever,the statement that best describes them regarding smoking,I have never smoked,110,150,73.3%,61.0%,82.8%,12.3%,9.5%
2022,Non-Binary,All Schools,smoke_ever,the statement that best describes them regarding smoking,I have tried smoking once or twice,15,150,10.0%,4.7%,20.1%,5.3%,10.1%
2022,Non-Binary,All Schools,smoke_ever,the statement that best describes them regarding smoking,I smoke occasionally (less than 1 cigarette a week),5,150,3.3%,0.9%,11.3%,2.4%,8.0%
2022,Non-Binary,All Schools,smoke_ever,the statement that best describes them regarding smoking,I smoke regularly (once a week or more),15,150,10.0%,4.7%,20.1%,5.3%,10.1%
2022,Non-Binary,All Schools,smoke_ever,the statement that best describes them regarding smoking,"I used to smoke, but I don’t now",5,150,3.3%,0.9%,11.3%,2.4%,8.0%
2022,Non-Binary,All Schools,smoke_reduce,if they want to reduce or stop smoking,I'd like to reduce the amount I smoke but not stop,5,20,25.0%,7.2%,59.0%,17.8%,34.0%
2022,Non-Binary,All Schools,smoke_reduce,if they want to reduce or stop smoking,"No, I want to keep smoking",10,20,50.0%,21.6%,78.4%,28.4%,28.4%
2022,Non-Binary,All Schools,smoke_reduce,if they want to reduce or stop smoking,"Yes, I'd like to stop smoking",5,20,25.0%,7.2%,59.0%,17.8%,34.0%
2022,Non-Binary,All Schools,smoke_secondhand,people smoke around them,Always,15,150,10.0%,4.7%,20.1%,5.3%,10.1%
2022,Non-Binary,All Schools,smoke_secondhand,people smoke around them,Never,60,150,40.0%,28.6%,52.6%,11.4%,12.6%
2022,Non-Binary,All Schools,smoke_secondhand,people smoke around them,Often,25,150,16.7%,9.3%,28.0%,7.3%,11.3%
2022,Non-Binary,All Schools,smoke_secondhand,people smoke around them,Sometimes,50,150,33.3%,22.8%,45.9%,10.6%,12.6%
2022,Non-Binary,All Schools,solvents_exp,solvents as drugs,No,20,30,66.7%,39.1%,86.2%,27.5%,19.5%
2022,Non-Binary,All Schools,solvents_exp,solvents as drugs,Yes,10,30,33.3%,13.8%,60.9%,19.5%,27.5%
2022,Non-Binary,All Schools,solvents_offered,solvents as drugs,No,155,155,100.0%,94.2%,100.0%,5.8%,0.0%
2022,Non-Binary,All Schools,std_chlamydia,chlamydia,I have heard of it but know nothing about it,60,145,41.4%,29.7%,54.2%,11.7%,12.8%
2022,Non-Binary,All Schools,std_chlamydia,chlamydia,I have never heard of it,25,145,17.2%,9.7%,28.9%,7.6%,11.6%
2022,Non-Binary,All Schools,std_chlamydia,chlamydia,It can be both treated and cured,50,145,34.5%,23.6%,47.3%,10.9%,12.8%
2022,Non-Binary,All Schools,std_chlamydia,chlamydia,It can be treated but not cured,10,145,6.9%,2.7%,16.4%,4.2%,9.5%
2022,Non-Binary,All Schools,std_gono,gonorrhoea,I have heard of it but know nothing about it,65,145,44.8%,32.8%,57.5%,12.0%,12.7%
2022,Non-Binary,All Schools,std_gono,gonorrhoea,I have never heard of it,25,145,17.2%,9.7%,28.9%,7.6%,11.6%
2022,Non-Binary,All Schools,std_gono,gonorrhoea,It can be both treated and cured,45,145,31.0%,20.6%,43.8%,10.4%,12.7%
2022,Non-Binary,All Schools,std_gono,gonorrhoea,It can be treated but not cured,10,145,6.9%,2.7%,16.4%,4.2%,9.5%
2022,Non-Binary,All Schools,std_hiv,HIV,I have heard of it but know nothing about it,40,145,27.6%,17.8%,40.2%,9.8%,12.6%
2022,Non-Binary,All Schools,std_hiv,HIV,I have never heard of it,10,145,6.9%,2.7%,16.4%,4.2%,9.5%
2022,Non-Binary,All Schools,std_hiv,HIV,It can be both treated and cured,5,145,3.4%,1.0%,11.7%,2.5%,8.2%
2022,Non-Binary,All Schools,std_hiv,HIV,It can be treated but not cured,90,145,62.1%,49.2%,73.4%,12.8%,11.3%
2022,Non-Binary,All Schools,std_syphilis,syphilis,I have heard of it but know nothing about it,65,150,43.3%,31.6%,55.9%,11.7%,12.5%
2022,Non-Binary,All Schools,std_syphilis,syphilis,I have never heard of it,35,150,23.3%,14.5%,35.4%,8.9%,12.1%
2022,Non-Binary,All Schools,std_syphilis,syphilis,It can be both treated and cured,30,150,20.0%,11.8%,31.7%,8.2%,11.7%
2022,Non-Binary,All Schools,std_syphilis,syphilis,It can be treated but not cured,20,150,13.3%,6.9%,24.1%,6.4%,10.8%
2022,Non-Binary,All Schools,steroids_exp,muscle-building steroids,No,20,25,80.0%,49.1%,94.3%,30.9%,14.3%
2022,Non-Binary,All Schools,steroids_exp,muscle-building steroids,Yes,5,25,20.0%,5.7%,50.9%,14.3%,30.9%
2022,Non-Binary,All Schools,steroids_offered,muscle-building steroids,No,155,155,100.0%,94.2%,100.0%,5.8%,0.0%
2022,Non-Binary,All Schools,sus_barriers_finance,financial cost,No,75,155,48.4%,36.4%,60.5%,11.9%,12.1%
2022,Non-Binary,All Schools,sus_barriers_finance,financial cost,Yes,80,155,51.6%,39.5%,63.6%,12.1%,11.9%
2022,Non-Binary,All Schools,sus_barriers_no_consider,sustainability is not a consideration in their household,No,145,155,93.5%,84.6%,97.5%,9.0%,3.9%
2022,Non-Binary,All Schools,sus_barriers_no_consider,sustainability is not a consideration in their household,Yes,10,155,6.5%,2.5%,15.4%,3.9%,9.0%
2022,Non-Binary,All Schools,sus_barriers_other,other barriers,No,130,155,83.9%,72.8%,91.0%,11.0%,7.1%
2022,Non-Binary,All Schools,sus_barriers_other,other barriers,Yes,25,155,16.1%,9.0%,27.2%,7.1%,11.0%
2022,Non-Binary,All Schools,sus_barriers_time,convenience/time,No,80,150,53.3%,40.9%,65.3%,12.4%,12.0%
2022,Non-Binary,All Schools,sus_barriers_time,convenience/time,Yes,70,150,46.7%,34.7%,59.1%,12.0%,12.4%
2022,Non-Binary,All Schools,sus_barriers_unsure,uncertainty on what to do,No,125,155,80.6%,69.2%,88.5%,11.5%,7.9%
2022,Non-Binary,All Schools,sus_barriers_unsure,uncertainty on what to do,Yes,30,155,19.4%,11.5%,30.8%,7.9%,11.5%
2022,Non-Binary,All Schools,sustain_electric_car,drive an electric car,No,135,155,87.1%,76.6%,93.3%,10.5%,6.2%
2022,Non-Binary,All Schools,sustain_electric_car,drive an electric car,Yes,20,155,12.9%,6.7%,23.4%,6.2%,10.5%
2022,Non-Binary,All Schools,sustain_leftoverfood,use up leftover food,No,50,155,32.3%,22.0%,44.6%,10.3%,12.3%
2022,Non-Binary,All Schools,sustain_leftoverfood,use up leftover food,Yes,105,155,67.7%,55.4%,78.0%,12.3%,10.3%
2022,Non-Binary,All Schools,sustain_localfood,use locally grown food,No,105,155,67.7%,55.4%,78.0%,12.3%,10.3%
2022,Non-Binary,All Schools,sustain_localfood,use locally grown food,Yes,50,155,32.3%,22.0%,44.6%,10.3%,12.3%
2022,Non-Binary,All Schools,sustain_nthg,don't do anything,No,145,155,93.5%,84.6%,97.5%,9.0%,3.9%
2022,Non-Binary,All Schools,sustain_nthg,don't do anything,Yes,10,155,6.5%,2.5%,15.4%,3.9%,9.0%
2022,Non-Binary,All Schools,sustain_other,do other actions,No,145,155,93.5%,84.6%,97.5%,9.0%,3.9%
2022,Non-Binary,All Schools,sustain_other,do other actions,Yes,10,155,6.5%,2.5%,15.4%,3.9%,9.0%
2022,Non-Binary,All Schools,sustain_recycle,recycling,No,50,155,32.3%,22.0%,44.6%,10.3%,12.3%
2022,Non-Binary,All Schools,sustain_recycle,recycling,Yes,105,155,67.7%,55.4%,78.0%,12.3%,10.3%
2022,Non-Binary,All Schools,sustain_save_energy,have energy-saving measures,No,45,150,30.0%,19.9%,42.5%,10.1%,12.5%
2022,Non-Binary,All Schools,sustain_save_energy,have energy-saving measures,Yes,105,150,70.0%,57.5%,80.1%,12.5%,10.1%
2022,Non-Binary,All Schools,sustain_save_water,have water-saving measures,No,100,150,66.7%,54.1%,77.2%,12.6%,10.6%
2022,Non-Binary,All Schools,sustain_save_water,have water-saving measures,Yes,50,150,33.3%,22.8%,45.9%,10.6%,12.6%
2022,Non-Binary,All Schools,sustain_single_plastic,reduce single-use plastic waste,No,65,150,43.3%,31.6%,55.9%,11.7%,12.5%
2022,Non-Binary,All Schools,sustain_single_plastic,reduce single-use plastic waste,Yes,85,150,56.7%,44.1%,68.4%,12.5%,11.7%
2022,Non-Binary,All Schools,sustain_solar,installed solar panels,No,140,150,93.3%,84.1%,97.4%,9.2%,4.0%
2022,Non-Binary,All Schools,sustain_solar,installed solar panels,Yes,10,150,6.7%,2.6%,15.9%,4.0%,9.2%
2022,Non-Binary,All Schools,sustain_sus_products,use sustainably-sourced products,No,115,155,74.2%,62.2%,83.4%,12.0%,9.2%
2022,Non-Binary,All Schools,sustain_sus_products,use sustainably-sourced products,Yes,40,155,25.8%,16.6%,37.8%,9.2%,12.0%
2022,Non-Binary,All Schools,sustain_transport,"walk, cycle or take public transport",No,55,155,35.5%,24.8%,47.9%,10.7%,12.4%
2022,Non-Binary,All Schools,sustain_transport,"walk, cycle or take public transport",Yes,100,155,64.5%,52.1%,75.2%,12.4%,10.7%
2022,Non-Binary,All Schools,vaping,the statement that best describes them regarding vaping/e-cigarettes,I have never vaped,105,155,67.7%,55.4%,78.0%,12.3%,10.3%
2022,Non-Binary,All Schools,vaping,the statement that best describes them regarding vaping/e-cigarettes,I have vaped once or twice,20,155,12.9%,6.7%,23.4%,6.2%,10.5%
2022,Non-Binary,All Schools,vaping,the statement that best describes them regarding vaping/e-cigarettes,"I used to vape, but I don’t now",5,155,3.2%,0.9%,11.0%,2.3%,7.8%
2022,Non-Binary,All Schools,vaping,the statement that best describes them regarding vaping/e-cigarettes,I vape occasionally (less than once a week),5,155,3.2%,0.9%,11.0%,2.3%,7.8%
2022,Non-Binary,All Schools,vaping,the statement that best describes them regarding vaping/e-cigarettes,I vape regularly (once a week or more),20,155,12.9%,6.7%,23.4%,6.2%,10.5%
2022,Non-Binary,All Schools,vaping_reducesmoke,have used vaping/ e-cigarettes to reduce smoking,No,15,25,60.0%,31.3%,83.1%,28.7%,23.1%
2022,Non-Binary,All Schools,vaping_reducesmoke,have used vaping/ e-cigarettes to reduce smoking,Yes,10,25,40.0%,16.9%,68.7%,23.1%,28.7%
2022,Non-Binary,All Schools,views_listened_school,feels that their views are listened to at school,No,60,145,41.4%,29.7%,54.2%,11.7%,12.8%
2022,Non-Binary,All Schools,views_listened_school,feels that their views are listened to at school,Sometimes,75,145,51.7%,39.2%,64.0%,12.5%,12.3%
2022,Non-Binary,All Schools,views_listened_school,feels that their views are listened to at school,Yes,10,145,6.9%,2.7%,16.4%,4.2%,9.5%
2022,Non-Binary,All Schools,violence_involved,have been involved in a violent incident in the past year,No,115,155,74.2%,62.2%,83.4%,12.0%,9.2%
2022,Non-Binary,All Schools,violence_involved,have been involved in a violent incident in the past year,Prefer not to say,15,155,9.7%,4.5%,19.5%,5.2%,9.8%
2022,Non-Binary,All Schools,violence_involved,have been involved in a violent incident in the past year,"Yes, I was the victim",15,155,9.7%,4.5%,19.5%,5.2%,9.8%
2022,Non-Binary,All Schools,violence_involved,have been involved in a violent incident in the past year,"Yes, but I wasn't the victim",10,155,6.5%,2.5%,15.4%,3.9%,9.0%
2022,Non-Binary,All Schools,violence_weapon_involved,have been involved in a violent incident where a weapon was used or threatened in the past year,No,125,145,86.2%,75.1%,92.8%,11.1%,6.6%
2022,Non-Binary,All Schools,violence_weapon_involved,have been involved in a violent incident where a weapon was used or threatened in the past year,Prefer not to say,5,145,3.4%,1.0%,11.7%,2.5%,8.2%
2022,Non-Binary,All Schools,violence_weapon_involved,have been involved in a violent incident where a weapon was used or threatened in the past year,"Yes, I was the victim",10,145,6.9%,2.7%,16.4%,4.2%,9.5%
2022,Non-Binary,All Schools,violence_weapon_involved,have been involved in a violent incident where a weapon was used or threatened in the past year,"Yes, but I wasn't the victim",5,145,3.4%,1.0%,11.7%,2.5%,8.2%
2022,Non-Binary,All Schools,weight,how they would describe their current weight,Don't know/ Prefer not to say,60,150,40.0%,28.6%,52.6%,11.4%,12.6%
2022,Non-Binary,All Schools,weight,how they would describe their current weight,Just Right,40,150,26.7%,17.2%,39.0%,9.5%,12.3%
2022,Non-Binary,All Schools,weight,how they would describe their current weight,Overweight,30,150,20.0%,11.8%,31.7%,8.2%,11.7%
2022,Non-Binary,All Schools,weight,how they would describe their current weight,Underweight,20,150,13.3%,6.9%,24.1%,6.4%,10.8%
2022,Non-Binary,All Schools,worry_bully,bullying,No,95,155,61.3%,48.9%,72.4%,12.4%,11.1%
2022,Non-Binary,All Schools,worry_bully,bullying,Yes,60,155,38.7%,27.6%,51.1%,11.1%,12.4%
2022,Non-Binary,All Schools,worry_crime,crime,No,110,155,71.0%,58.7%,80.8%,12.2%,9.8%
2022,Non-Binary,All Schools,worry_crime,crime,Yes,45,155,29.0%,19.2%,41.3%,9.8%,12.2%
2022,Non-Binary,All Schools,worry_drugsalcohol,drugs/alcohol,No,130,155,83.9%,72.8%,91.0%,11.0%,7.1%
2022,Non-Binary,All Schools,worry_drugsalcohol,drugs/alcohol,Yes,25,155,16.1%,9.0%,27.2%,7.1%,11.0%
2022,Non-Binary,All Schools,worry_environment,the environment,No,85,150,56.7%,44.1%,68.4%,12.5%,11.7%
2022,Non-Binary,All Schools,worry_environment,the environment,Yes,65,150,43.3%,31.6%,55.9%,11.7%,12.5%
2022,Non-Binary,All Schools,worry_family,family problems,No,85,155,54.8%,42.6%,66.5%,12.3%,11.7%
2022,Non-Binary,All Schools,worry_family,family problems,Yes,70,155,45.2%,33.5%,57.4%,11.7%,12.3%
2022,Non-Binary,All Schools,worry_friends,issues with friends,No,80,155,51.6%,39.5%,63.6%,12.1%,11.9%
2022,Non-Binary,All Schools,worry_friends,issues with friends,Yes,75,155,48.4%,36.4%,60.5%,11.9%,12.1%
2022,Non-Binary,All Schools,worry_future,future prospects,No,55,150,36.7%,25.6%,49.3%,11.0%,12.6%
2022,Non-Binary,All Schools,worry_future,future prospects,Yes,95,150,63.3%,50.7%,74.4%,12.6%,11.0%
2022,Non-Binary,All Schools,worry_gambling,gambling,No,150,155,96.8%,89.0%,99.1%,7.8%,2.3%
2022,Non-Binary,All Schools,worry_gambling,gambling,Yes,5,155,3.2%,0.9%,11.0%,2.3%,7.8%
2022,Non-Binary,All Schools,worry_incrime,getting involved in crime,No,135,150,90.0%,79.9%,95.3%,10.1%,5.3%
2022,Non-Binary,All Schools,worry_incrime,getting involved in crime,Yes,15,150,10.0%,4.7%,20.1%,5.3%,10.1%
2022,Non-Binary,All Schools,worry_lgbt,sexual orientation/identity,No,40,155,25.8%,16.6%,37.8%,9.2%,12.0%
2022,Non-Binary,All Schools,worry_lgbt,sexual orientation/identity,Yes,115,155,74.2%,62.2%,83.4%,12.0%,9.2%
2022,Non-Binary,All Schools,worry_lonely,feeling lonely,No,60,155,38.7%,27.6%,51.1%,11.1%,12.4%
2022,Non-Binary,All Schools,worry_lonely,feeling lonely,Yes,95,155,61.3%,48.9%,72.4%,12.4%,11.1%
2022,Non-Binary,All Schools,worry_look,their appearance,No,50,155,32.3%,22.0%,44.6%,10.3%,12.3%
2022,Non-Binary,All Schools,worry_look,their appearance,Yes,105,155,67.7%,55.4%,78.0%,12.3%,10.3%
2022,Non-Binary,All Schools,worry_mental,their mental health,No,35,155,22.6%,14.0%,34.4%,8.6%,11.8%
2022,Non-Binary,All Schools,worry_mental,their mental health,Yes,120,155,77.4%,65.6%,86.0%,11.8%,8.6%
2022,Non-Binary,All Schools,worry_money,money problems (including family finances),No,90,155,58.1%,45.7%,69.5%,12.4%,11.4%
2022,Non-Binary,All Schools,worry_money,money problems (including family finances),Yes,65,155,41.9%,30.5%,54.3%,11.4%,12.4%
2022,Non-Binary,All Schools,worry_phys,their physical health,No,75,155,48.4%,36.4%,60.5%,11.9%,12.1%
2022,Non-Binary,All Schools,worry_phys,their physical health,Yes,80,155,51.6%,39.5%,63.6%,12.1%,11.9%
2022,Non-Binary,All Schools,worry_racism,racism,No,115,155,74.2%,62.2%,83.4%,12.0%,9.2%
2022,Non-Binary,All Schools,worry_racism,racism,Yes,40,155,25.8%,16.6%,37.8%,9.2%,12.0%
2022,Non-Binary,All Schools,worry_relationships,relationships/sexual health,No,105,155,67.7%,55.4%,78.0%,12.3%,10.3%
2022,Non-Binary,All Schools,worry_relationships,relationships/sexual health,Yes,50,155,32.3%,22.0%,44.6%,10.3%,12.3%
2022,Non-Binary,All Schools,worry_school,schoolwork,No,45,155,29.0%,19.2%,41.3%,9.8%,12.2%
2022,Non-Binary,All Schools,worry_school,schoolwork,Yes,110,155,71.0%,58.7%,80.8%,12.2%,9.8%
2022,Non-Binary,All Schools,worry_siblings,problems with siblings,No,155,155,100.0%,94.2%,100.0%,5.8%,0.0%
2022,Non-Binary,All Schools,worry_socialmedia,social media,No,105,150,70.0%,57.5%,80.1%,12.5%,10.1%
2022,Non-Binary,All Schools,worry_socialmedia,social media,Yes,45,150,30.0%,19.9%,42.5%,10.1%,12.5%
2022,Non-Binary,All Schools,worry_treatgirls,how men treat/speak to girls,No,65,155,41.9%,30.5%,54.3%,11.4%,12.4%
2022,Non-Binary,All Schools,worry_treatgirls,how men treat/speak to girls,Yes,90,155,58.1%,45.7%,69.5%,12.4%,11.4%
2022,Non-Binary,All Schools,worry_violenceboys,harrassment/violence against boys,No,120,155,77.4%,65.6%,86.0%,11.8%,8.6%
2022,Non-Binary,All Schools,worry_violenceboys,harrassment/violence against boys,Yes,35,155,22.6%,14.0%,34.4%,8.6%,11.8%
2022,Non-Binary,All Schools,worry_violencegirls,harrassment/violence against girls,No,70,155,45.2%,33.5%,57.4%,11.7%,12.3%
2022,Non-Binary,All Schools,worry_violencegirls,harrassment/violence against girls,Yes,85,155,54.8%,42.6%,66.5%,12.3%,11.7%
2022,Non-Binary,All Schools,xanex_exp,Xanax,No,20,25,80.0%,49.1%,94.3%,30.9%,14.3%
2022,Non-Binary,All Schools,xanex_exp,Xanax,Yes,5,25,20.0%,5.7%,50.9%,14.3%,30.9%
2022,Non-Binary,All Schools,xanex_offered,Xanax,No,155,155,100.0%,94.2%,100.0%,5.8%,0.0%
2022,Other sex,All Schools,District,District,Broxbourne,5,100,5.0%,1.4%,16.5%,3.6%,11.5%
2022,Other sex,All Schools,District,District,Dacorum,10,100,10.0%,4.0%,23.0%,6.0%,13.0%
2022,Other sex,All Schools,District,District,East Hertfordshire,0,100,0.0%,0.0%,8.7%,0.0%,8.7%
2022,Other sex,All Schools,District,District,North Hertfordshire,5,100,5.0%,1.4%,16.5%,3.6%,11.5%
2022,Other sex,All Schools,District,District,Outside of Hertfordshire,5,100,5.0%,1.4%,16.5%,3.6%,11.5%
2022,Other sex,All Schools,District,District,Prefer not to say / Unknown,10,100,10.0%,4.0%,23.0%,6.0%,13.0%
2022,Other sex,All Schools,District,District,St Albans,30,100,30.0%,18.1%,45.4%,11.9%,15.4%
2022,Other sex,All Schools,District,District,Stevenage,10,100,10.0%,4.0%,23.0%,6.0%,13.0%
2022,Other sex,All Schools,District,District,Three Rivers,0,100,0.0%,0.0%,8.7%,0.0%,8.7%
2022,Other sex,All Schools,District,District,Watford,10,100,10.0%,4.0%,23.0%,6.0%,13.0%
2022,Other sex,All Schools,District,District,Welwyn Hatfield,15,100,15.0%,7.1%,29.0%,7.9%,14.0%
2022,Other sex,All Schools,District_school,NA,Broxbourne,5,100,5.0%,1.4%,16.5%,3.6%,11.5%
2022,Other sex,All Schools,District_school,NA,Dacorum,10,100,10.0%,4.0%,23.0%,6.0%,13.0%
2022,Other sex,All Schools,District_school,NA,East Hertfordshire,5,100,5.0%,1.4%,16.5%,3.6%,11.5%
2022,Other sex,All Schools,District_school,NA,Hertsmere,5,100,5.0%,1.4%,16.5%,3.6%,11.5%
2022,Other sex,All Schools,District_school,NA,North Hertfordshire,5,100,5.0%,1.4%,16.5%,3.6%,11.5%
2022,Other sex,All Schools,District_school,NA,Outside of Hertfordshire,0,100,0.0%,0.0%,8.7%,0.0%,8.7%
2022,Other sex,All Schools,District_school,NA,St Albans,35,100,35.0%,22.2%,50.5%,12.8%,15.5%
2022,Other sex,All Schools,District_school,NA,Stevenage,5,100,5.0%,1.4%,16.5%,3.6%,11.5%
2022,Other sex,All Schools,District_school,NA,Three Rivers,10,100,10.0%,4.0%,23.0%,6.0%,13.0%
2022,Other sex,All Schools,District_school,NA,Watford,5,100,5.0%,1.4%,16.5%,3.6%,11.5%
2022,Other sex,All Schools,District_school,NA,Welwyn Hatfield,15,100,15.0%,7.1%,29.0%,7.9%,14.0%
2022,Other sex,All Schools,Q8978241.18,NA,No,95,95,100.0%,90.9%,100.0%,9.1%,0.0%
2022,Other sex,All Schools,age,Age,11,10,90,11.1%,4.4%,25.3%,6.7%,14.2%
2022,Other sex,All Schools,age,Age,12,25,90,27.8%,15.9%,43.9%,11.9%,16.2%
2022,Other sex,All Schools,age,Age,13,20,90,22.2%,11.7%,38.0%,10.5%,15.8%
2022,Other sex,All Schools,age,Age,14,15,90,16.7%,7.9%,31.8%,8.8%,15.2%
2022,Other sex,All Schools,age,Age,15,5,90,5.6%,1.5%,18.1%,4.0%,12.5%
2022,Other sex,All Schools,age,Age,16,10,90,11.1%,4.4%,25.3%,6.7%,14.2%
2022,Other sex,All Schools,age,Age,17,5,90,5.6%,1.5%,18.1%,4.0%,12.5%
2022,Other sex,All Schools,alcohol_6more,how often they have six or more drinks on one occasion,Daily or almost daily,5,20,25.0%,7.2%,59.0%,17.8%,34.0%
2022,Other sex,All Schools,alcohol_6more,how often they have six or more drinks on one occasion,Less than monthly,5,20,25.0%,7.2%,59.0%,17.8%,34.0%
2022,Other sex,All Schools,alcohol_6more,how often they have six or more drinks on one occasion,Monthly,0,20,0.0%,0.0%,32.3%,0.0%,32.3%
2022,Other sex,All Schools,alcohol_6more,how often they have six or more drinks on one occasion,Never,10,20,50.0%,21.6%,78.4%,28.4%,28.4%
2022,Other sex,All Schools,alcohol_6more,how often they have six or more drinks on one occasion,Weekly,0,20,0.0%,0.0%,32.3%,0.0%,32.3%
2022,Other sex,All Schools,alcohol_ever,how often they had an alcohol-containing drink in the past three months,2-3 times a week,5,95,5.3%,1.5%,17.2%,3.8%,12.0%
2022,Other sex,All Schools,alcohol_ever,how often they had an alcohol-containing drink in the past three months,2-4 times a month,0,95,0.0%,0.0%,9.1%,0.0%,9.1%
2022,Other sex,All Schools,alcohol_ever,how often they had an alcohol-containing drink in the past three months,4 or more times a week,5,95,5.3%,1.5%,17.2%,3.8%,12.0%
2022,Other sex,All Schools,alcohol_ever,how often they had an alcohol-containing drink in the past three months,Monthly or less,10,95,10.5%,4.2%,24.1%,6.3%,13.6%
2022,Other sex,All Schools,alcohol_ever,how often they had an alcohol-containing drink in the past three months,Never,75,95,78.9%,63.7%,88.9%,15.2%,10.0%
2022,Other sex,All Schools,alcohol_reduce,want to reduce or stop drinking,I'd like to reduce the amount I drink but not stop,5,20,25.0%,7.2%,59.0%,17.8%,34.0%
2022,Other sex,All Schools,alcohol_reduce,want to reduce or stop drinking,"No, I want to keep drinking alcohol",10,20,50.0%,21.6%,78.4%,28.4%,28.4%
2022,Other sex,All Schools,alcohol_reduce,want to reduce or stop drinking,"Yes, I'd like to stop drinking alcohol",5,20,25.0%,7.2%,59.0%,17.8%,34.0%
2022,Other sex,All Schools,amphetamine_offered,amphetamines,No,95,95,100.0%,90.9%,100.0%,9.1%,0.0%
2022,Other sex,All Schools,amphetamines_exp,amphetamines,No,10,15,66.7%,30.1%,90.3%,36.6%,23.6%
2022,Other sex,All Schools,amphetamines_exp,amphetamines,Yes,5,15,33.3%,9.7%,69.9%,23.6%,36.6%
2022,Other sex,All Schools,approached_anonymous_report,reported the crime anonymously,No,95,95,100.0%,90.9%,100.0%,9.1%,0.0%
2022,Other sex,All Schools,approached_argue,argued or fought back,No,95,95,100.0%,90.9%,100.0%,9.1%,0.0%
2022,Other sex,All Schools,approached_other,other,No,95,95,100.0%,90.9%,100.0%,9.1%,0.0%
2022,Other sex,All Schools,approached_toldadult,told an adult,No,95,95,100.0%,90.9%,100.0%,9.1%,0.0%
2022,Other sex,All Schools,approached_toldfriend,told a friend,No,95,95,100.0%,90.9%,100.0%,9.1%,0.0%
2022,Other sex,All Schools,approached_toldpolice,told the police,No,95,95,100.0%,90.9%,100.0%,9.1%,0.0%
2022,Other sex,All Schools,approached_toldself,kept it to themselves,No,95,95,100.0%,90.9%,100.0%,9.1%,0.0%
2022,Other sex,All Schools,approached_walkaway,walked away,No,95,95,100.0%,90.9%,100.0%,9.1%,0.0%
2022,Other sex,All Schools,brushteeth,how many times they brushed their teeth yesterday,0,10,95,10.5%,4.2%,24.1%,6.3%,13.6%
2022,Other sex,All Schools,brushteeth,how many times they brushed their teeth yesterday,1,30,95,31.6%,19.1%,47.4%,12.5%,15.8%
2022,Other sex,All Schools,brushteeth,how many times they brushed their teeth yesterday,2 or more,55,95,57.9%,42.2%,72.1%,15.7%,14.2%
2022,Other sex,All Schools,bullied,have ever been bullied or picked on,No,25,95,26.3%,15.0%,42.0%,11.3%,15.6%
2022,Other sex,All Schools,bullied,have ever been bullied or picked on,Yes,70,95,73.7%,58.0%,85.0%,15.6%,11.3%
2022,Other sex,All Schools,bullied_currently,are currently being bullied or picked on,No,40,65,61.5%,42.6%,77.5%,19.0%,16.0%
2022,Other sex,All Schools,bullied_currently,are currently being bullied or picked on,Prefer not to say,10,65,15.4%,6.2%,33.5%,9.2%,18.1%
2022,Other sex,All Schools,bullied_currently,are currently being bullied or picked on,Yes,15,65,23.1%,11.1%,42.0%,12.0%,18.9%
2022,Other sex,All Schools,bullied_internet,they have been bullied online,No,45,70,64.3%,45.9%,79.3%,18.4%,15.0%
2022,Other sex,All Schools,bullied_internet,they have been bullied online,Yes,25,70,35.7%,20.7%,54.1%,15.0%,18.4%
2022,Other sex,All Schools,bullied_none,have no experiences with bullying,No,80,95,84.2%,69.6%,92.5%,14.6%,8.3%
2022,Other sex,All Schools,bullied_none,have no experiences with bullying,Yes,15,95,15.8%,7.5%,30.4%,8.3%,14.6%
2022,Other sex,All Schools,bullied_others,have ever bullied or picked on someone else,No,80,95,84.2%,69.6%,92.5%,14.6%,8.3%
2022,Other sex,All Schools,bullied_others,have ever bullied or picked on someone else,Yes,15,95,15.8%,7.5%,30.4%,8.3%,14.6%
2022,Other sex,All Schools,bullied_outschool,they have been bullied somewhere other than school,No,45,70,64.3%,45.9%,79.3%,18.4%,15.0%
2022,Other sex,All Schools,bullied_outschool,they have been bullied somewhere other than school,Yes,25,70,35.7%,20.7%,54.1%,15.0%,18.4%
2022,Other sex,All Schools,bullied_prefer_not_say,would prefer not to respond about their experiences with bullying,No,85,95,89.5%,75.9%,95.8%,13.6%,6.3%
2022,Other sex,All Schools,bullied_prefer_not_say,would prefer not to respond about their experiences with bullying,Yes,10,95,10.5%,4.2%,24.1%,6.3%,13.6%
2022,Other sex,All Schools,bullied_school,they have been bullied at school,No,5,70,7.1%,2.0%,22.6%,5.2%,15.4%
2022,Other sex,All Schools,bullied_school,they have been bullied at school,Yes,65,70,92.9%,77.4%,98.0%,15.4%,5.2%
2022,Other sex,All Schools,buyalc_friend,from a friend or relative,No,10,20,50.0%,21.6%,78.4%,28.4%,28.4%
2022,Other sex,All Schools,buyalc_friend,from a friend or relative,Yes,10,20,50.0%,21.6%,78.4%,28.4%,28.4%
2022,Other sex,All Schools,buyalc_home,from home,No,15,25,60.0%,31.3%,83.1%,28.7%,23.1%
2022,Other sex,All Schools,buyalc_home,from home,Yes,10,25,40.0%,16.9%,68.7%,23.1%,28.7%
2022,Other sex,All Schools,buyalc_internet,from the internet,No,20,25,80.0%,49.1%,94.3%,30.9%,14.3%
2022,Other sex,All Schools,buyalc_internet,from the internet,Yes,5,25,20.0%,5.7%,50.9%,14.3%,30.9%
2022,Other sex,All Schools,buyalc_pubbar,from a pub/bar,No,20,20,100.0%,67.7%,100.0%,32.3%,0.0%
2022,Other sex,All Schools,buyalc_pubbar,from a pub/bar,Yes,0,20,0.0%,0.0%,32.3%,0.0%,32.3%
2022,Other sex,All Schools,buyalc_smallshop,from a small shop/off-licence,No,20,25,80.0%,49.1%,94.3%,30.9%,14.3%
2022,Other sex,All Schools,buyalc_smallshop,from a small shop/off-licence,Yes,5,25,20.0%,5.7%,50.9%,14.3%,30.9%
2022,Other sex,All Schools,buyalc_supermarket,from a supermarket,No,20,25,80.0%,49.1%,94.3%,30.9%,14.3%
2022,Other sex,All Schools,buyalc_supermarket,from a supermarket,Yes,5,25,20.0%,5.7%,50.9%,14.3%,30.9%
2022,Other sex,All Schools,buycig_friend,from a friend or relative,No,5,10,50.0%,15.1%,84.9%,34.9%,34.9%
2022,Other sex,All Schools,buycig_friend,from a friend or relative,Yes,5,10,50.0%,15.1%,84.9%,34.9%,34.9%
2022,Other sex,All Schools,buycig_internet,from the internet,No,5,10,50.0%,15.1%,84.9%,34.9%,34.9%
2022,Other sex,All Schools,buycig_internet,from the internet,Yes,5,10,50.0%,15.1%,84.9%,34.9%,34.9%
2022,Other sex,All Schools,buycig_pubbar,from a pub/bar,No,10,10,100.0%,51.2%,100.0%,48.8%,0.0%
2022,Other sex,All Schools,buycig_pubbar,from a pub/bar,Yes,0,10,0.0%,0.0%,48.8%,0.0%,48.8%
2022,Other sex,All Schools,buycig_smallshop,from a small shop/off-licence,No,5,10,50.0%,15.1%,84.9%,34.9%,34.9%
2022,Other sex,All Schools,buycig_smallshop,from a small shop/off-licence,Yes,5,10,50.0%,15.1%,84.9%,34.9%,34.9%
2022,Other sex,All Schools,buycig_supermarker,from a supermarket,No,5,10,50.0%,15.1%,84.9%,34.9%,34.9%
2022,Other sex,All Schools,buycig_supermarker,from a supermarket,Yes,5,10,50.0%,15.1%,84.9%,34.9%,34.9%
2022,Other sex,All Schools,buydrug_bar,pubs/bars/clubs,No,10,10,100.0%,51.2%,100.0%,48.8%,0.0%
2022,Other sex,All Schools,buydrug_bar,pubs/bars/clubs,Yes,0,10,0.0%,0.0%,48.8%,0.0%,48.8%
2022,Other sex,All Schools,buydrug_friend,friend or relative,No,5,10,50.0%,15.1%,84.9%,34.9%,34.9%
2022,Other sex,All Schools,buydrug_friend,friend or relative,Yes,5,10,50.0%,15.1%,84.9%,34.9%,34.9%
2022,Other sex,All Schools,buydrug_internet,the internet,No,10,10,100.0%,51.2%,100.0%,48.8%,0.0%
2022,Other sex,All Schools,buydrug_internet,the internet,Yes,0,10,0.0%,0.0%,48.8%,0.0%,48.8%
2022,Other sex,All Schools,buydrug_other,other sources,No,10,15,66.7%,30.1%,90.3%,36.6%,23.6%
2022,Other sex,All Schools,buydrug_other,other sources,Yes,5,15,33.3%,9.7%,69.9%,23.6%,36.6%
2022,Other sex,All Schools,buydrug_school,school,No,10,15,66.7%,30.1%,90.3%,36.6%,23.6%
2022,Other sex,All Schools,buydrug_school,school,Yes,5,15,33.3%,9.7%,69.9%,23.6%,36.6%
2022,Other sex,All Schools,buydrug_streets,on the street,No,10,15,66.7%,30.1%,90.3%,36.6%,23.6%
2022,Other sex,All Schools,buydrug_streets,on the street,Yes,5,15,33.3%,9.7%,69.9%,23.6%,36.6%
2022,Other sex,All Schools,cannabis_exp,cannabis,No,5,15,33.3%,9.7%,69.9%,23.6%,36.6%
2022,Other sex,All Schools,cannabis_exp,cannabis,Yes,10,15,66.7%,30.1%,90.3%,36.6%,23.6%
2022,Other sex,All Schools,cannabis_offered,cannabis,No,95,95,100.0%,90.9%,100.0%,9.1%,0.0%
2022,Other sex,All Schools,caring,"help to look after a family member with a serious, mental or physical, illness or disability",No,60,95,63.2%,47.3%,76.6%,15.8%,13.4%
2022,Other sex,All Schools,caring,"help to look after a family member with a serious, mental or physical, illness or disability",Prefer not to say,15,95,15.8%,7.5%,30.4%,8.3%,14.6%
2022,Other sex,All Schools,caring,"help to look after a family member with a serious, mental or physical, illness or disability",Yes,20,95,21.1%,11.1%,36.3%,10.0%,15.2%
2022,Other sex,All Schools,carry_protection,carry weapons for protection when going out,Always,5,90,5.6%,1.5%,18.1%,4.0%,12.5%
2022,Other sex,All Schools,carry_protection,carry weapons for protection when going out,Never,70,90,77.8%,62.0%,88.3%,15.8%,10.5%
2022,Other sex,All Schools,carry_protection,carry weapons for protection when going out,Prefer not to say,5,90,5.6%,1.5%,18.1%,4.0%,12.5%
2022,Other sex,All Schools,carry_protection,carry weapons for protection when going out,Sometimes,10,90,11.1%,4.4%,25.3%,6.7%,14.2%
2022,Other sex,All Schools,carry_protection,carry weapons for protection when going out,Usually,0,90,0.0%,0.0%,9.6%,0.0%,9.6%
2022,Other sex,All Schools,carry_protection_other,know anyone who carries a weapons for protection when going out,Don't know,25,90,27.8%,15.9%,43.9%,11.9%,16.2%
2022,Other sex,All Schools,carry_protection_other,know anyone who carries a weapons for protection when going out,No,40,90,44.4%,29.6%,60.4%,14.9%,15.9%
2022,Other sex,All Schools,carry_protection_other,know anyone who carries a weapons for protection when going out,Prefer not to say,5,90,5.6%,1.5%,18.1%,4.0%,12.5%
2022,Other sex,All Schools,carry_protection_other,know anyone who carries a weapons for protection when going out,Yes,20,90,22.2%,11.7%,38.0%,10.5%,15.8%
2022,Other sex,All Schools,cla,child looked after (lived with foster carers/care home),No,80,90,88.9%,74.7%,95.6%,14.2%,6.7%
2022,Other sex,All Schools,cla,child looked after (lived with foster carers/care home),Prefer not to say,5,90,5.6%,1.5%,18.1%,4.0%,12.5%
2022,Other sex,All Schools,cla,child looked after (lived with foster carers/care home),Yes,5,90,5.6%,1.5%,18.1%,4.0%,12.5%
2022,Other sex,All Schools,clubs_arts,an arts and crafts group,Currently attending,10,80,12.5%,5.0%,28.0%,7.5%,15.5%
2022,Other sex,All Schools,clubs_arts,an arts and crafts group,Don't want to attend,45,80,56.2%,39.4%,71.8%,16.9%,15.5%
2022,Other sex,All Schools,clubs_arts,an arts and crafts group,Would like to attend,25,80,31.2%,18.0%,48.5%,13.3%,17.3%
2022,Other sex,All Schools,clubs_doe,Duke of Edinburgh,Currently attending,10,80,12.5%,5.0%,28.0%,7.5%,15.5%
2022,Other sex,All Schools,clubs_doe,Duke of Edinburgh,Don't want to attend,50,80,62.5%,45.3%,77.0%,17.2%,14.5%
2022,Other sex,All Schools,clubs_doe,Duke of Edinburgh,Would like to attend,20,80,25.0%,13.3%,42.1%,11.7%,17.1%
2022,Other sex,All Schools,clubs_music,a music club/group,Currently attending,20,85,23.5%,12.5%,39.9%,11.1%,16.4%
2022,Other sex,All Schools,clubs_music,a music club/group,Don't want to attend,50,85,58.8%,42.3%,73.6%,16.6%,14.8%
2022,Other sex,All Schools,clubs_music,a music club/group,Would like to attend,15,85,17.6%,8.4%,33.5%,9.3%,15.8%
2022,Other sex,All Schools,clubs_other,other group,Currently attending,20,75,26.7%,14.2%,44.4%,12.5%,17.7%
2022,Other sex,All Schools,clubs_other,other group,Don't want to attend,45,75,60.0%,42.4%,75.4%,17.6%,15.4%
2022,Other sex,All Schools,clubs_other,other group,Would like to attend,10,75,13.3%,5.3%,29.6%,8.0%,16.3%
2022,Other sex,All Schools,clubs_perform,a drama/performing arts/dance group,Currently attending,20,80,25.0%,13.3%,42.1%,11.7%,17.1%
2022,Other sex,All Schools,clubs_perform,a drama/performing arts/dance group,Don't want to attend,45,80,56.2%,39.4%,71.8%,16.9%,15.5%
2022,Other sex,All Schools,clubs_perform,a drama/performing arts/dance group,Would like to attend,15,80,18.8%,8.9%,35.3%,9.8%,16.5%
2022,Other sex,All Schools,clubs_religion,a religious group,Currently attending,0,80,0.0%,0.0%,10.7%,0.0%,10.7%
2022,Other sex,All Schools,clubs_religion,a religious group,Don't want to attend,80,80,100.0%,89.3%,100.0%,10.7%,0.0%
2022,Other sex,All Schools,clubs_religion,a religious group,Would like to attend,0,80,0.0%,0.0%,10.7%,0.0%,10.7%
2022,Other sex,All Schools,clubs_schoolclub,a club/group at school,Currently attending,40,80,50.0%,33.7%,66.3%,16.3%,16.3%
2022,Other sex,All Schools,clubs_schoolclub,a club/group at school,Don't want to attend,35,80,43.8%,28.2%,60.6%,15.5%,16.9%
2022,Other sex,All Schools,clubs_schoolclub,a club/group at school,Would like to attend,5,80,6.2%,1.7%,20.1%,4.5%,13.8%
2022,Other sex,All Schools,clubs_sports,a sports group,Currently attending,25,85,29.4%,16.9%,46.1%,12.5%,16.7%
2022,Other sex,All Schools,clubs_sports,a sports group,Don't want to attend,50,85,58.8%,42.3%,73.6%,16.6%,14.8%
2022,Other sex,All Schools,clubs_sports,a sports group,Would like to attend,10,85,11.8%,4.7%,26.6%,7.1%,14.8%
2022,Other sex,All Schools,clubs_syp,Services for Young People,Currently attending,5,80,6.2%,1.7%,20.1%,4.5%,13.8%
2022,Other sex,All Schools,clubs_syp,Services for Young People,Don't want to attend,60,80,75.0%,57.9%,86.7%,17.1%,11.7%
2022,Other sex,All Schools,clubs_syp,Services for Young People,Would like to attend,15,80,18.8%,8.9%,35.3%,9.8%,16.5%
2022,Other sex,All Schools,clubs_uniformed,uniformed group,Currently attending,20,80,25.0%,13.3%,42.1%,11.7%,17.1%
2022,Other sex,All Schools,clubs_uniformed,uniformed group,Don't want to attend,55,80,68.8%,51.5%,82.0%,17.3%,13.3%
2022,Other sex,All Schools,clubs_uniformed,uniformed group,Would like to attend,5,80,6.2%,1.7%,20.1%,4.5%,13.8%
2022,Other sex,All Schools,clubs_volunteering,volunteering/social action group,Currently attending,5,75,6.7%,1.9%,21.3%,4.8%,14.6%
2022,Other sex,All Schools,clubs_volunteering,volunteering/social action group,Don't want to attend,50,75,66.7%,48.8%,80.7%,17.8%,14.1%
2022,Other sex,All Schools,clubs_volunteering,volunteering/social action group,Would like to attend,20,75,26.7%,14.2%,44.4%,12.5%,17.7%
2022,Other sex,All Schools,cocaine_exp,cocaine,No,10,15,66.7%,30.1%,90.3%,36.6%,23.6%
2022,Other sex,All Schools,cocaine_exp,cocaine,Yes,5,15,33.3%,9.7%,69.9%,23.6%,36.6%
2022,Other sex,All Schools,cocaine_offered,cocaine,No,95,95,100.0%,90.9%,100.0%,9.1%,0.0%
2022,Other sex,All Schools,condition_adhd,ADHD,No,70,95,73.7%,58.0%,85.0%,15.6%,11.3%
2022,Other sex,All Schools,condition_adhd,ADHD,Yes,25,95,26.3%,15.0%,42.0%,11.3%,15.6%
2022,Other sex,All Schools,condition_autism,autism,No,75,95,78.9%,63.7%,88.9%,15.2%,10.0%
2022,Other sex,All Schools,condition_autism,autism,Yes,20,95,21.1%,11.1%,36.3%,10.0%,15.2%
2022,Other sex,All Schools,condition_disability,physical disability,No,90,95,94.7%,82.8%,98.5%,12.0%,3.8%
2022,Other sex,All Schools,condition_disability,physical disability,Yes,5,95,5.3%,1.5%,17.2%,3.8%,12.0%
2022,Other sex,All Schools,condition_mental,diagnosed mental health condition,No,65,95,68.4%,52.6%,80.9%,15.8%,12.5%
2022,Other sex,All Schools,condition_mental,diagnosed mental health condition,Yes,30,95,31.6%,19.1%,47.4%,12.5%,15.8%
2022,Other sex,All Schools,condition_physical,physical condition,No,80,95,84.2%,69.6%,92.5%,14.6%,8.3%
2022,Other sex,All Schools,condition_physical,physical condition,Yes,15,95,15.8%,7.5%,30.4%,8.3%,14.6%
2022,Other sex,All Schools,condition_send,special education need(s) or learning difficulty,No,80,95,84.2%,69.6%,92.5%,14.6%,8.3%
2022,Other sex,All Schools,condition_send,special education need(s) or learning difficulty,Yes,15,95,15.8%,7.5%,30.4%,8.3%,14.6%
2022,Other sex,All Schools,condoms_free,they know where they can get condoms for free,No,15,30,50.0%,25.4%,74.6%,24.6%,24.6%
2022,Other sex,All Schools,condoms_free,they know where they can get condoms for free,Not sure,5,30,16.7%,4.7%,44.7%,12.0%,28.1%
2022,Other sex,All Schools,condoms_free,they know where they can get condoms for free,Yes,10,30,33.3%,13.8%,60.9%,19.5%,27.5%
2022,Other sex,All Schools,cope_alcohol,by drinking alcohol,No,95,95,100.0%,90.9%,100.0%,9.1%,0.0%
2022,Other sex,All Schools,cope_alcohol,by drinking alcohol,Yes,0,95,0.0%,0.0%,9.1%,0.0%,9.1%
2022,Other sex,All Schools,cope_counselling,by having counselling,No,85,95,89.5%,75.9%,95.8%,13.6%,6.3%
2022,Other sex,All Schools,cope_counselling,by having counselling,Yes,10,95,10.5%,4.2%,24.1%,6.3%,13.6%
2022,Other sex,All Schools,cope_creative,by doing creative activities,No,65,95,68.4%,52.6%,80.9%,15.8%,12.5%
2022,Other sex,All Schools,cope_creative,by doing creative activities,Yes,30,95,31.6%,19.1%,47.4%,12.5%,15.8%
2022,Other sex,All Schools,cope_drugs,by doing drugs,No,90,95,94.7%,82.8%,98.5%,12.0%,3.8%
2022,Other sex,All Schools,cope_drugs,by doing drugs,Yes,5,95,5.3%,1.5%,17.2%,3.8%,12.0%
2022,Other sex,All Schools,cope_eat,by eating more,No,75,95,78.9%,63.7%,88.9%,15.2%,10.0%
2022,Other sex,All Schools,cope_eat,by eating more,Yes,20,95,21.1%,11.1%,36.3%,10.0%,15.2%
2022,Other sex,All Schools,cope_exercise,by exercising,No,85,95,89.5%,75.9%,95.8%,13.6%,6.3%
2022,Other sex,All Schools,cope_exercise,by exercising,Yes,10,95,10.5%,4.2%,24.1%,6.3%,13.6%
2022,Other sex,All Schools,cope_games,by playing computer games,No,55,95,57.9%,42.2%,72.1%,15.7%,14.2%
2022,Other sex,All Schools,cope_games,by playing computer games,Yes,40,95,42.1%,27.9%,57.8%,14.2%,15.7%
2022,Other sex,All Schools,cope_internet,by looking for help online,No,85,95,89.5%,75.9%,95.8%,13.6%,6.3%
2022,Other sex,All Schools,cope_internet,by looking for help online,Yes,10,95,10.5%,4.2%,24.1%,6.3%,13.6%
2022,Other sex,All Schools,cope_music,by listening to music,No,25,95,26.3%,15.0%,42.0%,11.3%,15.6%
2022,Other sex,All Schools,cope_music,by listening to music,Yes,70,95,73.7%,58.0%,85.0%,15.6%,11.3%
2022,Other sex,All Schools,cope_nothing,by doing nothing,No,60,95,63.2%,47.3%,76.6%,15.8%,13.4%
2022,Other sex,All Schools,cope_nothing,by doing nothing,Yes,35,95,36.8%,23.4%,52.7%,13.4%,15.8%
2022,Other sex,All Schools,cope_other,by other methods,No,80,95,84.2%,69.6%,92.5%,14.6%,8.3%
2022,Other sex,All Schools,cope_other,by other methods,Yes,15,95,15.8%,7.5%,30.4%,8.3%,14.6%
2022,Other sex,All Schools,cope_selfharm,by self-harm,No,65,95,68.4%,52.6%,80.9%,15.8%,12.5%
2022,Other sex,All Schools,cope_selfharm,by self-harm,Yes,30,95,31.6%,19.1%,47.4%,12.5%,15.8%
2022,Other sex,All Schools,cope_smoke,by smoking,No,90,95,94.7%,82.8%,98.5%,12.0%,3.8%
2022,Other sex,All Schools,cope_smoke,by smoking,Yes,5,95,5.3%,1.5%,17.2%,3.8%,12.0%
2022,Other sex,All Schools,cope_talkadult,by talking to an adult that's not their carer,No,90,95,94.7%,82.8%,98.5%,12.0%,3.8%
2022,Other sex,All Schools,cope_talkadult,by talking to an adult that's not their carer,Yes,5,95,5.3%,1.5%,17.2%,3.8%,12.0%
2022,Other sex,All Schools,cope_talkfamily,by talking to family,No,85,95,89.5%,75.9%,95.8%,13.6%,6.3%
2022,Other sex,All Schools,cope_talkfamily,by talking to family,Yes,10,95,10.5%,4.2%,24.1%,6.3%,13.6%
2022,Other sex,All Schools,cope_talkfriend,by talking to a friend,No,60,95,63.2%,47.3%,76.6%,15.8%,13.4%
2022,Other sex,All Schools,cope_talkfriend,by talking to a friend,Yes,35,95,36.8%,23.4%,52.7%,13.4%,15.8%
2022,Other sex,All Schools,cope_think,by thinking of a solution on their own,No,70,95,73.7%,58.0%,85.0%,15.6%,11.3%
2022,Other sex,All Schools,cope_think,by thinking of a solution on their own,Yes,25,95,26.3%,15.0%,42.0%,11.3%,15.6%
2022,Other sex,All Schools,crack_exp,crack,No,10,15,66.7%,30.1%,90.3%,36.6%,23.6%
2022,Other sex,All Schools,crack_exp,crack,Yes,5,15,33.3%,9.7%,69.9%,23.6%,36.6%
2022,Other sex,All Schools,crack_offered,crack,No,95,95,100.0%,90.9%,100.0%,9.1%,0.0%
2022,Other sex,All Schools,dentist,check-up at the dentist within the last year,No,25,95,26.3%,15.0%,42.0%,11.3%,15.6%
2022,Other sex,All Schools,dentist,check-up at the dentist within the last year,Yes,70,95,73.7%,58.0%,85.0%,15.6%,11.3%
2022,Other sex,All Schools,diet_breakfast,breakfast,2-3 days a week,10,95,10.5%,4.2%,24.1%,6.3%,13.6%
2022,Other sex,All Schools,diet_breakfast,breakfast,On most days,45,95,47.4%,32.5%,62.7%,14.9%,15.3%
2022,Other sex,All Schools,diet_breakfast,breakfast,Once a week or less,10,95,10.5%,4.2%,24.1%,6.3%,13.6%
2022,Other sex,All Schools,diet_breakfast,breakfast,Rarely or never,30,95,31.6%,19.1%,47.4%,12.5%,15.8%
2022,Other sex,All Schools,diet_energydrinks,energy drinks,2-3 days a week,5,95,5.3%,1.5%,17.2%,3.8%,12.0%
2022,Other sex,All Schools,diet_energydrinks,energy drinks,On most days,10,95,10.5%,4.2%,24.1%,6.3%,13.6%
2022,Other sex,All Schools,diet_energydrinks,energy drinks,Once a week or less,10,95,10.5%,4.2%,24.1%,6.3%,13.6%
2022,Other sex,All Schools,diet_energydrinks,energy drinks,Rarely or never,70,95,73.7%,58.0%,85.0%,15.6%,11.3%
2022,Other sex,All Schools,diet_fastfood,fast food and takeaway,2-3 days a week,10,95,10.5%,4.2%,24.1%,6.3%,13.6%
2022,Other sex,All Schools,diet_fastfood,fast food and takeaway,On most days,5,95,5.3%,1.5%,17.2%,3.8%,12.0%
2022,Other sex,All Schools,diet_fastfood,fast food and takeaway,Once a week or less,45,95,47.4%,32.5%,62.7%,14.9%,15.3%
2022,Other sex,All Schools,diet_fastfood,fast food and takeaway,Rarely or never,35,95,36.8%,23.4%,52.7%,13.4%,15.8%
2022,Other sex,All Schools,diet_fizzydrinks,fizzy drinks,2-3 days a week,15,90,16.7%,7.9%,31.8%,8.8%,15.2%
2022,Other sex,All Schools,diet_fizzydrinks,fizzy drinks,On most days,15,90,16.7%,7.9%,31.8%,8.8%,15.2%
2022,Other sex,All Schools,diet_fizzydrinks,fizzy drinks,Once a week or less,30,90,33.3%,20.2%,49.6%,13.1%,16.3%
2022,Other sex,All Schools,diet_fizzydrinks,fizzy drinks,Rarely or never,30,90,33.3%,20.2%,49.6%,13.1%,16.3%
2022,Other sex,All Schools,diet_sweets,sweets or chocolate,2-3 days a week,30,90,33.3%,20.2%,49.6%,13.1%,16.3%
2022,Other sex,All Schools,diet_sweets,sweets or chocolate,On most days,35,90,38.9%,24.8%,55.1%,14.1%,16.2%
2022,Other sex,All Schools,diet_sweets,sweets or chocolate,Once a week or less,15,90,16.7%,7.9%,31.8%,8.8%,15.2%
2022,Other sex,All Schools,diet_sweets,sweets or chocolate,Rarely or never,10,90,11.1%,4.4%,25.3%,6.7%,14.2%
2022,Other sex,All Schools,diet_water,water,2-3 days a week,15,90,16.7%,7.9%,31.8%,8.8%,15.2%
2022,Other sex,All Schools,diet_water,water,On most days,60,90,66.7%,50.4%,79.8%,16.3%,13.1%
2022,Other sex,All Schools,diet_water,water,Once a week or less,5,90,5.6%,1.5%,18.1%,4.0%,12.5%
2022,Other sex,All Schools,diet_water,water,Rarely or never,10,90,11.1%,4.4%,25.3%,6.7%,14.2%
2022,Other sex,All Schools,drug_ever,the best statement that describes them regarding recreational drug use,I have never taken drugs,80,90,88.9%,74.7%,95.6%,14.2%,6.7%
2022,Other sex,All Schools,drug_ever,the best statement that describes them regarding recreational drug use,I have taken drugs once or twice,5,90,5.6%,1.5%,18.1%,4.0%,12.5%
2022,Other sex,All Schools,drug_ever,the best statement that describes them regarding recreational drug use,I take drugs regularly (once a week or more),5,90,5.6%,1.5%,18.1%,4.0%,12.5%
2022,Other sex,All Schools,drug_ever,the best statement that describes them regarding recreational drug use,"I used to take drugs, but I don’t now",0,90,0.0%,0.0%,9.6%,0.0%,9.6%
2022,Other sex,All Schools,drug_reduce,if they want to reduce or stop taking drugs,I'd like to reduce the amount I take but not stop,0,10,0.0%,0.0%,48.8%,0.0%,48.8%
2022,Other sex,All Schools,drug_reduce,if they want to reduce or stop taking drugs,"No, I want to keep taking drugs",5,10,50.0%,15.1%,84.9%,34.9%,34.9%
2022,Other sex,All Schools,drug_reduce,if they want to reduce or stop taking drugs,"Yes, I'd like to stop taking drugs",5,10,50.0%,15.1%,84.9%,34.9%,34.9%
2022,Other sex,All Schools,drugs_alcohol,ever taken drugs and drunk alcohol on the same occasion,No,5,10,50.0%,15.1%,84.9%,34.9%,34.9%
2022,Other sex,All Schools,drugs_alcohol,ever taken drugs and drunk alcohol on the same occasion,Not sure,0,10,0.0%,0.0%,48.8%,0.0%,48.8%
2022,Other sex,All Schools,drugs_alcohol,ever taken drugs and drunk alcohol on the same occasion,Yes,5,10,50.0%,15.1%,84.9%,34.9%,34.9%
2022,Other sex,All Schools,drugsupp_doctor,from a doctor,No,70,95,73.7%,58.0%,85.0%,15.6%,11.3%
2022,Other sex,All Schools,drugsupp_doctor,from a doctor,Yes,25,95,26.3%,15.0%,42.0%,11.3%,15.6%
2022,Other sex,All Schools,drugsupp_family,from family,No,45,95,47.4%,32.5%,62.7%,14.9%,15.3%
2022,Other sex,All Schools,drugsupp_family,from family,Yes,50,95,52.6%,37.3%,67.5%,15.3%,14.9%
2022,Other sex,All Schools,drugsupp_friends,from friends,No,60,95,63.2%,47.3%,76.6%,15.8%,13.4%
2022,Other sex,All Schools,drugsupp_friends,from friends,Yes,35,95,36.8%,23.4%,52.7%,13.4%,15.8%
2022,Other sex,All Schools,drugsupp_internet,from the internet,No,60,95,63.2%,47.3%,76.6%,15.8%,13.4%
2022,Other sex,All Schools,drugsupp_internet,from the internet,Yes,35,95,36.8%,23.4%,52.7%,13.4%,15.8%
2022,Other sex,All Schools,drugsupp_other,from other sources,No,80,95,84.2%,69.6%,92.5%,14.6%,8.3%
2022,Other sex,All Schools,drugsupp_other,from other sources,Yes,15,95,15.8%,7.5%,30.4%,8.3%,14.6%
2022,Other sex,All Schools,drugsupp_teacher,from a teacher,No,75,95,78.9%,63.7%,88.9%,15.2%,10.0%
2022,Other sex,All Schools,drugsupp_teacher,from a teacher,Yes,20,95,21.1%,11.1%,36.3%,10.0%,15.2%
2022,Other sex,All Schools,drugsupp_ypservice,from Drug & Alcohol Services for young people,No,75,95,78.9%,63.7%,88.9%,15.2%,10.0%
2022,Other sex,All Schools,drugsupp_ypservice,from Drug & Alcohol Services for young people,Yes,20,95,21.1%,11.1%,36.3%,10.0%,15.2%
2022,Other sex,All Schools,drugsupp_yw,from a Youth Worker,No,85,95,89.5%,75.9%,95.8%,13.6%,6.3%
2022,Other sex,All Schools,drugsupp_yw,from a Youth Worker,Yes,10,95,10.5%,4.2%,24.1%,6.3%,13.6%
2022,Other sex,All Schools,ecstasy_exp,ecstasy,No,10,15,66.7%,30.1%,90.3%,36.6%,23.6%
2022,Other sex,All Schools,ecstasy_exp,ecstasy,Yes,5,15,33.3%,9.7%,69.9%,23.6%,36.6%
2022,Other sex,All Schools,ecstasy_offered,ecstasy,No,95,95,100.0%,90.9%,100.0%,9.1%,0.0%
2022,Other sex,All Schools,ethnicity,ethnicity,Any other ethnic group,5,90,5.6%,1.5%,18.1%,4.0%,12.5%
2022,Other sex,All Schools,ethnicity,ethnicity,Asian,15,90,16.7%,7.9%,31.8%,8.8%,15.2%
2022,Other sex,All Schools,ethnicity,ethnicity,Black,5,90,5.6%,1.5%,18.1%,4.0%,12.5%
2022,Other sex,All Schools,ethnicity,ethnicity,Prefer not to say,5,90,5.6%,1.5%,18.1%,4.0%,12.5%
2022,Other sex,All Schools,ethnicity,ethnicity,White,60,90,66.7%,50.4%,79.8%,16.3%,13.1%
2022,Other sex,All Schools,hallucinogen_natural_exp,hallucinogens,No,10,15,66.7%,30.1%,90.3%,36.6%,23.6%
2022,Other sex,All Schools,hallucinogen_natural_exp,hallucinogens,Yes,5,15,33.3%,9.7%,69.9%,23.6%,36.6%
2022,Other sex,All Schools,hallucinogen_offered,hallucinogens,No,95,95,100.0%,90.9%,100.0%,9.1%,0.0%
2022,Other sex,All Schools,heroin_exp,heroin,No,10,15,66.7%,30.1%,90.3%,36.6%,23.6%
2022,Other sex,All Schools,heroin_exp,heroin,Yes,5,15,33.3%,9.7%,69.9%,23.6%,36.6%
2022,Other sex,All Schools,heroin_offered,heroin,No,95,95,100.0%,90.9%,100.0%,9.1%,0.0%
2022,Other sex,All Schools,herts_just_talk,have heard of Herts Just Talk,No,40,95,42.1%,27.9%,57.8%,14.2%,15.7%
2022,Other sex,All Schools,herts_just_talk,have heard of Herts Just Talk,Unsure,10,95,10.5%,4.2%,24.1%,6.3%,13.6%
2022,Other sex,All Schools,herts_just_talk,have heard of Herts Just Talk,Yes,25,95,26.3%,15.0%,42.0%,11.3%,15.6%
2022,Other sex,All Schools,herts_just_talk,have heard of Herts Just Talk,"Yes I’ve heard of it, but I’m not sure what it is",20,95,21.1%,11.1%,36.3%,10.0%,15.2%
2022,Other sex,All Schools,home_shouting,have ever been frightened by any shouting and arguing between adults or older siblings at home in the last month,Most days/Every day,20,90,22.2%,11.7%,38.0%,10.5%,15.8%
2022,Other sex,All Schools,home_shouting,have ever been frightened by any shouting and arguing between adults or older siblings at home in the last month,No,30,90,33.3%,20.2%,49.6%,13.1%,16.3%
2022,Other sex,All Schools,home_shouting,have ever been frightened by any shouting and arguing between adults or older siblings at home in the last month,Once a week,5,90,5.6%,1.5%,18.1%,4.0%,12.5%
2022,Other sex,All Schools,home_shouting,have ever been frightened by any shouting and arguing between adults or older siblings at home in the last month,Once or twice,25,90,27.8%,15.9%,43.9%,11.9%,16.2%
2022,Other sex,All Schools,home_shouting,have ever been frightened by any shouting and arguing between adults or older siblings at home in the last month,Prefer not to say,10,90,11.1%,4.4%,25.3%,6.7%,14.2%
2022,Other sex,All Schools,home_violence,"if there has been any violence (e.g. hitting, punching, slapping) between adults or older siblings at home in the last month",Most days/Every day,5,95,5.3%,1.5%,17.2%,3.8%,12.0%
2022,Other sex,All Schools,home_violence,"if there has been any violence (e.g. hitting, punching, slapping) between adults or older siblings at home in the last month",No,75,95,78.9%,63.7%,88.9%,15.2%,10.0%
2022,Other sex,All Schools,home_violence,"if there has been any violence (e.g. hitting, punching, slapping) between adults or older siblings at home in the last month",Once a week,5,95,5.3%,1.5%,17.2%,3.8%,12.0%
2022,Other sex,All Schools,home_violence,"if there has been any violence (e.g. hitting, punching, slapping) between adults or older siblings at home in the last month",Once or twice,5,95,5.3%,1.5%,17.2%,3.8%,12.0%
2022,Other sex,All Schools,home_violence,"if there has been any violence (e.g. hitting, punching, slapping) between adults or older siblings at home in the last month",Prefer not to say,5,95,5.3%,1.5%,17.2%,3.8%,12.0%
2022,Other sex,All Schools,hopeful_future,feel hopeful about their future,Always,5,95,5.3%,1.5%,17.2%,3.8%,12.0%
2022,Other sex,All Schools,hopeful_future,feel hopeful about their future,Never,20,95,21.1%,11.1%,36.3%,10.0%,15.2%
2022,Other sex,All Schools,hopeful_future,feel hopeful about their future,Often,15,95,15.8%,7.5%,30.4%,8.3%,14.6%
2022,Other sex,All Schools,hopeful_future,feel hopeful about their future,Sometimes,55,95,57.9%,42.2%,72.1%,15.7%,14.2%
2022,Other sex,All Schools,imd_quintile,for their resident postcode,Quintile 1 - Most Deprived,5,90,5.6%,1.5%,18.1%,4.0%,12.5%
2022,Other sex,All Schools,imd_quintile,for their resident postcode,Quintile 2,15,90,16.7%,7.9%,31.8%,8.8%,15.2%
2022,Other sex,All Schools,imd_quintile,for their resident postcode,Quintile 3,10,90,11.1%,4.4%,25.3%,6.7%,14.2%
2022,Other sex,All Schools,imd_quintile,for their resident postcode,Quintile 4,5,90,5.6%,1.5%,18.1%,4.0%,12.5%
2022,Other sex,All Schools,imd_quintile,for their resident postcode,Quintile 5 - Least Deprived,15,90,16.7%,7.9%,31.8%,8.8%,15.2%
2022,Other sex,All Schools,imd_quintile,for their resident postcode,unknown,40,90,44.4%,29.6%,60.4%,14.9%,15.9%
2022,Other sex,All Schools,internet_info_provided,have been provided with online safety info,No,20,90,22.2%,11.7%,38.0%,10.5%,15.8%
2022,Other sex,All Schools,internet_info_provided,have been provided with online safety info,Yes,70,90,77.8%,62.0%,88.3%,15.8%,10.5%
2022,Other sex,All Schools,internet_met,have ever met someone in real life whom they first met online,No,75,95,78.9%,63.7%,88.9%,15.2%,10.0%
2022,Other sex,All Schools,internet_met,have ever met someone in real life whom they first met online,Yes,20,95,21.1%,11.1%,36.3%,10.0%,15.2%
2022,Other sex,All Schools,internet_personalinfo,have ever shared personal information with someone they have not met in real life,No,65,95,68.4%,52.6%,80.9%,15.8%,12.5%
2022,Other sex,All Schools,internet_personalinfo,have ever shared personal information with someone they have not met in real life,Yes,30,95,31.6%,19.1%,47.4%,12.5%,15.8%
2022,Other sex,All Schools,internet_pictures_pressure,have ever felt pressured to send pictures of themselves to someone,No,70,90,77.8%,62.0%,88.3%,15.8%,10.5%
2022,Other sex,All Schools,internet_pictures_pressure,have ever felt pressured to send pictures of themselves to someone,Yes,20,90,22.2%,11.7%,38.0%,10.5%,15.8%
2022,Other sex,All Schools,internet_pictures_upset,have ever seen a picture or post that scared them,No,45,90,50.0%,34.5%,65.5%,15.5%,15.5%
2022,Other sex,All Schools,internet_pictures_upset,have ever seen a picture or post that scared them,Yes,45,90,50.0%,34.5%,65.5%,15.5%,15.5%
2022,Other sex,All Schools,ketamine_exp,ketamine,No,10,15,66.7%,30.1%,90.3%,36.6%,23.6%
2022,Other sex,All Schools,ketamine_exp,ketamine,Yes,5,15,33.3%,9.7%,69.9%,23.6%,36.6%
2022,Other sex,All Schools,ketamine_offered,ketamine,No,95,95,100.0%,90.9%,100.0%,9.1%,0.0%
2022,Other sex,All Schools,khat_exp,khat,No,10,15,66.7%,30.1%,90.3%,36.6%,23.6%
2022,Other sex,All Schools,khat_exp,khat,Yes,5,15,33.3%,9.7%,69.9%,23.6%,36.6%
2022,Other sex,All Schools,khat_offered,khat,No,95,95,100.0%,90.9%,100.0%,9.1%,0.0%
2022,Other sex,All Schools,life_happyyesterday,how happy they felt yesterday overall on a scale low to high,high,15,100,15.0%,7.1%,29.0%,7.9%,14.0%
2022,Other sex,All Schools,life_happyyesterday,how happy they felt yesterday overall on a scale low to high,low,55,100,55.0%,39.9%,69.3%,15.1%,14.3%
2022,Other sex,All Schools,life_happyyesterday,how happy they felt yesterday overall on a scale low to high,medium,20,100,20.0%,10.5%,34.7%,9.5%,14.7%
2022,Other sex,All Schools,life_happyyesterday,how happy they felt yesterday overall on a scale low to high,very high,10,100,10.0%,4.0%,23.0%,6.0%,13.0%
2022,Other sex,All Schools,life_satisfied,about how satisfied they with their life on a scale of low to high,high,10,95,10.5%,4.2%,24.1%,6.3%,13.6%
2022,Other sex,All Schools,life_satisfied,about how satisfied they with their life on a scale of low to high,low,60,95,63.2%,47.3%,76.6%,15.8%,13.4%
2022,Other sex,All Schools,life_satisfied,about how satisfied they with their life on a scale of low to high,medium,20,95,21.1%,11.1%,36.3%,10.0%,15.2%
2022,Other sex,All Schools,life_satisfied,about how satisfied they with their life on a scale of low to high,very high,5,95,5.3%,1.5%,17.2%,3.8%,12.0%
2022,Other sex,All Schools,life_worthwhile,the extent to which they feel the things they do in their life are worthwhile on a scale of low to high,high,10,95,10.5%,4.2%,24.1%,6.3%,13.6%
2022,Other sex,All Schools,life_worthwhile,the extent to which they feel the things they do in their life are worthwhile on a scale of low to high,low,55,95,57.9%,42.2%,72.1%,15.7%,14.2%
2022,Other sex,All Schools,life_worthwhile,the extent to which they feel the things they do in their life are worthwhile on a scale of low to high,medium,25,95,26.3%,15.0%,42.0%,11.3%,15.6%
2022,Other sex,All Schools,life_worthwhile,the extent to which they feel the things they do in their life are worthwhile on a scale of low to high,very high,5,95,5.3%,1.5%,17.2%,3.8%,12.0%
2022,Other sex,All Schools,mental_121,1-2-1 sessions,No,95,95,100.0%,90.9%,100.0%,9.1%,0.0%
2022,Other sex,All Schools,mental_accessed,have ever accessed mental health services before,No,50,95,52.6%,37.3%,67.5%,15.3%,14.9%
2022,Other sex,All Schools,mental_accessed,have ever accessed mental health services before,Not sure,15,95,15.8%,7.5%,30.4%,8.3%,14.6%
2022,Other sex,All Schools,mental_accessed,have ever accessed mental health services before,Prefer not to say,5,95,5.3%,1.5%,17.2%,3.8%,12.0%
2022,Other sex,All Schools,mental_accessed,have ever accessed mental health services before,Yes,25,95,26.3%,15.0%,42.0%,11.3%,15.6%
2022,Other sex,All Schools,mental_accessed_helpful,how helpful they found the mental health support,A little,10,30,33.3%,13.8%,60.9%,19.5%,27.5%
2022,Other sex,All Schools,mental_accessed_helpful,how helpful they found the mental health support,Neither helpful nor unhelpful,5,30,16.7%,4.7%,44.7%,12.0%,28.1%
2022,Other sex,All Schools,mental_accessed_helpful,how helpful they found the mental health support,Not helpful,5,30,16.7%,4.7%,44.7%,12.0%,28.1%
2022,Other sex,All Schools,mental_accessed_helpful,how helpful they found the mental health support,Not very helpful,5,30,16.7%,4.7%,44.7%,12.0%,28.1%
2022,Other sex,All Schools,mental_accessed_helpful,how helpful they found the mental health support,Very,5,30,16.7%,4.7%,44.7%,12.0%,28.1%
2022,Other sex,All Schools,mental_activesupport,activity-based support (e.g. drama therapy),No,95,95,100.0%,90.9%,100.0%,9.1%,0.0%
2022,Other sex,All Schools,mental_charity,charities,No,95,95,100.0%,90.9%,100.0%,9.1%,0.0%
2022,Other sex,All Schools,mental_charity,charities,Yes,0,95,0.0%,0.0%,9.1%,0.0%,9.1%
2022,Other sex,All Schools,mental_clinic,a mental health clinic,No,80,95,84.2%,69.6%,92.5%,14.6%,8.3%
2022,Other sex,All Schools,mental_clinic,a mental health clinic,Yes,15,95,15.8%,7.5%,30.4%,8.3%,14.6%
2022,Other sex,All Schools,mental_doctor,a doctor,No,85,95,89.5%,75.9%,95.8%,13.6%,6.3%
2022,Other sex,All Schools,mental_doctor,a doctor,Yes,10,95,10.5%,4.2%,24.1%,6.3%,13.6%
2022,Other sex,All Schools,mental_groupwork,Group work,No,95,95,100.0%,90.9%,100.0%,9.1%,0.0%
2022,Other sex,All Schools,mental_howaccess,"know how to access services if they are worried about, or are looking for more information about their mental health",No,20,95,21.1%,11.1%,36.3%,10.0%,15.2%
2022,Other sex,All Schools,mental_howaccess,"know how to access services if they are worried about, or are looking for more information about their mental health",Not sure,20,95,21.1%,11.1%,36.3%,10.0%,15.2%
2022,Other sex,All Schools,mental_howaccess,"know how to access services if they are worried about, or are looking for more information about their mental health",Yes,55,95,57.9%,42.2%,72.1%,15.7%,14.2%
2022,Other sex,All Schools,mental_internet,online,No,95,95,100.0%,90.9%,100.0%,9.1%,0.0%
2022,Other sex,All Schools,mental_none,other,No,50,95,52.6%,37.3%,67.5%,15.3%,14.9%
2022,Other sex,All Schools,mental_none,other,Yes,45,95,47.4%,32.5%,62.7%,14.9%,15.3%
2022,Other sex,All Schools,mental_nurse,a school nurse,No,90,95,94.7%,82.8%,98.5%,12.0%,3.8%
2022,Other sex,All Schools,mental_nurse,a school nurse,Yes,5,95,5.3%,1.5%,17.2%,3.8%,12.0%
2022,Other sex,All Schools,mental_parents,parents/carers,No,65,95,68.4%,52.6%,80.9%,15.8%,12.5%
2022,Other sex,All Schools,mental_parents,parents/carers,Yes,30,95,31.6%,19.1%,47.4%,12.5%,15.8%
2022,Other sex,All Schools,mental_school,the school,No,80,95,84.2%,69.6%,92.5%,14.6%,8.3%
2022,Other sex,All Schools,mental_school,the school,Yes,15,95,15.8%,7.5%,30.4%,8.3%,14.6%
2022,Other sex,All Schools,mental_talk,"agree with the statement ""It's okay for me to talk about my mental health.""",No,20,90,22.2%,11.7%,38.0%,10.5%,15.8%
2022,Other sex,All Schools,mental_talk,"agree with the statement ""It's okay for me to talk about my mental health.""",Not sure,35,90,38.9%,24.8%,55.1%,14.1%,16.2%
2022,Other sex,All Schools,mental_talk,"agree with the statement ""It's okay for me to talk about my mental health.""",Yes,35,90,38.9%,24.8%,55.1%,14.1%,16.2%
2022,Other sex,All Schools,mental_type_121,1-2-1s (in person),No,60,95,63.2%,47.3%,76.6%,15.8%,13.4%
2022,Other sex,All Schools,mental_type_121,1-2-1s (in person),Yes,35,95,36.8%,23.4%,52.7%,13.4%,15.8%
2022,Other sex,All Schools,mental_type_group,groupwork,No,70,95,73.7%,58.0%,85.0%,15.6%,11.3%
2022,Other sex,All Schools,mental_type_group,groupwork,Yes,25,95,26.3%,15.0%,42.0%,11.3%,15.6%
2022,Other sex,All Schools,mental_type_online,online support,No,60,95,63.2%,47.3%,76.6%,15.8%,13.4%
2022,Other sex,All Schools,mental_type_online,online support,Yes,35,95,36.8%,23.4%,52.7%,13.4%,15.8%
2022,Other sex,All Schools,mental_type_other,other types of support,No,65,95,68.4%,52.6%,80.9%,15.8%,12.5%
2022,Other sex,All Schools,mental_type_other,other types of support,Yes,30,95,31.6%,19.1%,47.4%,12.5%,15.8%
2022,Other sex,All Schools,mental_type_phone,phone counselling,No,85,95,89.5%,75.9%,95.8%,13.6%,6.3%
2022,Other sex,All Schools,mental_type_phone,phone counselling,Yes,10,95,10.5%,4.2%,24.1%,6.3%,13.6%
2022,Other sex,All Schools,mental_youthservice,the Youth Service,No,85,95,89.5%,75.9%,95.8%,13.6%,6.3%
2022,Other sex,All Schools,mental_youthservice,the Youth Service,Yes,10,95,10.5%,4.2%,24.1%,6.3%,13.6%
2022,Other sex,All Schools,mephedrone_exp,mephedrone,No,10,15,66.7%,30.1%,90.3%,36.6%,23.6%
2022,Other sex,All Schools,mephedrone_exp,mephedrone,Yes,5,15,33.3%,9.7%,69.9%,23.6%,36.6%
2022,Other sex,All Schools,mephedrone_offered,mephedrone,No,95,95,100.0%,90.9%,100.0%,9.1%,0.0%
2022,Other sex,All Schools,nitrous_oxide_exp,nitrous oxide,No,10,15,66.7%,30.1%,90.3%,36.6%,23.6%
2022,Other sex,All Schools,nitrous_oxide_exp,nitrous oxide,Yes,5,15,33.3%,9.7%,69.9%,23.6%,36.6%
2022,Other sex,All Schools,nitrous_oxide_offered,nitrous oxide,No,95,95,100.0%,90.9%,100.0%,9.1%,0.0%
2022,Other sex,All Schools,nps_exp,novel psychoactive substances,No,10,15,66.7%,30.1%,90.3%,36.6%,23.6%
2022,Other sex,All Schools,nps_exp,novel psychoactive substances,Yes,5,15,33.3%,9.7%,69.9%,23.6%,36.6%
2022,Other sex,All Schools,nps_offered,novel psychoactive substances,No,95,95,100.0%,90.9%,100.0%,9.1%,0.0%
2022,Other sex,All Schools,pa_30,how many days in the past week had they done 30-59 minutes of physical activity,1 to 3,45,95,47.4%,32.5%,62.7%,14.9%,15.3%
2022,Other sex,All Schools,pa_30,how many days in the past week had they done 30-59 minutes of physical activity,4 to 5,15,95,15.8%,7.5%,30.4%,8.3%,14.6%
2022,Other sex,All Schools,pa_30,how many days in the past week had they done 30-59 minutes of physical activity,6 to 7,5,95,5.3%,1.5%,17.2%,3.8%,12.0%
2022,Other sex,All Schools,pa_30,how many days in the past week had they done 30-59 minutes of physical activity,none,30,95,31.6%,19.1%,47.4%,12.5%,15.8%
2022,Other sex,All Schools,pa_60,how many days in the past week had they done a total of 60 minutes or more of physical activity,1 to 3,40,95,42.1%,27.9%,57.8%,14.2%,15.7%
2022,Other sex,All Schools,pa_60,how many days in the past week had they done a total of 60 minutes or more of physical activity,4 to 5,10,95,10.5%,4.2%,24.1%,6.3%,13.6%
2022,Other sex,All Schools,pa_60,how many days in the past week had they done a total of 60 minutes or more of physical activity,6 to 7,5,95,5.3%,1.5%,17.2%,3.8%,12.0%
2022,Other sex,All Schools,pa_60,how many days in the past week had they done a total of 60 minutes or more of physical activity,none,40,95,42.1%,27.9%,57.8%,14.2%,15.7%
2022,Other sex,All Schools,pa_fri,Friday,0-29 minutes,35,90,38.9%,24.8%,55.1%,14.1%,16.2%
2022,Other sex,All Schools,pa_fri,Friday,30-59 minutes,30,90,33.3%,20.2%,49.6%,13.1%,16.3%
2022,Other sex,All Schools,pa_fri,Friday,60 or more minutes,25,90,27.8%,15.9%,43.9%,11.9%,16.2%
2022,Other sex,All Schools,pa_mon,Monday,0-29 minutes,40,95,42.1%,27.9%,57.8%,14.2%,15.7%
2022,Other sex,All Schools,pa_mon,Monday,30-59 minutes,35,95,36.8%,23.4%,52.7%,13.4%,15.8%
2022,Other sex,All Schools,pa_mon,Monday,60 or more minutes,20,95,21.1%,11.1%,36.3%,10.0%,15.2%
2022,Other sex,All Schools,pa_sat,Saturday,0-29 minutes,45,90,50.0%,34.5%,65.5%,15.5%,15.5%
2022,Other sex,All Schools,pa_sat,Saturday,30-59 minutes,25,90,27.8%,15.9%,43.9%,11.9%,16.2%
2022,Other sex,All Schools,pa_sat,Saturday,60 or more minutes,20,90,22.2%,11.7%,38.0%,10.5%,15.8%
2022,Other sex,All Schools,pa_sun,Sunday,0-29 minutes,50,85,58.8%,42.3%,73.6%,16.6%,14.8%
2022,Other sex,All Schools,pa_sun,Sunday,30-59 minutes,15,85,17.6%,8.4%,33.5%,9.3%,15.8%
2022,Other sex,All Schools,pa_sun,Sunday,60 or more minutes,20,85,23.5%,12.5%,39.9%,11.1%,16.4%
2022,Other sex,All Schools,pa_thurs,Thursday,0-29 minutes,35,90,38.9%,24.8%,55.1%,14.1%,16.2%
2022,Other sex,All Schools,pa_thurs,Thursday,30-59 minutes,30,90,33.3%,20.2%,49.6%,13.1%,16.3%
2022,Other sex,All Schools,pa_thurs,Thursday,60 or more minutes,25,90,27.8%,15.9%,43.9%,11.9%,16.2%
2022,Other sex,All Schools,pa_tues,Tuesday,0-29 minutes,40,90,44.4%,29.6%,60.4%,14.9%,15.9%
2022,Other sex,All Schools,pa_tues,Tuesday,30-59 minutes,30,90,33.3%,20.2%,49.6%,13.1%,16.3%
2022,Other sex,All Schools,pa_tues,Tuesday,60 or more minutes,20,90,22.2%,11.7%,38.0%,10.5%,15.8%
2022,Other sex,All Schools,pa_wed,Wednesday,0-29 minutes,30,90,33.3%,20.2%,49.6%,13.1%,16.3%
2022,Other sex,All Schools,pa_wed,Wednesday,30-59 minutes,35,90,38.9%,24.8%,55.1%,14.1%,16.2%
2022,Other sex,All Schools,pa_wed,Wednesday,60 or more minutes,25,90,27.8%,15.9%,43.9%,11.9%,16.2%
2022,Other sex,All Schools,poppers_exp,poppers,No,10,15,66.7%,30.1%,90.3%,36.6%,23.6%
2022,Other sex,All Schools,poppers_exp,poppers,Yes,5,15,33.3%,9.7%,69.9%,23.6%,36.6%
2022,Other sex,All Schools,poppers_offered,poppers,No,95,95,100.0%,90.9%,100.0%,9.1%,0.0%
2022,Other sex,All Schools,portions,portions of fruits or vegetables,0,20,90,22.2%,11.7%,38.0%,10.5%,15.8%
2022,Other sex,All Schools,portions,portions of fruits or vegetables,1,15,90,16.7%,7.9%,31.8%,8.8%,15.2%
2022,Other sex,All Schools,portions,portions of fruits or vegetables,2,20,90,22.2%,11.7%,38.0%,10.5%,15.8%
2022,Other sex,All Schools,portions,portions of fruits or vegetables,3,20,90,22.2%,11.7%,38.0%,10.5%,15.8%
2022,Other sex,All Schools,portions,portions of fruits or vegetables,4,10,90,11.1%,4.4%,25.3%,6.7%,14.2%
2022,Other sex,All Schools,portions,portions of fruits or vegetables,5,5,90,5.6%,1.5%,18.1%,4.0%,12.5%
2022,Other sex,All Schools,prospects_education,plan to continue in education,Maybe,25,85,29.4%,16.9%,46.1%,12.5%,16.7%
2022,Other sex,All Schools,prospects_education,plan to continue in education,No,5,85,5.9%,1.6%,19.0%,4.2%,13.2%
2022,Other sex,All Schools,prospects_education,plan to continue in education,Yes,55,85,64.7%,48.0%,78.5%,16.7%,13.8%
2022,Other sex,All Schools,prospects_family,plan to start a family,Maybe,25,80,31.2%,18.0%,48.5%,13.3%,17.3%
2022,Other sex,All Schools,prospects_family,plan to start a family,No,50,80,62.5%,45.3%,77.0%,17.2%,14.5%
2022,Other sex,All Schools,prospects_family,plan to start a family,Yes,5,80,6.2%,1.7%,20.1%,4.5%,13.8%
2022,Other sex,All Schools,prospects_info_apprenticeships,apprenticeships,No,65,95,68.4%,52.6%,80.9%,15.8%,12.5%
2022,Other sex,All Schools,prospects_info_apprenticeships,apprenticeships,Yes,30,95,31.6%,19.1%,47.4%,12.5%,15.8%
2022,Other sex,All Schools,prospects_info_college,college/6th form,No,55,95,57.9%,42.2%,72.1%,15.7%,14.2%
2022,Other sex,All Schools,prospects_info_college,college/6th form,Yes,40,95,42.1%,27.9%,57.8%,14.2%,15.7%
2022,Other sex,All Schools,prospects_info_gap,gap years,No,70,95,73.7%,58.0%,85.0%,15.6%,11.3%
2022,Other sex,All Schools,prospects_info_gap,gap years,Yes,25,95,26.3%,15.0%,42.0%,11.3%,15.6%
2022,Other sex,All Schools,prospects_info_jobs,jobs,No,50,95,52.6%,37.3%,67.5%,15.3%,14.9%
2022,Other sex,All Schools,prospects_info_jobs,jobs,Yes,45,95,47.4%,32.5%,62.7%,14.9%,15.3%
2022,Other sex,All Schools,prospects_info_other,other options,No,65,95,68.4%,52.6%,80.9%,15.8%,12.5%
2022,Other sex,All Schools,prospects_info_other,other options,Yes,30,95,31.6%,19.1%,47.4%,12.5%,15.8%
2022,Other sex,All Schools,prospects_info_trainee,traineeships,No,80,95,84.2%,69.6%,92.5%,14.6%,8.3%
2022,Other sex,All Schools,prospects_info_trainee,traineeships,Yes,15,95,15.8%,7.5%,30.4%,8.3%,14.6%
2022,Other sex,All Schools,prospects_info_uni,university,No,55,95,57.9%,42.2%,72.1%,15.7%,14.2%
2022,Other sex,All Schools,prospects_info_uni,university,Yes,40,95,42.1%,27.9%,57.8%,14.2%,15.7%
2022,Other sex,All Schools,prospects_job,plan to get a job,Maybe,30,85,35.3%,21.5%,52.0%,13.8%,16.7%
2022,Other sex,All Schools,prospects_job,plan to get a job,No,10,85,11.8%,4.7%,26.6%,7.1%,14.8%
2022,Other sex,All Schools,prospects_job,plan to get a job,Yes,45,85,52.9%,36.8%,68.5%,16.2%,15.6%
2022,Other sex,All Schools,prospects_notsure,aren't sure what they want to do,Maybe,20,85,23.5%,12.5%,39.9%,11.1%,16.4%
2022,Other sex,All Schools,prospects_notsure,aren't sure what they want to do,No,25,85,29.4%,16.9%,46.1%,12.5%,16.7%
2022,Other sex,All Schools,prospects_notsure,aren't sure what they want to do,Yes,40,85,47.1%,31.5%,63.2%,15.6%,16.2%
2022,Other sex,All Schools,prospects_other,have other plans,Maybe,30,80,37.5%,23.0%,54.7%,14.5%,17.2%
2022,Other sex,All Schools,prospects_other,have other plans,No,30,80,37.5%,23.0%,54.7%,14.5%,17.2%
2022,Other sex,All Schools,prospects_other,have other plans,Yes,20,80,25.0%,13.3%,42.1%,11.7%,17.1%
2022,Other sex,All Schools,prospects_support_friends,friends,No,55,95,57.9%,42.2%,72.1%,15.7%,14.2%
2022,Other sex,All Schools,prospects_support_friends,friends,Yes,40,95,42.1%,27.9%,57.8%,14.2%,15.7%
2022,Other sex,All Schools,prospects_support_idk,don't know where to get support,No,70,95,73.7%,58.0%,85.0%,15.6%,11.3%
2022,Other sex,All Schools,prospects_support_idk,don't know where to get support,Yes,25,95,26.3%,15.0%,42.0%,11.3%,15.6%
2022,Other sex,All Schools,prospects_support_jobcentre,Job Centre Plus,No,90,95,94.7%,82.8%,98.5%,12.0%,3.8%
2022,Other sex,All Schools,prospects_support_jobcentre,Job Centre Plus,Yes,5,95,5.3%,1.5%,17.2%,3.8%,12.0%
2022,Other sex,All Schools,prospects_support_online,online,No,70,95,73.7%,58.0%,85.0%,15.6%,11.3%
2022,Other sex,All Schools,prospects_support_online,online,Yes,25,95,26.3%,15.0%,42.0%,11.3%,15.6%
2022,Other sex,All Schools,prospects_support_parents,parent/carer,No,50,95,52.6%,37.3%,67.5%,15.3%,14.9%
2022,Other sex,All Schools,prospects_support_parents,parent/carer,Yes,45,95,47.4%,32.5%,62.7%,14.9%,15.3%
2022,Other sex,All Schools,prospects_support_school,school/teacher,No,55,95,57.9%,42.2%,72.1%,15.7%,14.2%
2022,Other sex,All Schools,prospects_support_school,school/teacher,Yes,40,95,42.1%,27.9%,57.8%,14.2%,15.7%
2022,Other sex,All Schools,prospects_support_syp,Services for Young People,No,85,95,89.5%,75.9%,95.8%,13.6%,6.3%
2022,Other sex,All Schools,prospects_support_syp,Services for Young People,Yes,10,95,10.5%,4.2%,24.1%,6.3%,13.6%
2022,Other sex,All Schools,prospects_training,plan to training for a skilled job,Maybe,45,80,56.2%,39.4%,71.8%,16.9%,15.5%
2022,Other sex,All Schools,prospects_training,plan to training for a skilled job,No,15,80,18.8%,8.9%,35.3%,9.8%,16.5%
2022,Other sex,All Schools,prospects_training,plan to training for a skilled job,Yes,20,80,25.0%,13.3%,42.1%,11.7%,17.1%
2022,Other sex,All Schools,religion,religion,Any other religion,10,100,10.0%,4.0%,23.0%,6.0%,13.0%
2022,Other sex,All Schools,religion,religion,Buddhist,0,100,0.0%,0.0%,8.7%,0.0%,8.7%
2022,Other sex,All Schools,religion,religion,Christian,10,100,10.0%,4.0%,23.0%,6.0%,13.0%
2022,Other sex,All Schools,religion,religion,Hindu,5,100,5.0%,1.4%,16.5%,3.6%,11.5%
2022,Other sex,All Schools,religion,religion,Jewish,5,100,5.0%,1.4%,16.5%,3.6%,11.5%
2022,Other sex,All Schools,religion,religion,Muslim,0,100,0.0%,0.0%,8.7%,0.0%,8.7%
2022,Other sex,All Schools,religion,religion,No religion,65,100,65.0%,49.5%,77.8%,15.5%,12.8%
2022,Other sex,All Schools,religion,religion,Prefer not to say,5,100,5.0%,1.4%,16.5%,3.6%,11.5%
2022,Other sex,All Schools,religion,religion,Sikh,0,100,0.0%,0.0%,8.7%,0.0%,8.7%
2022,Other sex,All Schools,safety_dark,going out after dark,Neither safe or unsafe,35,95,36.8%,23.4%,52.7%,13.4%,15.8%
2022,Other sex,All Schools,safety_dark,going out after dark,Safe,15,95,15.8%,7.5%,30.4%,8.3%,14.6%
2022,Other sex,All Schools,safety_dark,going out after dark,Unsafe,45,95,47.4%,32.5%,62.7%,14.9%,15.3%
2022,Other sex,All Schools,safety_day,going out during the day,Neither safe or unsafe,45,95,47.4%,32.5%,62.7%,14.9%,15.3%
2022,Other sex,All Schools,safety_day,going out during the day,Safe,40,95,42.1%,27.9%,57.8%,14.2%,15.7%
2022,Other sex,All Schools,safety_day,going out during the day,Unsafe,10,95,10.5%,4.2%,24.1%,6.3%,13.6%
2022,Other sex,All Schools,safety_journey,going to and from school,Neither safe or unsafe,35,90,38.9%,24.8%,55.1%,14.1%,16.2%
2022,Other sex,All Schools,safety_journey,going to and from school,Safe,40,90,44.4%,29.6%,60.4%,14.9%,15.9%
2022,Other sex,All Schools,safety_journey,going to and from school,Unsafe,15,90,16.7%,7.9%,31.8%,8.8%,15.2%
2022,Other sex,All Schools,safety_school,at school,Neither safe or unsafe,35,90,38.9%,24.8%,55.1%,14.1%,16.2%
2022,Other sex,All Schools,safety_school,at school,Safe,40,90,44.4%,29.6%,60.4%,14.9%,15.9%
2022,Other sex,All Schools,safety_school,at school,Unsafe,15,90,16.7%,7.9%,31.8%,8.8%,15.2%
2022,Other sex,All Schools,school_supported,felt supported by their school and that they were offered help when having difficulties,No,15,55,27.3%,13.2%,48.1%,14.1%,20.8%
2022,Other sex,All Schools,school_supported,felt supported by their school and that they were offered help when having difficulties,Not sure,15,55,27.3%,13.2%,48.1%,14.1%,20.8%
2022,Other sex,All Schools,school_supported,felt supported by their school and that they were offered help when having difficulties,Prefer not to say,5,55,9.1%,2.5%,27.7%,6.6%,18.7%
2022,Other sex,All Schools,school_supported,felt supported by their school and that they were offered help when having difficulties,Yes,20,55,36.4%,19.8%,57.0%,16.6%,20.6%
2022,Other sex,All Schools,schoolsupp_academic,they find their school is supportive of their learning and education,No,10,95,10.5%,4.2%,24.1%,6.3%,13.6%
2022,Other sex,All Schools,schoolsupp_academic,they find their school is supportive of their learning and education,Not sure,5,95,5.3%,1.5%,17.2%,3.8%,12.0%
2022,Other sex,All Schools,schoolsupp_academic,they find their school is supportive of their learning and education,Somewhat,35,95,36.8%,23.4%,52.7%,13.4%,15.8%
2022,Other sex,All Schools,schoolsupp_academic,they find their school is supportive of their learning and education,Yes,45,95,47.4%,32.5%,62.7%,14.9%,15.3%
2022,Other sex,All Schools,schoolsupp_wellbeing,they find their school is supportive of their emotional health and wellbeing,No,35,90,38.9%,24.8%,55.1%,14.1%,16.2%
2022,Other sex,All Schools,schoolsupp_wellbeing,they find their school is supportive of their emotional health and wellbeing,Not sure,10,90,11.1%,4.4%,25.3%,6.7%,14.2%
2022,Other sex,All Schools,schoolsupp_wellbeing,they find their school is supportive of their emotional health and wellbeing,Somewhat,30,90,33.3%,20.2%,49.6%,13.1%,16.3%
2022,Other sex,All Schools,schoolsupp_wellbeing,they find their school is supportive of their emotional health and wellbeing,Yes,15,90,16.7%,7.9%,31.8%,8.8%,15.2%
2022,Other sex,All Schools,schyear,school year,Year 10,15,100,15.0%,7.1%,29.0%,7.9%,14.0%
2022,Other sex,All Schools,schyear,school year,Year 11,10,100,10.0%,4.0%,23.0%,6.0%,13.0%
2022,Other sex,All Schools,schyear,school year,Year 12,10,100,10.0%,4.0%,23.0%,6.0%,13.0%
2022,Other sex,All Schools,schyear,school year,Year 13,0,100,0.0%,0.0%,8.7%,0.0%,8.7%
2022,Other sex,All Schools,schyear,school year,Year 7,15,100,15.0%,7.1%,29.0%,7.9%,14.0%
2022,Other sex,All Schools,schyear,school year,Year 8,30,100,30.0%,18.1%,45.4%,11.9%,15.4%
2022,Other sex,All Schools,schyear,school year,Year 9,20,100,20.0%,10.5%,34.7%,9.5%,14.7%
2022,Other sex,All Schools,selfharm_ever,ever self-harmed,No,25,95,26.3%,15.0%,42.0%,11.3%,15.6%
2022,Other sex,All Schools,selfharm_ever,ever self-harmed,Prefer not to say,20,95,21.1%,11.1%,36.3%,10.0%,15.2%
2022,Other sex,All Schools,selfharm_ever,ever self-harmed,Yes,50,95,52.6%,37.3%,67.5%,15.3%,14.9%
2022,Other sex,All Schools,sexuality,sexual orientation,"Gay, lesbian or bisexual",45,100,45.0%,30.7%,60.1%,14.3%,15.1%
2022,Other sex,All Schools,sexuality,sexual orientation,Heterosexual/Straight,5,100,5.0%,1.4%,16.5%,3.6%,11.5%
2022,Other sex,All Schools,sexuality,sexual orientation,Other,30,100,30.0%,18.1%,45.4%,11.9%,15.4%
2022,Other sex,All Schools,sexuality,sexual orientation,Prefer not to say,5,100,5.0%,1.4%,16.5%,3.6%,11.5%
2022,Other sex,All Schools,sexuality,sexual orientation,Undecided/Questioning,15,100,15.0%,7.1%,29.0%,7.9%,14.0%
2022,Other sex,All Schools,sh_16,Most 16 year olds have not had sex,Agree,10,35,28.6%,11.8%,54.6%,16.8%,26.0%
2022,Other sex,All Schools,sh_16,Most 16 year olds have not had sex,Disagree,5,35,14.3%,4.0%,39.9%,10.3%,25.6%
2022,Other sex,All Schools,sh_16,Most 16 year olds have not had sex,Not sure,20,35,57.1%,32.6%,78.6%,24.5%,21.4%
2022,Other sex,All Schools,sh_access,they know how to access sexual health services?,No,30,95,31.6%,19.1%,47.4%,12.5%,15.8%
2022,Other sex,All Schools,sh_access,they know how to access sexual health services?,Not sure,35,95,36.8%,23.4%,52.7%,13.4%,15.8%
2022,Other sex,All Schools,sh_access,they know how to access sexual health services?,Yes,30,95,31.6%,19.1%,47.4%,12.5%,15.8%
2022,Other sex,All Schools,sh_condoms,Using condoms is necessary to prevent sexually transmitted infections and unplanned pregnancies,Agree,30,35,85.7%,60.1%,96.0%,25.6%,10.3%
2022,Other sex,All Schools,sh_condoms,Using condoms is necessary to prevent sexually transmitted infections and unplanned pregnancies,Disagree,5,35,14.3%,4.0%,39.9%,10.3%,25.6%
2022,Other sex,All Schools,sh_condoms,Using condoms is necessary to prevent sexually transmitted infections and unplanned pregnancies,Not sure,0,35,0.0%,0.0%,21.4%,0.0%,21.4%
2022,Other sex,All Schools,sh_condomsti,"If you have sex without a condom, you should get an STI test.",Agree,20,30,66.7%,39.1%,86.2%,27.5%,19.5%
2022,Other sex,All Schools,sh_condomsti,"If you have sex without a condom, you should get an STI test.",Disagree,5,30,16.7%,4.7%,44.7%,12.0%,28.1%
2022,Other sex,All Schools,sh_condomsti,"If you have sex without a condom, you should get an STI test.",Not sure,5,30,16.7%,4.7%,44.7%,12.0%,28.1%
2022,Other sex,All Schools,sh_pregnancy,Getting pregnant or getting someone else pregnant now would negatively affect my future plans,Agree,25,35,71.4%,45.4%,88.2%,26.0%,16.8%
2022,Other sex,All Schools,sh_pregnancy,Getting pregnant or getting someone else pregnant now would negatively affect my future plans,Disagree,5,35,14.3%,4.0%,39.9%,10.3%,25.6%
2022,Other sex,All Schools,sh_pregnancy,Getting pregnant or getting someone else pregnant now would negatively affect my future plans,Not sure,5,35,14.3%,4.0%,39.9%,10.3%,25.6%
2022,Other sex,All Schools,sh_pressure,There is pressure on young people to have sex,Agree,20,35,57.1%,32.6%,78.6%,24.5%,21.4%
2022,Other sex,All Schools,sh_pressure,There is pressure on young people to have sex,Disagree,5,35,14.3%,4.0%,39.9%,10.3%,25.6%
2022,Other sex,All Schools,sh_pressure,There is pressure on young people to have sex,Not sure,10,35,28.6%,11.8%,54.6%,16.8%,26.0%
2022,Other sex,All Schools,sh_schooled,I think the quality of the relationships and sex education I receive at school is good.,Agree,10,30,33.3%,13.8%,60.9%,19.5%,27.5%
2022,Other sex,All Schools,sh_schooled,I think the quality of the relationships and sex education I receive at school is good.,Disagree,10,30,33.3%,13.8%,60.9%,19.5%,27.5%
2022,Other sex,All Schools,sh_schooled,I think the quality of the relationships and sex education I receive at school is good.,Not sure,10,30,33.3%,13.8%,60.9%,19.5%,27.5%
2022,Other sex,All Schools,sh_serious,Being in a serious/long-term relationship before having sex is important,Agree,20,35,57.1%,32.6%,78.6%,24.5%,21.4%
2022,Other sex,All Schools,sh_serious,Being in a serious/long-term relationship before having sex is important,Disagree,10,35,28.6%,11.8%,54.6%,16.8%,26.0%
2022,Other sex,All Schools,sh_serious,Being in a serious/long-term relationship before having sex is important,Not sure,5,35,14.3%,4.0%,39.9%,10.3%,25.6%
2022,Other sex,All Schools,sh_support,their preferable source of support to get contraception or a test for Sexually Transmitted Infection (STI),Doctor,30,90,33.3%,20.2%,49.6%,13.1%,16.3%
2022,Other sex,All Schools,sh_support,their preferable source of support to get contraception or a test for Sexually Transmitted Infection (STI),Helpline,0,90,0.0%,0.0%,9.6%,0.0%,9.6%
2022,Other sex,All Schools,sh_support,their preferable source of support to get contraception or a test for Sexually Transmitted Infection (STI),Online (e.g. Sexwise website),10,90,11.1%,4.4%,25.3%,6.7%,14.2%
2022,Other sex,All Schools,sh_support,their preferable source of support to get contraception or a test for Sexually Transmitted Infection (STI),Other,15,90,16.7%,7.9%,31.8%,8.8%,15.2%
2022,Other sex,All Schools,sh_support,their preferable source of support to get contraception or a test for Sexually Transmitted Infection (STI),Pharmacy,10,90,11.1%,4.4%,25.3%,6.7%,14.2%
2022,Other sex,All Schools,sh_support,their preferable source of support to get contraception or a test for Sexually Transmitted Infection (STI),School/College,5,90,5.6%,1.5%,18.1%,4.0%,12.5%
2022,Other sex,All Schools,sh_support,their preferable source of support to get contraception or a test for Sexually Transmitted Infection (STI),Sexual health clinic,15,90,16.7%,7.9%,31.8%,8.8%,15.2%
2022,Other sex,All Schools,sh_support,their preferable source of support to get contraception or a test for Sexually Transmitted Infection (STI),Youth Worker / Service,5,90,5.6%,1.5%,18.1%,4.0%,12.5%
2022,Other sex,All Schools,sh_wait,It is fine to wait to have sex,Agree,30,35,85.7%,60.1%,96.0%,25.6%,10.3%
2022,Other sex,All Schools,sh_wait,It is fine to wait to have sex,Disagree,5,35,14.3%,4.0%,39.9%,10.3%,25.6%
2022,Other sex,All Schools,sh_wait,It is fine to wait to have sex,Not sure,0,35,0.0%,0.0%,21.4%,0.0%,21.4%
2022,Other sex,All Schools,shinfo_clinic,sexual health clinics,No,95,95,100.0%,90.9%,100.0%,9.1%,0.0%
2022,Other sex,All Schools,shinfo_doctor,health professionals,No,90,95,94.7%,82.8%,98.5%,12.0%,3.8%
2022,Other sex,All Schools,shinfo_doctor,health professionals,Yes,5,95,5.3%,1.5%,17.2%,3.8%,12.0%
2022,Other sex,All Schools,shinfo_friends,friends,No,65,95,68.4%,52.6%,80.9%,15.8%,12.5%
2022,Other sex,All Schools,shinfo_friends,friends,Yes,30,95,31.6%,19.1%,47.4%,12.5%,15.8%
2022,Other sex,All Schools,shinfo_healthsite,healthcare websites,No,85,95,89.5%,75.9%,95.8%,13.6%,6.3%
2022,Other sex,All Schools,shinfo_healthsite,healthcare websites,Yes,10,95,10.5%,4.2%,24.1%,6.3%,13.6%
2022,Other sex,All Schools,shinfo_helpline,telephone helplines,No,95,95,100.0%,90.9%,100.0%,9.1%,0.0%
2022,Other sex,All Schools,shinfo_media,media,No,70,95,73.7%,58.0%,85.0%,15.6%,11.3%
2022,Other sex,All Schools,shinfo_media,media,Yes,25,95,26.3%,15.0%,42.0%,11.3%,15.6%
2022,Other sex,All Schools,shinfo_other,other,No,80,95,84.2%,69.6%,92.5%,14.6%,8.3%
2022,Other sex,All Schools,shinfo_other,other,Yes,15,95,15.8%,7.5%,30.4%,8.3%,14.6%
2022,Other sex,All Schools,shinfo_parents,parents,No,70,95,73.7%,58.0%,85.0%,15.6%,11.3%
2022,Other sex,All Schools,shinfo_parents,parents,Yes,25,95,26.3%,15.0%,42.0%,11.3%,15.6%
2022,Other sex,All Schools,shinfo_porn,pornography,No,85,95,89.5%,75.9%,95.8%,13.6%,6.3%
2022,Other sex,All Schools,shinfo_porn,pornography,Yes,10,95,10.5%,4.2%,24.1%,6.3%,13.6%
2022,Other sex,All Schools,shinfo_poster,"posters, leaflets, reference books",No,90,95,94.7%,82.8%,98.5%,12.0%,3.8%
2022,Other sex,All Schools,shinfo_poster,"posters, leaflets, reference books",Yes,5,95,5.3%,1.5%,17.2%,3.8%,12.0%
2022,Other sex,All Schools,shinfo_relations,siblings or relatives,No,80,95,84.2%,69.6%,92.5%,14.6%,8.3%
2022,Other sex,All Schools,shinfo_relations,siblings or relatives,Yes,15,95,15.8%,7.5%,30.4%,8.3%,14.6%
2022,Other sex,All Schools,shinfo_school,school,No,45,95,47.4%,32.5%,62.7%,14.9%,15.3%
2022,Other sex,All Schools,shinfo_school,school,Yes,50,95,52.6%,37.3%,67.5%,15.3%,14.9%
2022,Other sex,All Schools,shinfo_yw,Youth Workers,No,95,95,100.0%,90.9%,100.0%,9.1%,0.0%
2022,Other sex,All Schools,shinfo_yw,Youth Workers,Yes,0,95,0.0%,0.0%,9.1%,0.0%,9.1%
2022,Other sex,All Schools,skipschool_COVID-19,COVID-19,No,95,95,100.0%,90.9%,100.0%,9.1%,0.0%
2022,Other sex,All Schools,skipschool_appointments,medical/dental appointments,No,55,95,57.9%,42.2%,72.1%,15.7%,14.2%
2022,Other sex,All Schools,skipschool_appointments,medical/dental appointments,Yes,40,95,42.1%,27.9%,57.8%,14.2%,15.7%
2022,Other sex,All Schools,skipschool_care,caring for family,No,90,95,94.7%,82.8%,98.5%,12.0%,3.8%
2022,Other sex,All Schools,skipschool_care,caring for family,Yes,5,95,5.3%,1.5%,17.2%,3.8%,12.0%
2022,Other sex,All Schools,skipschool_illness,illness/injury unrelated to COVID-19,No,30,95,31.6%,19.1%,47.4%,12.5%,15.8%
2022,Other sex,All Schools,skipschool_illness,illness/injury unrelated to COVID-19,Yes,65,95,68.4%,52.6%,80.9%,15.8%,12.5%
2022,Other sex,All Schools,skipschool_mentalhealth,mental health reasons,No,55,95,57.9%,42.2%,72.1%,15.7%,14.2%
2022,Other sex,All Schools,skipschool_mentalhealth,mental health reasons,Yes,40,95,42.1%,27.9%,57.8%,14.2%,15.7%
2022,Other sex,All Schools,skipschool_trips,holiday,No,80,95,84.2%,69.6%,92.5%,14.6%,8.3%
2022,Other sex,All Schools,skipschool_trips,holiday,Yes,15,95,15.8%,7.5%,30.4%,8.3%,14.6%
2022,Other sex,All Schools,skipschool_worriesbully,bullying,No,85,95,89.5%,75.9%,95.8%,13.6%,6.3%
2022,Other sex,All Schools,skipschool_worriesbully,bullying,Yes,10,95,10.5%,4.2%,24.1%,6.3%,13.6%
2022,Other sex,All Schools,skipschool_worriesschool,worries about schoolwork,No,75,95,78.9%,63.7%,88.9%,15.2%,10.0%
2022,Other sex,All Schools,skipschool_worriesschool,worries about schoolwork,Yes,20,95,21.1%,11.1%,36.3%,10.0%,15.2%
2022,Other sex,All Schools,smoke_ever,the statement that best describes them regarding smoking,I have never smoked,80,95,84.2%,69.6%,92.5%,14.6%,8.3%
2022,Other sex,All Schools,smoke_ever,the statement that best describes them regarding smoking,I have tried smoking once or twice,5,95,5.3%,1.5%,17.2%,3.8%,12.0%
2022,Other sex,All Schools,smoke_ever,the statement that best describes them regarding smoking,I smoke occasionally (less than 1 cigarette a week),5,95,5.3%,1.5%,17.2%,3.8%,12.0%
2022,Other sex,All Schools,smoke_ever,the statement that best describes them regarding smoking,I smoke regularly (once a week or more),5,95,5.3%,1.5%,17.2%,3.8%,12.0%
2022,Other sex,All Schools,smoke_ever,the statement that best describes them regarding smoking,"I used to smoke, but I don’t now",0,95,0.0%,0.0%,9.1%,0.0%,9.1%
2022,Other sex,All Schools,smoke_reduce,if they want to reduce or stop smoking,"No, I want to keep smoking",10,10,100.0%,51.2%,100.0%,48.8%,0.0%
2022,Other sex,All Schools,smoke_reduce,if they want to reduce or stop smoking,"Yes, I'd like to stop smoking",0,10,0.0%,0.0%,48.8%,0.0%,48.8%
2022,Other sex,All Schools,smoke_secondhand,people smoke around them,Always,10,95,10.5%,4.2%,24.1%,6.3%,13.6%
2022,Other sex,All Schools,smoke_secondhand,people smoke around them,Never,45,95,47.4%,32.5%,62.7%,14.9%,15.3%
2022,Other sex,All Schools,smoke_secondhand,people smoke around them,Often,15,95,15.8%,7.5%,30.4%,8.3%,14.6%
2022,Other sex,All Schools,smoke_secondhand,people smoke around them,Sometimes,25,95,26.3%,15.0%,42.0%,11.3%,15.6%
2022,Other sex,All Schools,solvents_exp,solvents as drugs,No,10,15,66.7%,30.1%,90.3%,36.6%,23.6%
2022,Other sex,All Schools,solvents_exp,solvents as drugs,Yes,5,15,33.3%,9.7%,69.9%,23.6%,36.6%
2022,Other sex,All Schools,solvents_offered,solvents as drugs,No,95,95,100.0%,90.9%,100.0%,9.1%,0.0%
2022,Other sex,All Schools,std_chlamydia,chlamydia,I have heard of it but know nothing about it,35,90,38.9%,24.8%,55.1%,14.1%,16.2%
2022,Other sex,All Schools,std_chlamydia,chlamydia,I have never heard of it,35,90,38.9%,24.8%,55.1%,14.1%,16.2%
2022,Other sex,All Schools,std_chlamydia,chlamydia,It can be both treated and cured,15,90,16.7%,7.9%,31.8%,8.8%,15.2%
2022,Other sex,All Schools,std_chlamydia,chlamydia,It can be treated but not cured,5,90,5.6%,1.5%,18.1%,4.0%,12.5%
2022,Other sex,All Schools,std_gono,gonorrhoea,I have heard of it but know nothing about it,45,90,50.0%,34.5%,65.5%,15.5%,15.5%
2022,Other sex,All Schools,std_gono,gonorrhoea,I have never heard of it,20,90,22.2%,11.7%,38.0%,10.5%,15.8%
2022,Other sex,All Schools,std_gono,gonorrhoea,It can be both treated and cured,20,90,22.2%,11.7%,38.0%,10.5%,15.8%
2022,Other sex,All Schools,std_gono,gonorrhoea,It can be treated but not cured,5,90,5.6%,1.5%,18.1%,4.0%,12.5%
2022,Other sex,All Schools,std_hiv,HIV,I have heard of it but know nothing about it,35,95,36.8%,23.4%,52.7%,13.4%,15.8%
2022,Other sex,All Schools,std_hiv,HIV,I have never heard of it,20,95,21.1%,11.1%,36.3%,10.0%,15.2%
2022,Other sex,All Schools,std_hiv,HIV,It can be both treated and cured,5,95,5.3%,1.5%,17.2%,3.8%,12.0%
2022,Other sex,All Schools,std_hiv,HIV,It can be treated but not cured,35,95,36.8%,23.4%,52.7%,13.4%,15.8%
2022,Other sex,All Schools,std_syphilis,syphilis,I have heard of it but know nothing about it,50,90,55.6%,39.6%,70.4%,15.9%,14.9%
2022,Other sex,All Schools,std_syphilis,syphilis,I have never heard of it,30,90,33.3%,20.2%,49.6%,13.1%,16.3%
2022,Other sex,All Schools,std_syphilis,syphilis,It can be both treated and cured,5,90,5.6%,1.5%,18.1%,4.0%,12.5%
2022,Other sex,All Schools,std_syphilis,syphilis,It can be treated but not cured,5,90,5.6%,1.5%,18.1%,4.0%,12.5%
2022,Other sex,All Schools,steroids_exp,muscle-building steroids,No,10,15,66.7%,30.1%,90.3%,36.6%,23.6%
2022,Other sex,All Schools,steroids_exp,muscle-building steroids,Yes,5,15,33.3%,9.7%,69.9%,23.6%,36.6%
2022,Other sex,All Schools,steroids_offered,muscle-building steroids,No,95,95,100.0%,90.9%,100.0%,9.1%,0.0%
2022,Other sex,All Schools,sus_barriers_finance,financial cost,No,45,95,47.4%,32.5%,62.7%,14.9%,15.3%
2022,Other sex,All Schools,sus_barriers_finance,financial cost,Yes,50,95,52.6%,37.3%,67.5%,15.3%,14.9%
2022,Other sex,All Schools,sus_barriers_no_consider,sustainability is not a consideration in their household,No,90,95,94.7%,82.8%,98.5%,12.0%,3.8%
2022,Other sex,All Schools,sus_barriers_no_consider,sustainability is not a consideration in their household,Yes,5,95,5.3%,1.5%,17.2%,3.8%,12.0%
2022,Other sex,All Schools,sus_barriers_other,other barriers,No,70,95,73.7%,58.0%,85.0%,15.6%,11.3%
2022,Other sex,All Schools,sus_barriers_other,other barriers,Yes,25,95,26.3%,15.0%,42.0%,11.3%,15.6%
2022,Other sex,All Schools,sus_barriers_time,convenience/time,No,55,95,57.9%,42.2%,72.1%,15.7%,14.2%
2022,Other sex,All Schools,sus_barriers_time,convenience/time,Yes,40,95,42.1%,27.9%,57.8%,14.2%,15.7%
2022,Other sex,All Schools,sus_barriers_unsure,uncertainty on what to do,No,75,95,78.9%,63.7%,88.9%,15.2%,10.0%
2022,Other sex,All Schools,sus_barriers_unsure,uncertainty on what to do,Yes,20,95,21.1%,11.1%,36.3%,10.0%,15.2%
2022,Other sex,All Schools,sustain_electric_car,drive an electric car,No,85,95,89.5%,75.9%,95.8%,13.6%,6.3%
2022,Other sex,All Schools,sustain_electric_car,drive an electric car,Yes,10,95,10.5%,4.2%,24.1%,6.3%,13.6%
2022,Other sex,All Schools,sustain_leftoverfood,use up leftover food,No,30,95,31.6%,19.1%,47.4%,12.5%,15.8%
2022,Other sex,All Schools,sustain_leftoverfood,use up leftover food,Yes,65,95,68.4%,52.6%,80.9%,15.8%,12.5%
2022,Other sex,All Schools,sustain_localfood,use locally grown food,No,70,95,73.7%,58.0%,85.0%,15.6%,11.3%
2022,Other sex,All Schools,sustain_localfood,use locally grown food,Yes,25,95,26.3%,15.0%,42.0%,11.3%,15.6%
2022,Other sex,All Schools,sustain_nthg,don't do anything,No,90,95,94.7%,82.8%,98.5%,12.0%,3.8%
2022,Other sex,All Schools,sustain_nthg,don't do anything,Yes,5,95,5.3%,1.5%,17.2%,3.8%,12.0%
2022,Other sex,All Schools,sustain_other,do other actions,No,70,95,73.7%,58.0%,85.0%,15.6%,11.3%
2022,Other sex,All Schools,sustain_other,do other actions,Yes,25,95,26.3%,15.0%,42.0%,11.3%,15.6%
2022,Other sex,All Schools,sustain_recycle,recycling,No,30,95,31.6%,19.1%,47.4%,12.5%,15.8%
2022,Other sex,All Schools,sustain_recycle,recycling,Yes,65,95,68.4%,52.6%,80.9%,15.8%,12.5%
2022,Other sex,All Schools,sustain_save_energy,have energy-saving measures,No,35,95,36.8%,23.4%,52.7%,13.4%,15.8%
2022,Other sex,All Schools,sustain_save_energy,have energy-saving measures,Yes,60,95,63.2%,47.3%,76.6%,15.8%,13.4%
2022,Other sex,All Schools,sustain_save_water,have water-saving measures,No,55,95,57.9%,42.2%,72.1%,15.7%,14.2%
2022,Other sex,All Schools,sustain_save_water,have water-saving measures,Yes,40,95,42.1%,27.9%,57.8%,14.2%,15.7%
2022,Other sex,All Schools,sustain_single_plastic,reduce single-use plastic waste,No,40,95,42.1%,27.9%,57.8%,14.2%,15.7%
2022,Other sex,All Schools,sustain_single_plastic,reduce single-use plastic waste,Yes,55,95,57.9%,42.2%,72.1%,15.7%,14.2%
2022,Other sex,All Schools,sustain_solar,installed solar panels,No,90,95,94.7%,82.8%,98.5%,12.0%,3.8%
2022,Other sex,All Schools,sustain_solar,installed solar panels,Yes,5,95,5.3%,1.5%,17.2%,3.8%,12.0%
2022,Other sex,All Schools,sustain_sus_products,use sustainably-sourced products,No,60,95,63.2%,47.3%,76.6%,15.8%,13.4%
2022,Other sex,All Schools,sustain_sus_products,use sustainably-sourced products,Yes,35,95,36.8%,23.4%,52.7%,13.4%,15.8%
2022,Other sex,All Schools,sustain_transport,"walk, cycle or take public transport",No,40,95,42.1%,27.9%,57.8%,14.2%,15.7%
2022,Other sex,All Schools,sustain_transport,"walk, cycle or take public transport",Yes,55,95,57.9%,42.2%,72.1%,15.7%,14.2%
2022,Other sex,All Schools,vaping,the statement that best describes them regarding vaping/e-cigarettes,I have never vaped,75,100,75.0%,59.9%,85.8%,15.1%,10.8%
2022,Other sex,All Schools,vaping,the statement that best describes them regarding vaping/e-cigarettes,I have vaped once or twice,10,100,10.0%,4.0%,23.0%,6.0%,13.0%
2022,Other sex,All Schools,vaping,the statement that best describes them regarding vaping/e-cigarettes,"I used to vape, but I don’t now",5,100,5.0%,1.4%,16.5%,3.6%,11.5%
2022,Other sex,All Schools,vaping,the statement that best describes them regarding vaping/e-cigarettes,I vape occasionally (less than once a week),5,100,5.0%,1.4%,16.5%,3.6%,11.5%
2022,Other sex,All Schools,vaping,the statement that best describes them regarding vaping/e-cigarettes,I vape regularly (once a week or more),5,100,5.0%,1.4%,16.5%,3.6%,11.5%
2022,Other sex,All Schools,vaping_reducesmoke,have used vaping/ e-cigarettes to reduce smoking,No,5,10,50.0%,15.1%,84.9%,34.9%,34.9%
2022,Other sex,All Schools,vaping_reducesmoke,have used vaping/ e-cigarettes to reduce smoking,Yes,5,10,50.0%,15.1%,84.9%,34.9%,34.9%
2022,Other sex,All Schools,views_listened_school,feels that their views are listened to at school,No,35,90,38.9%,24.8%,55.1%,14.1%,16.2%
2022,Other sex,All Schools,views_listened_school,feels that their views are listened to at school,Sometimes,45,90,50.0%,34.5%,65.5%,15.5%,15.5%
2022,Other sex,All Schools,views_listened_school,feels that their views are listened to at school,Yes,10,90,11.1%,4.4%,25.3%,6.7%,14.2%
2022,Other sex,All Schools,violence_involved,have been involved in a violent incident in the past year,No,60,90,66.7%,50.4%,79.8%,16.3%,13.1%
2022,Other sex,All Schools,violence_involved,have been involved in a violent incident in the past year,Prefer not to say,10,90,11.1%,4.4%,25.3%,6.7%,14.2%
2022,Other sex,All Schools,violence_involved,have been involved in a violent incident in the past year,"Yes, I was the victim",10,90,11.1%,4.4%,25.3%,6.7%,14.2%
2022,Other sex,All Schools,violence_involved,have been involved in a violent incident in the past year,"Yes, but I wasn't the victim",10,90,11.1%,4.4%,25.3%,6.7%,14.2%
2022,Other sex,All Schools,violence_weapon_involved,have been involved in a violent incident where a weapon was used or threatened in the past year,No,75,95,78.9%,63.7%,88.9%,15.2%,10.0%
2022,Other sex,All Schools,violence_weapon_involved,have been involved in a violent incident where a weapon was used or threatened in the past year,Prefer not to say,10,95,10.5%,4.2%,24.1%,6.3%,13.6%
2022,Other sex,All Schools,violence_weapon_involved,have been involved in a violent incident where a weapon was used or threatened in the past year,"Yes, I was the victim",5,95,5.3%,1.5%,17.2%,3.8%,12.0%
2022,Other sex,All Schools,violence_weapon_involved,have been involved in a violent incident where a weapon was used or threatened in the past year,"Yes, but I wasn't the victim",5,95,5.3%,1.5%,17.2%,3.8%,12.0%
2022,Other sex,All Schools,weight,how they would describe their current weight,Don't know/ Prefer not to say,30,90,33.3%,20.2%,49.6%,13.1%,16.3%
2022,Other sex,All Schools,weight,how they would describe their current weight,Just Right,30,90,33.3%,20.2%,49.6%,13.1%,16.3%
2022,Other sex,All Schools,weight,how they would describe their current weight,Overweight,15,90,16.7%,7.9%,31.8%,8.8%,15.2%
2022,Other sex,All Schools,weight,how they would describe their current weight,Underweight,15,90,16.7%,7.9%,31.8%,8.8%,15.2%
2022,Other sex,All Schools,worry_bully,bullying,No,55,95,57.9%,42.2%,72.1%,15.7%,14.2%
2022,Other sex,All Schools,worry_bully,bullying,Yes,40,95,42.1%,27.9%,57.8%,14.2%,15.7%
2022,Other sex,All Schools,worry_crime,crime,No,70,95,73.7%,58.0%,85.0%,15.6%,11.3%
2022,Other sex,All Schools,worry_crime,crime,Yes,25,95,26.3%,15.0%,42.0%,11.3%,15.6%
2022,Other sex,All Schools,worry_drugsalcohol,drugs/alcohol,No,75,95,78.9%,63.7%,88.9%,15.2%,10.0%
2022,Other sex,All Schools,worry_drugsalcohol,drugs/alcohol,Yes,20,95,21.1%,11.1%,36.3%,10.0%,15.2%
2022,Other sex,All Schools,worry_environment,the environment,No,50,95,52.6%,37.3%,67.5%,15.3%,14.9%
2022,Other sex,All Schools,worry_environment,the environment,Yes,45,95,47.4%,32.5%,62.7%,14.9%,15.3%
2022,Other sex,All Schools,worry_family,family problems,No,50,95,52.6%,37.3%,67.5%,15.3%,14.9%
2022,Other sex,All Schools,worry_family,family problems,Yes,45,95,47.4%,32.5%,62.7%,14.9%,15.3%
2022,Other sex,All Schools,worry_friends,issues with friends,No,50,95,52.6%,37.3%,67.5%,15.3%,14.9%
2022,Other sex,All Schools,worry_friends,issues with friends,Yes,45,95,47.4%,32.5%,62.7%,14.9%,15.3%
2022,Other sex,All Schools,worry_future,future prospects,No,35,95,36.8%,23.4%,52.7%,13.4%,15.8%
2022,Other sex,All Schools,worry_future,future prospects,Yes,60,95,63.2%,47.3%,76.6%,15.8%,13.4%
2022,Other sex,All Schools,worry_gambling,gambling,No,85,95,89.5%,75.9%,95.8%,13.6%,6.3%
2022,Other sex,All Schools,worry_gambling,gambling,Yes,10,95,10.5%,4.2%,24.1%,6.3%,13.6%
2022,Other sex,All Schools,worry_incrime,getting involved in crime,No,85,95,89.5%,75.9%,95.8%,13.6%,6.3%
2022,Other sex,All Schools,worry_incrime,getting involved in crime,Yes,10,95,10.5%,4.2%,24.1%,6.3%,13.6%
2022,Other sex,All Schools,worry_lgbt,sexual orientation/identity,No,35,95,36.8%,23.4%,52.7%,13.4%,15.8%
2022,Other sex,All Schools,worry_lgbt,sexual orientation/identity,Yes,60,95,63.2%,47.3%,76.6%,15.8%,13.4%
2022,Other sex,All Schools,worry_lonely,feeling lonely,No,40,95,42.1%,27.9%,57.8%,14.2%,15.7%
2022,Other sex,All Schools,worry_lonely,feeling lonely,Yes,55,95,57.9%,42.2%,72.1%,15.7%,14.2%
2022,Other sex,All Schools,worry_look,their appearance,No,30,95,31.6%,19.1%,47.4%,12.5%,15.8%
2022,Other sex,All Schools,worry_look,their appearance,Yes,65,95,68.4%,52.6%,80.9%,15.8%,12.5%
2022,Other sex,All Schools,worry_mental,their mental health,No,25,95,26.3%,15.0%,42.0%,11.3%,15.6%
2022,Other sex,All Schools,worry_mental,their mental health,Yes,70,95,73.7%,58.0%,85.0%,15.6%,11.3%
2022,Other sex,All Schools,worry_money,money problems (including family finances),No,55,95,57.9%,42.2%,72.1%,15.7%,14.2%
2022,Other sex,All Schools,worry_money,money problems (including family finances),Yes,40,95,42.1%,27.9%,57.8%,14.2%,15.7%
2022,Other sex,All Schools,worry_phys,their physical health,No,45,95,47.4%,32.5%,62.7%,14.9%,15.3%
2022,Other sex,All Schools,worry_phys,their physical health,Yes,50,95,52.6%,37.3%,67.5%,15.3%,14.9%
2022,Other sex,All Schools,worry_racism,racism,No,70,95,73.7%,58.0%,85.0%,15.6%,11.3%
2022,Other sex,All Schools,worry_racism,racism,Yes,25,95,26.3%,15.0%,42.0%,11.3%,15.6%
2022,Other sex,All Schools,worry_relationships,relationships/sexual health,No,60,95,63.2%,47.3%,76.6%,15.8%,13.4%
2022,Other sex,All Schools,worry_relationships,relationships/sexual health,Yes,35,95,36.8%,23.4%,52.7%,13.4%,15.8%
2022,Other sex,All Schools,worry_school,schoolwork,No,25,95,26.3%,15.0%,42.0%,11.3%,15.6%
2022,Other sex,All Schools,worry_school,schoolwork,Yes,70,95,73.7%,58.0%,85.0%,15.6%,11.3%
2022,Other sex,All Schools,worry_siblings,problems with siblings,No,95,95,100.0%,90.9%,100.0%,9.1%,0.0%
2022,Other sex,All Schools,worry_socialmedia,social media,No,60,95,63.2%,47.3%,76.6%,15.8%,13.4%
2022,Other sex,All Schools,worry_socialmedia,social media,Yes,35,95,36.8%,23.4%,52.7%,13.4%,15.8%
2022,Other sex,All Schools,worry_treatgirls,how men treat/speak to girls,No,40,95,42.1%,27.9%,57.8%,14.2%,15.7%
2022,Other sex,All Schools,worry_treatgirls,how men treat/speak to girls,Yes,55,95,57.9%,42.2%,72.1%,15.7%,14.2%
2022,Other sex,All Schools,worry_violenceboys,harrassment/violence against boys,No,75,95,78.9%,63.7%,88.9%,15.2%,10.0%
2022,Other sex,All Schools,worry_violenceboys,harrassment/violence against boys,Yes,20,95,21.1%,11.1%,36.3%,10.0%,15.2%
2022,Other sex,All Schools,worry_violencegirls,harrassment/violence against girls,No,45,95,47.4%,32.5%,62.7%,14.9%,15.3%
2022,Other sex,All Schools,worry_violencegirls,harrassment/violence against girls,Yes,50,95,52.6%,37.3%,67.5%,15.3%,14.9%
2022,Other sex,All Schools,xanex_exp,Xanax,No,10,15,66.7%,30.1%,90.3%,36.6%,23.6%
2022,Other sex,All Schools,xanex_exp,Xanax,Yes,5,15,33.3%,9.7%,69.9%,23.6%,36.6%
2022,Other sex,All Schools,xanex_offered,Xanax,No,95,95,100.0%,90.9%,100.0%,9.1%,0.0%
2022,Prefer not to say,All Schools,District,District,Broxbourne,5,185,2.7%,0.7%,9.3%,2.0%,6.6%
2022,Prefer not to say,All Schools,District,District,Dacorum,10,185,5.4%,2.1%,13.1%,3.3%,7.7%
2022,Prefer not to say,All Schools,District,District,East Hertfordshire,5,185,2.7%,0.7%,9.3%,2.0%,6.6%
2022,Prefer not to say,All Schools,District,District,Hertsmere,5,185,2.7%,0.7%,9.3%,2.0%,6.6%
2022,Prefer not to say,All Schools,District,District,North Hertfordshire,15,185,8.1%,3.8%,16.6%,4.3%,8.4%
2022,Prefer not to say,All Schools,District,District,Outside of Hertfordshire,5,185,2.7%,0.7%,9.3%,2.0%,6.6%
2022,Prefer not to say,All Schools,District,District,Prefer not to say / Unknown,35,185,18.9%,11.6%,29.3%,7.3%,10.3%
2022,Prefer not to say,All Schools,District,District,St Albans,60,185,32.4%,22.9%,43.7%,9.5%,11.3%
2022,Prefer not to say,All Schools,District,District,Stevenage,5,185,2.7%,0.7%,9.3%,2.0%,6.6%
2022,Prefer not to say,All Schools,District,District,Three Rivers,10,185,5.4%,2.1%,13.1%,3.3%,7.7%
2022,Prefer not to say,All Schools,District,District,Watford,15,185,8.1%,3.8%,16.6%,4.3%,8.4%
2022,Prefer not to say,All Schools,District,District,Welwyn Hatfield,15,185,8.1%,3.8%,16.6%,4.3%,8.4%
2022,Prefer not to say,All Schools,District_school,NA,Broxbourne,5,180,2.8%,0.8%,9.5%,2.0%,6.8%
2022,Prefer not to say,All Schools,District_school,NA,Dacorum,10,180,5.6%,2.2%,13.4%,3.4%,7.8%
2022,Prefer not to say,All Schools,District_school,NA,East Hertfordshire,10,180,5.6%,2.2%,13.4%,3.4%,7.8%
2022,Prefer not to say,All Schools,District_school,NA,Hertsmere,10,180,5.6%,2.2%,13.4%,3.4%,7.8%
2022,Prefer not to say,All Schools,District_school,NA,North Hertfordshire,15,180,8.3%,3.9%,17.0%,4.4%,8.6%
2022,Prefer not to say,All Schools,District_school,NA,St Albans,65,180,36.1%,26.0%,47.6%,10.1%,11.5%
2022,Prefer not to say,All Schools,District_school,NA,Stevenage,0,180,0.0%,0.0%,5.0%,0.0%,5.0%
2022,Prefer not to say,All Schools,District_school,NA,Three Rivers,40,180,22.2%,14.2%,33.1%,8.0%,10.8%
2022,Prefer not to say,All Schools,District_school,NA,Watford,5,180,2.8%,0.8%,9.5%,2.0%,6.8%
2022,Prefer not to say,All Schools,District_school,NA,Welwyn Hatfield,20,180,11.1%,5.7%,20.4%,5.4%,9.3%
2022,Prefer not to say,All Schools,Q8978241.18,NA,No,190,190,100.0%,95.2%,100.0%,4.8%,0.0%
2022,Prefer not to say,All Schools,age,Age,11,25,190,13.2%,7.3%,22.5%,5.8%,9.4%
2022,Prefer not to say,All Schools,age,Age,12,45,190,23.7%,15.6%,34.3%,8.1%,10.6%
2022,Prefer not to say,All Schools,age,Age,13,35,190,18.4%,11.3%,28.5%,7.1%,10.1%
2022,Prefer not to say,All Schools,age,Age,14,35,190,18.4%,11.3%,28.5%,7.1%,10.1%
2022,Prefer not to say,All Schools,age,Age,15,15,190,7.9%,3.7%,16.1%,4.2%,8.2%
2022,Prefer not to say,All Schools,age,Age,16,15,190,7.9%,3.7%,16.1%,4.2%,8.2%
2022,Prefer not to say,All Schools,age,Age,17,15,190,7.9%,3.7%,16.1%,4.2%,8.2%
2022,Prefer not to say,All Schools,age,Age,18,5,190,2.6%,0.7%,9.1%,1.9%,6.4%
2022,Prefer not to say,All Schools,alcohol_6more,how often they have six or more drinks on one occasion,Daily or almost daily,5,45,11.1%,3.1%,32.7%,8.0%,21.6%
2022,Prefer not to say,All Schools,alcohol_6more,how often they have six or more drinks on one occasion,Less than monthly,10,45,22.2%,9.0%,45.1%,13.2%,22.9%
2022,Prefer not to say,All Schools,alcohol_6more,how often they have six or more drinks on one occasion,Monthly,5,45,11.1%,3.1%,32.7%,8.0%,21.6%
2022,Prefer not to say,All Schools,alcohol_6more,how often they have six or more drinks on one occasion,Never,25,45,55.6%,33.8%,75.4%,21.8%,19.8%
2022,Prefer not to say,All Schools,alcohol_6more,how often they have six or more drinks on one occasion,Weekly,0,45,0.0%,0.0%,17.5%,0.0%,17.5%
2022,Prefer not to say,All Schools,alcohol_ever,how often they had an alcohol-containing drink in the past three months,2-3 times a week,0,180,0.0%,0.0%,5.0%,0.0%,5.0%
2022,Prefer not to say,All Schools,alcohol_ever,how often they had an alcohol-containing drink in the past three months,2-4 times a month,15,180,8.3%,3.9%,17.0%,4.4%,8.6%
2022,Prefer not to say,All Schools,alcohol_ever,how often they had an alcohol-containing drink in the past three months,4 or more times a week,10,180,5.6%,2.2%,13.4%,3.4%,7.8%
2022,Prefer not to say,All Schools,alcohol_ever,how often they had an alcohol-containing drink in the past three months,Monthly or less,20,180,11.1%,5.7%,20.4%,5.4%,9.3%
2022,Prefer not to say,All Schools,alcohol_ever,how often they had an alcohol-containing drink in the past three months,Never,135,180,75.0%,63.9%,83.5%,11.1%,8.5%
2022,Prefer not to say,All Schools,alcohol_reduce,want to reduce or stop drinking,I'd like to reduce the amount I drink but not stop,5,45,11.1%,3.1%,32.7%,8.0%,21.6%
2022,Prefer not to say,All Schools,alcohol_reduce,want to reduce or stop drinking,"No, I want to keep drinking alcohol",30,45,66.7%,43.8%,83.7%,22.9%,17.0%
2022,Prefer not to say,All Schools,alcohol_reduce,want to reduce or stop drinking,"Yes, I'd like to stop drinking alcohol",10,45,22.2%,9.0%,45.1%,13.2%,22.9%
2022,Prefer not to say,All Schools,amphetamine_offered,amphetamines,No,190,190,100.0%,95.2%,100.0%,4.8%,0.0%
2022,Prefer not to say,All Schools,amphetamines_exp,amphetamines,No,15,20,75.0%,41.0%,92.8%,34.0%,17.8%
2022,Prefer not to say,All Schools,amphetamines_exp,amphetamines,Yes,5,20,25.0%,7.2%,59.0%,17.8%,34.0%
2022,Prefer not to say,All Schools,approached_anonymous_report,reported the crime anonymously,No,190,190,100.0%,95.2%,100.0%,4.8%,0.0%
2022,Prefer not to say,All Schools,approached_argue,argued or fought back,No,190,190,100.0%,95.2%,100.0%,4.8%,0.0%
2022,Prefer not to say,All Schools,approached_other,other,No,190,190,100.0%,95.2%,100.0%,4.8%,0.0%
2022,Prefer not to say,All Schools,approached_toldadult,told an adult,No,190,190,100.0%,95.2%,100.0%,4.8%,0.0%
2022,Prefer not to say,All Schools,approached_toldfriend,told a friend,No,190,190,100.0%,95.2%,100.0%,4.8%,0.0%
2022,Prefer not to say,All Schools,approached_toldpolice,told the police,No,190,190,100.0%,95.2%,100.0%,4.8%,0.0%
2022,Prefer not to say,All Schools,approached_toldself,kept it to themselves,No,190,190,100.0%,95.2%,100.0%,4.8%,0.0%
2022,Prefer not to say,All Schools,approached_walkaway,walked away,No,190,190,100.0%,95.2%,100.0%,4.8%,0.0%
2022,Prefer not to say,All Schools,brushteeth,how many times they brushed their teeth yesterday,0,20,185,10.8%,5.6%,19.9%,5.2%,9.1%
2022,Prefer not to say,All Schools,brushteeth,how many times they brushed their teeth yesterday,1,35,185,18.9%,11.6%,29.3%,7.3%,10.3%
2022,Prefer not to say,All Schools,brushteeth,how many times they brushed their teeth yesterday,2 or more,130,185,70.3%,59.1%,79.5%,11.2%,9.2%
2022,Prefer not to say,All Schools,bullied,have ever been bullied or picked on,No,90,185,48.6%,37.6%,59.8%,11.0%,11.1%
2022,Prefer not to say,All Schools,bullied,have ever been bullied or picked on,Yes,95,185,51.4%,40.2%,62.4%,11.1%,11.0%
2022,Prefer not to say,All Schools,bullied_currently,are currently being bullied or picked on,No,55,95,57.9%,42.2%,72.1%,15.7%,14.2%
2022,Prefer not to say,All Schools,bullied_currently,are currently being bullied or picked on,Prefer not to say,20,95,21.1%,11.1%,36.3%,10.0%,15.2%
2022,Prefer not to say,All Schools,bullied_currently,are currently being bullied or picked on,Yes,20,95,21.1%,11.1%,36.3%,10.0%,15.2%
2022,Prefer not to say,All Schools,bullied_internet,they have been bullied online,No,75,95,78.9%,63.7%,88.9%,15.2%,10.0%
2022,Prefer not to say,All Schools,bullied_internet,they have been bullied online,Yes,20,95,21.1%,11.1%,36.3%,10.0%,15.2%
2022,Prefer not to say,All Schools,bullied_none,have no experiences with bullying,No,145,190,76.3%,65.7%,84.4%,10.6%,8.1%
2022,Prefer not to say,All Schools,bullied_none,have no experiences with bullying,Yes,45,190,23.7%,15.6%,34.3%,8.1%,10.6%
2022,Prefer not to say,All Schools,bullied_others,have ever bullied or picked on someone else,No,175,190,92.1%,83.9%,96.3%,8.2%,4.2%
2022,Prefer not to say,All Schools,bullied_others,have ever bullied or picked on someone else,Yes,15,190,7.9%,3.7%,16.1%,4.2%,8.2%
2022,Prefer not to say,All Schools,bullied_outschool,they have been bullied somewhere other than school,No,70,95,73.7%,58.0%,85.0%,15.6%,11.3%
2022,Prefer not to say,All Schools,bullied_outschool,they have been bullied somewhere other than school,Yes,25,95,26.3%,15.0%,42.0%,11.3%,15.6%
2022,Prefer not to say,All Schools,bullied_prefer_not_say,would prefer not to respond about their experiences with bullying,No,150,190,78.9%,68.5%,86.6%,10.4%,7.6%
2022,Prefer not to say,All Schools,bullied_prefer_not_say,would prefer not to respond about their experiences with bullying,Yes,40,190,21.1%,13.4%,31.5%,7.6%,10.4%
2022,Prefer not to say,All Schools,bullied_school,they have been bullied at school,No,10,95,10.5%,4.2%,24.1%,6.3%,13.6%
2022,Prefer not to say,All Schools,bullied_school,they have been bullied at school,Yes,85,95,89.5%,75.9%,95.8%,13.6%,6.3%
2022,Prefer not to say,All Schools,buyalc_friend,from a friend or relative,No,30,55,54.5%,34.7%,73.0%,19.8%,18.5%
2022,Prefer not to say,All Schools,buyalc_friend,from a friend or relative,Yes,25,55,45.5%,27.0%,65.3%,18.5%,19.8%
2022,Prefer not to say,All Schools,buyalc_home,from home,No,30,55,54.5%,34.7%,73.0%,19.8%,18.5%
2022,Prefer not to say,All Schools,buyalc_home,from home,Yes,25,55,45.5%,27.0%,65.3%,18.5%,19.8%
2022,Prefer not to say,All Schools,buyalc_internet,from the internet,No,50,55,90.9%,72.3%,97.5%,18.7%,6.6%
2022,Prefer not to say,All Schools,buyalc_internet,from the internet,Yes,5,55,9.1%,2.5%,27.7%,6.6%,18.7%
2022,Prefer not to say,All Schools,buyalc_pubbar,from a pub/bar,No,45,55,81.8%,61.5%,92.7%,20.3%,10.9%
2022,Prefer not to say,All Schools,buyalc_pubbar,from a pub/bar,Yes,10,55,18.2%,7.3%,38.5%,10.9%,20.3%
2022,Prefer not to say,All Schools,buyalc_smallshop,from a small shop/off-licence,No,45,50,90.0%,70.0%,97.2%,20.0%,7.2%
2022,Prefer not to say,All Schools,buyalc_smallshop,from a small shop/off-licence,Yes,5,50,10.0%,2.8%,30.0%,7.2%,20.0%
2022,Prefer not to say,All Schools,buyalc_supermarket,from a supermarket,No,40,50,80.0%,58.5%,91.9%,21.5%,11.9%
2022,Prefer not to say,All Schools,buyalc_supermarket,from a supermarket,Yes,10,50,20.0%,8.1%,41.5%,11.9%,21.5%
2022,Prefer not to say,All Schools,buycig_friend,from a friend or relative,No,10,15,66.7%,30.1%,90.3%,36.6%,23.6%
2022,Prefer not to say,All Schools,buycig_friend,from a friend or relative,Yes,5,15,33.3%,9.7%,69.9%,23.6%,36.6%
2022,Prefer not to say,All Schools,buycig_internet,from the internet,No,15,15,100.0%,61.1%,100.0%,38.9%,0.0%
2022,Prefer not to say,All Schools,buycig_internet,from the internet,Yes,0,15,0.0%,0.0%,38.9%,0.0%,38.9%
2022,Prefer not to say,All Schools,buycig_pubbar,from a pub/bar,No,15,15,100.0%,61.1%,100.0%,38.9%,0.0%
2022,Prefer not to say,All Schools,buycig_pubbar,from a pub/bar,Yes,0,15,0.0%,0.0%,38.9%,0.0%,38.9%
2022,Prefer not to say,All Schools,buycig_smallshop,from a small shop/off-licence,No,15,20,75.0%,41.0%,92.8%,34.0%,17.8%
2022,Prefer not to say,All Schools,buycig_smallshop,from a small shop/off-licence,Yes,5,20,25.0%,7.2%,59.0%,17.8%,34.0%
2022,Prefer not to say,All Schools,buycig_supermarker,from a supermarket,No,15,20,75.0%,41.0%,92.8%,34.0%,17.8%
2022,Prefer not to say,All Schools,buycig_supermarker,from a supermarket,Yes,5,20,25.0%,7.2%,59.0%,17.8%,34.0%
2022,Prefer not to say,All Schools,buydrug_bar,pubs/bars/clubs,No,20,20,100.0%,67.7%,100.0%,32.3%,0.0%
2022,Prefer not to say,All Schools,buydrug_bar,pubs/bars/clubs,Yes,0,20,0.0%,0.0%,32.3%,0.0%,32.3%
2022,Prefer not to say,All Schools,buydrug_friend,friend or relative,No,15,20,75.0%,41.0%,92.8%,34.0%,17.8%
2022,Prefer not to say,All Schools,buydrug_friend,friend or relative,Yes,5,20,25.0%,7.2%,59.0%,17.8%,34.0%
2022,Prefer not to say,All Schools,buydrug_internet,the internet,No,20,20,100.0%,67.7%,100.0%,32.3%,0.0%
2022,Prefer not to say,All Schools,buydrug_internet,the internet,Yes,0,20,0.0%,0.0%,32.3%,0.0%,32.3%
2022,Prefer not to say,All Schools,buydrug_other,other sources,No,20,25,80.0%,49.1%,94.3%,30.9%,14.3%
2022,Prefer not to say,All Schools,buydrug_other,other sources,Yes,5,25,20.0%,5.7%,50.9%,14.3%,30.9%
2022,Prefer not to say,All Schools,buydrug_school,school,No,20,25,80.0%,49.1%,94.3%,30.9%,14.3%
2022,Prefer not to say,All Schools,buydrug_school,school,Yes,5,25,20.0%,5.7%,50.9%,14.3%,30.9%
2022,Prefer not to say,All Schools,buydrug_streets,on the street,No,20,25,80.0%,49.1%,94.3%,30.9%,14.3%
2022,Prefer not to say,All Schools,buydrug_streets,on the street,Yes,5,25,20.0%,5.7%,50.9%,14.3%,30.9%
2022,Prefer not to say,All Schools,cannabis_exp,cannabis,No,10,20,50.0%,21.6%,78.4%,28.4%,28.4%
2022,Prefer not to say,All Schools,cannabis_exp,cannabis,Yes,10,20,50.0%,21.6%,78.4%,28.4%,28.4%
2022,Prefer not to say,All Schools,cannabis_offered,cannabis,No,190,190,100.0%,95.2%,100.0%,4.8%,0.0%
2022,Prefer not to say,All Schools,caring,"help to look after a family member with a serious, mental or physical, illness or disability",No,130,185,70.3%,59.1%,79.5%,11.2%,9.2%
2022,Prefer not to say,All Schools,caring,"help to look after a family member with a serious, mental or physical, illness or disability",Prefer not to say,40,185,21.6%,13.8%,32.2%,7.8%,10.6%
2022,Prefer not to say,All Schools,caring,"help to look after a family member with a serious, mental or physical, illness or disability",Yes,15,185,8.1%,3.8%,16.6%,4.3%,8.4%
2022,Prefer not to say,All Schools,carry_protection,carry weapons for protection when going out,Always,5,185,2.7%,0.7%,9.3%,2.0%,6.6%
2022,Prefer not to say,All Schools,carry_protection,carry weapons for protection when going out,Never,145,185,78.4%,67.8%,86.2%,10.6%,7.8%
2022,Prefer not to say,All Schools,carry_protection,carry weapons for protection when going out,Prefer not to say,20,185,10.8%,5.6%,19.9%,5.2%,9.1%
2022,Prefer not to say,All Schools,carry_protection,carry weapons for protection when going out,Sometimes,10,185,5.4%,2.1%,13.1%,3.3%,7.7%
2022,Prefer not to say,All Schools,carry_protection,carry weapons for protection when going out,Usually,5,185,2.7%,0.7%,9.3%,2.0%,6.6%
2022,Prefer not to say,All Schools,carry_protection_other,know anyone who carries a weapons for protection when going out,Don't know,40,175,22.9%,14.6%,33.9%,8.3%,11.1%
2022,Prefer not to say,All Schools,carry_protection_other,know anyone who carries a weapons for protection when going out,No,100,175,57.1%,45.5%,68.0%,11.6%,10.9%
2022,Prefer not to say,All Schools,carry_protection_other,know anyone who carries a weapons for protection when going out,Prefer not to say,20,175,11.4%,5.9%,20.9%,5.5%,9.5%
2022,Prefer not to say,All Schools,carry_protection_other,know anyone who carries a weapons for protection when going out,Yes,15,175,8.6%,4.0%,17.4%,4.6%,8.9%
2022,Prefer not to say,All Schools,cla,child looked after (lived with foster carers/care home),No,150,190,78.9%,68.5%,86.6%,10.4%,7.6%
2022,Prefer not to say,All Schools,cla,child looked after (lived with foster carers/care home),Prefer not to say,30,190,15.8%,9.3%,25.6%,6.5%,9.8%
2022,Prefer not to say,All Schools,cla,child looked after (lived with foster carers/care home),Yes,10,190,5.3%,2.1%,12.7%,3.2%,7.5%
2022,Prefer not to say,All Schools,clubs_arts,an arts and crafts group,Currently attending,15,165,9.1%,4.2%,18.4%,4.8%,9.3%
2022,Prefer not to say,All Schools,clubs_arts,an arts and crafts group,Don't want to attend,95,165,57.6%,45.6%,68.7%,12.0%,11.2%
2022,Prefer not to say,All Schools,clubs_arts,an arts and crafts group,Would like to attend,55,165,33.3%,23.2%,45.3%,10.2%,12.0%
2022,Prefer not to say,All Schools,clubs_doe,Duke of Edinburgh,Currently attending,20,155,12.9%,6.7%,23.4%,6.2%,10.5%
2022,Prefer not to say,All Schools,clubs_doe,Duke of Edinburgh,Don't want to attend,95,155,61.3%,48.9%,72.4%,12.4%,11.1%
2022,Prefer not to say,All Schools,clubs_doe,Duke of Edinburgh,Would like to attend,40,155,25.8%,16.6%,37.8%,9.2%,12.0%
2022,Prefer not to say,All Schools,clubs_music,a music club/group,Currently attending,35,160,21.9%,13.5%,33.4%,8.4%,11.5%
2022,Prefer not to say,All Schools,clubs_music,a music club/group,Don't want to attend,95,160,59.4%,47.2%,70.5%,12.2%,11.1%
2022,Prefer not to say,All Schools,clubs_music,a music club/group,Would like to attend,30,160,18.8%,11.1%,29.9%,7.7%,11.2%
2022,Prefer not to say,All Schools,clubs_other,other group,Currently attending,25,135,18.5%,10.4%,30.8%,8.1%,12.3%
2022,Prefer not to say,All Schools,clubs_other,other group,Don't want to attend,90,135,66.7%,53.4%,77.7%,13.3%,11.1%
2022,Prefer not to say,All Schools,clubs_other,other group,Would like to attend,20,135,14.8%,7.7%,26.6%,7.1%,11.7%
2022,Prefer not to say,All Schools,clubs_perform,a drama/performing arts/dance group,Currently attending,35,160,21.9%,13.5%,33.4%,8.4%,11.5%
2022,Prefer not to say,All Schools,clubs_perform,a drama/performing arts/dance group,Don't want to attend,100,160,62.5%,50.3%,73.3%,12.2%,10.8%
2022,Prefer not to say,All Schools,clubs_perform,a drama/performing arts/dance group,Would like to attend,25,160,15.6%,8.7%,26.4%,6.9%,10.8%
2022,Prefer not to say,All Schools,clubs_religion,a religious group,Currently attending,5,155,3.2%,0.9%,11.0%,2.3%,7.8%
2022,Prefer not to say,All Schools,clubs_religion,a religious group,Don't want to attend,145,155,93.5%,84.6%,97.5%,9.0%,3.9%
2022,Prefer not to say,All Schools,clubs_religion,a religious group,Would like to attend,5,155,3.2%,0.9%,11.0%,2.3%,7.8%
2022,Prefer not to say,All Schools,clubs_schoolclub,a club/group at school,Currently attending,70,165,42.4%,31.3%,54.4%,11.2%,12.0%
2022,Prefer not to say,All Schools,clubs_schoolclub,a club/group at school,Don't want to attend,75,165,45.5%,34.1%,57.4%,11.4%,11.9%
2022,Prefer not to say,All Schools,clubs_schoolclub,a club/group at school,Would like to attend,20,165,12.1%,6.3%,22.1%,5.8%,10.0%
2022,Prefer not to say,All Schools,clubs_sports,a sports group,Currently attending,70,170,41.2%,30.3%,53.0%,10.9%,11.8%
2022,Prefer not to say,All Schools,clubs_sports,a sports group,Don't want to attend,75,170,44.1%,33.0%,55.9%,11.1%,11.8%
2022,Prefer not to say,All Schools,clubs_sports,a sports group,Would like to attend,25,170,14.7%,8.2%,25.0%,6.5%,10.3%
2022,Prefer not to say,All Schools,clubs_syp,Services for Young People,Currently attending,10,155,6.5%,2.5%,15.4%,3.9%,9.0%
2022,Prefer not to say,All Schools,clubs_syp,Services for Young People,Don't want to attend,120,155,77.4%,65.6%,86.0%,11.8%,8.6%
2022,Prefer not to say,All Schools,clubs_syp,Services for Young People,Would like to attend,25,155,16.1%,9.0%,27.2%,7.1%,11.0%
2022,Prefer not to say,All Schools,clubs_uniformed,uniformed group,Currently attending,30,160,18.8%,11.1%,29.9%,7.7%,11.2%
2022,Prefer not to say,All Schools,clubs_uniformed,uniformed group,Don't want to attend,115,160,71.9%,59.9%,81.4%,12.0%,9.5%
2022,Prefer not to say,All Schools,clubs_uniformed,uniformed group,Would like to attend,15,160,9.4%,4.4%,18.9%,5.0%,9.6%
2022,Prefer not to say,All Schools,clubs_volunteering,volunteering/social action group,Currently attending,20,155,12.9%,6.7%,23.4%,6.2%,10.5%
2022,Prefer not to say,All Schools,clubs_volunteering,volunteering/social action group,Don't want to attend,100,155,64.5%,52.1%,75.2%,12.4%,10.7%
2022,Prefer not to say,All Schools,clubs_volunteering,volunteering/social action group,Would like to attend,35,155,22.6%,14.0%,34.4%,8.6%,11.8%
2022,Prefer not to say,All Schools,cocaine_exp,cocaine,No,15,20,75.0%,41.0%,92.8%,34.0%,17.8%
2022,Prefer not to say,All Schools,cocaine_exp,cocaine,Yes,5,20,25.0%,7.2%,59.0%,17.8%,34.0%
2022,Prefer not to say,All Schools,cocaine_offered,cocaine,No,190,190,100.0%,95.2%,100.0%,4.8%,0.0%
2022,Prefer not to say,All Schools,condition_adhd,ADHD,No,160,190,84.2%,74.4%,90.7%,9.8%,6.5%
2022,Prefer not to say,All Schools,condition_adhd,ADHD,Yes,30,190,15.8%,9.3%,25.6%,6.5%,9.8%
2022,Prefer not to say,All Schools,condition_autism,autism,No,160,190,84.2%,74.4%,90.7%,9.8%,6.5%
2022,Prefer not to say,All Schools,condition_autism,autism,Yes,30,190,15.8%,9.3%,25.6%,6.5%,9.8%
2022,Prefer not to say,All Schools,condition_disability,physical disability,No,175,185,94.6%,86.9%,97.9%,7.7%,3.3%
2022,Prefer not to say,All Schools,condition_disability,physical disability,Yes,10,185,5.4%,2.1%,13.1%,3.3%,7.7%
2022,Prefer not to say,All Schools,condition_mental,diagnosed mental health condition,No,155,185,83.8%,73.8%,90.5%,10.0%,6.7%
2022,Prefer not to say,All Schools,condition_mental,diagnosed mental health condition,Yes,30,185,16.2%,9.5%,26.2%,6.7%,10.0%
2022,Prefer not to say,All Schools,condition_physical,physical condition,No,150,185,81.1%,70.7%,88.4%,10.3%,7.3%
2022,Prefer not to say,All Schools,condition_physical,physical condition,Yes,35,185,18.9%,11.6%,29.3%,7.3%,10.3%
2022,Prefer not to say,All Schools,condition_send,special education need(s) or learning difficulty,No,160,185,86.5%,76.9%,92.5%,9.6%,6.0%
2022,Prefer not to say,All Schools,condition_send,special education need(s) or learning difficulty,Yes,25,185,13.5%,7.5%,23.1%,6.0%,9.6%
2022,Prefer not to say,All Schools,condoms_free,they know where they can get condoms for free,No,30,75,40.0%,24.6%,57.6%,15.4%,17.6%
2022,Prefer not to say,All Schools,condoms_free,they know where they can get condoms for free,Not sure,20,75,26.7%,14.2%,44.4%,12.5%,17.7%
2022,Prefer not to say,All Schools,condoms_free,they know where they can get condoms for free,Yes,25,75,33.3%,19.3%,51.2%,14.1%,17.8%
2022,Prefer not to say,All Schools,cope_alcohol,by drinking alcohol,No,175,185,94.6%,86.9%,97.9%,7.7%,3.3%
2022,Prefer not to say,All Schools,cope_alcohol,by drinking alcohol,Yes,10,185,5.4%,2.1%,13.1%,3.3%,7.7%
2022,Prefer not to say,All Schools,cope_counselling,by having counselling,No,170,190,89.5%,80.6%,94.6%,8.9%,5.1%
2022,Prefer not to say,All Schools,cope_counselling,by having counselling,Yes,20,190,10.5%,5.4%,19.4%,5.1%,8.9%
2022,Prefer not to say,All Schools,cope_creative,by doing creative activities,No,120,185,64.9%,53.5%,74.7%,11.3%,9.9%
2022,Prefer not to say,All Schools,cope_creative,by doing creative activities,Yes,65,185,35.1%,25.3%,46.5%,9.9%,11.3%
2022,Prefer not to say,All Schools,cope_drugs,by doing drugs,No,180,190,94.7%,87.3%,97.9%,7.5%,3.2%
2022,Prefer not to say,All Schools,cope_drugs,by doing drugs,Yes,10,190,5.3%,2.1%,12.7%,3.2%,7.5%
2022,Prefer not to say,All Schools,cope_eat,by eating more,No,150,190,78.9%,68.5%,86.6%,10.4%,7.6%
2022,Prefer not to say,All Schools,cope_eat,by eating more,Yes,40,190,21.1%,13.4%,31.5%,7.6%,10.4%
2022,Prefer not to say,All Schools,cope_exercise,by exercising,No,150,185,81.1%,70.7%,88.4%,10.3%,7.3%
2022,Prefer not to say,All Schools,cope_exercise,by exercising,Yes,35,185,18.9%,11.6%,29.3%,7.3%,10.3%
2022,Prefer not to say,All Schools,cope_games,by playing computer games,No,135,190,71.1%,60.1%,80.0%,11.0%,9.0%
2022,Prefer not to say,All Schools,cope_games,by playing computer games,Yes,55,190,28.9%,20.0%,39.9%,9.0%,11.0%
2022,Prefer not to say,All Schools,cope_internet,by looking for help online,No,165,185,89.2%,80.1%,94.4%,9.1%,5.2%
2022,Prefer not to say,All Schools,cope_internet,by looking for help online,Yes,20,185,10.8%,5.6%,19.9%,5.2%,9.1%
2022,Prefer not to say,All Schools,cope_music,by listening to music,No,70,190,36.8%,26.9%,48.0%,9.9%,11.2%
2022,Prefer not to say,All Schools,cope_music,by listening to music,Yes,120,190,63.2%,52.0%,73.1%,11.2%,9.9%
2022,Prefer not to say,All Schools,cope_nothing,by doing nothing,No,130,190,68.4%,57.3%,77.7%,11.1%,9.3%
2022,Prefer not to say,All Schools,cope_nothing,by doing nothing,Yes,60,190,31.6%,22.3%,42.7%,9.3%,11.1%
2022,Prefer not to say,All Schools,cope_other,by other methods,No,160,185,86.5%,76.9%,92.5%,9.6%,6.0%
2022,Prefer not to say,All Schools,cope_other,by other methods,Yes,25,185,13.5%,7.5%,23.1%,6.0%,9.6%
2022,Prefer not to say,All Schools,cope_selfharm,by self-harm,No,150,190,78.9%,68.5%,86.6%,10.4%,7.6%
2022,Prefer not to say,All Schools,cope_selfharm,by self-harm,Yes,40,190,21.1%,13.4%,31.5%,7.6%,10.4%
2022,Prefer not to say,All Schools,cope_smoke,by smoking,No,180,190,94.7%,87.3%,97.9%,7.5%,3.2%
2022,Prefer not to say,All Schools,cope_smoke,by smoking,Yes,10,190,5.3%,2.1%,12.7%,3.2%,7.5%
2022,Prefer not to say,All Schools,cope_talkadult,by talking to an adult that's not their carer,No,175,185,94.6%,86.9%,97.9%,7.7%,3.3%
2022,Prefer not to say,All Schools,cope_talkadult,by talking to an adult that's not their carer,Yes,10,185,5.4%,2.1%,13.1%,3.3%,7.7%
2022,Prefer not to say,All Schools,cope_talkfamily,by talking to family,No,140,185,75.7%,64.8%,84.0%,10.8%,8.3%
2022,Prefer not to say,All Schools,cope_talkfamily,by talking to family,Yes,45,185,24.3%,16.0%,35.2%,8.3%,10.8%
2022,Prefer not to say,All Schools,cope_talkfriend,by talking to a friend,No,125,190,65.8%,54.6%,75.4%,11.2%,9.7%
2022,Prefer not to say,All Schools,cope_talkfriend,by talking to a friend,Yes,65,190,34.2%,24.6%,45.4%,9.7%,11.2%
2022,Prefer not to say,All Schools,cope_think,by thinking of a solution on their own,No,135,185,73.0%,61.9%,81.7%,11.0%,8.8%
2022,Prefer not to say,All Schools,cope_think,by thinking of a solution on their own,Yes,50,185,27.0%,18.3%,38.1%,8.8%,11.0%
2022,Prefer not to say,All Schools,crack_exp,crack,No,15,20,75.0%,41.0%,92.8%,34.0%,17.8%
2022,Prefer not to say,All Schools,crack_exp,crack,Yes,5,20,25.0%,7.2%,59.0%,17.8%,34.0%
2022,Prefer not to say,All Schools,crack_offered,crack,No,190,190,100.0%,95.2%,100.0%,4.8%,0.0%
2022,Prefer not to say,All Schools,dentist,check-up at the dentist within the last year,No,40,185,21.6%,13.8%,32.2%,7.8%,10.6%
2022,Prefer not to say,All Schools,dentist,check-up at the dentist within the last year,Yes,145,185,78.4%,67.8%,86.2%,10.6%,7.8%
2022,Prefer not to say,All Schools,diet_breakfast,breakfast,2-3 days a week,20,185,10.8%,5.6%,19.9%,5.2%,9.1%
2022,Prefer not to say,All Schools,diet_breakfast,breakfast,On most days,105,185,56.8%,45.4%,67.4%,11.3%,10.6%
2022,Prefer not to say,All Schools,diet_breakfast,breakfast,Once a week or less,15,185,8.1%,3.8%,16.6%,4.3%,8.4%
2022,Prefer not to say,All Schools,diet_breakfast,breakfast,Rarely or never,45,185,24.3%,16.0%,35.2%,8.3%,10.8%
2022,Prefer not to say,All Schools,diet_energydrinks,energy drinks,2-3 days a week,15,185,8.1%,3.8%,16.6%,4.3%,8.4%
2022,Prefer not to say,All Schools,diet_energydrinks,energy drinks,On most days,10,185,5.4%,2.1%,13.1%,3.3%,7.7%
2022,Prefer not to say,All Schools,diet_energydrinks,energy drinks,Once a week or less,25,185,13.5%,7.5%,23.1%,6.0%,9.6%
2022,Prefer not to say,All Schools,diet_energydrinks,energy drinks,Rarely or never,135,185,73.0%,61.9%,81.7%,11.0%,8.8%
2022,Prefer not to say,All Schools,diet_fastfood,fast food and takeaway,2-3 days a week,15,180,8.3%,3.9%,17.0%,4.4%,8.6%
2022,Prefer not to say,All Schools,diet_fastfood,fast food and takeaway,On most days,5,180,2.8%,0.8%,9.5%,2.0%,6.8%
2022,Prefer not to say,All Schools,diet_fastfood,fast food and takeaway,Once a week or less,95,180,52.8%,41.4%,63.8%,11.3%,11.1%
2022,Prefer not to say,All Schools,diet_fastfood,fast food and takeaway,Rarely or never,65,180,36.1%,26.0%,47.6%,10.1%,11.5%
2022,Prefer not to say,All Schools,diet_fizzydrinks,fizzy drinks,2-3 days a week,30,185,16.2%,9.5%,26.2%,6.7%,10.0%
2022,Prefer not to say,All Schools,diet_fizzydrinks,fizzy drinks,On most days,20,185,10.8%,5.6%,19.9%,5.2%,9.1%
2022,Prefer not to say,All Schools,diet_fizzydrinks,fizzy drinks,Once a week or less,70,185,37.8%,27.7%,49.2%,10.2%,11.4%
2022,Prefer not to say,All Schools,diet_fizzydrinks,fizzy drinks,Rarely or never,65,185,35.1%,25.3%,46.5%,9.9%,11.3%
2022,Prefer not to say,All Schools,diet_sweets,sweets or chocolate,2-3 days a week,60,180,33.3%,23.6%,44.8%,9.8%,11.5%
2022,Prefer not to say,All Schools,diet_sweets,sweets or chocolate,On most days,60,180,33.3%,23.6%,44.8%,9.8%,11.5%
2022,Prefer not to say,All Schools,diet_sweets,sweets or chocolate,Once a week or less,45,180,25.0%,16.5%,36.1%,8.5%,11.1%
2022,Prefer not to say,All Schools,diet_sweets,sweets or chocolate,Rarely or never,15,180,8.3%,3.9%,17.0%,4.4%,8.6%
2022,Prefer not to say,All Schools,diet_water,water,2-3 days a week,15,175,8.6%,4.0%,17.4%,4.6%,8.9%
2022,Prefer not to say,All Schools,diet_water,water,On most days,145,175,82.9%,72.4%,89.9%,10.4%,7.0%
2022,Prefer not to say,All Schools,diet_water,water,Once a week or less,0,175,0.0%,0.0%,5.2%,0.0%,5.2%
2022,Prefer not to say,All Schools,diet_water,water,Rarely or never,15,175,8.6%,4.0%,17.4%,4.6%,8.9%
2022,Prefer not to say,All Schools,drug_ever,the best statement that describes them regarding recreational drug use,I have never taken drugs,165,180,91.7%,83.0%,96.1%,8.6%,4.4%
2022,Prefer not to say,All Schools,drug_ever,the best statement that describes them regarding recreational drug use,I have taken drugs once or twice,10,180,5.6%,2.2%,13.4%,3.4%,7.8%
2022,Prefer not to say,All Schools,drug_ever,the best statement that describes them regarding recreational drug use,I take drugs occasionally (less than once a week),0,180,0.0%,0.0%,5.0%,0.0%,5.0%
2022,Prefer not to say,All Schools,drug_ever,the best statement that describes them regarding recreational drug use,I take drugs regularly (once a week or more),5,180,2.8%,0.8%,9.5%,2.0%,6.8%
2022,Prefer not to say,All Schools,drug_ever,the best statement that describes them regarding recreational drug use,"I used to take drugs, but I don’t now",0,180,0.0%,0.0%,5.0%,0.0%,5.0%
2022,Prefer not to say,All Schools,drug_reduce,if they want to reduce or stop taking drugs,I'd like to reduce the amount I take but not stop,0,15,0.0%,0.0%,38.9%,0.0%,38.9%
2022,Prefer not to say,All Schools,drug_reduce,if they want to reduce or stop taking drugs,"No, I want to keep taking drugs",10,15,66.7%,30.1%,90.3%,36.6%,23.6%
2022,Prefer not to say,All Schools,drug_reduce,if they want to reduce or stop taking drugs,"Yes, I'd like to stop taking drugs",5,15,33.3%,9.7%,69.9%,23.6%,36.6%
2022,Prefer not to say,All Schools,drugs_alcohol,ever taken drugs and drunk alcohol on the same occasion,No,5,15,33.3%,9.7%,69.9%,23.6%,36.6%
2022,Prefer not to say,All Schools,drugs_alcohol,ever taken drugs and drunk alcohol on the same occasion,Not sure,0,15,0.0%,0.0%,38.9%,0.0%,38.9%
2022,Prefer not to say,All Schools,drugs_alcohol,ever taken drugs and drunk alcohol on the same occasion,Yes,10,15,66.7%,30.1%,90.3%,36.6%,23.6%
2022,Prefer not to say,All Schools,drugsupp_doctor,from a doctor,No,140,185,75.7%,64.8%,84.0%,10.8%,8.3%
2022,Prefer not to say,All Schools,drugsupp_doctor,from a doctor,Yes,45,185,24.3%,16.0%,35.2%,8.3%,10.8%
2022,Prefer not to say,All Schools,drugsupp_family,from family,No,95,185,51.4%,40.2%,62.4%,11.1%,11.0%
2022,Prefer not to say,All Schools,drugsupp_family,from family,Yes,90,185,48.6%,37.6%,59.8%,11.0%,11.1%
2022,Prefer not to say,All Schools,drugsupp_friends,from friends,No,115,190,60.5%,49.3%,70.7%,11.2%,10.2%
2022,Prefer not to say,All Schools,drugsupp_friends,from friends,Yes,75,190,39.5%,29.3%,50.7%,10.2%,11.2%
2022,Prefer not to say,All Schools,drugsupp_internet,from the internet,No,120,185,64.9%,53.5%,74.7%,11.3%,9.9%
2022,Prefer not to say,All Schools,drugsupp_internet,from the internet,Yes,65,185,35.1%,25.3%,46.5%,9.9%,11.3%
2022,Prefer not to say,All Schools,drugsupp_other,from other sources,No,155,185,83.8%,73.8%,90.5%,10.0%,6.7%
2022,Prefer not to say,All Schools,drugsupp_other,from other sources,Yes,30,185,16.2%,9.5%,26.2%,6.7%,10.0%
2022,Prefer not to say,All Schools,drugsupp_teacher,from a teacher,No,150,190,78.9%,68.5%,86.6%,10.4%,7.6%
2022,Prefer not to say,All Schools,drugsupp_teacher,from a teacher,Yes,40,190,21.1%,13.4%,31.5%,7.6%,10.4%
2022,Prefer not to say,All Schools,drugsupp_ypservice,from Drug & Alcohol Services for young people,No,155,190,81.6%,71.5%,88.7%,10.1%,7.1%
2022,Prefer not to say,All Schools,drugsupp_ypservice,from Drug & Alcohol Services for young people,Yes,35,190,18.4%,11.3%,28.5%,7.1%,10.1%
2022,Prefer not to say,All Schools,drugsupp_yw,from a Youth Worker,No,175,185,94.6%,86.9%,97.9%,7.7%,3.3%
2022,Prefer not to say,All Schools,drugsupp_yw,from a Youth Worker,Yes,10,185,5.4%,2.1%,13.1%,3.3%,7.7%
2022,Prefer not to say,All Schools,ecstasy_exp,ecstasy,No,15,20,75.0%,41.0%,92.8%,34.0%,17.8%
2022,Prefer not to say,All Schools,ecstasy_exp,ecstasy,Yes,5,20,25.0%,7.2%,59.0%,17.8%,34.0%
2022,Prefer not to say,All Schools,ecstasy_offered,ecstasy,No,190,190,100.0%,95.2%,100.0%,4.8%,0.0%
2022,Prefer not to say,All Schools,ethnicity,ethnicity,Any other ethnic group,5,170,2.9%,0.8%,10.1%,2.1%,7.1%
2022,Prefer not to say,All Schools,ethnicity,ethnicity,Asian,20,170,11.8%,6.1%,21.5%,5.7%,9.7%
2022,Prefer not to say,All Schools,ethnicity,ethnicity,Black,10,170,5.9%,2.3%,14.1%,3.6%,8.3%
2022,Prefer not to say,All Schools,ethnicity,ethnicity,Mixed,0,170,0.0%,0.0%,5.3%,0.0%,5.3%
2022,Prefer not to say,All Schools,ethnicity,ethnicity,Prefer not to say,15,170,8.8%,4.1%,17.9%,4.7%,9.1%
2022,Prefer not to say,All Schools,ethnicity,ethnicity,White,120,170,70.6%,58.9%,80.1%,11.7%,9.5%
2022,Prefer not to say,All Schools,hallucinogen_natural_exp,hallucinogens,No,15,20,75.0%,41.0%,92.8%,34.0%,17.8%
2022,Prefer not to say,All Schools,hallucinogen_natural_exp,hallucinogens,Yes,5,20,25.0%,7.2%,59.0%,17.8%,34.0%
2022,Prefer not to say,All Schools,hallucinogen_offered,hallucinogens,No,190,190,100.0%,95.2%,100.0%,4.8%,0.0%
2022,Prefer not to say,All Schools,heroin_exp,heroin,No,15,20,75.0%,41.0%,92.8%,34.0%,17.8%
2022,Prefer not to say,All Schools,heroin_exp,heroin,Yes,5,20,25.0%,7.2%,59.0%,17.8%,34.0%
2022,Prefer not to say,All Schools,heroin_offered,heroin,No,190,190,100.0%,95.2%,100.0%,4.8%,0.0%
2022,Prefer not to say,All Schools,herts_just_talk,have heard of Herts Just Talk,No,80,185,43.2%,32.6%,54.6%,10.6%,11.3%
2022,Prefer not to say,All Schools,herts_just_talk,have heard of Herts Just Talk,Unsure,20,185,10.8%,5.6%,19.9%,5.2%,9.1%
2022,Prefer not to say,All Schools,herts_just_talk,have heard of Herts Just Talk,Yes,45,185,24.3%,16.0%,35.2%,8.3%,10.8%
2022,Prefer not to say,All Schools,herts_just_talk,have heard of Herts Just Talk,"Yes I’ve heard of it, but I’m not sure what it is",40,185,21.6%,13.8%,32.2%,7.8%,10.6%
2022,Prefer not to say,All Schools,home_shouting,have ever been frightened by any shouting and arguing between adults or older siblings at home in the last month,Most days/Every day,25,180,13.9%,7.7%,23.7%,6.2%,9.8%
2022,Prefer not to say,All Schools,home_shouting,have ever been frightened by any shouting and arguing between adults or older siblings at home in the last month,No,75,180,41.7%,31.0%,53.2%,10.7%,11.5%
2022,Prefer not to say,All Schools,home_shouting,have ever been frightened by any shouting and arguing between adults or older siblings at home in the last month,Once a week,15,180,8.3%,3.9%,17.0%,4.4%,8.6%
2022,Prefer not to say,All Schools,home_shouting,have ever been frightened by any shouting and arguing between adults or older siblings at home in the last month,Once or twice,30,180,16.7%,9.8%,26.9%,6.9%,10.2%
2022,Prefer not to say,All Schools,home_shouting,have ever been frightened by any shouting and arguing between adults or older siblings at home in the last month,Prefer not to say,35,180,19.4%,12.0%,30.0%,7.5%,10.6%
2022,Prefer not to say,All Schools,home_violence,"if there has been any violence (e.g. hitting, punching, slapping) between adults or older siblings at home in the last month",Most days/Every day,5,185,2.7%,0.7%,9.3%,2.0%,6.6%
2022,Prefer not to say,All Schools,home_violence,"if there has been any violence (e.g. hitting, punching, slapping) between adults or older siblings at home in the last month",No,140,185,75.7%,64.8%,84.0%,10.8%,8.3%
2022,Prefer not to say,All Schools,home_violence,"if there has been any violence (e.g. hitting, punching, slapping) between adults or older siblings at home in the last month",Once or twice,10,185,5.4%,2.1%,13.1%,3.3%,7.7%
2022,Prefer not to say,All Schools,home_violence,"if there has been any violence (e.g. hitting, punching, slapping) between adults or older siblings at home in the last month",Prefer not to say,30,185,16.2%,9.5%,26.2%,6.7%,10.0%
2022,Prefer not to say,All Schools,hopeful_future,feel hopeful about their future,Always,10,185,5.4%,2.1%,13.1%,3.3%,7.7%
2022,Prefer not to say,All Schools,hopeful_future,feel hopeful about their future,Never,35,185,18.9%,11.6%,29.3%,7.3%,10.3%
2022,Prefer not to say,All Schools,hopeful_future,feel hopeful about their future,Often,50,185,27.0%,18.3%,38.1%,8.8%,11.0%
2022,Prefer not to say,All Schools,hopeful_future,feel hopeful about their future,Sometimes,90,185,48.6%,37.6%,59.8%,11.0%,11.1%
2022,Prefer not to say,All Schools,imd_quintile,for their resident postcode,Quintile 1 - Most Deprived,10,185,5.4%,2.1%,13.1%,3.3%,7.7%
2022,Prefer not to say,All Schools,imd_quintile,for their resident postcode,Quintile 2,25,185,13.5%,7.5%,23.1%,6.0%,9.6%
2022,Prefer not to say,All Schools,imd_quintile,for their resident postcode,Quintile 3,25,185,13.5%,7.5%,23.1%,6.0%,9.6%
2022,Prefer not to say,All Schools,imd_quintile,for their resident postcode,Quintile 4,20,185,10.8%,5.6%,19.9%,5.2%,9.1%
2022,Prefer not to say,All Schools,imd_quintile,for their resident postcode,Quintile 5 - Least Deprived,25,185,13.5%,7.5%,23.1%,6.0%,9.6%
2022,Prefer not to say,All Schools,imd_quintile,for their resident postcode,unknown,80,185,43.2%,32.6%,54.6%,10.6%,11.3%
2022,Prefer not to say,All Schools,internet_info_provided,have been provided with online safety info,No,50,180,27.8%,18.8%,39.0%,9.0%,11.2%
2022,Prefer not to say,All Schools,internet_info_provided,have been provided with online safety info,Yes,130,180,72.2%,61.0%,81.2%,11.2%,9.0%
2022,Prefer not to say,All Schools,internet_met,have ever met someone in real life whom they first met online,No,140,180,77.8%,66.9%,85.8%,10.8%,8.0%
2022,Prefer not to say,All Schools,internet_met,have ever met someone in real life whom they first met online,Yes,40,180,22.2%,14.2%,33.1%,8.0%,10.8%
2022,Prefer not to say,All Schools,internet_personalinfo,have ever shared personal information with someone they have not met in real life,No,135,180,75.0%,63.9%,83.5%,11.1%,8.5%
2022,Prefer not to say,All Schools,internet_personalinfo,have ever shared personal information with someone they have not met in real life,Yes,45,180,25.0%,16.5%,36.1%,8.5%,11.1%
2022,Prefer not to say,All Schools,internet_pictures_pressure,have ever felt pressured to send pictures of themselves to someone,No,145,180,80.6%,70.0%,88.0%,10.6%,7.5%
2022,Prefer not to say,All Schools,internet_pictures_pressure,have ever felt pressured to send pictures of themselves to someone,Yes,35,180,19.4%,12.0%,30.0%,7.5%,10.6%
2022,Prefer not to say,All Schools,internet_pictures_upset,have ever seen a picture or post that scared them,No,100,180,55.6%,44.1%,66.4%,11.4%,10.9%
2022,Prefer not to say,All Schools,internet_pictures_upset,have ever seen a picture or post that scared them,Yes,80,180,44.4%,33.6%,55.9%,10.9%,11.4%
2022,Prefer not to say,All Schools,ketamine_exp,ketamine,No,15,20,75.0%,41.0%,92.8%,34.0%,17.8%
2022,Prefer not to say,All Schools,ketamine_exp,ketamine,Yes,5,20,25.0%,7.2%,59.0%,17.8%,34.0%
2022,Prefer not to say,All Schools,ketamine_offered,ketamine,No,190,190,100.0%,95.2%,100.0%,4.8%,0.0%
2022,Prefer not to say,All Schools,khat_exp,khat,No,20,25,80.0%,49.1%,94.3%,30.9%,14.3%
2022,Prefer not to say,All Schools,khat_exp,khat,Yes,5,25,20.0%,5.7%,50.9%,14.3%,30.9%
2022,Prefer not to say,All Schools,khat_offered,khat,No,190,190,100.0%,95.2%,100.0%,4.8%,0.0%
2022,Prefer not to say,All Schools,life_happyyesterday,how happy they felt yesterday overall on a scale low to high,high,40,185,21.6%,13.8%,32.2%,7.8%,10.6%
2022,Prefer not to say,All Schools,life_happyyesterday,how happy they felt yesterday overall on a scale low to high,low,80,185,43.2%,32.6%,54.6%,10.6%,11.3%
2022,Prefer not to say,All Schools,life_happyyesterday,how happy they felt yesterday overall on a scale low to high,medium,40,185,21.6%,13.8%,32.2%,7.8%,10.6%
2022,Prefer not to say,All Schools,life_happyyesterday,how happy they felt yesterday overall on a scale low to high,very high,25,185,13.5%,7.5%,23.1%,6.0%,9.6%
2022,Prefer not to say,All Schools,life_satisfied,about how satisfied they with their life on a scale of low to high,high,35,190,18.4%,11.3%,28.5%,7.1%,10.1%
2022,Prefer not to say,All Schools,life_satisfied,about how satisfied they with their life on a scale of low to high,low,80,190,42.1%,31.7%,53.3%,10.4%,11.2%
2022,Prefer not to say,All Schools,life_satisfied,about how satisfied they with their life on a scale of low to high,medium,50,190,26.3%,17.7%,37.1%,8.6%,10.8%
2022,Prefer not to say,All Schools,life_satisfied,about how satisfied they with their life on a scale of low to high,very high,25,190,13.2%,7.3%,22.5%,5.8%,9.4%
2022,Prefer not to say,All Schools,life_worthwhile,the extent to which they feel the things they do in their life are worthwhile on a scale of low to high,high,35,190,18.4%,11.3%,28.5%,7.1%,10.1%
2022,Prefer not to say,All Schools,life_worthwhile,the extent to which they feel the things they do in their life are worthwhile on a scale of low to high,low,85,190,44.7%,34.1%,55.9%,10.6%,11.1%
2022,Prefer not to say,All Schools,life_worthwhile,the extent to which they feel the things they do in their life are worthwhile on a scale of low to high,medium,40,190,21.1%,13.4%,31.5%,7.6%,10.4%
2022,Prefer not to say,All Schools,life_worthwhile,the extent to which they feel the things they do in their life are worthwhile on a scale of low to high,very high,30,190,15.8%,9.3%,25.6%,6.5%,9.8%
2022,Prefer not to say,All Schools,mental_121,1-2-1 sessions,No,190,190,100.0%,95.2%,100.0%,4.8%,0.0%
2022,Prefer not to say,All Schools,mental_accessed,have ever accessed mental health services before,No,90,185,48.6%,37.6%,59.8%,11.0%,11.1%
2022,Prefer not to say,All Schools,mental_accessed,have ever accessed mental health services before,Not sure,25,185,13.5%,7.5%,23.1%,6.0%,9.6%
2022,Prefer not to say,All Schools,mental_accessed,have ever accessed mental health services before,Prefer not to say,20,185,10.8%,5.6%,19.9%,5.2%,9.1%
2022,Prefer not to say,All Schools,mental_accessed,have ever accessed mental health services before,Yes,50,185,27.0%,18.3%,38.1%,8.8%,11.0%
2022,Prefer not to say,All Schools,mental_accessed_helpful,how helpful they found the mental health support,A little,15,50,30.0%,14.6%,51.8%,15.4%,21.8%
2022,Prefer not to say,All Schools,mental_accessed_helpful,how helpful they found the mental health support,Neither helpful nor unhelpful,5,50,10.0%,2.8%,30.0%,7.2%,20.0%
2022,Prefer not to say,All Schools,mental_accessed_helpful,how helpful they found the mental health support,Not helpful,10,50,20.0%,8.1%,41.5%,11.9%,21.5%
2022,Prefer not to say,All Schools,mental_accessed_helpful,how helpful they found the mental health support,Not very helpful,10,50,20.0%,8.1%,41.5%,11.9%,21.5%
2022,Prefer not to say,All Schools,mental_accessed_helpful,how helpful they found the mental health support,Very,10,50,20.0%,8.1%,41.5%,11.9%,21.5%
2022,Prefer not to say,All Schools,mental_activesupport,activity-based support (e.g. drama therapy),No,190,190,100.0%,95.2%,100.0%,4.8%,0.0%
2022,Prefer not to say,All Schools,mental_charity,charities,No,180,185,97.3%,90.7%,99.3%,6.6%,2.0%
2022,Prefer not to say,All Schools,mental_charity,charities,Yes,5,185,2.7%,0.7%,9.3%,2.0%,6.6%
2022,Prefer not to say,All Schools,mental_clinic,a mental health clinic,No,155,185,83.8%,73.8%,90.5%,10.0%,6.7%
2022,Prefer not to say,All Schools,mental_clinic,a mental health clinic,Yes,30,185,16.2%,9.5%,26.2%,6.7%,10.0%
2022,Prefer not to say,All Schools,mental_doctor,a doctor,No,160,190,84.2%,74.4%,90.7%,9.8%,6.5%
2022,Prefer not to say,All Schools,mental_doctor,a doctor,Yes,30,190,15.8%,9.3%,25.6%,6.5%,9.8%
2022,Prefer not to say,All Schools,mental_groupwork,Group work,No,190,190,100.0%,95.2%,100.0%,4.8%,0.0%
2022,Prefer not to say,All Schools,mental_howaccess,"know how to access services if they are worried about, or are looking for more information about their mental health",No,35,180,19.4%,12.0%,30.0%,7.5%,10.6%
2022,Prefer not to say,All Schools,mental_howaccess,"know how to access services if they are worried about, or are looking for more information about their mental health",Not sure,55,180,30.6%,21.1%,41.9%,9.4%,11.4%
2022,Prefer not to say,All Schools,mental_howaccess,"know how to access services if they are worried about, or are looking for more information about their mental health",Yes,90,180,50.0%,38.8%,61.2%,11.2%,11.2%
2022,Prefer not to say,All Schools,mental_internet,online,No,190,190,100.0%,95.2%,100.0%,4.8%,0.0%
2022,Prefer not to say,All Schools,mental_none,other,No,125,190,65.8%,54.6%,75.4%,11.2%,9.7%
2022,Prefer not to say,All Schools,mental_none,other,Yes,65,190,34.2%,24.6%,45.4%,9.7%,11.2%
2022,Prefer not to say,All Schools,mental_nurse,a school nurse,No,185,190,97.4%,90.9%,99.3%,6.4%,1.9%
2022,Prefer not to say,All Schools,mental_nurse,a school nurse,Yes,5,190,2.6%,0.7%,9.1%,1.9%,6.4%
2022,Prefer not to say,All Schools,mental_parents,parents/carers,No,95,190,50.0%,39.1%,60.9%,10.9%,10.9%
2022,Prefer not to say,All Schools,mental_parents,parents/carers,Yes,95,190,50.0%,39.1%,60.9%,10.9%,10.9%
2022,Prefer not to say,All Schools,mental_school,the school,No,140,190,73.7%,62.9%,82.3%,10.8%,8.6%
2022,Prefer not to say,All Schools,mental_school,the school,Yes,50,190,26.3%,17.7%,37.1%,8.6%,10.8%
2022,Prefer not to say,All Schools,mental_talk,"agree with the statement ""It's okay for me to talk about my mental health.""",No,40,185,21.6%,13.8%,32.2%,7.8%,10.6%
2022,Prefer not to say,All Schools,mental_talk,"agree with the statement ""It's okay for me to talk about my mental health.""",Not sure,50,185,27.0%,18.3%,38.1%,8.8%,11.0%
2022,Prefer not to say,All Schools,mental_talk,"agree with the statement ""It's okay for me to talk about my mental health.""",Yes,95,185,51.4%,40.2%,62.4%,11.1%,11.0%
2022,Prefer not to say,All Schools,mental_type_121,1-2-1s (in person),No,115,185,62.2%,50.8%,72.3%,11.4%,10.2%
2022,Prefer not to say,All Schools,mental_type_121,1-2-1s (in person),Yes,70,185,37.8%,27.7%,49.2%,10.2%,11.4%
2022,Prefer not to say,All Schools,mental_type_group,groupwork,No,145,185,78.4%,67.8%,86.2%,10.6%,7.8%
2022,Prefer not to say,All Schools,mental_type_group,groupwork,Yes,40,185,21.6%,13.8%,32.2%,7.8%,10.6%
2022,Prefer not to say,All Schools,mental_type_online,online support,No,130,185,70.3%,59.1%,79.5%,11.2%,9.2%
2022,Prefer not to say,All Schools,mental_type_online,online support,Yes,55,185,29.7%,20.5%,40.9%,9.2%,11.2%
2022,Prefer not to say,All Schools,mental_type_other,other types of support,No,130,190,68.4%,57.3%,77.7%,11.1%,9.3%
2022,Prefer not to say,All Schools,mental_type_other,other types of support,Yes,60,190,31.6%,22.3%,42.7%,9.3%,11.1%
2022,Prefer not to say,All Schools,mental_type_phone,phone counselling,No,170,185,91.9%,83.4%,96.2%,8.4%,4.3%
2022,Prefer not to say,All Schools,mental_type_phone,phone counselling,Yes,15,185,8.1%,3.8%,16.6%,4.3%,8.4%
2022,Prefer not to say,All Schools,mental_youthservice,the Youth Service,No,180,190,94.7%,87.3%,97.9%,7.5%,3.2%
2022,Prefer not to say,All Schools,mental_youthservice,the Youth Service,Yes,10,190,5.3%,2.1%,12.7%,3.2%,7.5%
2022,Prefer not to say,All Schools,mephedrone_exp,mephedrone,No,20,25,80.0%,49.1%,94.3%,30.9%,14.3%
2022,Prefer not to say,All Schools,mephedrone_exp,mephedrone,Yes,5,25,20.0%,5.7%,50.9%,14.3%,30.9%
2022,Prefer not to say,All Schools,mephedrone_offered,mephedrone,No,190,190,100.0%,95.2%,100.0%,4.8%,0.0%
2022,Prefer not to say,All Schools,nitrous_oxide_exp,nitrous oxide,No,15,20,75.0%,41.0%,92.8%,34.0%,17.8%
2022,Prefer not to say,All Schools,nitrous_oxide_exp,nitrous oxide,Yes,5,20,25.0%,7.2%,59.0%,17.8%,34.0%
2022,Prefer not to say,All Schools,nitrous_oxide_offered,nitrous oxide,No,190,190,100.0%,95.2%,100.0%,4.8%,0.0%
2022,Prefer not to say,All Schools,nps_exp,novel psychoactive substances,No,20,25,80.0%,49.1%,94.3%,30.9%,14.3%
2022,Prefer not to say,All Schools,nps_exp,novel psychoactive substances,Yes,5,25,20.0%,5.7%,50.9%,14.3%,30.9%
2022,Prefer not to say,All Schools,nps_offered,novel psychoactive substances,No,190,190,100.0%,95.2%,100.0%,4.8%,0.0%
2022,Prefer not to say,All Schools,pa_30,how many days in the past week had they done 30-59 minutes of physical activity,1 to 3,90,190,47.4%,36.6%,58.4%,10.8%,11.0%
2022,Prefer not to say,All Schools,pa_30,how many days in the past week had they done 30-59 minutes of physical activity,4 to 5,30,190,15.8%,9.3%,25.6%,6.5%,9.8%
2022,Prefer not to say,All Schools,pa_30,how many days in the past week had they done 30-59 minutes of physical activity,6 to 7,10,190,5.3%,2.1%,12.7%,3.2%,7.5%
2022,Prefer not to say,All Schools,pa_30,how many days in the past week had they done 30-59 minutes of physical activity,none,60,190,31.6%,22.3%,42.7%,9.3%,11.1%
2022,Prefer not to say,All Schools,pa_60,how many days in the past week had they done a total of 60 minutes or more of physical activity,1 to 3,70,190,36.8%,26.9%,48.0%,9.9%,11.2%
2022,Prefer not to say,All Schools,pa_60,how many days in the past week had they done a total of 60 minutes or more of physical activity,4 to 5,30,190,15.8%,9.3%,25.6%,6.5%,9.8%
2022,Prefer not to say,All Schools,pa_60,how many days in the past week had they done a total of 60 minutes or more of physical activity,6 to 7,20,190,10.5%,5.4%,19.4%,5.1%,8.9%
2022,Prefer not to say,All Schools,pa_60,how many days in the past week had they done a total of 60 minutes or more of physical activity,none,70,190,36.8%,26.9%,48.0%,9.9%,11.2%
2022,Prefer not to say,All Schools,pa_fri,Friday,0-29 minutes,65,180,36.1%,26.0%,47.6%,10.1%,11.5%
2022,Prefer not to say,All Schools,pa_fri,Friday,30-59 minutes,60,180,33.3%,23.6%,44.8%,9.8%,11.5%
2022,Prefer not to say,All Schools,pa_fri,Friday,60 or more minutes,55,180,30.6%,21.1%,41.9%,9.4%,11.4%
2022,Prefer not to say,All Schools,pa_mon,Monday,0-29 minutes,65,180,36.1%,26.0%,47.6%,10.1%,11.5%
2022,Prefer not to say,All Schools,pa_mon,Monday,30-59 minutes,60,180,33.3%,23.6%,44.8%,9.8%,11.5%
2022,Prefer not to say,All Schools,pa_mon,Monday,60 or more minutes,55,180,30.6%,21.1%,41.9%,9.4%,11.4%
2022,Prefer not to say,All Schools,pa_sat,Saturday,0-29 minutes,75,175,42.9%,32.0%,54.5%,10.9%,11.6%
2022,Prefer not to say,All Schools,pa_sat,Saturday,30-59 minutes,45,175,25.7%,16.9%,37.0%,8.8%,11.3%
2022,Prefer not to say,All Schools,pa_sat,Saturday,60 or more minutes,55,175,31.4%,21.8%,43.0%,9.6%,11.6%
2022,Prefer not to say,All Schools,pa_sun,Sunday,0-29 minutes,85,175,48.6%,37.3%,60.0%,11.3%,11.4%
2022,Prefer not to say,All Schools,pa_sun,Sunday,30-59 minutes,35,175,20.0%,12.3%,30.8%,7.7%,10.8%
2022,Prefer not to say,All Schools,pa_sun,Sunday,60 or more minutes,55,175,31.4%,21.8%,43.0%,9.6%,11.6%
2022,Prefer not to say,All Schools,pa_thurs,Thursday,0-29 minutes,55,180,30.6%,21.1%,41.9%,9.4%,11.4%
2022,Prefer not to say,All Schools,pa_thurs,Thursday,30-59 minutes,60,180,33.3%,23.6%,44.8%,9.8%,11.5%
2022,Prefer not to say,All Schools,pa_thurs,Thursday,60 or more minutes,65,180,36.1%,26.0%,47.6%,10.1%,11.5%
2022,Prefer not to say,All Schools,pa_tues,Tuesday,0-29 minutes,50,175,28.6%,19.3%,40.0%,9.2%,11.4%
2022,Prefer not to say,All Schools,pa_tues,Tuesday,30-59 minutes,70,175,40.0%,29.4%,51.7%,10.6%,11.7%
2022,Prefer not to say,All Schools,pa_tues,Tuesday,60 or more minutes,55,175,31.4%,21.8%,43.0%,9.6%,11.6%
2022,Prefer not to say,All Schools,pa_wed,Wednesday,0-29 minutes,60,175,34.3%,24.3%,45.9%,10.0%,11.6%
2022,Prefer not to say,All Schools,pa_wed,Wednesday,30-59 minutes,55,175,31.4%,21.8%,43.0%,9.6%,11.6%
2022,Prefer not to say,All Schools,pa_wed,Wednesday,60 or more minutes,60,175,34.3%,24.3%,45.9%,10.0%,11.6%
2022,Prefer not to say,All Schools,poppers_exp,poppers,No,20,25,80.0%,49.1%,94.3%,30.9%,14.3%
2022,Prefer not to say,All Schools,poppers_exp,poppers,Yes,5,25,20.0%,5.7%,50.9%,14.3%,30.9%
2022,Prefer not to say,All Schools,poppers_offered,poppers,No,190,190,100.0%,95.2%,100.0%,4.8%,0.0%
2022,Prefer not to say,All Schools,portions,portions of fruits or vegetables,0,25,185,13.5%,7.5%,23.1%,6.0%,9.6%
2022,Prefer not to say,All Schools,portions,portions of fruits or vegetables,1,25,185,13.5%,7.5%,23.1%,6.0%,9.6%
2022,Prefer not to say,All Schools,portions,portions of fruits or vegetables,2,30,185,16.2%,9.5%,26.2%,6.7%,10.0%
2022,Prefer not to say,All Schools,portions,portions of fruits or vegetables,3,45,185,24.3%,16.0%,35.2%,8.3%,10.8%
2022,Prefer not to say,All Schools,portions,portions of fruits or vegetables,4,30,185,16.2%,9.5%,26.2%,6.7%,10.0%
2022,Prefer not to say,All Schools,portions,portions of fruits or vegetables,5,30,185,16.2%,9.5%,26.2%,6.7%,10.0%
2022,Prefer not to say,All Schools,prospects_education,plan to continue in education,Maybe,45,160,28.1%,18.6%,40.1%,9.5%,12.0%
2022,Prefer not to say,All Schools,prospects_education,plan to continue in education,No,15,160,9.4%,4.4%,18.9%,5.0%,9.6%
2022,Prefer not to say,All Schools,prospects_education,plan to continue in education,Yes,100,160,62.5%,50.3%,73.3%,12.2%,10.8%
2022,Prefer not to say,All Schools,prospects_family,plan to start a family,Maybe,40,155,25.8%,16.6%,37.8%,9.2%,12.0%
2022,Prefer not to say,All Schools,prospects_family,plan to start a family,No,95,155,61.3%,48.9%,72.4%,12.4%,11.1%
2022,Prefer not to say,All Schools,prospects_family,plan to start a family,Yes,20,155,12.9%,6.7%,23.4%,6.2%,10.5%
2022,Prefer not to say,All Schools,prospects_info_apprenticeships,apprenticeships,No,120,190,63.2%,52.0%,73.1%,11.2%,9.9%
2022,Prefer not to say,All Schools,prospects_info_apprenticeships,apprenticeships,Yes,70,190,36.8%,26.9%,48.0%,9.9%,11.2%
2022,Prefer not to say,All Schools,prospects_info_college,college/6th form,No,110,190,57.9%,46.7%,68.3%,11.2%,10.4%
2022,Prefer not to say,All Schools,prospects_info_college,college/6th form,Yes,80,190,42.1%,31.7%,53.3%,10.4%,11.2%
2022,Prefer not to say,All Schools,prospects_info_gap,gap years,No,115,185,62.2%,50.8%,72.3%,11.4%,10.2%
2022,Prefer not to say,All Schools,prospects_info_gap,gap years,Yes,70,185,37.8%,27.7%,49.2%,10.2%,11.4%
2022,Prefer not to say,All Schools,prospects_info_jobs,jobs,No,90,190,47.4%,36.6%,58.4%,10.8%,11.0%
2022,Prefer not to say,All Schools,prospects_info_jobs,jobs,Yes,100,190,52.6%,41.6%,63.4%,11.0%,10.8%
2022,Prefer not to say,All Schools,prospects_info_other,other options,No,145,185,78.4%,67.8%,86.2%,10.6%,7.8%
2022,Prefer not to say,All Schools,prospects_info_other,other options,Yes,40,185,21.6%,13.8%,32.2%,7.8%,10.6%
2022,Prefer not to say,All Schools,prospects_info_trainee,traineeships,No,140,190,73.7%,62.9%,82.3%,10.8%,8.6%
2022,Prefer not to say,All Schools,prospects_info_trainee,traineeships,Yes,50,190,26.3%,17.7%,37.1%,8.6%,10.8%
2022,Prefer not to say,All Schools,prospects_info_uni,university,No,85,190,44.7%,34.1%,55.9%,10.6%,11.1%
2022,Prefer not to say,All Schools,prospects_info_uni,university,Yes,105,190,55.3%,44.1%,65.9%,11.1%,10.6%
2022,Prefer not to say,All Schools,prospects_job,plan to get a job,Maybe,60,160,37.5%,26.7%,49.7%,10.8%,12.2%
2022,Prefer not to say,All Schools,prospects_job,plan to get a job,No,15,160,9.4%,4.4%,18.9%,5.0%,9.6%
2022,Prefer not to say,All Schools,prospects_job,plan to get a job,Yes,85,160,53.1%,41.1%,64.8%,12.0%,11.7%
2022,Prefer not to say,All Schools,prospects_notsure,aren't sure what they want to do,Maybe,35,160,21.9%,13.5%,33.4%,8.4%,11.5%
2022,Prefer not to say,All Schools,prospects_notsure,aren't sure what they want to do,No,55,160,34.4%,23.9%,46.6%,10.4%,12.2%
2022,Prefer not to say,All Schools,prospects_notsure,aren't sure what they want to do,Yes,70,160,43.8%,32.3%,55.9%,11.4%,12.1%
2022,Prefer not to say,All Schools,prospects_other,have other plans,Maybe,50,150,33.3%,22.8%,45.9%,10.6%,12.6%
2022,Prefer not to say,All Schools,prospects_other,have other plans,No,60,150,40.0%,28.6%,52.6%,11.4%,12.6%
2022,Prefer not to say,All Schools,prospects_other,have other plans,Yes,40,150,26.7%,17.2%,39.0%,9.5%,12.3%
2022,Prefer not to say,All Schools,prospects_support_friends,friends,No,110,190,57.9%,46.7%,68.3%,11.2%,10.4%
2022,Prefer not to say,All Schools,prospects_support_friends,friends,Yes,80,190,42.1%,31.7%,53.3%,10.4%,11.2%
2022,Prefer not to say,All Schools,prospects_support_idk,don't know where to get support,No,150,190,78.9%,68.5%,86.6%,10.4%,7.6%
2022,Prefer not to say,All Schools,prospects_support_idk,don't know where to get support,Yes,40,190,21.1%,13.4%,31.5%,7.6%,10.4%
2022,Prefer not to say,All Schools,prospects_support_jobcentre,Job Centre Plus,No,170,185,91.9%,83.4%,96.2%,8.4%,4.3%
2022,Prefer not to say,All Schools,prospects_support_jobcentre,Job Centre Plus,Yes,15,185,8.1%,3.8%,16.6%,4.3%,8.4%
2022,Prefer not to say,All Schools,prospects_support_online,online,No,135,185,73.0%,61.9%,81.7%,11.0%,8.8%
2022,Prefer not to say,All Schools,prospects_support_online,online,Yes,50,185,27.0%,18.3%,38.1%,8.8%,11.0%
2022,Prefer not to say,All Schools,prospects_support_parents,parent/carer,No,70,185,37.8%,27.7%,49.2%,10.2%,11.4%
2022,Prefer not to say,All Schools,prospects_support_parents,parent/carer,Yes,115,185,62.2%,50.8%,72.3%,11.4%,10.2%
2022,Prefer not to say,All Schools,prospects_support_school,school/teacher,No,110,190,57.9%,46.7%,68.3%,11.2%,10.4%
2022,Prefer not to say,All Schools,prospects_support_school,school/teacher,Yes,80,190,42.1%,31.7%,53.3%,10.4%,11.2%
2022,Prefer not to say,All Schools,prospects_support_syp,Services for Young People,No,170,190,89.5%,80.6%,94.6%,8.9%,5.1%
2022,Prefer not to say,All Schools,prospects_support_syp,Services for Young People,Yes,20,190,10.5%,5.4%,19.4%,5.1%,8.9%
2022,Prefer not to say,All Schools,prospects_training,plan to training for a skilled job,Maybe,70,160,43.8%,32.3%,55.9%,11.4%,12.1%
2022,Prefer not to say,All Schools,prospects_training,plan to training for a skilled job,No,45,160,28.1%,18.6%,40.1%,9.5%,12.0%
2022,Prefer not to say,All Schools,prospects_training,plan to training for a skilled job,Yes,45,160,28.1%,18.6%,40.1%,9.5%,12.0%
2022,Prefer not to say,All Schools,religion,religion,Any other religion,5,190,2.6%,0.7%,9.1%,1.9%,6.4%
2022,Prefer not to say,All Schools,religion,religion,Buddhist,0,190,0.0%,0.0%,4.8%,0.0%,4.8%
2022,Prefer not to say,All Schools,religion,religion,Christian,25,190,13.2%,7.3%,22.5%,5.8%,9.4%
2022,Prefer not to say,All Schools,religion,religion,Hindu,5,190,2.6%,0.7%,9.1%,1.9%,6.4%
2022,Prefer not to say,All Schools,religion,religion,Jewish,10,190,5.3%,2.1%,12.7%,3.2%,7.5%
2022,Prefer not to say,All Schools,religion,religion,Muslim,5,190,2.6%,0.7%,9.1%,1.9%,6.4%
2022,Prefer not to say,All Schools,religion,religion,No religion,105,190,55.3%,44.1%,65.9%,11.1%,10.6%
2022,Prefer not to say,All Schools,religion,religion,Prefer not to say,35,190,18.4%,11.3%,28.5%,7.1%,10.1%
2022,Prefer not to say,All Schools,religion,religion,Sikh,0,190,0.0%,0.0%,4.8%,0.0%,4.8%
2022,Prefer not to say,All Schools,safety_dark,going out after dark,Neither safe or unsafe,60,180,33.3%,23.6%,44.8%,9.8%,11.5%
2022,Prefer not to say,All Schools,safety_dark,going out after dark,Safe,25,180,13.9%,7.7%,23.7%,6.2%,9.8%
2022,Prefer not to say,All Schools,safety_dark,going out after dark,Unsafe,95,180,52.8%,41.4%,63.8%,11.3%,11.1%
2022,Prefer not to say,All Schools,safety_day,going out during the day,Neither safe or unsafe,65,175,37.1%,26.8%,48.8%,10.3%,11.7%
2022,Prefer not to say,All Schools,safety_day,going out during the day,Safe,95,175,54.3%,42.7%,65.4%,11.6%,11.1%
2022,Prefer not to say,All Schools,safety_day,going out during the day,Unsafe,15,175,8.6%,4.0%,17.4%,4.6%,8.9%
2022,Prefer not to say,All Schools,safety_journey,going to and from school,Neither safe or unsafe,75,180,41.7%,31.0%,53.2%,10.7%,11.5%
2022,Prefer not to say,All Schools,safety_journey,going to and from school,Safe,90,180,50.0%,38.8%,61.2%,11.2%,11.2%
2022,Prefer not to say,All Schools,safety_journey,going to and from school,Unsafe,15,180,8.3%,3.9%,17.0%,4.4%,8.6%
2022,Prefer not to say,All Schools,safety_school,at school,Neither safe or unsafe,70,180,38.9%,28.5%,50.4%,10.4%,11.5%
2022,Prefer not to say,All Schools,safety_school,at school,Safe,90,180,50.0%,38.8%,61.2%,11.2%,11.2%
2022,Prefer not to say,All Schools,safety_school,at school,Unsafe,20,180,11.1%,5.7%,20.4%,5.4%,9.3%
2022,Prefer not to say,All Schools,school_supported,felt supported by their school and that they were offered help when having difficulties,No,20,75,26.7%,14.2%,44.4%,12.5%,17.7%
2022,Prefer not to say,All Schools,school_supported,felt supported by their school and that they were offered help when having difficulties,Not sure,25,75,33.3%,19.3%,51.2%,14.1%,17.8%
2022,Prefer not to say,All Schools,school_supported,felt supported by their school and that they were offered help when having difficulties,Prefer not to say,10,75,13.3%,5.3%,29.6%,8.0%,16.3%
2022,Prefer not to say,All Schools,school_supported,felt supported by their school and that they were offered help when having difficulties,Yes,20,75,26.7%,14.2%,44.4%,12.5%,17.7%
2022,Prefer not to say,All Schools,schoolsupp_academic,they find their school is supportive of their learning and education,No,25,185,13.5%,7.5%,23.1%,6.0%,9.6%
2022,Prefer not to say,All Schools,schoolsupp_academic,they find their school is supportive of their learning and education,Not sure,10,185,5.4%,2.1%,13.1%,3.3%,7.7%
2022,Prefer not to say,All Schools,schoolsupp_academic,they find their school is supportive of their learning and education,Somewhat,60,185,32.4%,22.9%,43.7%,9.5%,11.3%
2022,Prefer not to say,All Schools,schoolsupp_academic,they find their school is supportive of their learning and education,Yes,90,185,48.6%,37.6%,59.8%,11.0%,11.1%
2022,Prefer not to say,All Schools,schoolsupp_wellbeing,they find their school is supportive of their emotional health and wellbeing,No,55,185,29.7%,20.5%,40.9%,9.2%,11.2%
2022,Prefer not to say,All Schools,schoolsupp_wellbeing,they find their school is supportive of their emotional health and wellbeing,Not sure,25,185,13.5%,7.5%,23.1%,6.0%,9.6%
2022,Prefer not to say,All Schools,schoolsupp_wellbeing,they find their school is supportive of their emotional health and wellbeing,Somewhat,65,185,35.1%,25.3%,46.5%,9.9%,11.3%
2022,Prefer not to say,All Schools,schoolsupp_wellbeing,they find their school is supportive of their emotional health and wellbeing,Yes,40,185,21.6%,13.8%,32.2%,7.8%,10.6%
2022,Prefer not to say,All Schools,schyear,school year,Not at school/other,0,185,0.0%,0.0%,4.9%,0.0%,4.9%
2022,Prefer not to say,All Schools,schyear,school year,Year 10,35,185,18.9%,11.6%,29.3%,7.3%,10.3%
2022,Prefer not to say,All Schools,schyear,school year,Year 11,15,185,8.1%,3.8%,16.6%,4.3%,8.4%
2022,Prefer not to say,All Schools,schyear,school year,Year 12,15,185,8.1%,3.8%,16.6%,4.3%,8.4%
2022,Prefer not to say,All Schools,schyear,school year,Year 13,15,185,8.1%,3.8%,16.6%,4.3%,8.4%
2022,Prefer not to say,All Schools,schyear,school year,Year 7,40,185,21.6%,13.8%,32.2%,7.8%,10.6%
2022,Prefer not to say,All Schools,schyear,school year,Year 8,35,185,18.9%,11.6%,29.3%,7.3%,10.3%
2022,Prefer not to say,All Schools,schyear,school year,Year 9,30,185,16.2%,9.5%,26.2%,6.7%,10.0%
2022,Prefer not to say,All Schools,selfharm_ever,ever self-harmed,No,70,180,38.9%,28.5%,50.4%,10.4%,11.5%
2022,Prefer not to say,All Schools,selfharm_ever,ever self-harmed,Prefer not to say,60,180,33.3%,23.6%,44.8%,9.8%,11.5%
2022,Prefer not to say,All Schools,selfharm_ever,ever self-harmed,Yes,50,180,27.8%,18.8%,39.0%,9.0%,11.2%
2022,Prefer not to say,All Schools,sexuality,sexual orientation,"Gay, lesbian or bisexual",60,185,32.4%,22.9%,43.7%,9.5%,11.3%
2022,Prefer not to say,All Schools,sexuality,sexual orientation,Heterosexual/Straight,10,185,5.4%,2.1%,13.1%,3.3%,7.7%
2022,Prefer not to say,All Schools,sexuality,sexual orientation,Other,10,185,5.4%,2.1%,13.1%,3.3%,7.7%
2022,Prefer not to say,All Schools,sexuality,sexual orientation,Prefer not to say,75,185,40.5%,30.1%,51.9%,10.4%,11.4%
2022,Prefer not to say,All Schools,sexuality,sexual orientation,Undecided/Questioning,30,185,16.2%,9.5%,26.2%,6.7%,10.0%
2022,Prefer not to say,All Schools,sh_16,Most 16 year olds have not had sex,Agree,20,80,25.0%,13.3%,42.1%,11.7%,17.1%
2022,Prefer not to say,All Schools,sh_16,Most 16 year olds have not had sex,Disagree,15,80,18.8%,8.9%,35.3%,9.8%,16.5%
2022,Prefer not to say,All Schools,sh_16,Most 16 year olds have not had sex,Not sure,45,80,56.2%,39.4%,71.8%,16.9%,15.5%
2022,Prefer not to say,All Schools,sh_access,they know how to access sexual health services?,No,60,175,34.3%,24.3%,45.9%,10.0%,11.6%
2022,Prefer not to say,All Schools,sh_access,they know how to access sexual health services?,Not sure,65,175,37.1%,26.8%,48.8%,10.3%,11.7%
2022,Prefer not to say,All Schools,sh_access,they know how to access sexual health services?,Yes,50,175,28.6%,19.3%,40.0%,9.2%,11.4%
2022,Prefer not to say,All Schools,sh_condoms,Using condoms is necessary to prevent sexually transmitted infections and unplanned pregnancies,Agree,70,75,93.3%,78.7%,98.1%,14.6%,4.8%
2022,Prefer not to say,All Schools,sh_condoms,Using condoms is necessary to prevent sexually transmitted infections and unplanned pregnancies,Not sure,5,75,6.7%,1.9%,21.3%,4.8%,14.6%
2022,Prefer not to say,All Schools,sh_condomsti,"If you have sex without a condom, you should get an STI test.",Agree,55,80,68.8%,51.5%,82.0%,17.3%,13.3%
2022,Prefer not to say,All Schools,sh_condomsti,"If you have sex without a condom, you should get an STI test.",Disagree,5,80,6.2%,1.7%,20.1%,4.5%,13.8%
2022,Prefer not to say,All Schools,sh_condomsti,"If you have sex without a condom, you should get an STI test.",Not sure,20,80,25.0%,13.3%,42.1%,11.7%,17.1%
2022,Prefer not to say,All Schools,sh_pregnancy,Getting pregnant or getting someone else pregnant now would negatively affect my future plans,Agree,60,80,75.0%,57.9%,86.7%,17.1%,11.7%
2022,Prefer not to say,All Schools,sh_pregnancy,Getting pregnant or getting someone else pregnant now would negatively affect my future plans,Disagree,5,80,6.2%,1.7%,20.1%,4.5%,13.8%
2022,Prefer not to say,All Schools,sh_pregnancy,Getting pregnant or getting someone else pregnant now would negatively affect my future plans,Not sure,15,80,18.8%,8.9%,35.3%,9.8%,16.5%
2022,Prefer not to say,All Schools,sh_pressure,There is pressure on young people to have sex,Agree,40,75,53.3%,36.2%,69.7%,17.1%,16.4%
2022,Prefer not to say,All Schools,sh_pressure,There is pressure on young people to have sex,Disagree,10,75,13.3%,5.3%,29.6%,8.0%,16.3%
2022,Prefer not to say,All Schools,sh_pressure,There is pressure on young people to have sex,Not sure,25,75,33.3%,19.3%,51.2%,14.1%,17.8%
2022,Prefer not to say,All Schools,sh_schooled,I think the quality of the relationships and sex education I receive at school is good.,Agree,25,80,31.2%,18.0%,48.5%,13.3%,17.3%
2022,Prefer not to say,All Schools,sh_schooled,I think the quality of the relationships and sex education I receive at school is good.,Disagree,30,80,37.5%,23.0%,54.7%,14.5%,17.2%
2022,Prefer not to say,All Schools,sh_schooled,I think the quality of the relationships and sex education I receive at school is good.,Not sure,25,80,31.2%,18.0%,48.5%,13.3%,17.3%
2022,Prefer not to say,All Schools,sh_serious,Being in a serious/long-term relationship before having sex is important,Agree,30,75,40.0%,24.6%,57.6%,15.4%,17.6%
2022,Prefer not to say,All Schools,sh_serious,Being in a serious/long-term relationship before having sex is important,Disagree,20,75,26.7%,14.2%,44.4%,12.5%,17.7%
2022,Prefer not to say,All Schools,sh_serious,Being in a serious/long-term relationship before having sex is important,Not sure,25,75,33.3%,19.3%,51.2%,14.1%,17.8%
2022,Prefer not to say,All Schools,sh_support,their preferable source of support to get contraception or a test for Sexually Transmitted Infection (STI),Doctor,45,155,29.0%,19.2%,41.3%,9.8%,12.2%
2022,Prefer not to say,All Schools,sh_support,their preferable source of support to get contraception or a test for Sexually Transmitted Infection (STI),Helpline,5,155,3.2%,0.9%,11.0%,2.3%,7.8%
2022,Prefer not to say,All Schools,sh_support,their preferable source of support to get contraception or a test for Sexually Transmitted Infection (STI),Online (e.g. Sexwise website),25,155,16.1%,9.0%,27.2%,7.1%,11.0%
2022,Prefer not to say,All Schools,sh_support,their preferable source of support to get contraception or a test for Sexually Transmitted Infection (STI),Other,25,155,16.1%,9.0%,27.2%,7.1%,11.0%
2022,Prefer not to say,All Schools,sh_support,their preferable source of support to get contraception or a test for Sexually Transmitted Infection (STI),Pharmacy,15,155,9.7%,4.5%,19.5%,5.2%,9.8%
2022,Prefer not to say,All Schools,sh_support,their preferable source of support to get contraception or a test for Sexually Transmitted Infection (STI),School/College,5,155,3.2%,0.9%,11.0%,2.3%,7.8%
2022,Prefer not to say,All Schools,sh_support,their preferable source of support to get contraception or a test for Sexually Transmitted Infection (STI),Sexual health clinic,30,155,19.4%,11.5%,30.8%,7.9%,11.5%
2022,Prefer not to say,All Schools,sh_support,their preferable source of support to get contraception or a test for Sexually Transmitted Infection (STI),Youth Worker / Service,5,155,3.2%,0.9%,11.0%,2.3%,7.8%
2022,Prefer not to say,All Schools,sh_wait,It is fine to wait to have sex,Agree,70,70,100.0%,88.0%,100.0%,12.0%,0.0%
2022,Prefer not to say,All Schools,sh_wait,It is fine to wait to have sex,Disagree,0,70,0.0%,0.0%,12.0%,0.0%,12.0%
2022,Prefer not to say,All Schools,sh_wait,It is fine to wait to have sex,Not sure,0,70,0.0%,0.0%,12.0%,0.0%,12.0%
2022,Prefer not to say,All Schools,shinfo_clinic,sexual health clinics,No,185,185,100.0%,95.1%,100.0%,4.9%,0.0%
2022,Prefer not to say,All Schools,shinfo_clinic,sexual health clinics,Yes,0,185,0.0%,0.0%,4.9%,0.0%,4.9%
2022,Prefer not to say,All Schools,shinfo_doctor,health professionals,No,180,185,97.3%,90.7%,99.3%,6.6%,2.0%
2022,Prefer not to say,All Schools,shinfo_doctor,health professionals,Yes,5,185,2.7%,0.7%,9.3%,2.0%,6.6%
2022,Prefer not to say,All Schools,shinfo_friends,friends,No,125,190,65.8%,54.6%,75.4%,11.2%,9.7%
2022,Prefer not to say,All Schools,shinfo_friends,friends,Yes,65,190,34.2%,24.6%,45.4%,9.7%,11.2%
2022,Prefer not to say,All Schools,shinfo_healthsite,healthcare websites,No,165,190,86.8%,77.5%,92.7%,9.4%,5.8%
2022,Prefer not to say,All Schools,shinfo_healthsite,healthcare websites,Yes,25,190,13.2%,7.3%,22.5%,5.8%,9.4%
2022,Prefer not to say,All Schools,shinfo_helpline,telephone helplines,No,185,185,100.0%,95.1%,100.0%,4.9%,0.0%
2022,Prefer not to say,All Schools,shinfo_helpline,telephone helplines,Yes,0,185,0.0%,0.0%,4.9%,0.0%,4.9%
2022,Prefer not to say,All Schools,shinfo_media,media,No,150,190,78.9%,68.5%,86.6%,10.4%,7.6%
2022,Prefer not to say,All Schools,shinfo_media,media,Yes,40,190,21.1%,13.4%,31.5%,7.6%,10.4%
2022,Prefer not to say,All Schools,shinfo_other,other,No,165,185,89.2%,80.1%,94.4%,9.1%,5.2%
2022,Prefer not to say,All Schools,shinfo_other,other,Yes,20,185,10.8%,5.6%,19.9%,5.2%,9.1%
2022,Prefer not to say,All Schools,shinfo_parents,parents,No,135,190,71.1%,60.1%,80.0%,11.0%,9.0%
2022,Prefer not to say,All Schools,shinfo_parents,parents,Yes,55,190,28.9%,20.0%,39.9%,9.0%,11.0%
2022,Prefer not to say,All Schools,shinfo_porn,pornography,No,175,190,92.1%,83.9%,96.3%,8.2%,4.2%
2022,Prefer not to say,All Schools,shinfo_porn,pornography,Yes,15,190,7.9%,3.7%,16.1%,4.2%,8.2%
2022,Prefer not to say,All Schools,shinfo_poster,"posters, leaflets, reference books",No,180,185,97.3%,90.7%,99.3%,6.6%,2.0%
2022,Prefer not to say,All Schools,shinfo_poster,"posters, leaflets, reference books",Yes,5,185,2.7%,0.7%,9.3%,2.0%,6.6%
2022,Prefer not to say,All Schools,shinfo_relations,siblings or relatives,No,170,190,89.5%,80.6%,94.6%,8.9%,5.1%
2022,Prefer not to say,All Schools,shinfo_relations,siblings or relatives,Yes,20,190,10.5%,5.4%,19.4%,5.1%,8.9%
2022,Prefer not to say,All Schools,shinfo_school,school,No,90,185,48.6%,37.6%,59.8%,11.0%,11.1%
2022,Prefer not to say,All Schools,shinfo_school,school,Yes,95,185,51.4%,40.2%,62.4%,11.1%,11.0%
2022,Prefer not to say,All Schools,shinfo_yw,Youth Workers,No,185,185,100.0%,95.1%,100.0%,4.9%,0.0%
2022,Prefer not to say,All Schools,shinfo_yw,Youth Workers,Yes,0,185,0.0%,0.0%,4.9%,0.0%,4.9%
2022,Prefer not to say,All Schools,skipschool_COVID-19,COVID-19,No,190,190,100.0%,95.2%,100.0%,4.8%,0.0%
2022,Prefer not to say,All Schools,skipschool_appointments,medical/dental appointments,No,105,185,56.8%,45.4%,67.4%,11.3%,10.6%
2022,Prefer not to say,All Schools,skipschool_appointments,medical/dental appointments,Yes,80,185,43.2%,32.6%,54.6%,10.6%,11.3%
2022,Prefer not to say,All Schools,skipschool_care,caring for family,No,175,185,94.6%,86.9%,97.9%,7.7%,3.3%
2022,Prefer not to say,All Schools,skipschool_care,caring for family,Yes,10,185,5.4%,2.1%,13.1%,3.3%,7.7%
2022,Prefer not to say,All Schools,skipschool_illness,illness/injury unrelated to COVID-19,No,85,190,44.7%,34.1%,55.9%,10.6%,11.1%
2022,Prefer not to say,All Schools,skipschool_illness,illness/injury unrelated to COVID-19,Yes,105,190,55.3%,44.1%,65.9%,11.1%,10.6%
2022,Prefer not to say,All Schools,skipschool_mentalhealth,mental health reasons,No,145,190,76.3%,65.7%,84.4%,10.6%,8.1%
2022,Prefer not to say,All Schools,skipschool_mentalhealth,mental health reasons,Yes,45,190,23.7%,15.6%,34.3%,8.1%,10.6%
2022,Prefer not to say,All Schools,skipschool_trips,holiday,No,165,185,89.2%,80.1%,94.4%,9.1%,5.2%
2022,Prefer not to say,All Schools,skipschool_trips,holiday,Yes,20,185,10.8%,5.6%,19.9%,5.2%,9.1%
2022,Prefer not to say,All Schools,skipschool_worriesbully,bullying,No,170,190,89.5%,80.6%,94.6%,8.9%,5.1%
2022,Prefer not to say,All Schools,skipschool_worriesbully,bullying,Yes,20,190,10.5%,5.4%,19.4%,5.1%,8.9%
2022,Prefer not to say,All Schools,skipschool_worriesschool,worries about schoolwork,No,155,185,83.8%,73.8%,90.5%,10.0%,6.7%
2022,Prefer not to say,All Schools,skipschool_worriesschool,worries about schoolwork,Yes,30,185,16.2%,9.5%,26.2%,6.7%,10.0%
2022,Prefer not to say,All Schools,smoke_ever,the statement that best describes them regarding smoking,I have never smoked,160,180,88.9%,79.6%,94.3%,9.3%,5.4%
2022,Prefer not to say,All Schools,smoke_ever,the statement that best describes them regarding smoking,I have tried smoking once or twice,10,180,5.6%,2.2%,13.4%,3.4%,7.8%
2022,Prefer not to say,All Schools,smoke_ever,the statement that best describes them regarding smoking,I smoke occasionally (less than 1 cigarette a week),5,180,2.8%,0.8%,9.5%,2.0%,6.8%
2022,Prefer not to say,All Schools,smoke_ever,the statement that best describes them regarding smoking,I smoke regularly (once a week or more),5,180,2.8%,0.8%,9.5%,2.0%,6.8%
2022,Prefer not to say,All Schools,smoke_ever,the statement that best describes them regarding smoking,"I used to smoke, but I don’t now",0,180,0.0%,0.0%,5.0%,0.0%,5.0%
2022,Prefer not to say,All Schools,smoke_reduce,if they want to reduce or stop smoking,I'd like to reduce the amount I smoke but not stop,0,5,0.0%,0.0%,65.6%,0.0%,65.6%
2022,Prefer not to say,All Schools,smoke_reduce,if they want to reduce or stop smoking,"No, I want to keep smoking",5,5,100.0%,34.4%,100.0%,65.6%,0.0%
2022,Prefer not to say,All Schools,smoke_reduce,if they want to reduce or stop smoking,"Yes, I'd like to stop smoking",0,5,0.0%,0.0%,65.6%,0.0%,65.6%
2022,Prefer not to say,All Schools,smoke_secondhand,people smoke around them,Always,15,185,8.1%,3.8%,16.6%,4.3%,8.4%
2022,Prefer not to say,All Schools,smoke_secondhand,people smoke around them,Never,90,185,48.6%,37.6%,59.8%,11.0%,11.1%
2022,Prefer not to say,All Schools,smoke_secondhand,people smoke around them,Often,10,185,5.4%,2.1%,13.1%,3.3%,7.7%
2022,Prefer not to say,All Schools,smoke_secondhand,people smoke around them,Sometimes,70,185,37.8%,27.7%,49.2%,10.2%,11.4%
2022,Prefer not to say,All Schools,solvents_exp,solvents as drugs,No,15,20,75.0%,41.0%,92.8%,34.0%,17.8%
2022,Prefer not to say,All Schools,solvents_exp,solvents as drugs,Yes,5,20,25.0%,7.2%,59.0%,17.8%,34.0%
2022,Prefer not to say,All Schools,solvents_offered,solvents as drugs,No,190,190,100.0%,95.2%,100.0%,4.8%,0.0%
2022,Prefer not to say,All Schools,std_chlamydia,chlamydia,I have heard of it but know nothing about it,75,175,42.9%,32.0%,54.5%,10.9%,11.6%
2022,Prefer not to say,All Schools,std_chlamydia,chlamydia,I have never heard of it,65,175,37.1%,26.8%,48.8%,10.3%,11.7%
2022,Prefer not to say,All Schools,std_chlamydia,chlamydia,It can be both treated and cured,30,175,17.1%,10.1%,27.6%,7.0%,10.4%
2022,Prefer not to say,All Schools,std_chlamydia,chlamydia,It can be treated but not cured,5,175,2.9%,0.8%,9.8%,2.1%,6.9%
2022,Prefer not to say,All Schools,std_gono,gonorrhoea,I have heard of it but know nothing about it,75,175,42.9%,32.0%,54.5%,10.9%,11.6%
2022,Prefer not to say,All Schools,std_gono,gonorrhoea,I have never heard of it,55,175,31.4%,21.8%,43.0%,9.6%,11.6%
2022,Prefer not to say,All Schools,std_gono,gonorrhoea,It can be both treated and cured,30,175,17.1%,10.1%,27.6%,7.0%,10.4%
2022,Prefer not to say,All Schools,std_gono,gonorrhoea,It can be treated but not cured,15,175,8.6%,4.0%,17.4%,4.6%,8.9%
2022,Prefer not to say,All Schools,std_hiv,HIV,I have heard of it but know nothing about it,60,175,34.3%,24.3%,45.9%,10.0%,11.6%
2022,Prefer not to say,All Schools,std_hiv,HIV,I have never heard of it,40,175,22.9%,14.6%,33.9%,8.3%,11.1%
2022,Prefer not to say,All Schools,std_hiv,HIV,It can be both treated and cured,15,175,8.6%,4.0%,17.4%,4.6%,8.9%
2022,Prefer not to say,All Schools,std_hiv,HIV,It can be treated but not cured,60,175,34.3%,24.3%,45.9%,10.0%,11.6%
2022,Prefer not to say,All Schools,std_syphilis,syphilis,I have heard of it but know nothing about it,80,170,47.1%,35.7%,58.7%,11.4%,11.7%
2022,Prefer not to say,All Schools,std_syphilis,syphilis,I have never heard of it,65,170,38.2%,27.6%,50.1%,10.6%,11.9%
2022,Prefer not to say,All Schools,std_syphilis,syphilis,It can be both treated and cured,20,170,11.8%,6.1%,21.5%,5.7%,9.7%
2022,Prefer not to say,All Schools,std_syphilis,syphilis,It can be treated but not cured,5,170,2.9%,0.8%,10.1%,2.1%,7.1%
2022,Prefer not to say,All Schools,steroids_exp,muscle-building steroids,No,20,25,80.0%,49.1%,94.3%,30.9%,14.3%
2022,Prefer not to say,All Schools,steroids_exp,muscle-building steroids,Yes,5,25,20.0%,5.7%,50.9%,14.3%,30.9%
2022,Prefer not to say,All Schools,steroids_offered,muscle-building steroids,No,190,190,100.0%,95.2%,100.0%,4.8%,0.0%
2022,Prefer not to say,All Schools,sus_barriers_finance,financial cost,No,120,185,64.9%,53.5%,74.7%,11.3%,9.9%
2022,Prefer not to say,All Schools,sus_barriers_finance,financial cost,Yes,65,185,35.1%,25.3%,46.5%,9.9%,11.3%
2022,Prefer not to say,All Schools,sus_barriers_no_consider,sustainability is not a consideration in their household,No,175,190,92.1%,83.9%,96.3%,8.2%,4.2%
2022,Prefer not to say,All Schools,sus_barriers_no_consider,sustainability is not a consideration in their household,Yes,15,190,7.9%,3.7%,16.1%,4.2%,8.2%
2022,Prefer not to say,All Schools,sus_barriers_other,other barriers,No,150,185,81.1%,70.7%,88.4%,10.3%,7.3%
2022,Prefer not to say,All Schools,sus_barriers_other,other barriers,Yes,35,185,18.9%,11.6%,29.3%,7.3%,10.3%
2022,Prefer not to say,All Schools,sus_barriers_time,convenience/time,No,110,185,59.5%,48.1%,69.9%,11.4%,10.4%
2022,Prefer not to say,All Schools,sus_barriers_time,convenience/time,Yes,75,185,40.5%,30.1%,51.9%,10.4%,11.4%
2022,Prefer not to say,All Schools,sus_barriers_unsure,uncertainty on what to do,No,155,185,83.8%,73.8%,90.5%,10.0%,6.7%
2022,Prefer not to say,All Schools,sus_barriers_unsure,uncertainty on what to do,Yes,30,185,16.2%,9.5%,26.2%,6.7%,10.0%
2022,Prefer not to say,All Schools,sustain_electric_car,drive an electric car,No,160,185,86.5%,76.9%,92.5%,9.6%,6.0%
2022,Prefer not to say,All Schools,sustain_electric_car,drive an electric car,Yes,25,185,13.5%,7.5%,23.1%,6.0%,9.6%
2022,Prefer not to say,All Schools,sustain_leftoverfood,use up leftover food,No,75,190,39.5%,29.3%,50.7%,10.2%,11.2%
2022,Prefer not to say,All Schools,sustain_leftoverfood,use up leftover food,Yes,115,190,60.5%,49.3%,70.7%,11.2%,10.2%
2022,Prefer not to say,All Schools,sustain_localfood,use locally grown food,No,140,190,73.7%,62.9%,82.3%,10.8%,8.6%
2022,Prefer not to say,All Schools,sustain_localfood,use locally grown food,Yes,50,190,26.3%,17.7%,37.1%,8.6%,10.8%
2022,Prefer not to say,All Schools,sustain_nthg,don't do anything,No,180,190,94.7%,87.3%,97.9%,7.5%,3.2%
2022,Prefer not to say,All Schools,sustain_nthg,don't do anything,Yes,10,190,5.3%,2.1%,12.7%,3.2%,7.5%
2022,Prefer not to say,All Schools,sustain_other,do other actions,No,160,185,86.5%,76.9%,92.5%,9.6%,6.0%
2022,Prefer not to say,All Schools,sustain_other,do other actions,Yes,25,185,13.5%,7.5%,23.1%,6.0%,9.6%
2022,Prefer not to say,All Schools,sustain_recycle,recycling,No,70,190,36.8%,26.9%,48.0%,9.9%,11.2%
2022,Prefer not to say,All Schools,sustain_recycle,recycling,Yes,120,190,63.2%,52.0%,73.1%,11.2%,9.9%
2022,Prefer not to say,All Schools,sustain_save_energy,have energy-saving measures,No,70,190,36.8%,26.9%,48.0%,9.9%,11.2%
2022,Prefer not to say,All Schools,sustain_save_energy,have energy-saving measures,Yes,120,190,63.2%,52.0%,73.1%,11.2%,9.9%
2022,Prefer not to say,All Schools,sustain_save_water,have water-saving measures,No,120,185,64.9%,53.5%,74.7%,11.3%,9.9%
2022,Prefer not to say,All Schools,sustain_save_water,have water-saving measures,Yes,65,185,35.1%,25.3%,46.5%,9.9%,11.3%
2022,Prefer not to say,All Schools,sustain_single_plastic,reduce single-use plastic waste,No,75,190,39.5%,29.3%,50.7%,10.2%,11.2%
2022,Prefer not to say,All Schools,sustain_single_plastic,reduce single-use plastic waste,Yes,115,190,60.5%,49.3%,70.7%,11.2%,10.2%
2022,Prefer not to say,All Schools,sustain_solar,installed solar panels,No,165,190,86.8%,77.5%,92.7%,9.4%,5.8%
2022,Prefer not to say,All Schools,sustain_solar,installed solar panels,Yes,25,190,13.2%,7.3%,22.5%,5.8%,9.4%
2022,Prefer not to say,All Schools,sustain_sus_products,use sustainably-sourced products,No,140,190,73.7%,62.9%,82.3%,10.8%,8.6%
2022,Prefer not to say,All Schools,sustain_sus_products,use sustainably-sourced products,Yes,50,190,26.3%,17.7%,37.1%,8.6%,10.8%
2022,Prefer not to say,All Schools,sustain_transport,"walk, cycle or take public transport",No,75,185,40.5%,30.1%,51.9%,10.4%,11.4%
2022,Prefer not to say,All Schools,sustain_transport,"walk, cycle or take public transport",Yes,110,185,59.5%,48.1%,69.9%,11.4%,10.4%
2022,Prefer not to say,All Schools,vaping,the statement that best describes them regarding vaping/e-cigarettes,I have never vaped,150,185,81.1%,70.7%,88.4%,10.3%,7.3%
2022,Prefer not to say,All Schools,vaping,the statement that best describes them regarding vaping/e-cigarettes,I have vaped once or twice,10,185,5.4%,2.1%,13.1%,3.3%,7.7%
2022,Prefer not to say,All Schools,vaping,the statement that best describes them regarding vaping/e-cigarettes,"I used to vape, but I don’t now",10,185,5.4%,2.1%,13.1%,3.3%,7.7%
2022,Prefer not to say,All Schools,vaping,the statement that best describes them regarding vaping/e-cigarettes,I vape occasionally (less than once a week),5,185,2.7%,0.7%,9.3%,2.0%,6.6%
2022,Prefer not to say,All Schools,vaping,the statement that best describes them regarding vaping/e-cigarettes,I vape regularly (once a week or more),10,185,5.4%,2.1%,13.1%,3.3%,7.7%
2022,Prefer not to say,All Schools,vaping_reducesmoke,have used vaping/ e-cigarettes to reduce smoking,No,10,15,66.7%,30.1%,90.3%,36.6%,23.6%
2022,Prefer not to say,All Schools,vaping_reducesmoke,have used vaping/ e-cigarettes to reduce smoking,Yes,5,15,33.3%,9.7%,69.9%,23.6%,36.6%
2022,Prefer not to say,All Schools,views_listened_school,feels that their views are listened to at school,No,65,180,36.1%,26.0%,47.6%,10.1%,11.5%
2022,Prefer not to say,All Schools,views_listened_school,feels that their views are listened to at school,Sometimes,95,180,52.8%,41.4%,63.8%,11.3%,11.1%
2022,Prefer not to say,All Schools,views_listened_school,feels that their views are listened to at school,Yes,20,180,11.1%,5.7%,20.4%,5.4%,9.3%
2022,Prefer not to say,All Schools,violence_involved,have been involved in a violent incident in the past year,No,130,185,70.3%,59.1%,79.5%,11.2%,9.2%
2022,Prefer not to say,All Schools,violence_involved,have been involved in a violent incident in the past year,Prefer not to say,30,185,16.2%,9.5%,26.2%,6.7%,10.0%
2022,Prefer not to say,All Schools,violence_involved,have been involved in a violent incident in the past year,"Yes, I was the victim",15,185,8.1%,3.8%,16.6%,4.3%,8.4%
2022,Prefer not to say,All Schools,violence_involved,have been involved in a violent incident in the past year,"Yes, but I wasn't the victim",10,185,5.4%,2.1%,13.1%,3.3%,7.7%
2022,Prefer not to say,All Schools,violence_weapon_involved,have been involved in a violent incident where a weapon was used or threatened in the past year,No,150,180,83.3%,73.1%,90.2%,10.2%,6.9%
2022,Prefer not to say,All Schools,violence_weapon_involved,have been involved in a violent incident where a weapon was used or threatened in the past year,Prefer not to say,20,180,11.1%,5.7%,20.4%,5.4%,9.3%
2022,Prefer not to say,All Schools,violence_weapon_involved,have been involved in a violent incident where a weapon was used or threatened in the past year,"Yes, I was the victim",5,180,2.8%,0.8%,9.5%,2.0%,6.8%
2022,Prefer not to say,All Schools,violence_weapon_involved,have been involved in a violent incident where a weapon was used or threatened in the past year,"Yes, but I wasn't the victim",5,180,2.8%,0.8%,9.5%,2.0%,6.8%
2022,Prefer not to say,All Schools,weight,how they would describe their current weight,Don't know/ Prefer not to say,95,185,51.4%,40.2%,62.4%,11.1%,11.0%
2022,Prefer not to say,All Schools,weight,how they would describe their current weight,Just Right,55,185,29.7%,20.5%,40.9%,9.2%,11.2%
2022,Prefer not to say,All Schools,weight,how they would describe their current weight,Overweight,25,185,13.5%,7.5%,23.1%,6.0%,9.6%
2022,Prefer not to say,All Schools,weight,how they would describe their current weight,Underweight,10,185,5.4%,2.1%,13.1%,3.3%,7.7%
2022,Prefer not to say,All Schools,worry_bully,bullying,No,115,185,62.2%,50.8%,72.3%,11.4%,10.2%
2022,Prefer not to say,All Schools,worry_bully,bullying,Yes,70,185,37.8%,27.7%,49.2%,10.2%,11.4%
2022,Prefer not to say,All Schools,worry_crime,crime,No,150,185,81.1%,70.7%,88.4%,10.3%,7.3%
2022,Prefer not to say,All Schools,worry_crime,crime,Yes,35,185,18.9%,11.6%,29.3%,7.3%,10.3%
2022,Prefer not to say,All Schools,worry_drugsalcohol,drugs/alcohol,No,155,190,81.6%,71.5%,88.7%,10.1%,7.1%
2022,Prefer not to say,All Schools,worry_drugsalcohol,drugs/alcohol,Yes,35,190,18.4%,11.3%,28.5%,7.1%,10.1%
2022,Prefer not to say,All Schools,worry_environment,the environment,No,110,185,59.5%,48.1%,69.9%,11.4%,10.4%
2022,Prefer not to say,All Schools,worry_environment,the environment,Yes,75,185,40.5%,30.1%,51.9%,10.4%,11.4%
2022,Prefer not to say,All Schools,worry_family,family problems,No,115,190,60.5%,49.3%,70.7%,11.2%,10.2%
2022,Prefer not to say,All Schools,worry_family,family problems,Yes,75,190,39.5%,29.3%,50.7%,10.2%,11.2%
2022,Prefer not to say,All Schools,worry_friends,issues with friends,No,100,190,52.6%,41.6%,63.4%,11.0%,10.8%
2022,Prefer not to say,All Schools,worry_friends,issues with friends,Yes,90,190,47.4%,36.6%,58.4%,10.8%,11.0%
2022,Prefer not to say,All Schools,worry_future,future prospects,No,85,185,45.9%,35.1%,57.2%,10.8%,11.2%
2022,Prefer not to say,All Schools,worry_future,future prospects,Yes,100,185,54.1%,42.8%,64.9%,11.2%,10.8%
2022,Prefer not to say,All Schools,worry_gambling,gambling,No,175,185,94.6%,86.9%,97.9%,7.7%,3.3%
2022,Prefer not to say,All Schools,worry_gambling,gambling,Yes,10,185,5.4%,2.1%,13.1%,3.3%,7.7%
2022,Prefer not to say,All Schools,worry_incrime,getting involved in crime,No,165,190,86.8%,77.5%,92.7%,9.4%,5.8%
2022,Prefer not to say,All Schools,worry_incrime,getting involved in crime,Yes,25,190,13.2%,7.3%,22.5%,5.8%,9.4%
2022,Prefer not to say,All Schools,worry_lgbt,sexual orientation/identity,No,85,190,44.7%,34.1%,55.9%,10.6%,11.1%
2022,Prefer not to say,All Schools,worry_lgbt,sexual orientation/identity,Yes,105,190,55.3%,44.1%,65.9%,11.1%,10.6%
2022,Prefer not to say,All Schools,worry_lonely,feeling lonely,No,90,190,47.4%,36.6%,58.4%,10.8%,11.0%
2022,Prefer not to say,All Schools,worry_lonely,feeling lonely,Yes,100,190,52.6%,41.6%,63.4%,11.0%,10.8%
2022,Prefer not to say,All Schools,worry_look,their appearance,No,80,185,43.2%,32.6%,54.6%,10.6%,11.3%
2022,Prefer not to say,All Schools,worry_look,their appearance,Yes,105,185,56.8%,45.4%,67.4%,11.3%,10.6%
2022,Prefer not to say,All Schools,worry_mental,their mental health,No,80,190,42.1%,31.7%,53.3%,10.4%,11.2%
2022,Prefer not to say,All Schools,worry_mental,their mental health,Yes,110,190,57.9%,46.7%,68.3%,11.2%,10.4%
2022,Prefer not to say,All Schools,worry_money,money problems (including family finances),No,125,185,67.6%,56.3%,77.1%,11.3%,9.5%
2022,Prefer not to say,All Schools,worry_money,money problems (including family finances),Yes,60,185,32.4%,22.9%,43.7%,9.5%,11.3%
2022,Prefer not to say,All Schools,worry_phys,their physical health,No,110,190,57.9%,46.7%,68.3%,11.2%,10.4%
2022,Prefer not to say,All Schools,worry_phys,their physical health,Yes,80,190,42.1%,31.7%,53.3%,10.4%,11.2%
2022,Prefer not to say,All Schools,worry_racism,racism,No,140,190,73.7%,62.9%,82.3%,10.8%,8.6%
2022,Prefer not to say,All Schools,worry_racism,racism,Yes,50,190,26.3%,17.7%,37.1%,8.6%,10.8%
2022,Prefer not to say,All Schools,worry_relationships,relationships/sexual health,No,135,185,73.0%,61.9%,81.7%,11.0%,8.8%
2022,Prefer not to say,All Schools,worry_relationships,relationships/sexual health,Yes,50,185,27.0%,18.3%,38.1%,8.8%,11.0%
2022,Prefer not to say,All Schools,worry_school,schoolwork,No,60,190,31.6%,22.3%,42.7%,9.3%,11.1%
2022,Prefer not to say,All Schools,worry_school,schoolwork,Yes,130,190,68.4%,57.3%,77.7%,11.1%,9.3%
2022,Prefer not to say,All Schools,worry_siblings,problems with siblings,No,190,190,100.0%,95.2%,100.0%,4.8%,0.0%
2022,Prefer not to say,All Schools,worry_socialmedia,social media,No,135,190,71.1%,60.1%,80.0%,11.0%,9.0%
2022,Prefer not to say,All Schools,worry_socialmedia,social media,Yes,55,190,28.9%,20.0%,39.9%,9.0%,11.0%
2022,Prefer not to say,All Schools,worry_treatgirls,how men treat/speak to girls,No,110,190,57.9%,46.7%,68.3%,11.2%,10.4%
2022,Prefer not to say,All Schools,worry_treatgirls,how men treat/speak to girls,Yes,80,190,42.1%,31.7%,53.3%,10.4%,11.2%
2022,Prefer not to say,All Schools,worry_violenceboys,harrassment/violence against boys,No,150,190,78.9%,68.5%,86.6%,10.4%,7.6%
2022,Prefer not to say,All Schools,worry_violenceboys,harrassment/violence against boys,Yes,40,190,21.1%,13.4%,31.5%,7.6%,10.4%
2022,Prefer not to say,All Schools,worry_violencegirls,harrassment/violence against girls,No,115,190,60.5%,49.3%,70.7%,11.2%,10.2%
2022,Prefer not to say,All Schools,worry_violencegirls,harrassment/violence against girls,Yes,75,190,39.5%,29.3%,50.7%,10.2%,11.2%
2022,Prefer not to say,All Schools,xanex_exp,Xanax,No,20,25,80.0%,49.1%,94.3%,30.9%,14.3%
2022,Prefer not to say,All Schools,xanex_exp,Xanax,Yes,5,25,20.0%,5.7%,50.9%,14.3%,30.9%
2022,Prefer not to say,All Schools,xanex_offered,Xanax,No,190,190,100.0%,95.2%,100.0%,4.8%,0.0%
2022,Transgender,All Schools,District,District,Broxbourne,5,120,4.2%,1.2%,13.9%,3.0%,9.8%
2022,Transgender,All Schools,District,District,Dacorum,10,120,8.3%,3.3%,19.5%,5.0%,11.2%
2022,Transgender,All Schools,District,District,East Hertfordshire,5,120,4.2%,1.2%,13.9%,3.0%,9.8%
2022,Transgender,All Schools,District,District,Hertsmere,5,120,4.2%,1.2%,13.9%,3.0%,9.8%
2022,Transgender,All Schools,District,District,North Hertfordshire,10,120,8.3%,3.3%,19.5%,5.0%,11.2%
2022,Transgender,All Schools,District,District,Outside of Hertfordshire,10,120,8.3%,3.3%,19.5%,5.0%,11.2%
2022,Transgender,All Schools,District,District,Prefer not to say / Unknown,10,120,8.3%,3.3%,19.5%,5.0%,11.2%
2022,Transgender,All Schools,District,District,St Albans,25,120,20.8%,11.7%,34.2%,9.1%,13.4%
2022,Transgender,All Schools,District,District,Stevenage,10,120,8.3%,3.3%,19.5%,5.0%,11.2%
2022,Transgender,All Schools,District,District,Three Rivers,5,120,4.2%,1.2%,13.9%,3.0%,9.8%
2022,Transgender,All Schools,District,District,Watford,10,120,8.3%,3.3%,19.5%,5.0%,11.2%
2022,Transgender,All Schools,District,District,Welwyn Hatfield,15,120,12.5%,5.9%,24.7%,6.6%,12.2%
2022,Transgender,All Schools,District_school,NA,Broxbourne,5,120,4.2%,1.2%,13.9%,3.0%,9.8%
2022,Transgender,All Schools,District_school,NA,Dacorum,10,120,8.3%,3.3%,19.5%,5.0%,11.2%
2022,Transgender,All Schools,District_school,NA,East Hertfordshire,5,120,4.2%,1.2%,13.9%,3.0%,9.8%
2022,Transgender,All Schools,District_school,NA,Hertsmere,10,120,8.3%,3.3%,19.5%,5.0%,11.2%
2022,Transgender,All Schools,District_school,NA,North Hertfordshire,10,120,8.3%,3.3%,19.5%,5.0%,11.2%
2022,Transgender,All Schools,District_school,NA,Outside of Hertfordshire,0,120,0.0%,0.0%,7.4%,0.0%,7.4%
2022,Transgender,All Schools,District_school,NA,St Albans,30,120,25.0%,14.9%,38.7%,10.1%,13.7%
2022,Transgender,All Schools,District_school,NA,Stevenage,10,120,8.3%,3.3%,19.5%,5.0%,11.2%
2022,Transgender,All Schools,District_school,NA,Three Rivers,15,120,12.5%,5.9%,24.7%,6.6%,12.2%
2022,Transgender,All Schools,District_school,NA,Watford,10,120,8.3%,3.3%,19.5%,5.0%,11.2%
2022,Transgender,All Schools,District_school,NA,Welwyn Hatfield,15,120,12.5%,5.9%,24.7%,6.6%,12.2%
2022,Transgender,All Schools,Q8978241.18,NA,No,120,120,100.0%,92.6%,100.0%,7.4%,0.0%
2022,Transgender,All Schools,age,Age,11,5,120,4.2%,1.2%,13.9%,3.0%,9.8%
2022,Transgender,All Schools,age,Age,12,15,120,12.5%,5.9%,24.7%,6.6%,12.2%
2022,Transgender,All Schools,age,Age,13,25,120,20.8%,11.7%,34.2%,9.1%,13.4%
2022,Transgender,All Schools,age,Age,14,25,120,20.8%,11.7%,34.2%,9.1%,13.4%
2022,Transgender,All Schools,age,Age,15,15,120,12.5%,5.9%,24.7%,6.6%,12.2%
2022,Transgender,All Schools,age,Age,16,15,120,12.5%,5.9%,24.7%,6.6%,12.2%
2022,Transgender,All Schools,age,Age,17,15,120,12.5%,5.9%,24.7%,6.6%,12.2%
2022,Transgender,All Schools,age,Age,18,5,120,4.2%,1.2%,13.9%,3.0%,9.8%
2022,Transgender,All Schools,alcohol_6more,how often they have six or more drinks on one occasion,Daily or almost daily,20,60,33.3%,18.0%,53.2%,15.3%,19.9%
2022,Transgender,All Schools,alcohol_6more,how often they have six or more drinks on one occasion,Less than monthly,10,60,16.7%,6.7%,35.8%,10.0%,19.1%
2022,Transgender,All Schools,alcohol_6more,how often they have six or more drinks on one occasion,Monthly,5,60,8.3%,2.3%,25.8%,6.0%,17.5%
2022,Transgender,All Schools,alcohol_6more,how often they have six or more drinks on one occasion,Never,20,60,33.3%,18.0%,53.2%,15.3%,19.9%
2022,Transgender,All Schools,alcohol_6more,how often they have six or more drinks on one occasion,Weekly,5,60,8.3%,2.3%,25.8%,6.0%,17.5%
2022,Transgender,All Schools,alcohol_ever,how often they had an alcohol-containing drink in the past three months,2-3 times a week,0,120,0.0%,0.0%,7.4%,0.0%,7.4%
2022,Transgender,All Schools,alcohol_ever,how often they had an alcohol-containing drink in the past three months,2-4 times a month,10,120,8.3%,3.3%,19.5%,5.0%,11.2%
2022,Transgender,All Schools,alcohol_ever,how often they had an alcohol-containing drink in the past three months,4 or more times a week,20,120,16.7%,8.7%,29.5%,8.0%,12.9%
2022,Transgender,All Schools,alcohol_ever,how often they had an alcohol-containing drink in the past three months,Monthly or less,20,120,16.7%,8.7%,29.5%,8.0%,12.9%
2022,Transgender,All Schools,alcohol_ever,how often they had an alcohol-containing drink in the past three months,Never,70,120,58.3%,44.3%,71.1%,14.0%,12.8%
2022,Transgender,All Schools,alcohol_reduce,want to reduce or stop drinking,I'd like to reduce the amount I drink but not stop,5,50,10.0%,2.8%,30.0%,7.2%,20.0%
2022,Transgender,All Schools,alcohol_reduce,want to reduce or stop drinking,"No, I want to keep drinking alcohol",45,50,90.0%,70.0%,97.2%,20.0%,7.2%
2022,Transgender,All Schools,alcohol_reduce,want to reduce or stop drinking,"Yes, I'd like to stop drinking alcohol",0,50,0.0%,0.0%,16.0%,0.0%,16.0%
2022,Transgender,All Schools,amphetamine_offered,amphetamines,No,120,120,100.0%,92.6%,100.0%,7.4%,0.0%
2022,Transgender,All Schools,amphetamines_exp,amphetamines,No,10,25,40.0%,16.9%,68.7%,23.1%,28.7%
2022,Transgender,All Schools,amphetamines_exp,amphetamines,Yes,15,25,60.0%,31.3%,83.1%,28.7%,23.1%
2022,Transgender,All Schools,approached_anonymous_report,reported the crime anonymously,No,120,120,100.0%,92.6%,100.0%,7.4%,0.0%
2022,Transgender,All Schools,approached_argue,argued or fought back,No,120,120,100.0%,92.6%,100.0%,7.4%,0.0%
2022,Transgender,All Schools,approached_other,other,No,120,120,100.0%,92.6%,100.0%,7.4%,0.0%
2022,Transgender,All Schools,approached_toldadult,told an adult,No,120,120,100.0%,92.6%,100.0%,7.4%,0.0%
2022,Transgender,All Schools,approached_toldfriend,told a friend,No,120,120,100.0%,92.6%,100.0%,7.4%,0.0%
2022,Transgender,All Schools,approached_toldpolice,told the police,No,120,120,100.0%,92.6%,100.0%,7.4%,0.0%
2022,Transgender,All Schools,approached_toldself,kept it to themselves,No,120,120,100.0%,92.6%,100.0%,7.4%,0.0%
2022,Transgender,All Schools,approached_walkaway,walked away,No,120,120,100.0%,92.6%,100.0%,7.4%,0.0%
2022,Transgender,All Schools,brushteeth,how many times they brushed their teeth yesterday,0,30,115,26.1%,15.6%,40.2%,10.5%,14.1%
2022,Transgender,All Schools,brushteeth,how many times they brushed their teeth yesterday,1,40,115,34.8%,22.7%,49.2%,12.1%,14.4%
2022,Transgender,All Schools,brushteeth,how many times they brushed their teeth yesterday,2 or more,45,115,39.1%,26.4%,53.5%,12.7%,14.4%
2022,Transgender,All Schools,bullied,have ever been bullied or picked on,No,35,120,29.2%,18.3%,43.1%,10.9%,14.0%
2022,Transgender,All Schools,bullied,have ever been bullied or picked on,Yes,85,120,70.8%,56.9%,81.7%,14.0%,10.9%
2022,Transgender,All Schools,bullied_currently,are currently being bullied or picked on,No,40,80,50.0%,33.7%,66.3%,16.3%,16.3%
2022,Transgender,All Schools,bullied_currently,are currently being bullied or picked on,Prefer not to say,15,80,18.8%,8.9%,35.3%,9.8%,16.5%
2022,Transgender,All Schools,bullied_currently,are currently being bullied or picked on,Yes,25,80,31.2%,18.0%,48.5%,13.3%,17.3%
2022,Transgender,All Schools,bullied_internet,they have been bullied online,No,55,85,64.7%,48.0%,78.5%,16.7%,13.8%
2022,Transgender,All Schools,bullied_internet,they have been bullied online,Yes,30,85,35.3%,21.5%,52.0%,13.8%,16.7%
2022,Transgender,All Schools,bullied_none,have no experiences with bullying,No,105,120,87.5%,75.3%,94.1%,12.2%,6.6%
2022,Transgender,All Schools,bullied_none,have no experiences with bullying,Yes,15,120,12.5%,5.9%,24.7%,6.6%,12.2%
2022,Transgender,All Schools,bullied_others,have ever bullied or picked on someone else,No,95,125,76.0%,62.6%,85.7%,13.4%,9.7%
2022,Transgender,All Schools,bullied_others,have ever bullied or picked on someone else,Yes,30,125,24.0%,14.3%,37.4%,9.7%,13.4%
2022,Transgender,All Schools,bullied_outschool,they have been bullied somewhere other than school,No,55,85,64.7%,48.0%,78.5%,16.7%,13.8%
2022,Transgender,All Schools,bullied_outschool,they have been bullied somewhere other than school,Yes,30,85,35.3%,21.5%,52.0%,13.8%,16.7%
2022,Transgender,All Schools,bullied_prefer_not_say,would prefer not to respond about their experiences with bullying,No,115,125,92.0%,81.2%,96.8%,10.8%,4.8%
2022,Transgender,All Schools,bullied_prefer_not_say,would prefer not to respond about their experiences with bullying,Yes,10,125,8.0%,3.2%,18.8%,4.8%,10.8%
2022,Transgender,All Schools,bullied_school,they have been bullied at school,No,5,85,5.9%,1.6%,19.0%,4.2%,13.2%
2022,Transgender,All Schools,bullied_school,they have been bullied at school,Yes,80,85,94.1%,81.0%,98.4%,13.2%,4.2%
2022,Transgender,All Schools,buyalc_friend,from a friend or relative,No,25,50,50.0%,30.0%,70.0%,20.0%,20.0%
2022,Transgender,All Schools,buyalc_friend,from a friend or relative,Yes,25,50,50.0%,30.0%,70.0%,20.0%,20.0%
2022,Transgender,All Schools,buyalc_home,from home,No,20,50,40.0%,21.9%,61.3%,18.1%,21.3%
2022,Transgender,All Schools,buyalc_home,from home,Yes,30,50,60.0%,38.7%,78.1%,21.3%,18.1%
2022,Transgender,All Schools,buyalc_internet,from the internet,No,45,55,81.8%,61.5%,92.7%,20.3%,10.9%
2022,Transgender,All Schools,buyalc_internet,from the internet,Yes,10,55,18.2%,7.3%,38.5%,10.9%,20.3%
2022,Transgender,All Schools,buyalc_pubbar,from a pub/bar,No,40,50,80.0%,58.5%,91.9%,21.5%,11.9%
2022,Transgender,All Schools,buyalc_pubbar,from a pub/bar,Yes,10,50,20.0%,8.1%,41.5%,11.9%,21.5%
2022,Transgender,All Schools,buyalc_smallshop,from a small shop/off-licence,No,40,55,72.7%,51.9%,86.8%,20.8%,14.1%
2022,Transgender,All Schools,buyalc_smallshop,from a small shop/off-licence,Yes,15,55,27.3%,13.2%,48.1%,14.1%,20.8%
2022,Transgender,All Schools,buyalc_supermarket,from a supermarket,No,40,50,80.0%,58.5%,91.9%,21.5%,11.9%
2022,Transgender,All Schools,buyalc_supermarket,from a supermarket,Yes,10,50,20.0%,8.1%,41.5%,11.9%,21.5%
2022,Transgender,All Schools,buycig_friend,from a friend or relative,No,15,25,60.0%,31.3%,83.1%,28.7%,23.1%
2022,Transgender,All Schools,buycig_friend,from a friend or relative,Yes,10,25,40.0%,16.9%,68.7%,23.1%,28.7%
2022,Transgender,All Schools,buycig_internet,from the internet,No,20,25,80.0%,49.1%,94.3%,30.9%,14.3%
2022,Transgender,All Schools,buycig_internet,from the internet,Yes,5,25,20.0%,5.7%,50.9%,14.3%,30.9%
2022,Transgender,All Schools,buycig_pubbar,from a pub/bar,No,15,25,60.0%,31.3%,83.1%,28.7%,23.1%
2022,Transgender,All Schools,buycig_pubbar,from a pub/bar,Yes,10,25,40.0%,16.9%,68.7%,23.1%,28.7%
2022,Transgender,All Schools,buycig_smallshop,from a small shop/off-licence,No,15,25,60.0%,31.3%,83.1%,28.7%,23.1%
2022,Transgender,All Schools,buycig_smallshop,from a small shop/off-licence,Yes,10,25,40.0%,16.9%,68.7%,23.1%,28.7%
2022,Transgender,All Schools,buycig_supermarker,from a supermarket,No,20,30,66.7%,39.1%,86.2%,27.5%,19.5%
2022,Transgender,All Schools,buycig_supermarker,from a supermarket,Yes,10,30,33.3%,13.8%,60.9%,19.5%,27.5%
2022,Transgender,All Schools,buydrug_bar,pubs/bars/clubs,No,25,30,83.3%,55.3%,95.3%,28.1%,12.0%
2022,Transgender,All Schools,buydrug_bar,pubs/bars/clubs,Yes,5,30,16.7%,4.7%,44.7%,12.0%,28.1%
2022,Transgender,All Schools,buydrug_friend,friend or relative,No,20,30,66.7%,39.1%,86.2%,27.5%,19.5%
2022,Transgender,All Schools,buydrug_friend,friend or relative,Yes,10,30,33.3%,13.8%,60.9%,19.5%,27.5%
2022,Transgender,All Schools,buydrug_internet,the internet,No,25,30,83.3%,55.3%,95.3%,28.1%,12.0%
2022,Transgender,All Schools,buydrug_internet,the internet,Yes,5,30,16.7%,4.7%,44.7%,12.0%,28.1%
2022,Transgender,All Schools,buydrug_other,other sources,No,25,30,83.3%,55.3%,95.3%,28.1%,12.0%
2022,Transgender,All Schools,buydrug_other,other sources,Yes,5,30,16.7%,4.7%,44.7%,12.0%,28.1%
2022,Transgender,All Schools,buydrug_school,school,No,25,30,83.3%,55.3%,95.3%,28.1%,12.0%
2022,Transgender,All Schools,buydrug_school,school,Yes,5,30,16.7%,4.7%,44.7%,12.0%,28.1%
2022,Transgender,All Schools,buydrug_streets,on the street,No,15,25,60.0%,31.3%,83.1%,28.7%,23.1%
2022,Transgender,All Schools,buydrug_streets,on the street,Yes,10,25,40.0%,16.9%,68.7%,23.1%,28.7%
2022,Transgender,All Schools,cannabis_exp,cannabis,No,5,25,20.0%,5.7%,50.9%,14.3%,30.9%
2022,Transgender,All Schools,cannabis_exp,cannabis,Yes,20,25,80.0%,49.1%,94.3%,30.9%,14.3%
2022,Transgender,All Schools,cannabis_offered,cannabis,No,120,120,100.0%,92.6%,100.0%,7.4%,0.0%
2022,Transgender,All Schools,caring,"help to look after a family member with a serious, mental or physical, illness or disability",No,95,120,79.2%,65.8%,88.3%,13.4%,9.1%
2022,Transgender,All Schools,caring,"help to look after a family member with a serious, mental or physical, illness or disability",Prefer not to say,5,120,4.2%,1.2%,13.9%,3.0%,9.8%
2022,Transgender,All Schools,caring,"help to look after a family member with a serious, mental or physical, illness or disability",Yes,20,120,16.7%,8.7%,29.5%,8.0%,12.9%
2022,Transgender,All Schools,carry_protection,carry weapons for protection when going out,Always,15,120,12.5%,5.9%,24.7%,6.6%,12.2%
2022,Transgender,All Schools,carry_protection,carry weapons for protection when going out,Never,90,120,75.0%,61.3%,85.1%,13.7%,10.1%
2022,Transgender,All Schools,carry_protection,carry weapons for protection when going out,Prefer not to say,0,120,0.0%,0.0%,7.4%,0.0%,7.4%
2022,Transgender,All Schools,carry_protection,carry weapons for protection when going out,Sometimes,10,120,8.3%,3.3%,19.5%,5.0%,11.2%
2022,Transgender,All Schools,carry_protection,carry weapons for protection when going out,Usually,5,120,4.2%,1.2%,13.9%,3.0%,9.8%
2022,Transgender,All Schools,carry_protection_other,know anyone who carries a weapons for protection when going out,Don't know,30,120,25.0%,14.9%,38.7%,10.1%,13.7%
2022,Transgender,All Schools,carry_protection_other,know anyone who carries a weapons for protection when going out,No,55,120,45.8%,32.6%,59.7%,13.2%,13.8%
2022,Transgender,All Schools,carry_protection_other,know anyone who carries a weapons for protection when going out,Prefer not to say,5,120,4.2%,1.2%,13.9%,3.0%,9.8%
2022,Transgender,All Schools,carry_protection_other,know anyone who carries a weapons for protection when going out,Yes,30,120,25.0%,14.9%,38.7%,10.1%,13.7%
2022,Transgender,All Schools,cla,child looked after (lived with foster carers/care home),No,95,120,79.2%,65.8%,88.3%,13.4%,9.1%
2022,Transgender,All Schools,cla,child looked after (lived with foster carers/care home),Prefer not to say,5,120,4.2%,1.2%,13.9%,3.0%,9.8%
2022,Transgender,All Schools,cla,child looked after (lived with foster carers/care home),Yes,20,120,16.7%,8.7%,29.5%,8.0%,12.9%
2022,Transgender,All Schools,clubs_arts,an arts and crafts group,Currently attending,15,110,13.6%,6.4%,26.7%,7.2%,13.0%
2022,Transgender,All Schools,clubs_arts,an arts and crafts group,Don't want to attend,65,110,59.1%,44.4%,72.3%,14.6%,13.2%
2022,Transgender,All Schools,clubs_arts,an arts and crafts group,Would like to attend,30,110,27.3%,16.4%,41.8%,10.9%,14.5%
2022,Transgender,All Schools,clubs_doe,Duke of Edinburgh,Currently attending,15,110,13.6%,6.4%,26.7%,7.2%,13.0%
2022,Transgender,All Schools,clubs_doe,Duke of Edinburgh,Don't want to attend,75,110,68.2%,53.5%,80.0%,14.7%,11.8%
2022,Transgender,All Schools,clubs_doe,Duke of Edinburgh,Would like to attend,20,110,18.2%,9.5%,31.9%,8.7%,13.7%
2022,Transgender,All Schools,clubs_music,a music club/group,Currently attending,15,110,13.6%,6.4%,26.7%,7.2%,13.0%
2022,Transgender,All Schools,clubs_music,a music club/group,Don't want to attend,70,110,63.6%,48.9%,76.2%,14.7%,12.6%
2022,Transgender,All Schools,clubs_music,a music club/group,Would like to attend,25,110,22.7%,12.9%,36.9%,9.9%,14.2%
2022,Transgender,All Schools,clubs_other,other group,Currently attending,10,90,11.1%,4.4%,25.3%,6.7%,14.2%
2022,Transgender,All Schools,clubs_other,other group,Don't want to attend,65,90,72.2%,56.1%,84.1%,16.2%,11.9%
2022,Transgender,All Schools,clubs_other,other group,Would like to attend,15,90,16.7%,7.9%,31.8%,8.8%,15.2%
2022,Transgender,All Schools,clubs_perform,a drama/performing arts/dance group,Currently attending,15,110,13.6%,6.4%,26.7%,7.2%,13.0%
2022,Transgender,All Schools,clubs_perform,a drama/performing arts/dance group,Don't want to attend,75,110,68.2%,53.5%,80.0%,14.7%,11.8%
2022,Transgender,All Schools,clubs_perform,a drama/performing arts/dance group,Would like to attend,20,110,18.2%,9.5%,31.9%,8.7%,13.7%
2022,Transgender,All Schools,clubs_religion,a religious group,Currently attending,10,105,9.5%,3.8%,22.0%,5.7%,12.5%
2022,Transgender,All Schools,clubs_religion,a religious group,Don't want to attend,90,105,85.7%,72.2%,93.3%,13.5%,7.6%
2022,Transgender,All Schools,clubs_religion,a religious group,Would like to attend,5,105,4.8%,1.3%,15.7%,3.4%,11.0%
2022,Transgender,All Schools,clubs_schoolclub,a club/group at school,Currently attending,30,105,28.6%,17.2%,43.5%,11.4%,15.0%
2022,Transgender,All Schools,clubs_schoolclub,a club/group at school,Don't want to attend,65,105,61.9%,46.9%,75.0%,15.0%,13.1%
2022,Transgender,All Schools,clubs_schoolclub,a club/group at school,Would like to attend,10,105,9.5%,3.8%,22.0%,5.7%,12.5%
2022,Transgender,All Schools,clubs_sports,a sports group,Currently attending,25,105,23.8%,13.5%,38.5%,10.3%,14.7%
2022,Transgender,All Schools,clubs_sports,a sports group,Don't want to attend,65,105,61.9%,46.9%,75.0%,15.0%,13.1%
2022,Transgender,All Schools,clubs_sports,a sports group,Would like to attend,15,105,14.3%,6.7%,27.8%,7.6%,13.5%
2022,Transgender,All Schools,clubs_syp,Services for Young People,Currently attending,15,105,14.3%,6.7%,27.8%,7.6%,13.5%
2022,Transgender,All Schools,clubs_syp,Services for Young People,Don't want to attend,75,105,71.4%,56.5%,82.8%,15.0%,11.4%
2022,Transgender,All Schools,clubs_syp,Services for Young People,Would like to attend,15,105,14.3%,6.7%,27.8%,7.6%,13.5%
2022,Transgender,All Schools,clubs_uniformed,uniformed group,Currently attending,15,110,13.6%,6.4%,26.7%,7.2%,13.0%
2022,Transgender,All Schools,clubs_uniformed,uniformed group,Don't want to attend,85,110,77.3%,63.1%,87.1%,14.2%,9.9%
2022,Transgender,All Schools,clubs_uniformed,uniformed group,Would like to attend,10,110,9.1%,3.6%,21.1%,5.5%,12.0%
2022,Transgender,All Schools,clubs_volunteering,volunteering/social action group,Currently attending,15,110,13.6%,6.4%,26.7%,7.2%,13.0%
2022,Transgender,All Schools,clubs_volunteering,volunteering/social action group,Don't want to attend,75,110,68.2%,53.5%,80.0%,14.7%,11.8%
2022,Transgender,All Schools,clubs_volunteering,volunteering/social action group,Would like to attend,20,110,18.2%,9.5%,31.9%,8.7%,13.7%
2022,Transgender,All Schools,cocaine_exp,cocaine,No,10,30,33.3%,13.8%,60.9%,19.5%,27.5%
2022,Transgender,All Schools,cocaine_exp,cocaine,Yes,20,30,66.7%,39.1%,86.2%,27.5%,19.5%
2022,Transgender,All Schools,cocaine_offered,cocaine,No,120,120,100.0%,92.6%,100.0%,7.4%,0.0%
2022,Transgender,All Schools,condition_adhd,ADHD,No,95,125,76.0%,62.6%,85.7%,13.4%,9.7%
2022,Transgender,All Schools,condition_adhd,ADHD,Yes,30,125,24.0%,14.3%,37.4%,9.7%,13.4%
2022,Transgender,All Schools,condition_autism,autism,No,90,125,72.0%,58.4%,82.5%,13.6%,10.5%
2022,Transgender,All Schools,condition_autism,autism,Yes,35,125,28.0%,17.5%,41.6%,10.5%,13.6%
2022,Transgender,All Schools,condition_disability,physical disability,No,100,125,80.0%,67.0%,88.7%,13.0%,8.7%
2022,Transgender,All Schools,condition_disability,physical disability,Yes,25,125,20.0%,11.3%,33.0%,8.7%,13.0%
2022,Transgender,All Schools,condition_mental,diagnosed mental health condition,No,80,125,64.0%,50.2%,75.8%,13.8%,11.8%
2022,Transgender,All Schools,condition_mental,diagnosed mental health condition,Yes,45,125,36.0%,24.2%,49.8%,11.8%,13.8%
2022,Transgender,All Schools,condition_physical,physical condition,No,100,125,80.0%,67.0%,88.7%,13.0%,8.7%
2022,Transgender,All Schools,condition_physical,physical condition,Yes,25,125,20.0%,11.3%,33.0%,8.7%,13.0%
2022,Transgender,All Schools,condition_send,special education need(s) or learning difficulty,No,100,120,83.3%,70.5%,91.3%,12.9%,8.0%
2022,Transgender,All Schools,condition_send,special education need(s) or learning difficulty,Yes,20,120,16.7%,8.7%,29.5%,8.0%,12.9%
2022,Transgender,All Schools,condoms_free,they know where they can get condoms for free,No,30,60,50.0%,31.5%,68.5%,18.5%,18.5%
2022,Transgender,All Schools,condoms_free,they know where they can get condoms for free,Not sure,5,60,8.3%,2.3%,25.8%,6.0%,17.5%
2022,Transgender,All Schools,condoms_free,they know where they can get condoms for free,Yes,25,60,41.7%,24.5%,61.1%,17.2%,19.4%
2022,Transgender,All Schools,cope_alcohol,by drinking alcohol,No,100,120,83.3%,70.5%,91.3%,12.9%,8.0%
2022,Transgender,All Schools,cope_alcohol,by drinking alcohol,Yes,20,120,16.7%,8.7%,29.5%,8.0%,12.9%
2022,Transgender,All Schools,cope_counselling,by having counselling,No,115,125,92.0%,81.2%,96.8%,10.8%,4.8%
2022,Transgender,All Schools,cope_counselling,by having counselling,Yes,10,125,8.0%,3.2%,18.8%,4.8%,10.8%
2022,Transgender,All Schools,cope_creative,by doing creative activities,No,85,125,68.0%,54.2%,79.2%,13.8%,11.2%
2022,Transgender,All Schools,cope_creative,by doing creative activities,Yes,40,125,32.0%,20.8%,45.8%,11.2%,13.8%
2022,Transgender,All Schools,cope_drugs,by doing drugs,No,105,120,87.5%,75.3%,94.1%,12.2%,6.6%
2022,Transgender,All Schools,cope_drugs,by doing drugs,Yes,15,120,12.5%,5.9%,24.7%,6.6%,12.2%
2022,Transgender,All Schools,cope_eat,by eating more,No,90,120,75.0%,61.3%,85.1%,13.7%,10.1%
2022,Transgender,All Schools,cope_eat,by eating more,Yes,30,120,25.0%,14.9%,38.7%,10.1%,13.7%
2022,Transgender,All Schools,cope_exercise,by exercising,No,105,120,87.5%,75.3%,94.1%,12.2%,6.6%
2022,Transgender,All Schools,cope_exercise,by exercising,Yes,15,120,12.5%,5.9%,24.7%,6.6%,12.2%
2022,Transgender,All Schools,cope_games,by playing computer games,No,85,125,68.0%,54.2%,79.2%,13.8%,11.2%
2022,Transgender,All Schools,cope_games,by playing computer games,Yes,40,125,32.0%,20.8%,45.8%,11.2%,13.8%
2022,Transgender,All Schools,cope_internet,by looking for help online,No,105,125,84.0%,71.5%,91.6%,12.5%,7.6%
2022,Transgender,All Schools,cope_internet,by looking for help online,Yes,20,125,16.0%,8.4%,28.5%,7.6%,12.5%
2022,Transgender,All Schools,cope_music,by listening to music,No,50,120,41.7%,28.9%,55.7%,12.8%,14.0%
2022,Transgender,All Schools,cope_music,by listening to music,Yes,70,120,58.3%,44.3%,71.1%,14.0%,12.8%
2022,Transgender,All Schools,cope_nothing,by doing nothing,No,90,120,75.0%,61.3%,85.1%,13.7%,10.1%
2022,Transgender,All Schools,cope_nothing,by doing nothing,Yes,30,120,25.0%,14.9%,38.7%,10.1%,13.7%
2022,Transgender,All Schools,cope_other,by other methods,No,110,120,91.7%,80.5%,96.7%,11.2%,5.0%
2022,Transgender,All Schools,cope_other,by other methods,Yes,10,120,8.3%,3.3%,19.5%,5.0%,11.2%
2022,Transgender,All Schools,cope_selfharm,by self-harm,No,60,125,48.0%,34.8%,61.5%,13.2%,13.5%
2022,Transgender,All Schools,cope_selfharm,by self-harm,Yes,65,125,52.0%,38.5%,65.2%,13.5%,13.2%
2022,Transgender,All Schools,cope_smoke,by smoking,No,100,120,83.3%,70.5%,91.3%,12.9%,8.0%
2022,Transgender,All Schools,cope_smoke,by smoking,Yes,20,120,16.7%,8.7%,29.5%,8.0%,12.9%
2022,Transgender,All Schools,cope_talkadult,by talking to an adult that's not their carer,No,110,125,88.0%,76.2%,94.4%,11.8%,6.4%
2022,Transgender,All Schools,cope_talkadult,by talking to an adult that's not their carer,Yes,15,125,12.0%,5.6%,23.8%,6.4%,11.8%
2022,Transgender,All Schools,cope_talkfamily,by talking to family,No,105,120,87.5%,75.3%,94.1%,12.2%,6.6%
2022,Transgender,All Schools,cope_talkfamily,by talking to family,Yes,15,120,12.5%,5.9%,24.7%,6.6%,12.2%
2022,Transgender,All Schools,cope_talkfriend,by talking to a friend,No,90,120,75.0%,61.3%,85.1%,13.7%,10.1%
2022,Transgender,All Schools,cope_talkfriend,by talking to a friend,Yes,30,120,25.0%,14.9%,38.7%,10.1%,13.7%
2022,Transgender,All Schools,cope_think,by thinking of a solution on their own,No,90,120,75.0%,61.3%,85.1%,13.7%,10.1%
2022,Transgender,All Schools,cope_think,by thinking of a solution on their own,Yes,30,120,25.0%,14.9%,38.7%,10.1%,13.7%
2022,Transgender,All Schools,crack_exp,crack,No,10,30,33.3%,13.8%,60.9%,19.5%,27.5%
2022,Transgender,All Schools,crack_exp,crack,Yes,20,30,66.7%,39.1%,86.2%,27.5%,19.5%
2022,Transgender,All Schools,crack_offered,crack,No,120,120,100.0%,92.6%,100.0%,7.4%,0.0%
2022,Transgender,All Schools,dentist,check-up at the dentist within the last year,No,45,120,37.5%,25.2%,51.6%,12.3%,14.1%
2022,Transgender,All Schools,dentist,check-up at the dentist within the last year,Yes,75,120,62.5%,48.4%,74.8%,14.1%,12.3%
2022,Transgender,All Schools,diet_breakfast,breakfast,2-3 days a week,10,120,8.3%,3.3%,19.5%,5.0%,11.2%
2022,Transgender,All Schools,diet_breakfast,breakfast,On most days,45,120,37.5%,25.2%,51.6%,12.3%,14.1%
2022,Transgender,All Schools,diet_breakfast,breakfast,Once a week or less,10,120,8.3%,3.3%,19.5%,5.0%,11.2%
2022,Transgender,All Schools,diet_breakfast,breakfast,Rarely or never,55,120,45.8%,32.6%,59.7%,13.2%,13.8%
2022,Transgender,All Schools,diet_energydrinks,energy drinks,2-3 days a week,10,120,8.3%,3.3%,19.5%,5.0%,11.2%
2022,Transgender,All Schools,diet_energydrinks,energy drinks,On most days,25,120,20.8%,11.7%,34.2%,9.1%,13.4%
2022,Transgender,All Schools,diet_energydrinks,energy drinks,Once a week or less,20,120,16.7%,8.7%,29.5%,8.0%,12.9%
2022,Transgender,All Schools,diet_energydrinks,energy drinks,Rarely or never,65,120,54.2%,40.3%,67.4%,13.8%,13.2%
2022,Transgender,All Schools,diet_fastfood,fast food and takeaway,2-3 days a week,5,120,4.2%,1.2%,13.9%,3.0%,9.8%
2022,Transgender,All Schools,diet_fastfood,fast food and takeaway,On most days,20,120,16.7%,8.7%,29.5%,8.0%,12.9%
2022,Transgender,All Schools,diet_fastfood,fast food and takeaway,Once a week or less,60,120,50.0%,36.4%,63.6%,13.6%,13.6%
2022,Transgender,All Schools,diet_fastfood,fast food and takeaway,Rarely or never,35,120,29.2%,18.3%,43.1%,10.9%,14.0%
2022,Transgender,All Schools,diet_fizzydrinks,fizzy drinks,2-3 days a week,20,120,16.7%,8.7%,29.5%,8.0%,12.9%
2022,Transgender,All Schools,diet_fizzydrinks,fizzy drinks,On most days,35,120,29.2%,18.3%,43.1%,10.9%,14.0%
2022,Transgender,All Schools,diet_fizzydrinks,fizzy drinks,Once a week or less,30,120,25.0%,14.9%,38.7%,10.1%,13.7%
2022,Transgender,All Schools,diet_fizzydrinks,fizzy drinks,Rarely or never,35,120,29.2%,18.3%,43.1%,10.9%,14.0%
2022,Transgender,All Schools,diet_sweets,sweets or chocolate,2-3 days a week,40,115,34.8%,22.7%,49.2%,12.1%,14.4%
2022,Transgender,All Schools,diet_sweets,sweets or chocolate,On most days,45,115,39.1%,26.4%,53.5%,12.7%,14.4%
2022,Transgender,All Schools,diet_sweets,sweets or chocolate,Once a week or less,25,115,21.7%,12.3%,35.5%,9.5%,13.8%
2022,Transgender,All Schools,diet_sweets,sweets or chocolate,Rarely or never,5,115,4.3%,1.2%,14.5%,3.1%,10.1%
2022,Transgender,All Schools,diet_water,water,2-3 days a week,15,120,12.5%,5.9%,24.7%,6.6%,12.2%
2022,Transgender,All Schools,diet_water,water,On most days,65,120,54.2%,40.3%,67.4%,13.8%,13.2%
2022,Transgender,All Schools,diet_water,water,Once a week or less,15,120,12.5%,5.9%,24.7%,6.6%,12.2%
2022,Transgender,All Schools,diet_water,water,Rarely or never,25,120,20.8%,11.7%,34.2%,9.1%,13.4%
2022,Transgender,All Schools,drug_ever,the best statement that describes them regarding recreational drug use,I have never taken drugs,95,125,76.0%,62.6%,85.7%,13.4%,9.7%
2022,Transgender,All Schools,drug_ever,the best statement that describes them regarding recreational drug use,I have taken drugs once or twice,5,125,4.0%,1.1%,13.4%,2.9%,9.4%
2022,Transgender,All Schools,drug_ever,the best statement that describes them regarding recreational drug use,I take drugs occasionally (less than once a week),5,125,4.0%,1.1%,13.4%,2.9%,9.4%
2022,Transgender,All Schools,drug_ever,the best statement that describes them regarding recreational drug use,I take drugs regularly (once a week or more),20,125,16.0%,8.4%,28.5%,7.6%,12.5%
2022,Transgender,All Schools,drug_reduce,if they want to reduce or stop taking drugs,I'd like to reduce the amount I take but not stop,0,25,0.0%,0.0%,27.6%,0.0%,27.6%
2022,Transgender,All Schools,drug_reduce,if they want to reduce or stop taking drugs,"No, I want to keep taking drugs",20,25,80.0%,49.1%,94.3%,30.9%,14.3%
2022,Transgender,All Schools,drug_reduce,if they want to reduce or stop taking drugs,"Yes, I'd like to stop taking drugs",5,25,20.0%,5.7%,50.9%,14.3%,30.9%
2022,Transgender,All Schools,drugs_alcohol,ever taken drugs and drunk alcohol on the same occasion,No,5,30,16.7%,4.7%,44.7%,12.0%,28.1%
2022,Transgender,All Schools,drugs_alcohol,ever taken drugs and drunk alcohol on the same occasion,Not sure,5,30,16.7%,4.7%,44.7%,12.0%,28.1%
2022,Transgender,All Schools,drugs_alcohol,ever taken drugs and drunk alcohol on the same occasion,Yes,20,30,66.7%,39.1%,86.2%,27.5%,19.5%
2022,Transgender,All Schools,drugsupp_doctor,from a doctor,No,90,125,72.0%,58.4%,82.5%,13.6%,10.5%
2022,Transgender,All Schools,drugsupp_doctor,from a doctor,Yes,35,125,28.0%,17.5%,41.6%,10.5%,13.6%
2022,Transgender,All Schools,drugsupp_family,from family,No,80,125,64.0%,50.2%,75.8%,13.8%,11.8%
2022,Transgender,All Schools,drugsupp_family,from family,Yes,45,125,36.0%,24.2%,49.8%,11.8%,13.8%
2022,Transgender,All Schools,drugsupp_friends,from friends,No,75,120,62.5%,48.4%,74.8%,14.1%,12.3%
2022,Transgender,All Schools,drugsupp_friends,from friends,Yes,45,120,37.5%,25.2%,51.6%,12.3%,14.1%
2022,Transgender,All Schools,drugsupp_internet,from the internet,No,85,120,70.8%,56.9%,81.7%,14.0%,10.9%
2022,Transgender,All Schools,drugsupp_internet,from the internet,Yes,35,120,29.2%,18.3%,43.1%,10.9%,14.0%
2022,Transgender,All Schools,drugsupp_other,from other sources,No,100,120,83.3%,70.5%,91.3%,12.9%,8.0%
2022,Transgender,All Schools,drugsupp_other,from other sources,Yes,20,120,16.7%,8.7%,29.5%,8.0%,12.9%
2022,Transgender,All Schools,drugsupp_teacher,from a teacher,No,100,125,80.0%,67.0%,88.7%,13.0%,8.7%
2022,Transgender,All Schools,drugsupp_teacher,from a teacher,Yes,25,125,20.0%,11.3%,33.0%,8.7%,13.0%
2022,Transgender,All Schools,drugsupp_ypservice,from Drug & Alcohol Services for young people,No,100,125,80.0%,67.0%,88.7%,13.0%,8.7%
2022,Transgender,All Schools,drugsupp_ypservice,from Drug & Alcohol Services for young people,Yes,25,125,20.0%,11.3%,33.0%,8.7%,13.0%
2022,Transgender,All Schools,drugsupp_yw,from a Youth Worker,No,100,120,83.3%,70.5%,91.3%,12.9%,8.0%
2022,Transgender,All Schools,drugsupp_yw,from a Youth Worker,Yes,20,120,16.7%,8.7%,29.5%,8.0%,12.9%
2022,Transgender,All Schools,ecstasy_exp,ecstasy,No,10,25,40.0%,16.9%,68.7%,23.1%,28.7%
2022,Transgender,All Schools,ecstasy_exp,ecstasy,Yes,15,25,60.0%,31.3%,83.1%,28.7%,23.1%
2022,Transgender,All Schools,ecstasy_offered,ecstasy,No,120,120,100.0%,92.6%,100.0%,7.4%,0.0%
2022,Transgender,All Schools,ethnicity,ethnicity,Asian,20,120,16.7%,8.7%,29.5%,8.0%,12.9%
2022,Transgender,All Schools,ethnicity,ethnicity,Black,10,120,8.3%,3.3%,19.5%,5.0%,11.2%
2022,Transgender,All Schools,ethnicity,ethnicity,Mixed,5,120,4.2%,1.2%,13.9%,3.0%,9.8%
2022,Transgender,All Schools,ethnicity,ethnicity,Prefer not to say,0,120,0.0%,0.0%,7.4%,0.0%,7.4%
2022,Transgender,All Schools,ethnicity,ethnicity,White,85,120,70.8%,56.9%,81.7%,14.0%,10.9%
2022,Transgender,All Schools,hallucinogen_natural_exp,hallucinogens,No,10,30,33.3%,13.8%,60.9%,19.5%,27.5%
2022,Transgender,All Schools,hallucinogen_natural_exp,hallucinogens,Yes,20,30,66.7%,39.1%,86.2%,27.5%,19.5%
2022,Transgender,All Schools,hallucinogen_offered,hallucinogens,No,120,120,100.0%,92.6%,100.0%,7.4%,0.0%
2022,Transgender,All Schools,heroin_exp,heroin,No,10,30,33.3%,13.8%,60.9%,19.5%,27.5%
2022,Transgender,All Schools,heroin_exp,heroin,Yes,20,30,66.7%,39.1%,86.2%,27.5%,19.5%
2022,Transgender,All Schools,heroin_offered,heroin,No,120,120,100.0%,92.6%,100.0%,7.4%,0.0%
2022,Transgender,All Schools,herts_just_talk,have heard of Herts Just Talk,No,50,115,43.5%,30.2%,57.7%,13.2%,14.2%
2022,Transgender,All Schools,herts_just_talk,have heard of Herts Just Talk,Unsure,15,115,13.0%,6.1%,25.6%,6.9%,12.6%
2022,Transgender,All Schools,herts_just_talk,have heard of Herts Just Talk,Yes,25,115,21.7%,12.3%,35.5%,9.5%,13.8%
2022,Transgender,All Schools,herts_just_talk,have heard of Herts Just Talk,"Yes I’ve heard of it, but I’m not sure what it is",25,115,21.7%,12.3%,35.5%,9.5%,13.8%
2022,Transgender,All Schools,home_shouting,have ever been frightened by any shouting and arguing between adults or older siblings at home in the last month,Most days/Every day,25,125,20.0%,11.3%,33.0%,8.7%,13.0%
2022,Transgender,All Schools,home_shouting,have ever been frightened by any shouting and arguing between adults or older siblings at home in the last month,No,50,125,40.0%,27.6%,53.8%,12.4%,13.8%
2022,Transgender,All Schools,home_shouting,have ever been frightened by any shouting and arguing between adults or older siblings at home in the last month,Once a week,15,125,12.0%,5.6%,23.8%,6.4%,11.8%
2022,Transgender,All Schools,home_shouting,have ever been frightened by any shouting and arguing between adults or older siblings at home in the last month,Once or twice,25,125,20.0%,11.3%,33.0%,8.7%,13.0%
2022,Transgender,All Schools,home_shouting,have ever been frightened by any shouting and arguing between adults or older siblings at home in the last month,Prefer not to say,10,125,8.0%,3.2%,18.8%,4.8%,10.8%
2022,Transgender,All Schools,home_violence,"if there has been any violence (e.g. hitting, punching, slapping) between adults or older siblings at home in the last month",Most days/Every day,15,120,12.5%,5.9%,24.7%,6.6%,12.2%
2022,Transgender,All Schools,home_violence,"if there has been any violence (e.g. hitting, punching, slapping) between adults or older siblings at home in the last month",No,85,120,70.8%,56.9%,81.7%,14.0%,10.9%
2022,Transgender,All Schools,home_violence,"if there has been any violence (e.g. hitting, punching, slapping) between adults or older siblings at home in the last month",Once a week,5,120,4.2%,1.2%,13.9%,3.0%,9.8%
2022,Transgender,All Schools,home_violence,"if there has been any violence (e.g. hitting, punching, slapping) between adults or older siblings at home in the last month",Once or twice,5,120,4.2%,1.2%,13.9%,3.0%,9.8%
2022,Transgender,All Schools,home_violence,"if there has been any violence (e.g. hitting, punching, slapping) between adults or older siblings at home in the last month",Prefer not to say,10,120,8.3%,3.3%,19.5%,5.0%,11.2%
2022,Transgender,All Schools,hopeful_future,feel hopeful about their future,Always,5,120,4.2%,1.2%,13.9%,3.0%,9.8%
2022,Transgender,All Schools,hopeful_future,feel hopeful about their future,Never,35,120,29.2%,18.3%,43.1%,10.9%,14.0%
2022,Transgender,All Schools,hopeful_future,feel hopeful about their future,Often,10,120,8.3%,3.3%,19.5%,5.0%,11.2%
2022,Transgender,All Schools,hopeful_future,feel hopeful about their future,Sometimes,70,120,58.3%,44.3%,71.1%,14.0%,12.8%
2022,Transgender,All Schools,imd_quintile,for their resident postcode,Quintile 1 - Most Deprived,15,125,12.0%,5.6%,23.8%,6.4%,11.8%
2022,Transgender,All Schools,imd_quintile,for their resident postcode,Quintile 2,20,125,16.0%,8.4%,28.5%,7.6%,12.5%
2022,Transgender,All Schools,imd_quintile,for their resident postcode,Quintile 3,15,125,12.0%,5.6%,23.8%,6.4%,11.8%
2022,Transgender,All Schools,imd_quintile,for their resident postcode,Quintile 4,15,125,12.0%,5.6%,23.8%,6.4%,11.8%
2022,Transgender,All Schools,imd_quintile,for their resident postcode,Quintile 5 - Least Deprived,15,125,12.0%,5.6%,23.8%,6.4%,11.8%
2022,Transgender,All Schools,imd_quintile,for their resident postcode,unknown,45,125,36.0%,24.2%,49.8%,11.8%,13.8%
2022,Transgender,All Schools,internet_info_provided,have been provided with online safety info,No,25,120,20.8%,11.7%,34.2%,9.1%,13.4%
2022,Transgender,All Schools,internet_info_provided,have been provided with online safety info,Yes,95,120,79.2%,65.8%,88.3%,13.4%,9.1%
2022,Transgender,All Schools,internet_met,have ever met someone in real life whom they first met online,No,70,120,58.3%,44.3%,71.1%,14.0%,12.8%
2022,Transgender,All Schools,internet_met,have ever met someone in real life whom they first met online,Yes,50,120,41.7%,28.9%,55.7%,12.8%,14.0%
2022,Transgender,All Schools,internet_personalinfo,have ever shared personal information with someone they have not met in real life,No,65,115,56.5%,42.3%,69.8%,14.2%,13.2%
2022,Transgender,All Schools,internet_personalinfo,have ever shared personal information with someone they have not met in real life,Yes,50,115,43.5%,30.2%,57.7%,13.2%,14.2%
2022,Transgender,All Schools,internet_pictures_pressure,have ever felt pressured to send pictures of themselves to someone,No,85,115,73.9%,59.8%,84.4%,14.1%,10.5%
2022,Transgender,All Schools,internet_pictures_pressure,have ever felt pressured to send pictures of themselves to someone,Yes,30,115,26.1%,15.6%,40.2%,10.5%,14.1%
2022,Transgender,All Schools,internet_pictures_upset,have ever seen a picture or post that scared them,No,55,120,45.8%,32.6%,59.7%,13.2%,13.8%
2022,Transgender,All Schools,internet_pictures_upset,have ever seen a picture or post that scared them,Yes,65,120,54.2%,40.3%,67.4%,13.8%,13.2%
2022,Transgender,All Schools,ketamine_exp,ketamine,No,10,30,33.3%,13.8%,60.9%,19.5%,27.5%
2022,Transgender,All Schools,ketamine_exp,ketamine,Yes,20,30,66.7%,39.1%,86.2%,27.5%,19.5%
2022,Transgender,All Schools,ketamine_offered,ketamine,No,120,120,100.0%,92.6%,100.0%,7.4%,0.0%
2022,Transgender,All Schools,khat_exp,khat,No,10,25,40.0%,16.9%,68.7%,23.1%,28.7%
2022,Transgender,All Schools,khat_exp,khat,Yes,15,25,60.0%,31.3%,83.1%,28.7%,23.1%
2022,Transgender,All Schools,khat_offered,khat,No,120,120,100.0%,92.6%,100.0%,7.4%,0.0%
2022,Transgender,All Schools,life_happyyesterday,how happy they felt yesterday overall on a scale low to high,high,10,120,8.3%,3.3%,19.5%,5.0%,11.2%
2022,Transgender,All Schools,life_happyyesterday,how happy they felt yesterday overall on a scale low to high,low,80,120,66.7%,52.6%,78.3%,14.1%,11.6%
2022,Transgender,All Schools,life_happyyesterday,how happy they felt yesterday overall on a scale low to high,medium,25,120,20.8%,11.7%,34.2%,9.1%,13.4%
2022,Transgender,All Schools,life_happyyesterday,how happy they felt yesterday overall on a scale low to high,very high,5,120,4.2%,1.2%,13.9%,3.0%,9.8%
2022,Transgender,All Schools,life_satisfied,about how satisfied they with their life on a scale of low to high,high,15,125,12.0%,5.6%,23.8%,6.4%,11.8%
2022,Transgender,All Schools,life_satisfied,about how satisfied they with their life on a scale of low to high,low,85,125,68.0%,54.2%,79.2%,13.8%,11.2%
2022,Transgender,All Schools,life_satisfied,about how satisfied they with their life on a scale of low to high,medium,20,125,16.0%,8.4%,28.5%,7.6%,12.5%
2022,Transgender,All Schools,life_satisfied,about how satisfied they with their life on a scale of low to high,very high,5,125,4.0%,1.1%,13.4%,2.9%,9.4%
2022,Transgender,All Schools,life_worthwhile,the extent to which they feel the things they do in their life are worthwhile on a scale of low to high,high,10,120,8.3%,3.3%,19.5%,5.0%,11.2%
2022,Transgender,All Schools,life_worthwhile,the extent to which they feel the things they do in their life are worthwhile on a scale of low to high,low,80,120,66.7%,52.6%,78.3%,14.1%,11.6%
2022,Transgender,All Schools,life_worthwhile,the extent to which they feel the things they do in their life are worthwhile on a scale of low to high,medium,25,120,20.8%,11.7%,34.2%,9.1%,13.4%
2022,Transgender,All Schools,life_worthwhile,the extent to which they feel the things they do in their life are worthwhile on a scale of low to high,very high,5,120,4.2%,1.2%,13.9%,3.0%,9.8%
2022,Transgender,All Schools,mental_121,1-2-1 sessions,No,120,120,100.0%,92.6%,100.0%,7.4%,0.0%
2022,Transgender,All Schools,mental_accessed,have ever accessed mental health services before,No,55,115,47.8%,34.2%,61.8%,13.7%,14.0%
2022,Transgender,All Schools,mental_accessed,have ever accessed mental health services before,Not sure,10,115,8.7%,3.4%,20.3%,5.3%,11.6%
2022,Transgender,All Schools,mental_accessed,have ever accessed mental health services before,Prefer not to say,10,115,8.7%,3.4%,20.3%,5.3%,11.6%
2022,Transgender,All Schools,mental_accessed,have ever accessed mental health services before,Yes,40,115,34.8%,22.7%,49.2%,12.1%,14.4%
2022,Transgender,All Schools,mental_accessed_helpful,how helpful they found the mental health support,A little,10,35,28.6%,11.8%,54.6%,16.8%,26.0%
2022,Transgender,All Schools,mental_accessed_helpful,how helpful they found the mental health support,Neither helpful nor unhelpful,5,35,14.3%,4.0%,39.9%,10.3%,25.6%
2022,Transgender,All Schools,mental_accessed_helpful,how helpful they found the mental health support,Not helpful,5,35,14.3%,4.0%,39.9%,10.3%,25.6%
2022,Transgender,All Schools,mental_accessed_helpful,how helpful they found the mental health support,Not very helpful,10,35,28.6%,11.8%,54.6%,16.8%,26.0%
2022,Transgender,All Schools,mental_accessed_helpful,how helpful they found the mental health support,Very,5,35,14.3%,4.0%,39.9%,10.3%,25.6%
2022,Transgender,All Schools,mental_activesupport,activity-based support (e.g. drama therapy),No,120,120,100.0%,92.6%,100.0%,7.4%,0.0%
2022,Transgender,All Schools,mental_charity,charities,No,115,120,95.8%,86.1%,98.8%,9.8%,3.0%
2022,Transgender,All Schools,mental_charity,charities,Yes,5,120,4.2%,1.2%,13.9%,3.0%,9.8%
2022,Transgender,All Schools,mental_clinic,a mental health clinic,No,100,125,80.0%,67.0%,88.7%,13.0%,8.7%
2022,Transgender,All Schools,mental_clinic,a mental health clinic,Yes,25,125,20.0%,11.3%,33.0%,8.7%,13.0%
2022,Transgender,All Schools,mental_doctor,a doctor,No,100,125,80.0%,67.0%,88.7%,13.0%,8.7%
2022,Transgender,All Schools,mental_doctor,a doctor,Yes,25,125,20.0%,11.3%,33.0%,8.7%,13.0%
2022,Transgender,All Schools,mental_groupwork,Group work,No,120,120,100.0%,92.6%,100.0%,7.4%,0.0%
2022,Transgender,All Schools,mental_howaccess,"know how to access services if they are worried about, or are looking for more information about their mental health",No,35,120,29.2%,18.3%,43.1%,10.9%,14.0%
2022,Transgender,All Schools,mental_howaccess,"know how to access services if they are worried about, or are looking for more information about their mental health",Not sure,25,120,20.8%,11.7%,34.2%,9.1%,13.4%
2022,Transgender,All Schools,mental_howaccess,"know how to access services if they are worried about, or are looking for more information about their mental health",Yes,60,120,50.0%,36.4%,63.6%,13.6%,13.6%
2022,Transgender,All Schools,mental_internet,online,No,120,120,100.0%,92.6%,100.0%,7.4%,0.0%
2022,Transgender,All Schools,mental_none,other,No,75,120,62.5%,48.4%,74.8%,14.1%,12.3%
2022,Transgender,All Schools,mental_none,other,Yes,45,120,37.5%,25.2%,51.6%,12.3%,14.1%
2022,Transgender,All Schools,mental_nurse,a school nurse,No,120,125,96.0%,86.6%,98.9%,9.4%,2.9%
2022,Transgender,All Schools,mental_nurse,a school nurse,Yes,5,125,4.0%,1.1%,13.4%,2.9%,9.4%
2022,Transgender,All Schools,mental_parents,parents/carers,No,85,120,70.8%,56.9%,81.7%,14.0%,10.9%
2022,Transgender,All Schools,mental_parents,parents/carers,Yes,35,120,29.2%,18.3%,43.1%,10.9%,14.0%
2022,Transgender,All Schools,mental_school,the school,No,95,125,76.0%,62.6%,85.7%,13.4%,9.7%
2022,Transgender,All Schools,mental_school,the school,Yes,30,125,24.0%,14.3%,37.4%,9.7%,13.4%
2022,Transgender,All Schools,mental_talk,"agree with the statement ""It's okay for me to talk about my mental health.""",No,40,120,33.3%,21.7%,47.4%,11.6%,14.1%
2022,Transgender,All Schools,mental_talk,"agree with the statement ""It's okay for me to talk about my mental health.""",Not sure,30,120,25.0%,14.9%,38.7%,10.1%,13.7%
2022,Transgender,All Schools,mental_talk,"agree with the statement ""It's okay for me to talk about my mental health.""",Yes,50,120,41.7%,28.9%,55.7%,12.8%,14.0%
2022,Transgender,All Schools,mental_type_121,1-2-1s (in person),No,75,125,60.0%,46.2%,72.4%,13.8%,12.4%
2022,Transgender,All Schools,mental_type_121,1-2-1s (in person),Yes,50,125,40.0%,27.6%,53.8%,12.4%,13.8%
2022,Transgender,All Schools,mental_type_group,groupwork,No,85,125,68.0%,54.2%,79.2%,13.8%,11.2%
2022,Transgender,All Schools,mental_type_group,groupwork,Yes,40,125,32.0%,20.8%,45.8%,11.2%,13.8%
2022,Transgender,All Schools,mental_type_online,online support,No,85,120,70.8%,56.9%,81.7%,14.0%,10.9%
2022,Transgender,All Schools,mental_type_online,online support,Yes,35,120,29.2%,18.3%,43.1%,10.9%,14.0%
2022,Transgender,All Schools,mental_type_other,other types of support,No,95,125,76.0%,62.6%,85.7%,13.4%,9.7%
2022,Transgender,All Schools,mental_type_other,other types of support,Yes,30,125,24.0%,14.3%,37.4%,9.7%,13.4%
2022,Transgender,All Schools,mental_type_phone,phone counselling,No,110,120,91.7%,80.5%,96.7%,11.2%,5.0%
2022,Transgender,All Schools,mental_type_phone,phone counselling,Yes,10,120,8.3%,3.3%,19.5%,5.0%,11.2%
2022,Transgender,All Schools,mental_youthservice,the Youth Service,No,100,120,83.3%,70.5%,91.3%,12.9%,8.0%
2022,Transgender,All Schools,mental_youthservice,the Youth Service,Yes,20,120,16.7%,8.7%,29.5%,8.0%,12.9%
2022,Transgender,All Schools,mephedrone_exp,mephedrone,No,10,25,40.0%,16.9%,68.7%,23.1%,28.7%
2022,Transgender,All Schools,mephedrone_exp,mephedrone,Yes,15,25,60.0%,31.3%,83.1%,28.7%,23.1%
2022,Transgender,All Schools,mephedrone_offered,mephedrone,No,120,120,100.0%,92.6%,100.0%,7.4%,0.0%
2022,Transgender,All Schools,nitrous_oxide_exp,nitrous oxide,No,10,30,33.3%,13.8%,60.9%,19.5%,27.5%
2022,Transgender,All Schools,nitrous_oxide_exp,nitrous oxide,Yes,20,30,66.7%,39.1%,86.2%,27.5%,19.5%
2022,Transgender,All Schools,nitrous_oxide_offered,nitrous oxide,No,120,120,100.0%,92.6%,100.0%,7.4%,0.0%
2022,Transgender,All Schools,nps_exp,novel psychoactive substances,No,10,25,40.0%,16.9%,68.7%,23.1%,28.7%
2022,Transgender,All Schools,nps_exp,novel psychoactive substances,Yes,15,25,60.0%,31.3%,83.1%,28.7%,23.1%
2022,Transgender,All Schools,nps_offered,novel psychoactive substances,No,120,120,100.0%,92.6%,100.0%,7.4%,0.0%
2022,Transgender,All Schools,pa_30,how many days in the past week had they done 30-59 minutes of physical activity,1 to 3,45,120,37.5%,25.2%,51.6%,12.3%,14.1%
2022,Transgender,All Schools,pa_30,how many days in the past week had they done 30-59 minutes of physical activity,4 to 5,15,120,12.5%,5.9%,24.7%,6.6%,12.2%
2022,Transgender,All Schools,pa_30,how many days in the past week had they done 30-59 minutes of physical activity,6 to 7,10,120,8.3%,3.3%,19.5%,5.0%,11.2%
2022,Transgender,All Schools,pa_30,how many days in the past week had they done 30-59 minutes of physical activity,none,50,120,41.7%,28.9%,55.7%,12.8%,14.0%
2022,Transgender,All Schools,pa_60,how many days in the past week had they done a total of 60 minutes or more of physical activity,1 to 3,35,125,28.0%,17.5%,41.6%,10.5%,13.6%
2022,Transgender,All Schools,pa_60,how many days in the past week had they done a total of 60 minutes or more of physical activity,4 to 5,10,125,8.0%,3.2%,18.8%,4.8%,10.8%
2022,Transgender,All Schools,pa_60,how many days in the past week had they done a total of 60 minutes or more of physical activity,6 to 7,15,125,12.0%,5.6%,23.8%,6.4%,11.8%
2022,Transgender,All Schools,pa_60,how many days in the past week had they done a total of 60 minutes or more of physical activity,none,65,125,52.0%,38.5%,65.2%,13.5%,13.2%
2022,Transgender,All Schools,pa_fri,Friday,0-29 minutes,45,110,40.9%,27.7%,55.6%,13.2%,14.6%
2022,Transgender,All Schools,pa_fri,Friday,30-59 minutes,35,110,31.8%,20.0%,46.5%,11.8%,14.7%
2022,Transgender,All Schools,pa_fri,Friday,60 or more minutes,30,110,27.3%,16.4%,41.8%,10.9%,14.5%
2022,Transgender,All Schools,pa_mon,Monday,0-29 minutes,55,120,45.8%,32.6%,59.7%,13.2%,13.8%
2022,Transgender,All Schools,pa_mon,Monday,30-59 minutes,35,120,29.2%,18.3%,43.1%,10.9%,14.0%
2022,Transgender,All Schools,pa_mon,Monday,60 or more minutes,30,120,25.0%,14.9%,38.7%,10.1%,13.7%
2022,Transgender,All Schools,pa_sat,Saturday,0-29 minutes,60,110,54.5%,40.1%,68.3%,14.4%,13.7%
2022,Transgender,All Schools,pa_sat,Saturday,30-59 minutes,20,110,18.2%,9.5%,31.9%,8.7%,13.7%
2022,Transgender,All Schools,pa_sat,Saturday,60 or more minutes,30,110,27.3%,16.4%,41.8%,10.9%,14.5%
2022,Transgender,All Schools,pa_sun,Sunday,0-29 minutes,70,115,60.9%,46.5%,73.6%,14.4%,12.7%
2022,Transgender,All Schools,pa_sun,Sunday,30-59 minutes,30,115,26.1%,15.6%,40.2%,10.5%,14.1%
2022,Transgender,All Schools,pa_sun,Sunday,60 or more minutes,15,115,13.0%,6.1%,25.6%,6.9%,12.6%
2022,Transgender,All Schools,pa_thurs,Thursday,0-29 minutes,50,115,43.5%,30.2%,57.7%,13.2%,14.2%
2022,Transgender,All Schools,pa_thurs,Thursday,30-59 minutes,35,115,30.4%,19.1%,44.8%,11.3%,14.3%
2022,Transgender,All Schools,pa_thurs,Thursday,60 or more minutes,30,115,26.1%,15.6%,40.2%,10.5%,14.1%
2022,Transgender,All Schools,pa_tues,Tuesday,0-29 minutes,55,115,47.8%,34.2%,61.8%,13.7%,14.0%
2022,Transgender,All Schools,pa_tues,Tuesday,30-59 minutes,30,115,26.1%,15.6%,40.2%,10.5%,14.1%
2022,Transgender,All Schools,pa_tues,Tuesday,60 or more minutes,30,115,26.1%,15.6%,40.2%,10.5%,14.1%
2022,Transgender,All Schools,pa_wed,Wednesday,0-29 minutes,55,110,50.0%,35.9%,64.1%,14.1%,14.1%
2022,Transgender,All Schools,pa_wed,Wednesday,30-59 minutes,30,110,27.3%,16.4%,41.8%,10.9%,14.5%
2022,Transgender,All Schools,pa_wed,Wednesday,60 or more minutes,25,110,22.7%,12.9%,36.9%,9.9%,14.2%
2022,Transgender,All Schools,poppers_exp,poppers,No,10,25,40.0%,16.9%,68.7%,23.1%,28.7%
2022,Transgender,All Schools,poppers_exp,poppers,Yes,15,25,60.0%,31.3%,83.1%,28.7%,23.1%
2022,Transgender,All Schools,poppers_offered,poppers,No,120,120,100.0%,92.6%,100.0%,7.4%,0.0%
2022,Transgender,All Schools,portions,portions of fruits or vegetables,0,35,125,28.0%,17.5%,41.6%,10.5%,13.6%
2022,Transgender,All Schools,portions,portions of fruits or vegetables,1,20,125,16.0%,8.4%,28.5%,7.6%,12.5%
2022,Transgender,All Schools,portions,portions of fruits or vegetables,2,30,125,24.0%,14.3%,37.4%,9.7%,13.4%
2022,Transgender,All Schools,portions,portions of fruits or vegetables,3,20,125,16.0%,8.4%,28.5%,7.6%,12.5%
2022,Transgender,All Schools,portions,portions of fruits or vegetables,4,10,125,8.0%,3.2%,18.8%,4.8%,10.8%
2022,Transgender,All Schools,portions,portions of fruits or vegetables,5,10,125,8.0%,3.2%,18.8%,4.8%,10.8%
2022,Transgender,All Schools,prospects_education,plan to continue in education,Maybe,35,110,31.8%,20.0%,46.5%,11.8%,14.7%
2022,Transgender,All Schools,prospects_education,plan to continue in education,No,15,110,13.6%,6.4%,26.7%,7.2%,13.0%
2022,Transgender,All Schools,prospects_education,plan to continue in education,Yes,60,110,54.5%,40.1%,68.3%,14.4%,13.7%
2022,Transgender,All Schools,prospects_family,plan to start a family,Maybe,30,110,27.3%,16.4%,41.8%,10.9%,14.5%
2022,Transgender,All Schools,prospects_family,plan to start a family,No,55,110,50.0%,35.9%,64.1%,14.1%,14.1%
2022,Transgender,All Schools,prospects_family,plan to start a family,Yes,25,110,22.7%,12.9%,36.9%,9.9%,14.2%
2022,Transgender,All Schools,prospects_info_apprenticeships,apprenticeships,No,90,125,72.0%,58.4%,82.5%,13.6%,10.5%
2022,Transgender,All Schools,prospects_info_apprenticeships,apprenticeships,Yes,35,125,28.0%,17.5%,41.6%,10.5%,13.6%
2022,Transgender,All Schools,prospects_info_college,college/6th form,No,75,120,62.5%,48.4%,74.8%,14.1%,12.3%
2022,Transgender,All Schools,prospects_info_college,college/6th form,Yes,45,120,37.5%,25.2%,51.6%,12.3%,14.1%
2022,Transgender,All Schools,prospects_info_gap,gap years,No,80,120,66.7%,52.6%,78.3%,14.1%,11.6%
2022,Transgender,All Schools,prospects_info_gap,gap years,Yes,40,120,33.3%,21.7%,47.4%,11.6%,14.1%
2022,Transgender,All Schools,prospects_info_jobs,jobs,No,70,120,58.3%,44.3%,71.1%,14.0%,12.8%
2022,Transgender,All Schools,prospects_info_jobs,jobs,Yes,50,120,41.7%,28.9%,55.7%,12.8%,14.0%
2022,Transgender,All Schools,prospects_info_other,other options,No,90,125,72.0%,58.4%,82.5%,13.6%,10.5%
2022,Transgender,All Schools,prospects_info_other,other options,Yes,35,125,28.0%,17.5%,41.6%,10.5%,13.6%
2022,Transgender,All Schools,prospects_info_trainee,traineeships,No,100,120,83.3%,70.5%,91.3%,12.9%,8.0%
2022,Transgender,All Schools,prospects_info_trainee,traineeships,Yes,20,120,16.7%,8.7%,29.5%,8.0%,12.9%
2022,Transgender,All Schools,prospects_info_uni,university,No,55,120,45.8%,32.6%,59.7%,13.2%,13.8%
2022,Transgender,All Schools,prospects_info_uni,university,Yes,65,120,54.2%,40.3%,67.4%,13.8%,13.2%
2022,Transgender,All Schools,prospects_job,plan to get a job,Maybe,40,110,36.4%,23.8%,51.1%,12.6%,14.7%
2022,Transgender,All Schools,prospects_job,plan to get a job,No,15,110,13.6%,6.4%,26.7%,7.2%,13.0%
2022,Transgender,All Schools,prospects_job,plan to get a job,Yes,55,110,50.0%,35.9%,64.1%,14.1%,14.1%
2022,Transgender,All Schools,prospects_notsure,aren't sure what they want to do,Maybe,20,105,19.0%,10.0%,33.3%,9.0%,14.2%
2022,Transgender,All Schools,prospects_notsure,aren't sure what they want to do,No,40,105,38.1%,25.0%,53.1%,13.1%,15.0%
2022,Transgender,All Schools,prospects_notsure,aren't sure what they want to do,Yes,45,105,42.9%,29.2%,57.8%,13.7%,14.9%
2022,Transgender,All Schools,prospects_other,have other plans,Maybe,35,105,33.3%,21.0%,48.4%,12.3%,15.1%
2022,Transgender,All Schools,prospects_other,have other plans,No,45,105,42.9%,29.2%,57.8%,13.7%,14.9%
2022,Transgender,All Schools,prospects_other,have other plans,Yes,25,105,23.8%,13.5%,38.5%,10.3%,14.7%
2022,Transgender,All Schools,prospects_support_friends,friends,No,75,120,62.5%,48.4%,74.8%,14.1%,12.3%
2022,Transgender,All Schools,prospects_support_friends,friends,Yes,45,120,37.5%,25.2%,51.6%,12.3%,14.1%
2022,Transgender,All Schools,prospects_support_idk,don't know where to get support,No,85,125,68.0%,54.2%,79.2%,13.8%,11.2%
2022,Transgender,All Schools,prospects_support_idk,don't know where to get support,Yes,40,125,32.0%,20.8%,45.8%,11.2%,13.8%
2022,Transgender,All Schools,prospects_support_jobcentre,Job Centre Plus,No,115,120,95.8%,86.1%,98.8%,9.8%,3.0%
2022,Transgender,All Schools,prospects_support_jobcentre,Job Centre Plus,Yes,5,120,4.2%,1.2%,13.9%,3.0%,9.8%
2022,Transgender,All Schools,prospects_support_online,online,No,85,120,70.8%,56.9%,81.7%,14.0%,10.9%
2022,Transgender,All Schools,prospects_support_online,online,Yes,35,120,29.2%,18.3%,43.1%,10.9%,14.0%
2022,Transgender,All Schools,prospects_support_parents,parent/carer,No,65,120,54.2%,40.3%,67.4%,13.8%,13.2%
2022,Transgender,All Schools,prospects_support_parents,parent/carer,Yes,55,120,45.8%,32.6%,59.7%,13.2%,13.8%
2022,Transgender,All Schools,prospects_support_school,school/teacher,No,85,125,68.0%,54.2%,79.2%,13.8%,11.2%
2022,Transgender,All Schools,prospects_support_school,school/teacher,Yes,40,125,32.0%,20.8%,45.8%,11.2%,13.8%
2022,Transgender,All Schools,prospects_support_syp,Services for Young People,No,105,120,87.5%,75.3%,94.1%,12.2%,6.6%
2022,Transgender,All Schools,prospects_support_syp,Services for Young People,Yes,15,120,12.5%,5.9%,24.7%,6.6%,12.2%
2022,Transgender,All Schools,prospects_training,plan to training for a skilled job,Maybe,45,110,40.9%,27.7%,55.6%,13.2%,14.6%
2022,Transgender,All Schools,prospects_training,plan to training for a skilled job,No,35,110,31.8%,20.0%,46.5%,11.8%,14.7%
2022,Transgender,All Schools,prospects_training,plan to training for a skilled job,Yes,30,110,27.3%,16.4%,41.8%,10.9%,14.5%
2022,Transgender,All Schools,religion,religion,Any other religion,10,125,8.0%,3.2%,18.8%,4.8%,10.8%
2022,Transgender,All Schools,religion,religion,Buddhist,5,125,4.0%,1.1%,13.4%,2.9%,9.4%
2022,Transgender,All Schools,religion,religion,Christian,10,125,8.0%,3.2%,18.8%,4.8%,10.8%
2022,Transgender,All Schools,religion,religion,Jewish,5,125,4.0%,1.1%,13.4%,2.9%,9.4%
2022,Transgender,All Schools,religion,religion,Muslim,10,125,8.0%,3.2%,18.8%,4.8%,10.8%
2022,Transgender,All Schools,religion,religion,No religion,75,125,60.0%,46.2%,72.4%,13.8%,12.4%
2022,Transgender,All Schools,religion,religion,Prefer not to say,10,125,8.0%,3.2%,18.8%,4.8%,10.8%
2022,Transgender,All Schools,religion,religion,Sikh,0,125,0.0%,0.0%,7.1%,0.0%,7.1%
2022,Transgender,All Schools,safety_dark,going out after dark,Neither safe or unsafe,40,120,33.3%,21.7%,47.4%,11.6%,14.1%
2022,Transgender,All Schools,safety_dark,going out after dark,Safe,25,120,20.8%,11.7%,34.2%,9.1%,13.4%
2022,Transgender,All Schools,safety_dark,going out after dark,Unsafe,55,120,45.8%,32.6%,59.7%,13.2%,13.8%
2022,Transgender,All Schools,safety_day,going out during the day,Neither safe or unsafe,45,120,37.5%,25.2%,51.6%,12.3%,14.1%
2022,Transgender,All Schools,safety_day,going out during the day,Safe,50,120,41.7%,28.9%,55.7%,12.8%,14.0%
2022,Transgender,All Schools,safety_day,going out during the day,Unsafe,25,120,20.8%,11.7%,34.2%,9.1%,13.4%
2022,Transgender,All Schools,safety_journey,going to and from school,Neither safe or unsafe,40,115,34.8%,22.7%,49.2%,12.1%,14.4%
2022,Transgender,All Schools,safety_journey,going to and from school,Safe,50,115,43.5%,30.2%,57.7%,13.2%,14.2%
2022,Transgender,All Schools,safety_journey,going to and from school,Unsafe,25,115,21.7%,12.3%,35.5%,9.5%,13.8%
2022,Transgender,All Schools,safety_school,at school,Neither safe or unsafe,35,120,29.2%,18.3%,43.1%,10.9%,14.0%
2022,Transgender,All Schools,safety_school,at school,Safe,50,120,41.7%,28.9%,55.7%,12.8%,14.0%
2022,Transgender,All Schools,safety_school,at school,Unsafe,35,120,29.2%,18.3%,43.1%,10.9%,14.0%
2022,Transgender,All Schools,school_supported,felt supported by their school and that they were offered help when having difficulties,No,40,65,61.5%,42.6%,77.5%,19.0%,16.0%
2022,Transgender,All Schools,school_supported,felt supported by their school and that they were offered help when having difficulties,Not sure,10,65,15.4%,6.2%,33.5%,9.2%,18.1%
2022,Transgender,All Schools,school_supported,felt supported by their school and that they were offered help when having difficulties,Prefer not to say,0,65,0.0%,0.0%,12.8%,0.0%,12.8%
2022,Transgender,All Schools,school_supported,felt supported by their school and that they were offered help when having difficulties,Yes,15,65,23.1%,11.1%,42.0%,12.0%,18.9%
2022,Transgender,All Schools,schoolsupp_academic,they find their school is supportive of their learning and education,No,30,120,25.0%,14.9%,38.7%,10.1%,13.7%
2022,Transgender,All Schools,schoolsupp_academic,they find their school is supportive of their learning and education,Not sure,0,120,0.0%,0.0%,7.4%,0.0%,7.4%
2022,Transgender,All Schools,schoolsupp_academic,they find their school is supportive of their learning and education,Somewhat,35,120,29.2%,18.3%,43.1%,10.9%,14.0%
2022,Transgender,All Schools,schoolsupp_academic,they find their school is supportive of their learning and education,Yes,55,120,45.8%,32.6%,59.7%,13.2%,13.8%
2022,Transgender,All Schools,schoolsupp_wellbeing,they find their school is supportive of their emotional health and wellbeing,No,55,125,44.0%,31.2%,57.7%,12.8%,13.7%
2022,Transgender,All Schools,schoolsupp_wellbeing,they find their school is supportive of their emotional health and wellbeing,Not sure,15,125,12.0%,5.6%,23.8%,6.4%,11.8%
2022,Transgender,All Schools,schoolsupp_wellbeing,they find their school is supportive of their emotional health and wellbeing,Somewhat,35,125,28.0%,17.5%,41.6%,10.5%,13.6%
2022,Transgender,All Schools,schoolsupp_wellbeing,they find their school is supportive of their emotional health and wellbeing,Yes,20,125,16.0%,8.4%,28.5%,7.6%,12.5%
2022,Transgender,All Schools,schyear,school year,Not at school/other,5,125,4.0%,1.1%,13.4%,2.9%,9.4%
2022,Transgender,All Schools,schyear,school year,Year 10,20,125,16.0%,8.4%,28.5%,7.6%,12.5%
2022,Transgender,All Schools,schyear,school year,Year 11,10,125,8.0%,3.2%,18.8%,4.8%,10.8%
2022,Transgender,All Schools,schyear,school year,Year 12,20,125,16.0%,8.4%,28.5%,7.6%,12.5%
2022,Transgender,All Schools,schyear,school year,Year 13,15,125,12.0%,5.6%,23.8%,6.4%,11.8%
2022,Transgender,All Schools,schyear,school year,Year 7,15,125,12.0%,5.6%,23.8%,6.4%,11.8%
2022,Transgender,All Schools,schyear,school year,Year 8,15,125,12.0%,5.6%,23.8%,6.4%,11.8%
2022,Transgender,All Schools,schyear,school year,Year 9,25,125,20.0%,11.3%,33.0%,8.7%,13.0%
2022,Transgender,All Schools,selfharm_ever,ever self-harmed,No,20,120,16.7%,8.7%,29.5%,8.0%,12.9%
2022,Transgender,All Schools,selfharm_ever,ever self-harmed,Prefer not to say,20,120,16.7%,8.7%,29.5%,8.0%,12.9%
2022,Transgender,All Schools,selfharm_ever,ever self-harmed,Yes,80,120,66.7%,52.6%,78.3%,14.1%,11.6%
2022,Transgender,All Schools,sexuality,sexual orientation,"Gay, lesbian or bisexual",70,130,53.8%,40.5%,66.6%,13.3%,12.8%
2022,Transgender,All Schools,sexuality,sexual orientation,Heterosexual/Straight,10,130,7.7%,3.0%,18.1%,4.7%,10.4%
2022,Transgender,All Schools,sexuality,sexual orientation,Other,25,130,19.2%,10.8%,31.9%,8.4%,12.6%
2022,Transgender,All Schools,sexuality,sexual orientation,Prefer not to say,5,130,3.8%,1.1%,12.9%,2.8%,9.1%
2022,Transgender,All Schools,sexuality,sexual orientation,Undecided/Questioning,20,130,15.4%,8.0%,27.5%,7.4%,12.1%
2022,Transgender,All Schools,sh_16,Most 16 year olds have not had sex,Agree,25,65,38.5%,22.5%,57.4%,16.0%,19.0%
2022,Transgender,All Schools,sh_16,Most 16 year olds have not had sex,Disagree,20,65,30.8%,16.5%,49.9%,14.2%,19.2%
2022,Transgender,All Schools,sh_16,Most 16 year olds have not had sex,Not sure,20,65,30.8%,16.5%,49.9%,14.2%,19.2%
2022,Transgender,All Schools,sh_access,they know how to access sexual health services?,No,40,115,34.8%,22.7%,49.2%,12.1%,14.4%
2022,Transgender,All Schools,sh_access,they know how to access sexual health services?,Not sure,35,115,30.4%,19.1%,44.8%,11.3%,14.3%
2022,Transgender,All Schools,sh_access,they know how to access sexual health services?,Yes,40,115,34.8%,22.7%,49.2%,12.1%,14.4%
2022,Transgender,All Schools,sh_condoms,Using condoms is necessary to prevent sexually transmitted infections and unplanned pregnancies,Agree,55,65,84.6%,66.5%,93.8%,18.1%,9.2%
2022,Transgender,All Schools,sh_condoms,Using condoms is necessary to prevent sexually transmitted infections and unplanned pregnancies,Disagree,10,65,15.4%,6.2%,33.5%,9.2%,18.1%
2022,Transgender,All Schools,sh_condomsti,"If you have sex without a condom, you should get an STI test.",Agree,40,60,66.7%,46.8%,82.0%,19.9%,15.3%
2022,Transgender,All Schools,sh_condomsti,"If you have sex without a condom, you should get an STI test.",Disagree,10,60,16.7%,6.7%,35.8%,10.0%,19.1%
2022,Transgender,All Schools,sh_condomsti,"If you have sex without a condom, you should get an STI test.",Not sure,10,60,16.7%,6.7%,35.8%,10.0%,19.1%
2022,Transgender,All Schools,sh_pregnancy,Getting pregnant or getting someone else pregnant now would negatively affect my future plans,Agree,40,60,66.7%,46.8%,82.0%,19.9%,15.3%
2022,Transgender,All Schools,sh_pregnancy,Getting pregnant or getting someone else pregnant now would negatively affect my future plans,Disagree,10,60,16.7%,6.7%,35.8%,10.0%,19.1%
2022,Transgender,All Schools,sh_pregnancy,Getting pregnant or getting someone else pregnant now would negatively affect my future plans,Not sure,10,60,16.7%,6.7%,35.8%,10.0%,19.1%
2022,Transgender,All Schools,sh_pressure,There is pressure on young people to have sex,Agree,30,60,50.0%,31.5%,68.5%,18.5%,18.5%
2022,Transgender,All Schools,sh_pressure,There is pressure on young people to have sex,Disagree,15,60,25.0%,12.0%,44.8%,13.0%,19.8%
2022,Transgender,All Schools,sh_pressure,There is pressure on young people to have sex,Not sure,15,60,25.0%,12.0%,44.8%,13.0%,19.8%
2022,Transgender,All Schools,sh_schooled,I think the quality of the relationships and sex education I receive at school is good.,Agree,15,60,25.0%,12.0%,44.8%,13.0%,19.8%
2022,Transgender,All Schools,sh_schooled,I think the quality of the relationships and sex education I receive at school is good.,Disagree,30,60,50.0%,31.5%,68.5%,18.5%,18.5%
2022,Transgender,All Schools,sh_schooled,I think the quality of the relationships and sex education I receive at school is good.,Not sure,15,60,25.0%,12.0%,44.8%,13.0%,19.8%
2022,Transgender,All Schools,sh_serious,Being in a serious/long-term relationship before having sex is important,Agree,20,65,30.8%,16.5%,49.9%,14.2%,19.2%
2022,Transgender,All Schools,sh_serious,Being in a serious/long-term relationship before having sex is important,Disagree,25,65,38.5%,22.5%,57.4%,16.0%,19.0%
2022,Transgender,All Schools,sh_serious,Being in a serious/long-term relationship before having sex is important,Not sure,20,65,30.8%,16.5%,49.9%,14.2%,19.2%
2022,Transgender,All Schools,sh_support,their preferable source of support to get contraception or a test for Sexually Transmitted Infection (STI),Doctor,25,110,22.7%,12.9%,36.9%,9.9%,14.2%
2022,Transgender,All Schools,sh_support,their preferable source of support to get contraception or a test for Sexually Transmitted Infection (STI),Helpline,5,110,4.5%,1.3%,15.1%,3.3%,10.5%
2022,Transgender,All Schools,sh_support,their preferable source of support to get contraception or a test for Sexually Transmitted Infection (STI),Online (e.g. Sexwise website),10,110,9.1%,3.6%,21.1%,5.5%,12.0%
2022,Transgender,All Schools,sh_support,their preferable source of support to get contraception or a test for Sexually Transmitted Infection (STI),Other,15,110,13.6%,6.4%,26.7%,7.2%,13.0%
2022,Transgender,All Schools,sh_support,their preferable source of support to get contraception or a test for Sexually Transmitted Infection (STI),Pharmacy,20,110,18.2%,9.5%,31.9%,8.7%,13.7%
2022,Transgender,All Schools,sh_support,their preferable source of support to get contraception or a test for Sexually Transmitted Infection (STI),School/College,5,110,4.5%,1.3%,15.1%,3.3%,10.5%
2022,Transgender,All Schools,sh_support,their preferable source of support to get contraception or a test for Sexually Transmitted Infection (STI),Sexual health clinic,20,110,18.2%,9.5%,31.9%,8.7%,13.7%
2022,Transgender,All Schools,sh_support,their preferable source of support to get contraception or a test for Sexually Transmitted Infection (STI),Youth Worker / Service,10,110,9.1%,3.6%,21.1%,5.5%,12.0%
2022,Transgender,All Schools,sh_wait,It is fine to wait to have sex,Agree,55,65,84.6%,66.5%,93.8%,18.1%,9.2%
2022,Transgender,All Schools,sh_wait,It is fine to wait to have sex,Disagree,10,65,15.4%,6.2%,33.5%,9.2%,18.1%
2022,Transgender,All Schools,sh_wait,It is fine to wait to have sex,Not sure,0,65,0.0%,0.0%,12.8%,0.0%,12.8%
2022,Transgender,All Schools,shinfo_clinic,sexual health clinics,No,120,125,96.0%,86.6%,98.9%,9.4%,2.9%
2022,Transgender,All Schools,shinfo_clinic,sexual health clinics,Yes,5,125,4.0%,1.1%,13.4%,2.9%,9.4%
2022,Transgender,All Schools,shinfo_doctor,health professionals,No,115,120,95.8%,86.1%,98.8%,9.8%,3.0%
2022,Transgender,All Schools,shinfo_doctor,health professionals,Yes,5,120,4.2%,1.2%,13.9%,3.0%,9.8%
2022,Transgender,All Schools,shinfo_friends,friends,No,85,120,70.8%,56.9%,81.7%,14.0%,10.9%
2022,Transgender,All Schools,shinfo_friends,friends,Yes,35,120,29.2%,18.3%,43.1%,10.9%,14.0%
2022,Transgender,All Schools,shinfo_healthsite,healthcare websites,No,100,125,80.0%,67.0%,88.7%,13.0%,8.7%
2022,Transgender,All Schools,shinfo_healthsite,healthcare websites,Yes,25,125,20.0%,11.3%,33.0%,8.7%,13.0%
2022,Transgender,All Schools,shinfo_helpline,telephone helplines,No,120,120,100.0%,92.6%,100.0%,7.4%,0.0%
2022,Transgender,All Schools,shinfo_helpline,telephone helplines,Yes,0,120,0.0%,0.0%,7.4%,0.0%,7.4%
2022,Transgender,All Schools,shinfo_media,media,No,95,120,79.2%,65.8%,88.3%,13.4%,9.1%
2022,Transgender,All Schools,shinfo_media,media,Yes,25,120,20.8%,11.7%,34.2%,9.1%,13.4%
2022,Transgender,All Schools,shinfo_other,other,No,105,120,87.5%,75.3%,94.1%,12.2%,6.6%
2022,Transgender,All Schools,shinfo_other,other,Yes,15,120,12.5%,5.9%,24.7%,6.6%,12.2%
2022,Transgender,All Schools,shinfo_parents,parents,No,100,120,83.3%,70.5%,91.3%,12.9%,8.0%
2022,Transgender,All Schools,shinfo_parents,parents,Yes,20,120,16.7%,8.7%,29.5%,8.0%,12.9%
2022,Transgender,All Schools,shinfo_porn,pornography,No,100,125,80.0%,67.0%,88.7%,13.0%,8.7%
2022,Transgender,All Schools,shinfo_porn,pornography,Yes,25,125,20.0%,11.3%,33.0%,8.7%,13.0%
2022,Transgender,All Schools,shinfo_poster,"posters, leaflets, reference books",No,120,120,100.0%,92.6%,100.0%,7.4%,0.0%
2022,Transgender,All Schools,shinfo_poster,"posters, leaflets, reference books",Yes,0,120,0.0%,0.0%,7.4%,0.0%,7.4%
2022,Transgender,All Schools,shinfo_relations,siblings or relatives,No,115,125,92.0%,81.2%,96.8%,10.8%,4.8%
2022,Transgender,All Schools,shinfo_relations,siblings or relatives,Yes,10,125,8.0%,3.2%,18.8%,4.8%,10.8%
2022,Transgender,All Schools,shinfo_school,school,No,75,125,60.0%,46.2%,72.4%,13.8%,12.4%
2022,Transgender,All Schools,shinfo_school,school,Yes,50,125,40.0%,27.6%,53.8%,12.4%,13.8%
2022,Transgender,All Schools,shinfo_yw,Youth Workers,No,115,125,92.0%,81.2%,96.8%,10.8%,4.8%
2022,Transgender,All Schools,shinfo_yw,Youth Workers,Yes,10,125,8.0%,3.2%,18.8%,4.8%,10.8%
2022,Transgender,All Schools,skipschool_COVID-19,COVID-19,No,120,120,100.0%,92.6%,100.0%,7.4%,0.0%
2022,Transgender,All Schools,skipschool_appointments,medical/dental appointments,No,70,125,56.0%,42.3%,68.8%,13.7%,12.8%
2022,Transgender,All Schools,skipschool_appointments,medical/dental appointments,Yes,55,125,44.0%,31.2%,57.7%,12.8%,13.7%
2022,Transgender,All Schools,skipschool_care,caring for family,No,110,125,88.0%,76.2%,94.4%,11.8%,6.4%
2022,Transgender,All Schools,skipschool_care,caring for family,Yes,15,125,12.0%,5.6%,23.8%,6.4%,11.8%
2022,Transgender,All Schools,skipschool_illness,illness/injury unrelated to COVID-19,No,40,125,32.0%,20.8%,45.8%,11.2%,13.8%
2022,Transgender,All Schools,skipschool_illness,illness/injury unrelated to COVID-19,Yes,85,125,68.0%,54.2%,79.2%,13.8%,11.2%
2022,Transgender,All Schools,skipschool_mentalhealth,mental health reasons,No,70,120,58.3%,44.3%,71.1%,14.0%,12.8%
2022,Transgender,All Schools,skipschool_mentalhealth,mental health reasons,Yes,50,120,41.7%,28.9%,55.7%,12.8%,14.0%
2022,Transgender,All Schools,skipschool_trips,holiday,No,100,125,80.0%,67.0%,88.7%,13.0%,8.7%
2022,Transgender,All Schools,skipschool_trips,holiday,Yes,25,125,20.0%,11.3%,33.0%,8.7%,13.0%
2022,Transgender,All Schools,skipschool_worriesbully,bullying,No,100,120,83.3%,70.5%,91.3%,12.9%,8.0%
2022,Transgender,All Schools,skipschool_worriesbully,bullying,Yes,20,120,16.7%,8.7%,29.5%,8.0%,12.9%
2022,Transgender,All Schools,skipschool_worriesschool,worries about schoolwork,No,95,125,76.0%,62.6%,85.7%,13.4%,9.7%
2022,Transgender,All Schools,skipschool_worriesschool,worries about schoolwork,Yes,30,125,24.0%,14.3%,37.4%,9.7%,13.4%
2022,Transgender,All Schools,smoke_ever,the statement that best describes them regarding smoking,I have never smoked,85,120,70.8%,56.9%,81.7%,14.0%,10.9%
2022,Transgender,All Schools,smoke_ever,the statement that best describes them regarding smoking,I have tried smoking once or twice,10,120,8.3%,3.3%,19.5%,5.0%,11.2%
2022,Transgender,All Schools,smoke_ever,the statement that best describes them regarding smoking,I smoke occasionally (less than 1 cigarette a week),5,120,4.2%,1.2%,13.9%,3.0%,9.8%
2022,Transgender,All Schools,smoke_ever,the statement that best describes them regarding smoking,I smoke regularly (once a week or more),20,120,16.7%,8.7%,29.5%,8.0%,12.9%
2022,Transgender,All Schools,smoke_reduce,if they want to reduce or stop smoking,I'd like to reduce the amount I smoke but not stop,0,25,0.0%,0.0%,27.6%,0.0%,27.6%
2022,Transgender,All Schools,smoke_reduce,if they want to reduce or stop smoking,"No, I want to keep smoking",20,25,80.0%,49.1%,94.3%,30.9%,14.3%
2022,Transgender,All Schools,smoke_reduce,if they want to reduce or stop smoking,"Yes, I'd like to stop smoking",5,25,20.0%,5.7%,50.9%,14.3%,30.9%
2022,Transgender,All Schools,smoke_secondhand,people smoke around them,Always,25,125,20.0%,11.3%,33.0%,8.7%,13.0%
2022,Transgender,All Schools,smoke_secondhand,people smoke around them,Never,45,125,36.0%,24.2%,49.8%,11.8%,13.8%
2022,Transgender,All Schools,smoke_secondhand,people smoke around them,Often,15,125,12.0%,5.6%,23.8%,6.4%,11.8%
2022,Transgender,All Schools,smoke_secondhand,people smoke around them,Sometimes,40,125,32.0%,20.8%,45.8%,11.2%,13.8%
2022,Transgender,All Schools,solvents_exp,solvents as drugs,No,10,25,40.0%,16.9%,68.7%,23.1%,28.7%
2022,Transgender,All Schools,solvents_exp,solvents as drugs,Yes,15,25,60.0%,31.3%,83.1%,28.7%,23.1%
2022,Transgender,All Schools,solvents_offered,solvents as drugs,No,120,120,100.0%,92.6%,100.0%,7.4%,0.0%
2022,Transgender,All Schools,std_chlamydia,chlamydia,I have heard of it but know nothing about it,50,120,41.7%,28.9%,55.7%,12.8%,14.0%
2022,Transgender,All Schools,std_chlamydia,chlamydia,I have never heard of it,30,120,25.0%,14.9%,38.7%,10.1%,13.7%
2022,Transgender,All Schools,std_chlamydia,chlamydia,It can be both treated and cured,30,120,25.0%,14.9%,38.7%,10.1%,13.7%
2022,Transgender,All Schools,std_chlamydia,chlamydia,It can be treated but not cured,10,120,8.3%,3.3%,19.5%,5.0%,11.2%
2022,Transgender,All Schools,std_gono,gonorrhoea,I have heard of it but know nothing about it,55,120,45.8%,32.6%,59.7%,13.2%,13.8%
2022,Transgender,All Schools,std_gono,gonorrhoea,I have never heard of it,30,120,25.0%,14.9%,38.7%,10.1%,13.7%
2022,Transgender,All Schools,std_gono,gonorrhoea,It can be both treated and cured,25,120,20.8%,11.7%,34.2%,9.1%,13.4%
2022,Transgender,All Schools,std_gono,gonorrhoea,It can be treated but not cured,10,120,8.3%,3.3%,19.5%,5.0%,11.2%
2022,Transgender,All Schools,std_hiv,HIV,I have heard of it but know nothing about it,40,115,34.8%,22.7%,49.2%,12.1%,14.4%
2022,Transgender,All Schools,std_hiv,HIV,I have never heard of it,20,115,17.4%,9.1%,30.7%,8.3%,13.3%
2022,Transgender,All Schools,std_hiv,HIV,It can be both treated and cured,5,115,4.3%,1.2%,14.5%,3.1%,10.1%
2022,Transgender,All Schools,std_hiv,HIV,It can be treated but not cured,50,115,43.5%,30.2%,57.7%,13.2%,14.2%
2022,Transgender,All Schools,std_syphilis,syphilis,I have heard of it but know nothing about it,50,115,43.5%,30.2%,57.7%,13.2%,14.2%
2022,Transgender,All Schools,std_syphilis,syphilis,I have never heard of it,30,115,26.1%,15.6%,40.2%,10.5%,14.1%
2022,Transgender,All Schools,std_syphilis,syphilis,It can be both treated and cured,20,115,17.4%,9.1%,30.7%,8.3%,13.3%
2022,Transgender,All Schools,std_syphilis,syphilis,It can be treated but not cured,15,115,13.0%,6.1%,25.6%,6.9%,12.6%
2022,Transgender,All Schools,steroids_exp,muscle-building steroids,No,10,30,33.3%,13.8%,60.9%,19.5%,27.5%
2022,Transgender,All Schools,steroids_exp,muscle-building steroids,Yes,20,30,66.7%,39.1%,86.2%,27.5%,19.5%
2022,Transgender,All Schools,steroids_offered,muscle-building steroids,No,120,120,100.0%,92.6%,100.0%,7.4%,0.0%
2022,Transgender,All Schools,sus_barriers_finance,financial cost,No,65,120,54.2%,40.3%,67.4%,13.8%,13.2%
2022,Transgender,All Schools,sus_barriers_finance,financial cost,Yes,55,120,45.8%,32.6%,59.7%,13.2%,13.8%
2022,Transgender,All Schools,sus_barriers_no_consider,sustainability is not a consideration in their household,No,115,125,92.0%,81.2%,96.8%,10.8%,4.8%
2022,Transgender,All Schools,sus_barriers_no_consider,sustainability is not a consideration in their household,Yes,10,125,8.0%,3.2%,18.8%,4.8%,10.8%
2022,Transgender,All Schools,sus_barriers_other,other barriers,No,95,120,79.2%,65.8%,88.3%,13.4%,9.1%
2022,Transgender,All Schools,sus_barriers_other,other barriers,Yes,25,120,20.8%,11.7%,34.2%,9.1%,13.4%
2022,Transgender,All Schools,sus_barriers_time,convenience/time,No,75,120,62.5%,48.4%,74.8%,14.1%,12.3%
2022,Transgender,All Schools,sus_barriers_time,convenience/time,Yes,45,120,37.5%,25.2%,51.6%,12.3%,14.1%
2022,Transgender,All Schools,sus_barriers_unsure,uncertainty on what to do,No,95,120,79.2%,65.8%,88.3%,13.4%,9.1%
2022,Transgender,All Schools,sus_barriers_unsure,uncertainty on what to do,Yes,25,120,20.8%,11.7%,34.2%,9.1%,13.4%
2022,Transgender,All Schools,sustain_electric_car,drive an electric car,No,105,120,87.5%,75.3%,94.1%,12.2%,6.6%
2022,Transgender,All Schools,sustain_electric_car,drive an electric car,Yes,15,120,12.5%,5.9%,24.7%,6.6%,12.2%
2022,Transgender,All Schools,sustain_leftoverfood,use up leftover food,No,50,120,41.7%,28.9%,55.7%,12.8%,14.0%
2022,Transgender,All Schools,sustain_leftoverfood,use up leftover food,Yes,70,120,58.3%,44.3%,71.1%,14.0%,12.8%
2022,Transgender,All Schools,sustain_localfood,use locally grown food,No,90,125,72.0%,58.4%,82.5%,13.6%,10.5%
2022,Transgender,All Schools,sustain_localfood,use locally grown food,Yes,35,125,28.0%,17.5%,41.6%,10.5%,13.6%
2022,Transgender,All Schools,sustain_nthg,don't do anything,No,105,125,84.0%,71.5%,91.6%,12.5%,7.6%
2022,Transgender,All Schools,sustain_nthg,don't do anything,Yes,20,125,16.0%,8.4%,28.5%,7.6%,12.5%
2022,Transgender,All Schools,sustain_other,do other actions,No,110,125,88.0%,76.2%,94.4%,11.8%,6.4%
2022,Transgender,All Schools,sustain_other,do other actions,Yes,15,125,12.0%,5.6%,23.8%,6.4%,11.8%
2022,Transgender,All Schools,sustain_recycle,recycling,No,45,125,36.0%,24.2%,49.8%,11.8%,13.8%
2022,Transgender,All Schools,sustain_recycle,recycling,Yes,80,125,64.0%,50.2%,75.8%,13.8%,11.8%
2022,Transgender,All Schools,sustain_save_energy,have energy-saving measures,No,55,125,44.0%,31.2%,57.7%,12.8%,13.7%
2022,Transgender,All Schools,sustain_save_energy,have energy-saving measures,Yes,70,125,56.0%,42.3%,68.8%,13.7%,12.8%
2022,Transgender,All Schools,sustain_save_water,have water-saving measures,No,90,125,72.0%,58.4%,82.5%,13.6%,10.5%
2022,Transgender,All Schools,sustain_save_water,have water-saving measures,Yes,35,125,28.0%,17.5%,41.6%,10.5%,13.6%
2022,Transgender,All Schools,sustain_single_plastic,reduce single-use plastic waste,No,60,120,50.0%,36.4%,63.6%,13.6%,13.6%
2022,Transgender,All Schools,sustain_single_plastic,reduce single-use plastic waste,Yes,60,120,50.0%,36.4%,63.6%,13.6%,13.6%
2022,Transgender,All Schools,sustain_solar,installed solar panels,No,110,125,88.0%,76.2%,94.4%,11.8%,6.4%
2022,Transgender,All Schools,sustain_solar,installed solar panels,Yes,15,125,12.0%,5.6%,23.8%,6.4%,11.8%
2022,Transgender,All Schools,sustain_sus_products,use sustainably-sourced products,No,95,125,76.0%,62.6%,85.7%,13.4%,9.7%
2022,Transgender,All Schools,sustain_sus_products,use sustainably-sourced products,Yes,30,125,24.0%,14.3%,37.4%,9.7%,13.4%
2022,Transgender,All Schools,sustain_transport,"walk, cycle or take public transport",No,60,125,48.0%,34.8%,61.5%,13.2%,13.5%
2022,Transgender,All Schools,sustain_transport,"walk, cycle or take public transport",Yes,65,125,52.0%,38.5%,65.2%,13.5%,13.2%
2022,Transgender,All Schools,vaping,the statement that best describes them regarding vaping/e-cigarettes,I have never vaped,80,120,66.7%,52.6%,78.3%,14.1%,11.6%
2022,Transgender,All Schools,vaping,the statement that best describes them regarding vaping/e-cigarettes,I have vaped once or twice,10,120,8.3%,3.3%,19.5%,5.0%,11.2%
2022,Transgender,All Schools,vaping,the statement that best describes them regarding vaping/e-cigarettes,"I used to vape, but I don’t now",0,120,0.0%,0.0%,7.4%,0.0%,7.4%
2022,Transgender,All Schools,vaping,the statement that best describes them regarding vaping/e-cigarettes,I vape occasionally (less than once a week),5,120,4.2%,1.2%,13.9%,3.0%,9.8%
2022,Transgender,All Schools,vaping,the statement that best describes them regarding vaping/e-cigarettes,I vape regularly (once a week or more),25,120,20.8%,11.7%,34.2%,9.1%,13.4%
2022,Transgender,All Schools,vaping_reducesmoke,have used vaping/ e-cigarettes to reduce smoking,No,20,25,80.0%,49.1%,94.3%,30.9%,14.3%
2022,Transgender,All Schools,vaping_reducesmoke,have used vaping/ e-cigarettes to reduce smoking,Yes,5,25,20.0%,5.7%,50.9%,14.3%,30.9%
2022,Transgender,All Schools,views_listened_school,feels that their views are listened to at school,No,55,115,47.8%,34.2%,61.8%,13.7%,14.0%
2022,Transgender,All Schools,views_listened_school,feels that their views are listened to at school,Sometimes,50,115,43.5%,30.2%,57.7%,13.2%,14.2%
2022,Transgender,All Schools,views_listened_school,feels that their views are listened to at school,Yes,10,115,8.7%,3.4%,20.3%,5.3%,11.6%
2022,Transgender,All Schools,violence_involved,have been involved in a violent incident in the past year,No,75,120,62.5%,48.4%,74.8%,14.1%,12.3%
2022,Transgender,All Schools,violence_involved,have been involved in a violent incident in the past year,Prefer not to say,5,120,4.2%,1.2%,13.9%,3.0%,9.8%
2022,Transgender,All Schools,violence_involved,have been involved in a violent incident in the past year,"Yes, I was the victim",20,120,16.7%,8.7%,29.5%,8.0%,12.9%
2022,Transgender,All Schools,violence_involved,have been involved in a violent incident in the past year,"Yes, but I wasn't the victim",20,120,16.7%,8.7%,29.5%,8.0%,12.9%
2022,Transgender,All Schools,violence_weapon_involved,have been involved in a violent incident where a weapon was used or threatened in the past year,No,85,115,73.9%,59.8%,84.4%,14.1%,10.5%
2022,Transgender,All Schools,violence_weapon_involved,have been involved in a violent incident where a weapon was used or threatened in the past year,Prefer not to say,5,115,4.3%,1.2%,14.5%,3.1%,10.1%
2022,Transgender,All Schools,violence_weapon_involved,have been involved in a violent incident where a weapon was used or threatened in the past year,"Yes, I was the victim",10,115,8.7%,3.4%,20.3%,5.3%,11.6%
2022,Transgender,All Schools,violence_weapon_involved,have been involved in a violent incident where a weapon was used or threatened in the past year,"Yes, but I wasn't the victim",15,115,13.0%,6.1%,25.6%,6.9%,12.6%
2022,Transgender,All Schools,weight,how they would describe their current weight,Don't know/ Prefer not to say,40,125,32.0%,20.8%,45.8%,11.2%,13.8%
2022,Transgender,All Schools,weight,how they would describe their current weight,Just Right,35,125,28.0%,17.5%,41.6%,10.5%,13.6%
2022,Transgender,All Schools,weight,how they would describe their current weight,Overweight,35,125,28.0%,17.5%,41.6%,10.5%,13.6%
2022,Transgender,All Schools,weight,how they would describe their current weight,Underweight,15,125,12.0%,5.6%,23.8%,6.4%,11.8%
2022,Transgender,All Schools,worry_bully,bullying,No,70,125,56.0%,42.3%,68.8%,13.7%,12.8%
2022,Transgender,All Schools,worry_bully,bullying,Yes,55,125,44.0%,31.2%,57.7%,12.8%,13.7%
2022,Transgender,All Schools,worry_crime,crime,No,90,120,75.0%,61.3%,85.1%,13.7%,10.1%
2022,Transgender,All Schools,worry_crime,crime,Yes,30,120,25.0%,14.9%,38.7%,10.1%,13.7%
2022,Transgender,All Schools,worry_drugsalcohol,drugs/alcohol,No,95,120,79.2%,65.8%,88.3%,13.4%,9.1%
2022,Transgender,All Schools,worry_drugsalcohol,drugs/alcohol,Yes,25,120,20.8%,11.7%,34.2%,9.1%,13.4%
2022,Transgender,All Schools,worry_environment,the environment,No,75,125,60.0%,46.2%,72.4%,13.8%,12.4%
2022,Transgender,All Schools,worry_environment,the environment,Yes,50,125,40.0%,27.6%,53.8%,12.4%,13.8%
2022,Transgender,All Schools,worry_family,family problems,No,70,120,58.3%,44.3%,71.1%,14.0%,12.8%
2022,Transgender,All Schools,worry_family,family problems,Yes,50,120,41.7%,28.9%,55.7%,12.8%,14.0%
2022,Transgender,All Schools,worry_friends,issues with friends,No,60,125,48.0%,34.8%,61.5%,13.2%,13.5%
2022,Transgender,All Schools,worry_friends,issues with friends,Yes,65,125,52.0%,38.5%,65.2%,13.5%,13.2%
2022,Transgender,All Schools,worry_future,future prospects,No,50,125,40.0%,27.6%,53.8%,12.4%,13.8%
2022,Transgender,All Schools,worry_future,future prospects,Yes,75,125,60.0%,46.2%,72.4%,13.8%,12.4%
2022,Transgender,All Schools,worry_gambling,gambling,No,105,125,84.0%,71.5%,91.6%,12.5%,7.6%
2022,Transgender,All Schools,worry_gambling,gambling,Yes,20,125,16.0%,8.4%,28.5%,7.6%,12.5%
2022,Transgender,All Schools,worry_incrime,getting involved in crime,No,100,125,80.0%,67.0%,88.7%,13.0%,8.7%
2022,Transgender,All Schools,worry_incrime,getting involved in crime,Yes,25,125,20.0%,11.3%,33.0%,8.7%,13.0%
2022,Transgender,All Schools,worry_lgbt,sexual orientation/identity,No,30,125,24.0%,14.3%,37.4%,9.7%,13.4%
2022,Transgender,All Schools,worry_lgbt,sexual orientation/identity,Yes,95,125,76.0%,62.6%,85.7%,13.4%,9.7%
2022,Transgender,All Schools,worry_lonely,feeling lonely,No,40,120,33.3%,21.7%,47.4%,11.6%,14.1%
2022,Transgender,All Schools,worry_lonely,feeling lonely,Yes,80,120,66.7%,52.6%,78.3%,14.1%,11.6%
2022,Transgender,All Schools,worry_look,their appearance,No,25,120,20.8%,11.7%,34.2%,9.1%,13.4%
2022,Transgender,All Schools,worry_look,their appearance,Yes,95,120,79.2%,65.8%,88.3%,13.4%,9.1%
2022,Transgender,All Schools,worry_mental,their mental health,No,25,120,20.8%,11.7%,34.2%,9.1%,13.4%
2022,Transgender,All Schools,worry_mental,their mental health,Yes,95,120,79.2%,65.8%,88.3%,13.4%,9.1%
2022,Transgender,All Schools,worry_money,money problems (including family finances),No,75,125,60.0%,46.2%,72.4%,13.8%,12.4%
2022,Transgender,All Schools,worry_money,money problems (including family finances),Yes,50,125,40.0%,27.6%,53.8%,12.4%,13.8%
2022,Transgender,All Schools,worry_phys,their physical health,No,45,120,37.5%,25.2%,51.6%,12.3%,14.1%
2022,Transgender,All Schools,worry_phys,their physical health,Yes,75,120,62.5%,48.4%,74.8%,14.1%,12.3%
2022,Transgender,All Schools,worry_racism,racism,No,90,125,72.0%,58.4%,82.5%,13.6%,10.5%
2022,Transgender,All Schools,worry_racism,racism,Yes,35,125,28.0%,17.5%,41.6%,10.5%,13.6%
2022,Transgender,All Schools,worry_relationships,relationships/sexual health,No,75,125,60.0%,46.2%,72.4%,13.8%,12.4%
2022,Transgender,All Schools,worry_relationships,relationships/sexual health,Yes,50,125,40.0%,27.6%,53.8%,12.4%,13.8%
2022,Transgender,All Schools,worry_school,schoolwork,No,35,120,29.2%,18.3%,43.1%,10.9%,14.0%
2022,Transgender,All Schools,worry_school,schoolwork,Yes,85,120,70.8%,56.9%,81.7%,14.0%,10.9%
2022,Transgender,All Schools,worry_siblings,problems with siblings,No,120,120,100.0%,92.6%,100.0%,7.4%,0.0%
2022,Transgender,All Schools,worry_socialmedia,social media,No,75,120,62.5%,48.4%,74.8%,14.1%,12.3%
2022,Transgender,All Schools,worry_socialmedia,social media,Yes,45,120,37.5%,25.2%,51.6%,12.3%,14.1%
2022,Transgender,All Schools,worry_treatgirls,how men treat/speak to girls,No,65,120,54.2%,40.3%,67.4%,13.8%,13.2%
2022,Transgender,All Schools,worry_treatgirls,how men treat/speak to girls,Yes,55,120,45.8%,32.6%,59.7%,13.2%,13.8%
2022,Transgender,All Schools,worry_violenceboys,harrassment/violence against boys,No,90,125,72.0%,58.4%,82.5%,13.6%,10.5%
2022,Transgender,All Schools,worry_violenceboys,harrassment/violence against boys,Yes,35,125,28.0%,17.5%,41.6%,10.5%,13.6%
2022,Transgender,All Schools,worry_violencegirls,harrassment/violence against girls,No,75,125,60.0%,46.2%,72.4%,13.8%,12.4%
2022,Transgender,All Schools,worry_violencegirls,harrassment/violence against girls,Yes,50,125,40.0%,27.6%,53.8%,12.4%,13.8%
2022,Transgender,All Schools,xanex_exp,Xanax,No,10,30,33.3%,13.8%,60.9%,19.5%,27.5%
2022,Transgender,All Schools,xanex_exp,Xanax,Yes,20,30,66.7%,39.1%,86.2%,27.5%,19.5%
2022,Transgender,All Schools,xanex_offered,Xanax,No,120,120,100.0%,92.6%,100.0%,7.4%,0.0%
